SENT_ID	MDD	NDD	MAXIMUM_TREE_DEPTH	#_OF_TOKENS	#_OF_CLAUSES	#_OF_T-UNITS	CLAUSES_PER_T-UNIT
ssj168.1149.4225	2.857142857142857	1.2426616148366083	4	20	2	2	1.0
elexiswsd1.160.sl.130976	2.230769230769231	1.1732753867657764	8	18	1	1	1.0
ssj22.110.472	1.75	1.1732521634644406	4	10	1	1	1.0
ssj233.1540.5579	5.285714285714286	1.0711275732468262	4	18	2	1	2.0
ssj75.470.1760	2.6	0.9478197998577236	4	11	2	1	2.0
ssj446.2435.8550	2.3125	0.5479651707154474	7	19	2	1	2.0
elexiswsd1.1568.sl.132393	1.9166666666666667	1.2850129393127958	5	14	3	2	1.5
ssj78.513.1927	2.642857142857143	1.0408152623386089	5	17	2	2	1.0
ssj27.131.538	3.3	0.3039436683045611	5	20	1	1	1.0
ssj376.2161.7675	2.608695652173913	1.7601893081686468	7	28	5	2	2.5
ssj318.1899.6775	1.75	1.2848239391215455	4	10	1	1	1.0
ssj372.2138.7607	4.18	2.0235663929544034	7	59	4	2	2.0
ssj240.1579.5710	2.0	1.8747520379651856	6	19	1	1	1.0
elexiswsd1.810.sl.131628	2.357142857142857	1.5017992037963257	6	16	1	1	1.0
ssj90.590.2219	2.6	0.19578110146958644	4	13	2	1	2.0
ssj342.1997.7091	2.3684210526315788	1.414714935196391	4	22	2	2	1.0
ssj193.1282.4632	2.0	0.8958797346140274	3	8	1	1	1.0
ssj427.2374.8348	5.666666666666667	0.8862724521417147	5	32	2	1	2.0
ssj299.1814.6426	2.6666666666666665	0.37319584753937896	3	6	1	1	1.0
ssj480.2588.9243	2.4615384615384617	1.0748353139525237	5	16	2	2	1.0
ssj3.10.39	2.357142857142857	1.155225613516353	4	17	1	1	1.0
ssj149.1021.3830	3.2222222222222223	1.2480697008254844	5	21	2	2	1.0
elexiswsd1.1449.sl.132271	1.5	1.2951335827229133	3	8	1	1	1.0
ssj220.1449.5249	1.4	1.017552863929892	4	7	1	1	1.0
ssj133.866.3318	2.4444444444444446	0.754100556980068	4	12	3	1	3.0
ssj75.485.1817	3.3684210526315788	1.2307304599176456	5	24	3	1	3.0
ssj206.1390.5044	3.0	0.5493061443340549	3	5	1	1	1.0
ssj389.2223.7861	3.04	1.1907275775759154	6	28	2	1	2.0
ssj100.646.2476	2.6666666666666665	0.11778303565638351	5	13	2	2	1.0
elexiswsd1.1310.sl.132130	1.8333333333333333	1.0944628872607622	3	8	1	1	1.0
ssj152.1030.3857	2.0833333333333335	1.0577902941478545	5	16	2	2	1.0
ssj47.317.1297	1.3333333333333333	0.2616240718822739	3	5	1	1	1.0
ssj356.2062.7288	1.6666666666666667	1.078201291407982	4	8	1	1	1.0
ssj80.525.1981	3.5	1.3437154569497374	7	35	3	2	1.5
ssj70.439.1679	2.1666666666666665	1.0956449209082024	3	8	1	1	1.0
ssj370.2128.7572	2.4285714285714284	1.125372650366672	4	19	3	2	1.5
ssj285.1755.6238	2.7333333333333334	1.1532221911660576	5	20	3	1	3.0
ssj61.377.1505	1.8	0.9100794718748765	3	7	1	1	1.0
ssj130.820.3080	2.0	1.1756876285817388	3	9	1	1	1.0
ssj148.1019.3824	2.3793103448275863	1.915449529050561	7	32	3	2	1.5
ssj228.1516.5506	4.5625	1.3136095211593628	5	22	2	2	1.0
ssj133.850.3260	2.65625	1.854564886377383	7	36	3	2	1.5
ssj178.1206.4400	3.1538461538461537	1.6317181062649928	5	30	4	3	1.3333333333333333
elexiswsd1.489.sl.131306	2.1	1.1025023823275908	3	12	1	1	1.0
ssj193.1281.4631	2.888888888888889	1.1363526166509568	3	13	1	1	1.0
ssj343.2007.7129	2.6097560975609757	1.793409000208583	9	47	4	3	1.3333333333333333
elexiswsd1.221.sl.131037	1.8	1.3682248378119541	4	12	1	1	1.0
ssj239.1573.5693	1.4	1.017552863929892	3	7	1	1	1.0
ssj142.931.3564	4.0	0.2350018146228678	4	15	4	2	2.0
ssj149.1021.3828	3.3684210526315788	1.611800485941094	5	26	1	1	1.0
ssj72.455.1717	3.185185185185185	1.182555183312931	5	31	4	3	1.3333333333333333
ssj284.1751.6227	1.6666666666666667	1.5607417394297756	4	11	1	1	1.0
ssj154.1052.3940	2.6666666666666665	1.3602363605503838	5	21	2	1	2.0
ssj456.2507.8850	2.8333333333333335	0.5475730403458116	6	17	3	1	3.0
ssj30.184.743	3.15	1.2463434185534814	8	50	3	2	1.5
ssj296.1807.6399	3.0625	1.7893240041107565	7	55	4	2	2.0
ssj46.300.1214	4.0	1.7882751345700083	7	31	2	1	2.0
ssj370.2130.7583	1.0	0.8958797346140274	3	5	2	1	2.0
ssj29.176.709	2.4482758620689653	1.8868761566065053	6	32	2	2	1.0
ssj76.498.1865	2.111111111111111	1.3911186576778065	5	11	1	1	1.0
ssj456.2510.8880	3.5	1.9933569490148677	6	52	1	1	1.0
ssj64.404.1570	5.285714285714286	0.0010944914986908772	5	27	1	1	1.0
ssj279.1734.6142	1.5714285714285714	1.3256889070016495	4	9	1	1	1.0
elexiswsd1.884.sl.131703	3.090909090909091	0.966362119195422	5	13	1	1	1.0
ssj256.1647.5926	2.375	1.4171766582473135	6	19	1	1	1.0
elexiswsd1.192.sl.131008	2.5789473684210527	1.4977932451666909	7	23	4	2	2.0
ssj161.1090.4058	2.3333333333333335	1.0883026450667417	8	28	1	1	1.0
ssj116.731.2756	5.384615384615385	0.9852231552628367	4	17	2	1	2.0
ssj201.1357.4906	2.1666666666666665	1.0185695809945732	3	8	1	1	1.0
ssj133.858.3290	3.5555555555555554	1.149629628012232	4	21	2	2	1.0
ssj203.1362.4940	4.235294117647059	0.777872853285319	6	22	3	1	3.0
ssj300.1819.6442	3.0625	2.242684644539759	7	39	4	1	4.0
ssj36.213.870	1.3333333333333333	0.9547712524422192	3	5	1	1	1.0
ssj27.159.652	1.75	1.1732521634644406	9	20	4	2	2.0
ssj465.2532.8999	2.25	0.5753641449035618	6	21	5	2	2.5
ssj152.1034.3867	2.4	0.0707497811368496	3	8	2	1	2.0
ssj342.1995.7085	4.4	0.5655677401868349	6	18	2	1	2.0
ssj440.2414.8485	2.857142857142857	1.0744254965260018	4	18	2	1	2.0
ssj247.1598.5803	3.4285714285714284	0.8921039397320473	4	19	3	1	3.0
ssj144.965.3680	2.0	1.3195286648076292	3	11	2	1	2.0
ssj91.600.2262	3.090909090909091	1.718400817583559	7	38	2	2	1.0
ssj18.75.287	1.9	1.2025858408845735	4	12	1	1	1.0
ssj203.1361.4928	2.6	0.6539264674066639	9	30	6	2	3.0
ssj253.1632.5880	2.7777777777777777	1.1166818119760462	4	13	1	1	1.0
ssj324.1919.6839	1.4	1.1613939001557827	3	7	1	1	1.0
ssj360.2080.7361	2.5294117647058822	1.6399124468877846	5	20	2	2	1.0
ssj47.319.1306	3.392156862745098	1.7174019291163665	9	59	5	2	2.5
ssj53.332.1361	3.793103448275862	1.04361055974724	7	36	4	1	4.0
ssj465.2531.8995	2.375	0.5212969236332861	4	11	2	1	2.0
ssj383.2184.7750	2.25	1.4712438795175893	4	14	1	1	1.0
ssj70.439.1680	2.75	0.7212670397213834	3	11	2	1	2.0
ssj99.638.2457	1.5	0.49041462650586304	2	4	1	1	1.0
ssj334.1977.7022	1.6666666666666667	1.078201291407982	3	8	1	1	1.0
elexiswsd1.1558.sl.132383	2.111111111111111	1.2472776214519161	5	11	1	1	1.0
ssj118.753.2844	2.75	0.3184537311185346	3	8	1	1	1.0
ssj142.931.3566	2.48	1.0477529425371823	8	31	5	1	5.0
ssj18.79.307	3.3	2.074423330323218	6	36	2	1	2.0
ssj142.933.3571	2.95	1.3119407010392945	5	26	6	1	6.0
ssj80.525.1982	2.4285714285714284	0.9815316141407815	6	17	4	2	2.0
ssj417.2326.8195	2.0	0.0	3	6	1	1	1.0
elexiswsd1.913.sl.131732	1.75	1.02941112723855	4	10	1	1	1.0
ssj374.2152.7642	2.2666666666666666	0.5357147770371538	6	18	2	1	2.0
ssj451.2477.8688	2.0	0.5493061443340547	2	5	1	1	1.0
ssj93.618.2346	1.9	1.3141576165416782	5	13	1	1	1.0
ssj126.800.3025	2.2	1.4025559569726707	4	13	3	1	3.0
ssj237.1563.5655	3.7142857142857144	1.270206597995588	6	41	5	3	1.6666666666666667
ssj345.2013.7149	2.6538461538461537	1.346185482994909	6	30	7	6	1.1666666666666667
ssj457.2514.8907	2.772727272727273	1.6769823623611853	4	24	2	2	1.0
ssj436.2402.8432	1.5	1.530135397345781	4	10	2	1	2.0
ssj27.143.580	1.8571428571428572	1.1586348223384833	3	9	1	1	1.0
ssj95.625.2400	2.9285714285714284	1.2179690022462368	4	17	3	1	3.0
ssj465.2531.8993	1.5714285714285714	1.3256889070016495	4	9	1	1	1.0
ssj131.826.3130	2.8518518518518516	1.4958296117668373	6	32	4	3	1.3333333333333333
ssj406.2264.7982	2.823529411764706	1.1833379613934834	6	20	3	2	1.5
elexiswsd1.703.sl.131521	3.0454545454545454	1.5831636071435307	6	30	4	2	2.0
ssj82.538.2046	3.125	0.9400072584914712	5	19	1	1	1.0
ssj12.44.198	3.2941176470588234	0.7737744696832298	4	20	3	3	1.0
ssj38.227.917	2.1739130434782608	1.1377919087455513	10	29	6	2	3.0
ssj470.2551.9079	2.2941176470588234	0.5862583699546778	6	20	2	1	2.0
elexiswsd1.692.sl.131510	2.1	1.5606477482646683	4	16	1	1	1.0
ssj142.951.3630	1.0	0.34657359027997275	2	3	1	1	1.0
ssj38.234.943	1.7692307692307692	1.5166487764802057	6	15	1	1	1.0
elexiswsd1.56.sl.130870	1.8181818181818181	1.4058295918606152	5	13	1	1	1.0
ssj282.1741.6185	2.272727272727273	1.3509221588570117	4	14	2	1	2.0
ssj69.435.1659	2.9166666666666665	0.17201191319258682	5	18	3	2	1.5
ssj131.839.3211	1.5	0.49041462650586304	2	4	1	1	1.0
ssj47.316.1280	2.5555555555555554	1.4027959749691796	5	22	3	2	1.5
ssj20.91.384	3.25	0.7569455091122993	4	17	2	1	2.0
ssj369.2104.7478	1.8333333333333333	1.0944628872607622	3	11	2	1	2.0
ssj456.2509.8873	3.769230769230769	1.1980570629756788	5	30	4	1	4.0
elexiswsd1.583.sl.131400	1.5	0.8369882167858357	4	8	1	1	1.0
ssj233.1539.5566	2.15	1.7053533691650808	7	24	4	2	2.0
ssj161.1098.4075	2.3636363636363638	1.537694007575259	5	14	2	1	2.0
ssj77.505.1896	3.3333333333333335	0.6993584405592239	5	11	2	1	2.0
ssj69.431.1646	2.7586206896551726	1.6418721848334858	6	32	4	2	2.0
ssj142.927.3541	1.0	0.0	2	3	1	1	1.0
ssj169.1154.4231	2.8461538461538463	0.2365061235480805	5	18	1	1	1.0
ssj415.2314.8166	1.4	1.1613939001557827	3	7	1	1	1.0
ssj346.2019.7164	3.9523809523809526	1.534237409908427	8	47	4	3	1.3333333333333333
ssj233.1540.5576	2.230769230769231	1.578740494873941	4	17	3	1	3.0
ssj144.989.3737	2.2	0.7094087764127253	5	15	2	2	1.0
elexiswsd1.288.sl.131104	1.8	0.9100794718748765	3	7	1	1	1.0
ssj315.1885.6709	1.4285714285714286	1.165586274922979	4	9	2	2	1.0
ssj358.2068.7321	2.3076923076923075	0.9955327988642046	4	17	3	3	1.0
ssj192.1265.4577	2.5625	1.7648396814629932	5	18	1	1	1.0
ssj428.2376.8352	2.769230769230769	1.4628527341353803	4	15	1	1	1.0
ssj459.2519.8940	2.0	1.0074515102711326	3	8	1	1	1.0
ssj199.1329.4803	3.6666666666666665	0.20067069546215105	4	12	2	1	2.0
ssj226.1476.5381	1.9285714285714286	1.6357042029462154	5	17	2	1	2.0
ssj465.2534.9004	1.75	0.6828375369585774	3	7	1	1	1.0
ssj456.2510.8889	2.0	1.7631802623080808	7	20	3	1	3.0
ssj236.1562.5648	1.875	1.1042592919774892	4	10	1	1	1.0
elexiswsd1.1125.sl.131944	2.4444444444444446	0.754100556980068	3	12	2	1	2.0
ssj483.2603.9272	1.4285714285714286	1.4209990868059745	3	9	1	1	1.0
ssj121.779.2949	3.55	1.5133932120204394	4	24	3	2	1.5
ssj15.71.280	1.75	0.48010498290449527	3	6	1	1	1.0
ssj284.1751.6229	2.0	1.6044127445073497	5	13	1	1	1.0
ssj312.1878.6689	3.5483870967741935	1.1436476214952482	6	39	6	4	1.5
ssj374.2148.7632	1.5714285714285714	0.867543541064572	4	9	1	1	1.0
ssj295.1805.6390	2.125	1.1818287030775654	3	11	1	1	1.0
elexiswsd1.1578.sl.132403	2.0	1.5622825726984797	4	15	1	1	1.0
ssj93.615.2329	2.9	1.1851940981727043	7	35	6	3	2.0
ssj325.1940.6901	2.5714285714285716	0.9243732003008327	3	10	1	1	1.0
ssj230.1531.5547	2.6666666666666665	1.5440987506130424	5	16	2	1	2.0
ssj221.1453.5272	2.076923076923077	1.7028797166849987	8	30	5	2	2.5
ssj144.1001.3774	2.761904761904762	1.7888153247694836	6	27	3	1	3.0
elexiswsd1.144.sl.130960	3.5	1.1886379927978175	7	27	4	2	2.0
elexiswsd1.166.sl.130982	2.0	0.752038698388137	6	12	2	2	1.0
ssj61.378.1515	2.5833333333333335	1.3919850588649638	4	15	3	1	3.0
ssj144.1009.3803	2.75	0.23085241321552022	6	16	2	1	2.0
ssj94.620.2359	1.0	0.6931471805599453	2	4	1	1	1.0
ssj445.2428.8513	3.2857142857142856	0.2166289923461797	4	13	1	1	1.0
ssj401.2246.7932	1.5714285714285714	1.0702760951186543	5	10	1	1	1.0
ssj205.1379.5002	5.545454545454546	0.1674573646957828	4	17	1	1	1.0
ssj377.2166.7686	4.035714285714286	0.617492536830438	6	35	3	3	1.0
ssj383.2186.7762	2.55	1.2549199581666062	6	22	1	1	1.0
ssj414.2304.8122	2.5789473684210527	1.564558941478952	4	22	3	3	1.0
ssj204.1372.4974	1.625	1.2473601356181625	4	10	1	1	1.0
ssj242.1583.5727	2.2	1.25871492074678	6	17	2	2	1.0
ssj20.93.394	1.8888888888888888	1.1557707025080584	5	11	3	2	1.5
ssj201.1347.4860	5.383333333333334	1.0570117006704398	6	72	10	7	1.4285714285714286
ssj335.1979.7030	2.8	1.7107000444898375	6	25	3	1	3.0
ssj346.2016.7158	2.1875	1.8860097006010266	5	21	5	1	5.0
ssj204.1374.4981	2.1333333333333333	1.4010583550706388	6	22	2	2	1.0
ssj412.2287.8072	2.090909090909091	0.8079222835483788	4	13	1	1	1.0
ssj476.2576.9178	2.0833333333333335	1.5482049206537176	6	16	1	1	1.0
ssj27.150.629	2.411764705882353	1.922542310499907	6	20	2	1	2.0
ssj413.2296.8100	4.580645161290323	0.7444598934605133	8	38	6	2	3.0
ssj6.34.131	1.5	0.49041462650586304	2	4	1	1	1.0
ssj194.1311.4734	1.8	0.7662384356489861	3	7	1	1	1.0
ssj161.1096.4070	1.0	0.34657359027997275	2	3	1	1	1.0
ssj132.845.3239	3.6774193548387095	2.003809273507197	6	35	4	1	4.0
ssj188.1238.4502	2.2941176470588234	1.868733048685446	5	19	1	1	1.0
elexiswsd1.127.sl.130943	2.125	0.6325225587435105	4	10	1	1	1.0
ssj402.2249.7941	3.6666666666666665	0.14590289481782148	6	25	3	2	1.5
ssj27.161.657	2.6666666666666665	1.5244883940364018	4	20	3	2	1.5
ssj20.91.381	2.0	0.9547712524422192	4	12	2	2	1.0
ssj178.1210.4410	3.9375	1.4323550289962472	4	20	3	3	1.0
elexiswsd1.725.sl.131543	2.111111111111111	1.3243529613655454	3	11	1	1	1.0
ssj163.1120.4136	2.3333333333333335	1.5708430930885353	9	28	3	1	3.0
ssj242.1585.5737	2.8095238095238093	0.489246212679415	7	25	2	2	1.0
ssj383.2182.7746	2.2	0.7094087764127253	4	13	3	3	1.0
ssj77.506.1904	2.111111111111111	1.3911186576778065	4	11	1	1	1.0
elexiswsd1.599.sl.131416	3.1176470588235294	0.626101692812175	6	20	2	2	1.0
ssj3.8.27	2.5714285714285716	1.3480221304944344	4	19	4	4	1.0
ssj118.765.2888	1.4	1.1613939001557827	3	7	1	1	1.0
ssj27.143.579	1.8	1.1128120259289587	3	7	1	1	1.0
ssj230.1532.5550	3.0	1.4543604482821806	4	17	3	2	1.5
ssj76.490.1834	2.0	0.752038698388137	3	9	2	1	2.0
ssj149.1022.3832	2.3846153846153846	1.4531576025470767	5	16	2	1	2.0
ssj220.1448.5243	2.5	1.2991176675475016	4	17	2	2	1.0
ssj233.1539.5571	5.08	1.1354191973407326	5	29	2	1	2.0
ssj111.704.2648	4.5625	1.737258451352965	6	54	4	3	1.3333333333333333
elexiswsd1.1111.sl.131930	3.1739130434782608	0.4127818827453333	9	26	2	1	2.0
ssj446.2434.8540	2.888888888888889	0.037740327982847086	4	16	1	1	1.0
ssj86.578.2191	4.2	0.2837919787922998	5	16	1	1	1.0
ssj35.207.839	3.1	1.118502723674032	4	12	1	1	1.0
ssj6.34.143	1.0	0.0	2	3	1	1	1.0
ssj84.556.2120	3.0	0.5674899664194922	4	17	3	2	1.5
ssj310.1866.6614	1.5	0.49041462650586304	2	4	1	1	1.0
ssj125.792.3005	1.5	1.1835618070658083	4	8	1	1	1.0
ssj81.528.1997	7.882352941176471	0.30144619358661456	4	45	1	1	1.0
ssj214.1418.5160	1.6	1.2305950615853423	5	12	1	1	1.0
ssj301.1829.6473	2.260869565217391	1.724952679839954	9	28	2	1	2.0
ssj192.1264.4575	2.5	0.8754687373538999	6	23	4	2	2.0
ssj134.877.3358	2.710526315789474	1.7946053258875994	9	43	5	2	2.5
ssj54.340.1386	3.1666666666666665	1.409302479763244	3	15	2	1	2.0
ssj465.2535.9008	3.4166666666666665	0.5630940523117476	4	15	2	1	2.0
ssj94.620.2365	3.0	0.7702225204735745	3	9	1	1	1.0
elexiswsd1.976.sl.131795	1.75	1.5198257537444133	7	18	1	1	1.0
elexiswsd1.347.sl.131163	3.7142857142857144	0.00734227584146049	5	10	1	1	1.0
ssj448.2452.8581	3.0	1.0397207708399179	6	21	2	1	2.0
ssj467.2539.9020	1.9230769230769231	0.6285482113241043	5	15	1	1	1.0
ssj42.248.992	2.5	0.8165772195257083	6	20	2	1	2.0
ssj118.748.2818	1.3333333333333333	1.0663430280993242	3	7	1	1	1.0
ssj284.1746.6209	2.8	0.12167312931586473	4	13	3	2	1.5
ssj111.698.2629	5.84	1.6364665848220197	7	40	2	1	2.0
ssj203.1360.4923	2.4166666666666665	1.4586764333636362	4	15	2	1	2.0
ssj225.1469.5350	4.428571428571429	1.2480582814059045	6	18	2	1	2.0
ssj47.317.1296	1.25	1.0193097735797902	3	6	1	1	1.0
ssj193.1270.4599	3.272727272727273	0.5626301150755006	5	13	1	1	1.0
ssj116.733.2759	3.85	0.9545119446943529	6	25	2	1	2.0
ssj38.227.915	3.1176470588235294	1.6961347745603104	6	24	3	2	1.5
ssj134.880.3375	2.6	1.2943933901376963	5	20	5	4	1.25
elexiswsd1.1063.sl.131882	2.0	1.5622825726984797	5	15	1	1	1.0
ssj388.2220.7855	1.7	1.1699704397689072	6	13	2	1	2.0
ssj226.1473.5362	2.076923076923077	1.5245422447156325	5	16	1	1	1.0
ssj377.2168.7694	3.3260869565217392	1.5172431295582574	9	68	8	6	1.3333333333333333
ssj384.2195.7785	1.4285714285714286	1.3094273111488697	4	9	1	1	1.0
ssj81.532.2027	3.65	1.0078579253996456	6	24	4	3	1.3333333333333333
ssj449.2457.8592	2.076923076923077	1.2447343507479212	6	17	4	2	2.0
ssj473.2564.9131	3.076923076923077	0.7078507264124236	4	16	2	2	1.0
ssj383.2183.7749	3.0	1.7664376028186777	6	32	3	2	1.5
ssj409.2276.8035	2.2	0.3628351861327527	5	15	2	2	1.0
ssj309.1858.6579	3.4375	0.9562688543442512	5	20	3	1	3.0
ssj370.2118.7534	2.3125	1.3526841269324976	7	20	2	1	2.0
ssj102.659.2521	2.380952380952381	1.8060531976540113	5	26	4	2	2.0
ssj53.327.1334	4.936507936507937	2.577255487103548	9	72	7	4	1.75
elexiswsd1.12.sl.130825	1.8333333333333333	0.9828911116036572	3	8	1	1	1.0
elexiswsd1.1207.sl.132026	3.6785714285714284	1.8087636559812525	5	31	2	2	1.0
elexiswsd1.371.sl.131187	2.0	1.46559687620821	5	18	2	1	2.0
ssj412.2285.8066	1.0	0.6931471805599453	3	6	1	1	1.0
ssj116.724.2712	1.4	1.017552863929892	4	7	2	1	2.0
ssj143.963.3673	2.2	0.01626159585277994	3	6	1	1	1.0
ssj40.240.957	3.0	1.1167961107535471	5	26	1	1	1.0
ssj476.2576.9180	3.1875	2.0458505304985386	7	37	3	1	3.0
elexiswsd1.965.sl.131784	2.6666666666666665	1.6479184330021646	5	27	5	4	1.25
ssj222.1462.5302	3.608695652173913	1.782266852874122	6	28	3	2	1.5
ssj82.541.2063	3.59375	1.92589121541956	6	42	4	1	4.0
ssj29.179.723	1.8	0.7662384356489861	3	7	1	1	1.0
ssj73.463.1741	2.533333333333333	0.9737952862609843	5	18	2	1	2.0
ssj64.406.1578	1.4	1.017552863929892	4	7	1	1	1.0
ssj195.1315.4745	1.6666666666666667	1.2809338454620642	5	11	2	1	2.0
ssj142.957.3656	1.0	0.0	2	3	1	1	1.0
ssj391.2225.7873	3.1904761904761907	1.4018118080340864	5	24	3	3	1.0
ssj12.44.196	2.8095238095238093	1.1823933932393602	6	25	3	2	1.5
ssj459.2516.8915	3.3	1.1563177144237735	4	12	1	1	1.0
elexiswsd1.1152.sl.131971	2.0	1.2628643221541278	5	13	1	1	1.0
ssj343.2003.7108	1.875	1.1042592919774892	4	10	1	1	1.0
ssj404.2256.7962	5.052631578947368	0.14768972271817532	5	32	1	1	1.0
ssj477.2578.9187	1.0	0.34657359027997275	2	3	1	1	1.0
ssj42.251.1002	2.1538461538461537	1.4881746005447578	5	17	2	1	2.0
ssj484.2605.9274	3.406779661016949	1.5061484383594488	9	70	6	3	2.0
ssj375.2154.7648	2.3333333333333335	0.048581874226823765	3	9	2	2	1.0
ssj133.874.3348	2.9583333333333335	1.309119824697653	6	28	4	3	1.3333333333333333
ssj344.2010.7142	2.5454545454545454	1.3043591698622699	5	28	1	1	1.0
elexiswsd1.25.sl.130838	1.7	1.3138114759947979	5	14	1	1	1.0
ssj156.1068.3984	2.357142857142857	1.2667973891734579	5	18	1	1	1.0
ssj413.2303.8121	3.4285714285714284	1.3502493056691247	6	40	6	4	1.5
ssj406.2264.7986	2.0	1.242453324894	5	15	2	1	2.0
elexiswsd1.636.sl.131453	1.6666666666666667	0.7316277011280093	3	8	2	2	1.0
ssj343.2003.7116	2.6	1.091660836083614	5	17	2	2	1.0
ssj20.91.375	2.8484848484848486	1.2507727042637713	8	38	4	2	2.0
ssj341.1990.7068	2.111111111111111	1.2472776214519161	4	11	1	1	1.0
ssj238.1569.5686	3.3846153846153846	2.0759102476416187	8	60	6	3	2.0
ssj46.287.1152	2.7777777777777777	1.2282535876331513	3	11	1	1	1.0
ssj378.2170.7703	2.7096774193548385	1.6931190824120623	9	37	3	1	3.0
ssj134.877.3360	3.4814814814814814	1.3734155912641464	8	33	5	2	2.5
ssj480.2593.9251	2.5238095238095237	1.289638923592958	7	25	1	1	1.0
ssj38.232.931	3.2941176470588234	0.5710419156291475	5	26	5	3	1.6666666666666667
elexiswsd1.768.sl.131586	2.4166666666666665	1.3997849155354445	4	14	1	1	1.0
ssj247.1598.5801	2.0	1.0986122886681098	4	8	2	1	2.0
ssj284.1746.6213	1.5	0.6342556627317537	3	5	2	1	2.0
ssj77.505.1891	3.0454545454545454	0.9811772049805627	5	25	2	2	1.0
ssj379.2171.7710	3.2	1.0867540253594516	4	12	1	1	1.0
ssj125.792.3006	1.9	1.4823937348522849	4	12	1	1	1.0
elexiswsd1.1278.sl.132097	2.230769230769231	1.519848977045749	4	15	2	1	2.0
elexiswsd1.1142.sl.131961	2.2777777777777777	1.3151327506998844	5	22	2	1	2.0
ssj318.1900.6779	2.68	1.17292726224539	8	30	4	2	2.0
ssj344.2008.7133	2.3157894736842106	1.4371877910484496	5	23	3	3	1.0
elexiswsd1.354.sl.131170	1.5	1.1835618070658083	4	10	1	1	1.0
ssj98.628.2417	2.2	1.3702866964038851	6	18	1	1	1.0
ssj75.474.1777	3.5714285714285716	1.2890163138887418	7	28	3	2	1.5
ssj79.516.1951	3.9166666666666665	1.9407795654944875	7	33	7	2	3.5
ssj453.2494.8765	2.0	0.11157177565710491	3	8	2	1	2.0
ssj374.2147.7629	2.8461538461538463	1.4354537599472659	5	17	2	1	2.0
elexiswsd1.1049.sl.131868	2.125	1.0906679246805882	3	10	1	1	1.0
ssj451.2477.8685	1.5	0.49041462650586304	2	4	1	1	1.0
ssj204.1367.4966	2.3333333333333335	1.493767753174906	6	22	3	2	1.5
ssj367.2100.7466	4.6923076923076925	1.056078836826623	6	15	1	1	1.0
ssj121.780.2955	2.125	1.1818287030775654	3	12	3	1	3.0
ssj212.1408.5109	3.1333333333333333	1.4944023786740248	4	17	1	1	1.0
ssj82.545.2079	2.0	0.5493061443340547	2	5	1	1	1.0
ssj129.817.3074	3.2857142857142856	0.33267715198787506	5	26	6	5	1.2
ssj446.2435.8555	3.5555555555555554	1.029048599603788	3	13	2	1	2.0
ssj152.1038.3881	1.6666666666666667	1.1370928092361738	5	12	2	1	2.0
ssj121.777.2934	5.854166666666667	2.012886574085059	9	54	3	1	3.0
elexiswsd1.995.sl.131814	2.24	1.6988417811811793	7	30	3	1	3.0
ssj118.764.2881	2.375	1.4171766582473135	5	19	2	1	2.0
ssj58.356.1431	4.515151515151516	1.1366947708682886	5	47	1	1	1.0
elexiswsd1.1092.sl.131911	2.1875	1.4994147564842855	6	20	3	2	1.5
ssj53.331.1353	1.0	0.8958797346140274	3	4	1	1	1.0
ssj253.1628.5874	4.083333333333333	1.0779930014653742	6	30	4	1	4.0
ssj452.2491.8751	1.3333333333333333	1.3013448427221919	3	8	2	2	1.0
ssj70.441.1686	2.25	0.778096698957644	5	13	2	1	2.0
elexiswsd1.1283.sl.132102	4.230769230769231	1.2263852120797247	4	17	1	1	1.0
ssj226.1483.5403	2.0	1.4451858789480823	4	15	2	1	2.0
elexiswsd1.142.sl.130958	2.111111111111111	1.156116843054939	4	11	1	1	1.0
ssj369.2111.7498	2.888888888888889	1.8294997972109022	5	23	2	1	2.0
ssj470.2551.9080	1.5714285714285714	0.867543541064572	4	9	1	1	1.0
ssj153.1041.3913	2.0	1.8253291206468694	8	25	2	1	2.0
ssj42.253.1012	2.3333333333333335	1.0560333844979564	5	20	4	2	2.0
ssj215.1427.5178	2.1538461538461537	1.064525670351156	5	16	2	1	2.0
elexiswsd1.65.sl.130879	2.2222222222222223	1.4513971389473608	5	23	2	1	2.0
ssj114.714.2679	2.7666666666666666	1.9254087895906353	6	33	2	1	2.0
ssj355.2060.7283	2.8181818181818183	0.7121618490464644	4	15	3	2	1.5
ssj142.918.3514	3.066666666666667	0.23343390516422002	4	19	3	2	1.5
ssj226.1488.5415	2.625	0.7677870553562762	4	10	1	1	1.0
ssj75.487.1823	2.375	0.8678705139132589	3	11	1	1	1.0
ssj95.623.2381	2.6842105263157894	1.727286160919335	5	24	4	1	4.0
ssj111.696.2625	1.7142857142857142	0.9832647181290245	4	9	1	1	1.0
ssj54.347.1404	2.0	1.3784201826358211	4	10	1	1	1.0
ssj437.2404.8443	2.0	1.3940464543878732	5	17	4	1	4.0
ssj42.247.984	2.9523809523809526	1.132796452099988	6	25	4	1	4.0
ssj67.421.1609	2.52	1.783791299578878	6	28	3	2	1.5
ssj217.1441.5224	2.0555555555555554	1.6205194588140501	6	22	3	1	3.0
ssj131.829.3169	1.5	0.49041462650586304	2	4	1	1	1.0
ssj118.748.2817	2.0714285714285716	0.5912901644364139	6	17	2	1	2.0
ssj53.336.1373	4.433962264150943	0.8424259464639966	11	62	7	3	2.3333333333333335
ssj485.2607.9279	2.4285714285714284	0.7787990600866994	3	10	2	1	2.0
ssj370.2116.7521	3.230769230769231	1.1494751887488548	3	17	2	2	1.0
ssj288.1768.6290	3.411764705882353	1.5434021060890097	4	22	3	2	1.5
elexiswsd1.674.sl.131492	1.75	1.3759847175185227	4	10	1	1	1.0
ssj353.2053.7259	4.538461538461538	1.7054870977405312	6	32	2	1	2.0
ssj333.1976.7017	3.08	1.3803880500626446	8	32	4	1	4.0
ssj126.810.3052	4.2	1.61953926609286	5	30	4	3	1.3333333333333333
ssj324.1925.6852	1.6666666666666667	0.38505411084803665	3	6	1	1	1.0
ssj93.612.2320	1.3333333333333333	0.8109302162163288	2	5	1	1	1.0
ssj7.37.182	2.76	1.63392800354496	6	28	2	2	1.0
ssj125.793.3012	1.8823529411764706	1.7570391878122542	6	20	1	1	1.0
ssj415.2314.8158	3.3333333333333335	0.9547712524422194	4	21	3	1	3.0
ssj95.625.2398	3.35	0.2889057909400205	7	25	4	2	2.0
ssj318.1900.6778	2.772727272727273	1.3304087720812126	5	26	3	3	1.0
ssj417.2321.8182	2.888888888888889	1.6267672431568199	11	45	4	2	2.0
ssj315.1885.6712	2.8421052631578947	0.7742480124653589	6	24	6	3	2.0
ssj435.2400.8427	1.6666666666666667	0.038480520568064065	3	5	1	1	1.0
ssj217.1440.5215	2.375	1.7637502485272862	5	26	2	2	1.0
ssj385.2210.7833	1.875	1.3069918460315713	3	10	1	1	1.0
elexiswsd1.912.sl.131731	2.6470588235294117	1.7971826268651094	7	23	4	1	4.0
elexiswsd1.518.sl.131335	1.8	1.1128120259289587	5	12	3	2	1.5
ssj64.408.1580	3.9	0.20968400663857786	4	15	1	1	1.0
elexiswsd1.350.sl.131166	2.0625	1.558255256507219	5	20	1	1	1.0
ssj201.1342.4847	1.6153846153846154	1.3522077428029369	7	16	2	1	2.0
ssj24.115.486	3.7941176470588234	1.2344473387796202	8	39	5	2	2.5
ssj63.392.1549	3.0588235294117645	0.8478824418369517	8	21	4	1	4.0
ssj45.276.1117	2.5	1.365883363859763	5	19	2	1	2.0
ssj28.168.677	2.176470588235294	1.44362105965715	6	20	2	2	1.0
elexiswsd1.240.sl.131056	2.16	1.8122847652656833	9	29	2	1	2.0
ssj97.627.2409	2.75	1.067840630001356	6	20	5	1	5.0
ssj415.2314.8163	2.1666666666666665	0.46926343666051834	4	9	2	1	2.0
ssj432.2383.8369	1.7777777777777777	1.6745406902615707	7	21	1	1	1.0
elexiswsd1.780.sl.131598	2.0	1.039720770839918	3	11	1	1	1.0
ssj5.27.85	3.3846153846153846	0.4098079925540166	8	33	4	2	2.0
ssj406.2262.7978	1.8181818181818181	1.6408314064834828	4	12	1	1	1.0
ssj162.1117.4124	2.962962962962963	1.6603409530007218	5	31	2	2	1.0
ssj226.1497.5444	3.787878787878788	1.3123273395114468	5	38	4	3	1.3333333333333333
ssj425.2365.8314	2.1333333333333333	1.289486579413534	6	17	3	3	1.0
ssj286.1756.6240	3.0454545454545454	1.5831636071435307	5	25	2	1	2.0
ssj223.1464.5327	2.5625	1.2500299728724142	5	21	2	1	2.0
ssj226.1489.5417	2.3684210526315788	2.0266026510074493	7	21	1	1	1.0
ssj171.1167.4261	2.4545454545454546	1.7461919221413091	7	24	1	1	1.0
ssj237.1564.5669	2.5	0.8754687373538999	6	22	3	1	3.0
ssj76.497.1860	2.2222222222222223	0.300104592450338	4	12	2	2	1.0
ssj195.1319.4761	4.884615384615385	0.736104901133577	7	36	5	2	2.5
ssj325.1928.6860	3.325	1.5388497875631781	6	46	3	2	1.5
elexiswsd1.38.sl.130852	1.8888888888888888	1.1557707025080584	4	11	1	1	1.0
ssj53.337.1379	2.3043478260869565	1.426096590901548	6	26	4	3	1.3333333333333333
ssj141.898.3439	2.68	2.1214872546883305	6	30	5	2	2.5
ssj27.152.632	2.6666666666666665	1.412916618379297	5	19	2	1	2.0
ssj88.587.2210	1.75	0.13353139262452263	3	6	1	1	1.0
elexiswsd1.471.sl.131288	2.4166666666666665	1.4586764333636362	4	14	1	1	1.0
ssj82.540.2061	3.1315789473684212	1.6502108210057058	7	45	3	1	3.0
ssj133.854.3278	2.3076923076923075	1.139373835090095	5	17	2	2	1.0
ssj46.295.1193	3.0833333333333335	0.4630156523177485	3	17	3	2	1.5
ssj294.1788.6346	2.0	0.5493061443340547	4	9	4	2	2.0
ssj93.611.2310	2.0	1.242453324894	5	15	2	1	2.0
ssj449.2456.8589	2.7	1.1977615443266574	3	12	1	1	1.0
ssj253.1629.5876	10.26923076923077	0.7001038513680267	5	48	1	1	1.0
ssj225.1468.5338	2.2857142857142856	1.388729826237189	7	24	4	3	1.3333333333333333
ssj142.951.3632	1.0	0.5493061443340547	2	5	1	1	1.0
ssj220.1451.5254	4.785714285714286	0.2461066249680781	5	28	1	1	1.0
ssj163.1122.4143	4.466666666666667	0.2039562725423216	4	22	1	1	1.0
ssj355.2060.7284	3.4615384615384617	1.2832148713159854	5	17	1	1	1.0
ssj70.441.1691	2.0	0.5493061443340547	2	5	1	1	1.0
ssj34.197.802	3.4	0.8233968494889347	5	18	2	1	2.0
ssj383.2186.7758	4.806451612903226	1.0429142353962877	6	40	1	1	1.0
ssj212.1404.5102	3.0625	2.579549191891181	10	55	5	2	2.5
ssj193.1284.4643	4.444444444444445	1.0235640839185007	5	18	1	1	1.0
ssj24.115.487	3.1	1.6489387040166632	5	23	2	1	2.0
ssj226.1477.5385	3.4705882352941178	1.6174684511266868	6	37	2	1	2.0
ssj452.2491.8757	1.75	0.13353139262452263	3	6	1	1	1.0
ssj131.838.3206	2.5	0.326162593019845	3	7	1	1	1.0
ssj228.1521.5516	3.230769230769231	1.3522077428029369	5	18	2	2	1.0
ssj4.15.55	2.4615384615384617	0.9309942777266333	4	16	2	2	1.0
elexiswsd1.1235.sl.132054	2.0	0.8047189562170503	4	6	1	1	1.0
ssj170.1162.4247	2.2	0.7094087764127253	5	15	1	1	1.0
elexiswsd1.596.sl.131413	2.4166666666666665	1.3330192192231831	5	15	2	1	2.0
ssj374.2148.7633	2.2857142857142856	1.1859972721831067	5	18	4	3	1.3333333333333333
ssj47.315.1275	2.75	1.5133270919462887	5	16	3	1	3.0
ssj374.2150.7639	2.7045454545454546	1.7018799139829126	8	51	2	2	1.0
ssj226.1499.5448	2.5483870967741935	2.3037941731224096	7	36	3	2	1.5
ssj42.255.1017	2.5	1.0963851134934195	5	20	2	1	2.0
ssj187.1236.4491	3.5483870967741935	0.450500440935303	6	37	6	2	3.0
ssj425.2368.8324	3.3333333333333335	1.3580091853756935	4	15	2	1	2.0
ssj225.1471.5359	2.5294117647058822	1.0379260447248166	6	19	3	2	1.5
ssj243.1591.5765	3.4166666666666665	1.2562412328716928	4	15	1	1	1.0
ssj139.888.3413	2.1666666666666665	0.815837026940491	3	9	1	1	1.0
ssj214.1417.5154	3.5789473684210527	1.5511758641246591	4	21	1	1	1.0
ssj310.1866.6621	2.5555555555555554	0.9650616062922298	4	12	2	1	2.0
ssj118.758.2858	3.5833333333333335	1.4383793485716583	4	20	2	1	2.0
ssj260.1659.5958	3.111111111111111	1.003353126669043	3	11	1	1	1.0
elexiswsd1.621.sl.131438	2.4166666666666665	1.1647831009125766	4	15	1	1	1.0
ssj85.565.2150	1.5	0.6342556627317537	2	5	1	1	1.0
ssj101.648.2482	3.625	1.4179687376208818	6	48	3	3	1.0
ssj40.241.965	3.2142857142857144	0.701229648986623	4	16	1	1	1.0
ssj355.2058.7272	2.0	1.039720770839918	4	11	2	1	2.0
ssj233.1547.5597	3.2142857142857144	1.3032160511495912	8	31	3	2	1.5
elexiswsd1.375.sl.131191	1.4	1.1613939001557827	3	7	1	1	1.0
ssj193.1273.4606	2.4	0.0707497811368496	3	8	2	1	2.0
ssj264.1678.6011	2.5454545454545454	0.9577855795822973	4	14	2	2	1.0
ssj407.2269.8010	2.8333333333333335	1.5205281148734684	5	16	3	1	3.0
ssj326.1957.6969	2.5	0.5815754049028404	2	6	1	1	1.0
elexiswsd1.1058.sl.131877	3.0	0.31799438335999836	5	21	3	2	1.5
ssj288.1766.6278	2.4	0.4785563631972051	5	8	1	1	1.0
ssj121.775.2930	1.75	1.453060057432152	4	10	1	1	1.0
ssj165.1133.4182	2.658536585365854	1.5721573983872632	11	45	3	1	3.0
ssj414.2309.8131	2.076923076923077	1.1008933145220308	7	16	5	3	1.6666666666666667
ssj144.1001.3777	4.96	1.5302933905589757	5	29	2	1	2.0
ssj5.17.62	1.0	0.0	2	2	1	1	1.0
ssj256.1647.5925	2.8260869565217392	2.0743752806772453	7	30	4	3	1.3333333333333333
ssj214.1420.5162	2.0	0.9547712524422192	5	12	1	1	1.0
ssj325.1936.6889	1.5714285714285714	1.214117131344545	3	9	1	1	1.0
elexiswsd1.1317.sl.132138	1.25	1.1631508098056809	3	6	1	1	1.0
elexiswsd1.86.sl.130901	2.357142857142857	1.357958167570435	3	16	2	2	1.0
ssj193.1294.4676	3.0	0.6019864021629681	2	7	1	1	1.0
ssj194.1311.4731	4.136363636363637	1.3681574984146239	5	26	2	1	2.0
elexiswsd1.867.sl.131686	2.0	1.3013448427221919	4	12	2	2	1.0
ssj142.941.3605	1.0	0.5493061443340547	2	5	1	1	1.0
ssj459.2520.8946	2.3333333333333335	0.048581874226823765	3	8	1	1	1.0
elexiswsd1.414.sl.131230	2.727272727272727	0.19564552753540052	5	14	2	1	2.0
ssj458.2515.8911	1.8	1.0216512475319814	3	7	1	1	1.0
ssj206.1381.5011	4.464285714285714	1.2097137988004227	7	69	4	4	1.0
ssj36.210.857	1.5454545454545454	1.3129357094753946	6	14	2	2	1.0
elexiswsd1.1454.sl.132276	1.8333333333333333	0.8390500753777668	5	9	3	1	3.0
ssj142.934.3576	1.5	0.6342556627317537	2	5	1	1	1.0
ssj6.32.102	2.8	0.81482030987581	3	14	2	2	1.0
ssj295.1804.6389	1.736842105263158	1.6132980878431258	9	22	1	1	1.0
ssj404.2253.7957	2.2941176470588234	1.785206006353863	6	19	1	1	1.0
ssj388.2220.7854	2.642857142857143	1.0408152623386089	5	17	2	1	2.0
ssj486.2608.9282	2.0	1.4787555303668967	4	14	2	2	1.0
elexiswsd1.570.sl.131387	1.3333333333333333	1.3013448427221919	4	8	1	1	1.0
ssj478.2581.9221	2.5714285714285716	1.068214236526723	3	9	1	1	1.0
ssj265.1682.6024	2.25	1.1246702892376166	4	15	2	1	2.0
ssj59.361.1459	3.16	2.0879141538460204	6	31	5	1	5.0
ssj295.1804.6388	1.9375	1.4180430594344708	5	20	2	1	2.0
ssj360.2081.7373	3.4444444444444446	1.104302986413183	3	13	2	1	2.0
ssj306.1852.6558	2.2142857142857144	1.0739049342717963	5	18	4	3	1.3333333333333333
ssj80.523.1974	5.205128205128205	0.5287100804326551	9	47	6	1	6.0
ssj379.2173.7718	2.2142857142857144	1.3293177461547918	6	16	1	1	1.0
elexiswsd1.505.sl.131322	2.75	1.382144959712543	4	14	1	1	1.0
ssj165.1133.4179	2.5357142857142856	1.2849330325555453	9	33	4	2	2.0
ssj373.2140.7610	2.736842105263158	1.5051355210081512	4	24	3	2	1.5
ssj118.752.2834	1.7142857142857142	1.127105754354915	4	9	2	2	1.0
ssj325.1934.6879	1.0	1.0986122886681098	3	5	1	1	1.0
ssj61.369.1479	1.8	0.9100794718748765	3	7	1	1	1.0
ssj243.1593.5776	1.8571428571428572	0.7004894564014058	4	9	1	1	1.0
ssj370.2122.7546	1.8	0.7662384356489861	3	9	1	1	1.0
ssj326.1955.6960	1.75	0.13353139262452263	4	8	1	1	1.0
ssj98.628.2416	2.5	1.4774551395168678	7	28	5	2	2.5
elexiswsd1.30.sl.130843	3.6666666666666665	0.05682965923626071	4	14	1	1	1.0
elexiswsd1.895.sl.131714	1.8	0.9100794718748765	3	7	1	1	1.0
elexiswsd1.903.sl.131722	2.217391304347826	1.8111364620093167	7	27	3	2	1.5
ssj279.1733.6140	2.5416666666666665	0.6562068813486072	9	30	3	1	3.0
ssj342.1993.7078	2.111111111111111	1.8969191135170467	4	20	1	1	1.0
ssj116.734.2765	2.0	1.0986122886681098	3	8	1	1	1.0
ssj263.1672.5998	3.0	1.7855482092287764	5	24	4	2	2.0
ssj130.824.3112	3.1	0.01989043500592233	3	12	2	2	1.0
ssj161.1084.4045	2.5454545454545454	1.3043591698622699	6	17	1	1	1.0
ssj452.2493.8762	4.25	1.3845612571316472	5	21	2	1	2.0
elexiswsd1.92.sl.130907	3.411764705882353	1.0852567401519322	5	21	1	1	1.0
ssj279.1727.6120	2.4210526315789473	1.281164252820511	5	23	4	2	2.0
elexiswsd1.1539.sl.132364	2.3636363636363638	1.143465327393124	5	14	1	1	1.0
ssj70.440.1684	2.125	1.1818287030775654	5	19	2	2	1.0
ssj200.1337.4833	2.0	1.0074515102711326	3	9	1	1	1.0
elexiswsd1.382.sl.131198	1.6666666666666667	1.5607417394297756	5	11	1	1	1.0
ssj142.936.3584	1.0	0.5493061443340547	2	4	1	1	1.0
elexiswsd1.260.sl.131076	1.625	1.1035190993922719	4	10	1	1	1.0
ssj449.2460.8599	1.4	1.1613939001557827	3	7	1	1	1.0
elexiswsd1.1039.sl.131858	2.111111111111111	1.0445450673978338	5	11	2	1	2.0
ssj44.263.1052	2.090909090909091	0.8079222835483788	4	15	2	1	2.0
ssj133.871.3342	2.2941176470588234	1.828711694848678	5	19	1	1	1.0
ssj156.1068.3985	2.1818181818181817	1.4585098496895281	3	13	1	1	1.0
ssj342.1997.7089	2.1666666666666665	0.9274088025975961	3	8	1	1	1.0
ssj36.214.881	1.7777777777777777	1.2163953243244932	5	12	2	1	2.0
ssj134.877.3357	2.3333333333333335	1.3499267169490157	3	11	1	1	1.0
ssj177.1193.4339	2.0	0.27980789396771144	4	9	1	1	1.0
ssj247.1598.5799	1.75	0.48010498290449527	4	8	1	1	1.0
ssj59.359.1446	3.0	1.7696738600714863	6	37	8	5	1.6
ssj463.2527.8975	2.466666666666667	1.0004635333431455	5	19	4	4	1.0
ssj133.851.3266	2.25	0.22879055462358922	4	11	1	1	1.0
elexiswsd1.392.sl.131208	2.2857142857142856	1.6441426381201842	4	16	1	1	1.0
ssj88.588.2214	1.8571428571428572	1.1586348223384833	3	9	1	1	1.0
elexiswsd1.563.sl.131380	2.1538461538461537	1.4881746005447578	4	15	1	1	1.0
ssj465.2533.9000	2.1875	1.4082539780873085	7	21	3	1	3.0
ssj318.1895.6760	2.142857142857143	0.21081502248076	4	9	1	1	1.0
ssj349.2032.7202	1.8	1.1128120259289587	5	13	3	3	1.0
ssj52.326.1329	2.3333333333333335	1.3681105390344532	6	24	3	3	1.0
ssj142.918.3511	1.5555555555555556	1.003353126669043	6	12	3	1	3.0
ssj119.770.2915	3.0	0.8958797346140275	5	10	1	1	1.0
ssj406.2266.7992	2.9444444444444446	1.6477404020228936	7	22	3	1	3.0
elexiswsd1.951.sl.131770	1.9	1.4053183949386556	4	12	1	1	1.0
ssj46.281.1137	5.0	0.087176693572389	5	29	1	1	1.0
ssj226.1493.5428	2.933333333333333	0.6244592580150266	4	21	1	1	1.0
ssj161.1111.4103	2.411764705882353	0.8828215396599891	8	20	2	1	2.0
ssj157.1071.3999	1.9230769230769231	1.177854355658159	6	15	2	1	2.0
ssj144.1006.3792	3.347826086956522	1.7457302631599312	9	56	8	3	2.6666666666666665
ssj121.779.2945	3.0	1.8187930798631928	5	22	2	1	2.0
ssj453.2496.8778	2.7037037037037037	2.0073209584092075	7	32	2	1	2.0
ssj142.946.3614	1.0	0.6931471805599453	2	4	1	1	1.0
ssj141.905.3468	2.125	1.0906679246805882	4	11	2	2	1.0
elexiswsd1.578.sl.131395	2.4705882352941178	1.7110980342001412	5	21	1	1	1.0
ssj206.1387.5033	3.4	1.228861957597099	6	20	2	1	2.0
elexiswsd1.407.sl.131223	2.4210526315789473	1.6866293609286753	6	22	3	1	3.0
ssj226.1501.5460	2.5	0.326162593019845	3	10	2	2	1.0
ssj206.1389.5041	2.7083333333333335	1.141999619960336	6	29	3	2	1.5
ssj397.2236.7904	2.75	1.4733057381095205	4	14	1	1	1.0
ssj102.660.2525	3.4285714285714284	0.7805321640749423	3	9	1	1	1.0
ssj119.769.2913	1.0	0.34657359027997275	2	3	1	1	1.0
ssj133.873.3345	2.25	0.22879055462358922	4	11	1	1	1.0
ssj467.2538.9018	2.962962962962963	1.366447620549662	6	32	4	3	1.3333333333333333
elexiswsd1.1494.sl.132319	2.0	0.8958797346140274	3	8	1	1	1.0
ssj142.948.3622	1.75	0.48010498290449527	3	6	1	1	1.0
ssj165.1131.4164	2.0	1.7249937729157936	5	16	1	1	1.0
ssj471.2557.9115	2.6666666666666665	0.08494951839769874	3	9	2	1	2.0
ssj135.881.3380	2.7037037037037037	1.3464430384180477	7	32	6	3	2.0
ssj36.213.874	3.4285714285714284	0.8394236819031342	5	27	3	2	1.5
ssj450.2468.8630	2.75	0.028119859161438072	3	10	2	2	1.0
ssj440.2414.8479	2.951219512195122	1.6704472890737483	9	48	7	3	2.3333333333333335
elexiswsd1.992.sl.131811	2.0	0.5493061443340547	2	5	1	1	1.0
ssj279.1732.6136	3.1666666666666665	0.7161552992032988	3	8	1	1	1.0
ssj157.1071.4003	2.59375	1.7527183209306485	7	37	4	3	1.3333333333333333
ssj46.294.1187	2.1	0.9586613461017003	5	14	3	3	1.0
ssj276.1709.6077	2.1818181818181817	1.1119362594095554	4	14	2	1	2.0
ssj226.1483.5402	2.0	1.2101840643252146	4	11	1	1	1.0
ssj118.762.2874	3.0	0.7458274383888585	4	9	2	1	2.0
ssj206.1381.5010	3.257142857142857	1.1461297881736798	7	40	4	3	1.3333333333333333
ssj309.1858.6584	1.8888888888888888	1.3585032565621407	4	11	2	2	1.0
ssj25.121.511	2.1666666666666665	1.0185695809945732	3	9	1	1	1.0
ssj121.779.2951	3.2	2.1468857934594974	6	35	6	3	2.0
ssj455.2506.8848	5.346153846153846	0.8485506085155589	6	65	11	7	1.5714285714285714
elexiswsd1.252.sl.000000	1.8571428571428572	1.7991017450695155	4	16	1	1	1.0
ssj93.615.2330	2.8333333333333335	1.2407202209057568	6	30	4	2	2.0
elexiswsd1.403.sl.131219	1.8571428571428572	1.1586348223384833	3	9	1	1	1.0
ssj226.1479.5393	1.3333333333333333	1.3013448427221919	3	8	1	1	1.0
ssj193.1281.4629	2.1666666666666665	1.8232885372116236	6	17	2	1	2.0
ssj237.1563.5663	2.838709677419355	1.478362948466563	6	36	5	3	1.6666666666666667
ssj192.1264.4574	2.0	1.5567576546051873	5	13	2	1	2.0
ssj46.290.1169	1.0	0.34657359027997275	2	3	1	1	1.0
ssj292.1778.6308	2.8181818181818183	0.16285570471240954	4	15	4	3	1.3333333333333333
ssj267.1691.6041	3.026315789473684	1.8627396577233513	7	43	4	3	1.3333333333333333
ssj470.2549.9070	1.7142857142857142	1.127105754354915	3	9	1	1	1.0
ssj375.2154.7645	2.4	0.0707497811368496	3	8	2	2	1.0
ssj174.1186.4330	2.7142857142857144	1.0141470152564473	5	24	4	4	1.0
elexiswsd1.204.sl.131020	1.9230769230769231	1.4332671675411546	4	15	1	1	1.0
elexiswsd1.1252.sl.132071	2.1875	1.152841166204313	7	19	3	1	3.0
elexiswsd1.1311.sl.132131	2.8181818181818183	1.261467993380519	3	14	2	2	1.0
elexiswsd1.43.sl.130857	2.388888888888889	1.3790764773677349	6	23	4	2	2.0
ssj46.308.1254	1.8333333333333333	0.2897439310437119	4	8	2	2	1.0
ssj130.824.3106	2.25	0.778096698957644	5	16	2	1	2.0
ssj415.2312.8141	2.857142857142857	0.9628537208688969	3	9	1	1	1.0
ssj107.683.2587	2.125	0.28594896846353784	4	11	3	1	3.0
elexiswsd1.1581.sl.132406	2.736842105263158	1.1585619307281787	7	22	3	2	1.5
elexiswsd1.634.sl.131451	3.176470588235294	0.6074095598000224	7	24	2	1	2.0
elexiswsd1.48.sl.130862	2.0	1.0074515102711326	3	7	1	1	1.0
ssj370.2134.7594	2.142857142857143	0.9039622030407053	4	9	2	1	2.0
elexiswsd1.1162.sl.131981	1.7692307692307692	1.4050770008231006	5	16	2	2	1.0
elexiswsd1.1131.sl.131950	2.2222222222222223	1.4513971389473608	6	21	2	2	1.0
ssj427.2375.8351	3.0392156862745097	1.7501930667812695	9	60	1	1	1.0
ssj214.1419.5161	3.121212121212121	0.6100323539700846	8	40	1	1	1.0
ssj149.1024.3840	2.0714285714285716	1.1405963087704687	5	16	3	2	1.5
ssj434.2396.8410	1.6363636363636365	1.6794262258290478	5	14	1	1	1.0
ssj226.1474.5368	2.75	1.4733057381095205	4	16	1	1	1.0
elexiswsd1.418.sl.131234	2.4285714285714284	0.43222546980672655	4	10	2	1	2.0
ssj438.2406.8453	2.5172413793103448	1.7334393783589765	8	33	4	2	2.0
ssj410.2281.8044	2.5833333333333335	1.7385586491449365	11	42	4	1	4.0
ssj446.2446.8574	3.1538461538461537	1.28514451598502	4	18	2	1	2.0
ssj469.2543.9031	3.40625	2.052777198649604	8	38	5	1	5.0
ssj118.761.2865	1.5	0.6342556627317537	2	5	1	1	1.0
ssj178.1201.4384	3.85	1.9685860683404954	7	50	3	2	1.5
ssj24.115.489	3.0434782608695654	1.2594650380614156	7	27	4	3	1.3333333333333333
ssj42.250.1001	3.3518518518518516	1.3342851829146407	9	63	7	4	1.75
ssj170.1160.4243	3.823529411764706	1.2267252926857097	6	37	3	2	1.5
ssj45.275.1103	3.3636363636363638	1.0256457673932493	6	25	2	1	2.0
ssj3.8.29	2.2222222222222223	0.6466781827303106	4	13	2	2	1.0
ssj142.923.3528	3.3255813953488373	2.176821680057432	9	51	7	4	1.75
ssj70.441.1689	2.6153846153846154	1.4723560580731665	4	17	3	2	1.5
ssj20.91.380	2.6666666666666665	0.37319584753937896	4	18	3	2	1.5
ssj105.673.2554	1.7142857142857142	1.2386775300120199	3	9	1	1	1.0
ssj142.923.3524	4.6875	1.3636561886850729	5	22	4	2	2.0
elexiswsd1.934.sl.131753	3.2941176470588234	1.7223344621261703	6	22	2	1	2.0
ssj407.2267.8005	2.090909090909091	1.010654837602461	5	14	2	1	2.0
ssj446.2433.8537	2.7777777777777777	0.07696104113612832	4	16	1	1	1.0
ssj102.658.2517	1.5	0.49041462650586304	2	4	1	1	1.0
ssj425.2364.8309	3.259259259259259	1.2711374407453373	7	33	5	3	1.6666666666666667
elexiswsd1.939.sl.131758	2.272727272727273	0.37796708432935494	5	14	2	2	1.0
ssj369.2110.7493	2.0588235294117645	1.2437780989289655	7	21	5	2	2.5
ssj144.977.3713	1.0	0.0	2	3	1	1	1.0
ssj80.525.1977	1.6666666666666667	0.9343602551820915	4	10	2	1	2.0
ssj379.2172.7715	1.6	0.8840214713053695	3	7	1	1	1.0
ssj450.2466.8625	2.75	0.5774260034954928	3	7	1	1	1.0
ssj61.371.1489	2.0	1.0074515102711326	4	13	2	2	1.0
ssj18.80.309	4.409090909090909	1.6295998094986657	5	27	2	1	2.0
ssj84.554.2101	n/a	n/a	2	2	1	1	1.0
ssj201.1354.4890	3.1666666666666665	1.2410663614526376	7	27	2	2	1.0
elexiswsd1.1009.sl.131828	2.611111111111111	1.6843576715333737	5	22	1	1	1.0
ssj369.2103.7475	1.6666666666666667	0.038480520568064065	3	5	1	1	1.0
elexiswsd1.1489.sl.132314	1.9166666666666667	1.5648208332805074	4	15	1	1	1.0
elexiswsd1.1037.sl.131856	2.076923076923077	1.356306126405026	4	17	1	1	1.0
elexiswsd1.263.sl.131079	3.272727272727273	0.013323970741445711	6	14	2	1	2.0
ssj45.274.1098	2.857142857142857	1.0217452386970887	5	26	3	1	3.0
ssj31.187.757	2.5833333333333335	1.3330935410367721	7	31	7	2	3.5
elexiswsd1.203.sl.131019	2.142857142857143	1.5303436872883893	4	16	1	1	1.0
ssj203.1364.4947	1.8888888888888888	0.46262352194811296	5	12	1	1	1.0
ssj85.567.2155	2.6	1.2355018723095044	4	12	1	1	1.0
ssj201.1357.4912	2.642857142857143	1.0408152623386089	7	35	5	3	1.6666666666666667
elexiswsd1.279.sl.131095	1.2857142857142858	1.4147878268066958	4	9	1	1	1.0
ssj2.3.13	2.0714285714285716	1.284437344996359	6	18	3	1	3.0
ssj246.1596.5782	2.3	1.2913384980895757	4	13	2	2	1.0
elexiswsd1.312.sl.131128	3.0	0.996215082345103	6	28	3	2	1.5
ssj303.1842.6519	2.111111111111111	1.3243529613655454	3	12	1	1	1.0
ssj254.1635.5884	3.3529411764705883	0.7560748925838289	4	22	4	4	1.0
ssj233.1542.5582	2.4516129032258065	2.1397761312490178	8	37	4	1	4.0
ssj28.166.669	2.2857142857142856	0.4928500916231614	6	19	3	2	1.5
ssj412.2290.8078	2.210526315789474	1.3721360310262378	7	24	2	1	2.0
ssj98.628.2413	2.642857142857143	1.667196746586293	5	19	2	1	2.0
ssj443.2419.8497	1.4	1.017552863929892	3	7	1	1	1.0
ssj306.1851.6557	1.25	1.1631508098056809	3	6	1	1	1.0
ssj58.357.1433	n/a	n/a	2	2	1	1	1.0
ssj126.803.3035	2.111111111111111	0.9007040311719434	4	12	1	1	1.0
ssj459.2521.8951	2.6363636363636362	1.472000404105082	5	15	1	1	1.0
elexiswsd1.501.sl.131318	2.1578947368421053	1.3962335826052983	5	22	2	1	2.0
ssj24.114.482	2.9	0.08658180950459464	4	14	1	1	1.0
ssj160.1079.4031	1.5	0.49041462650586304	2	4	1	1	1.0
elexiswsd1.854.sl.131672	2.1176470588235294	1.0128746679081868	5	21	3	1	3.0
ssj96.626.2404	2.9473684210526314	1.8635262675977318	6	23	2	1	2.0
ssj30.183.733	2.3333333333333335	1.1998744207238468	4	14	2	2	1.0
ssj226.1503.5470	3.3125	1.1615462443352067	5	21	2	1	2.0
ssj352.2050.7247	2.0	1.0986122886681098	5	15	3	2	1.5
ssj370.2122.7550	3.84375	1.7059481636348017	6	38	6	3	2.0
ssj246.1596.5783	2.3333333333333335	0.25131442828090605	4	12	2	1	2.0
ssj303.1844.6529	2.761904761904762	1.7052882824379003	5	24	2	1	2.0
ssj142.959.3661	2.6	1.9734551322142933	10	42	7	3	2.3333333333333335
ssj162.1116.4120	4.142857142857143	1.546061416878633	5	23	1	1	1.0
ssj234.1556.5626	2.466666666666667	1.8963432679571728	8	39	6	3	2.0
ssj90.593.2237	1.6	0.3347153269713146	4	8	2	1	2.0
ssj58.355.1429	1.7272727272727273	1.3455511105910607	5	14	2	2	1.0
ssj280.1737.6160	2.739130434782609	1.5998273683421098	7	25	3	2	1.5
ssj392.2226.7874	2.433333333333333	1.5044838119047874	7	35	3	3	1.0
ssj29.174.705	1.5	0.2876820724517809	3	5	1	1	1.0
ssj292.1778.6307	2.7	1.0539205081007668	7	23	4	2	2.0
ssj228.1520.5515	2.75	0.028119859161438072	3	8	1	1	1.0
elexiswsd1.544.sl.131361	2.4	1.8325814637483102	10	28	3	1	3.0
elexiswsd1.433.sl.131249	2.0	1.3195286648076292	3	9	1	1	1.0
ssj378.2170.7705	2.1176470588235294	1.215607221962269	7	21	2	1	2.0
ssj364.2092.7417	2.111111111111111	1.2472776214519161	4	11	1	1	1.0
ssj111.701.2640	3.775	2.293713375100687	6	47	4	2	2.0
ssj226.1484.5405	2.074074074074074	1.7231225644883947	8	30	2	1	2.0
ssj161.1093.4066	1.9444444444444444	1.9315021218518562	6	20	1	1	1.0
ssj3.9.36	2.6153846153846154	1.014210692136089	4	18	2	2	1.0
ssj12.47.219	4.076923076923077	1.1966607874478128	5	33	2	2	1.0
ssj27.136.550	2.0	0.589327498170823	6	16	2	1	2.0
ssj71.446.1702	2.6666666666666665	0.6081976621622466	5	17	3	2	1.5
ssj6.32.101	1.5	0.8369882167858357	3	6	1	1	1.0
ssj411.2283.8047	2.3	1.2142631581759464	8	28	3	1	3.0
ssj282.1741.6194	2.2857142857142856	1.0421562359572163	3	9	1	1	1.0
ssj60.368.1477	2.3157894736842106	0.9790424251113722	6	23	4	3	1.3333333333333333
ssj279.1729.6126	n/a	n/a	2	3	1	1	1.0
ssj144.1006.3788	2.65	1.995525986362085	7	24	2	1	2.0
ssj131.838.3202	2.6666666666666665	0.5414319658499853	3	8	1	1	1.0
ssj354.2057.7270	2.727272727272727	0.19564552753540052	5	15	1	1	1.0
ssj110.693.2615	2.5	0.12343003896576299	3	13	2	2	1.0
elexiswsd1.342.sl.131158	1.5714285714285714	1.3256889070016495	5	9	1	1	1.0
ssj161.1085.4049	2.142857142857143	1.2505357933206778	5	17	3	2	1.5
ssj110.688.2597	3.5142857142857142	2.186939991949305	8	42	3	2	1.5
ssj153.1039.3906	5.826086956521739	1.3944284391167858	6	28	2	1	2.0
ssj118.765.2885	1.75	1.1064864671521795	3	9	2	1	2.0
ssj111.704.2649	3.736842105263158	1.0498583263223729	8	47	5	2	2.5
elexiswsd1.593.sl.131410	2.142857142857143	1.3621075689777828	4	16	2	2	1.0
ssj312.1877.6671	2.3333333333333335	1.479682314691558	5	17	4	2	2.0
ssj118.766.2904	1.25	0.8165772195257083	3	7	1	1	1.0
ssj163.1119.4133	2.5	1.4429587037733922	3	16	1	1	1.0
ssj193.1299.4695	1.8	0.7662384356489861	3	7	1	1	1.0
ssj364.2086.7397	3.0384615384615383	1.7166445909643868	5	31	3	1	3.0
ssj118.762.2875	3.375	1.2096198076353155	5	41	5	3	1.6666666666666667
ssj38.219.898	2.3636363636363638	0.33874637117607365	5	15	4	2	2.0
ssj118.762.2873	2.0	0.0	3	6	1	1	1.0
ssj367.2100.7461	1.5	1.1835618070658083	5	10	2	1	2.0
ssj249.1603.5823	2.0	0.8958797346140274	3	8	1	1	1.0
ssj336.1982.7042	1.75	1.1732521634644406	4	10	1	1	1.0
ssj301.1835.6487	2.4375	0.8418950275099981	6	21	3	1	3.0
ssj239.1576.5705	2.0	0.1438410362258906	4	7	1	1	1.0
ssj142.931.3562	1.7777777777777777	1.0725542880986028	6	13	2	1	2.0
ssj6.32.107	n/a	n/a	2	2	1	1	1.0
ssj415.2314.8161	2.5	0.5815754049028404	2	6	1	1	1.0
ssj64.406.1573	2.0	1.1756876285817388	3	9	1	1	1.0
ssj421.2339.8238	2.0	0.5493061443340547	2	4	1	1	1.0
ssj312.1877.6681	3.0526315789473686	0.35621545820324135	6	23	3	1	3.0
ssj199.1331.4808	4.078947368421052	2.2935541805171136	8	45	6	4	1.5
ssj420.2338.8233	2.3846153846153846	0.41343683170715884	5	15	1	1	1.0
ssj42.252.1007	1.625	1.3589319112752674	3	10	1	1	1.0
ssj370.2116.7528	1.8	0.9100794718748765	3	7	1	1	1.0
ssj142.928.3548	n/a	n/a	2	2	1	1	1.0
ssj257.1652.5938	3.5853658536585367	2.168952428451698	8	44	5	4	1.25
elexiswsd1.102.sl.130918	2.25	1.4712438795175893	5	18	2	2	1.0
ssj226.1500.5449	1.8888888888888888	1.1557707025080584	4	11	1	1	1.0
ssj86.570.2166	2.8095238095238093	1.03855235701347	5	24	2	2	1.0
ssj210.1398.5070	2.9523809523809526	1.884835150488125	7	23	1	1	1.0
ssj45.275.1104	2.6363636363636362	1.269267850051	6	26	3	1	3.0
ssj142.931.3567	2.823529411764706	1.0717661857363785	5	19	1	1	1.0
ssj362.2083.7382	2.5	0.9525440772675292	3	8	1	1	1.0
ssj193.1290.4664	2.0	0.9729550745276567	4	9	2	1	2.0
ssj173.1184.4325	3.8421052631578947	1.0991541021289264	5	22	2	2	1.0
ssj199.1328.4802	2.6	0.7450872458036413	4	7	1	1	1.0
ssj178.1204.4394	2.1	0.9586613461017003	4	13	2	1	2.0
elexiswsd1.1172.sl.131991	2.3076923076923075	1.6451742909293352	4	15	1	1	1.0
ssj166.1138.4199	3.789473684210526	0.1399923497336055	6	26	4	2	2.0
ssj78.514.1941	1.9	1.058744804658683	4	12	2	2	1.0
ssj40.245.977	1.5714285714285714	0.5209699507845995	5	9	1	1	1.0
ssj235.1559.5632	3.9047619047619047	1.546358770440772	5	27	2	1	2.0
ssj61.382.1523	1.8571428571428572	1.505208412618456	6	18	1	1	1.0
elexiswsd1.776.sl.131594	4.363636363636363	1.0451705630972943	4	15	2	1	2.0
ssj417.2327.8203	1.5	1.092401028668831	3	8	1	1	1.0
ssj267.1691.6040	1.875	1.3840671859452005	4	11	3	1	3.0
elexiswsd1.1145.sl.131964	2.0833333333333335	1.31320310603085	4	15	1	1	1.0
elexiswsd1.244.sl.000000	2.4444444444444446	1.3034067013141228	5	13	2	1	2.0
ssj79.517.1952	2.789473684210526	1.4860873260374567	6	23	2	2	1.0
ssj470.2556.9107	3.9166666666666665	0.22378596325191444	7	30	5	2	2.5
ssj195.1315.4746	2.1481481481481484	1.8562673629877309	7	32	2	1	2.0
ssj131.839.3209	4.76	0.3957638344707445	6	31	4	2	2.0
ssj231.1537.5561	2.0	0.6931471805599453	3	4	1	1	1.0
ssj36.213.876	n/a	n/a	2	2	1	1	1.0
ssj116.732.2758	2.0	1.1989476363991853	5	16	2	1	2.0
elexiswsd1.355.sl.131171	1.8181818181818181	1.4969903702575924	4	14	1	1	1.0
ssj92.610.2307	2.466666666666667	1.144304569569036	4	18	3	2	1.5
ssj132.841.3229	2.3333333333333335	0.048581874226823765	3	7	1	1	1.0
ssj445.2429.8516	3.3	0.3039436683045611	5	30	1	1	1.0
ssj325.1945.6916	3.0526315789473686	0.35621545820324135	7	24	1	1	1.0
elexiswsd1.1030.sl.131849	2.0	1.1989476363991853	4	13	2	2	1.0
ssj6.36.177	n/a	n/a	1	1	1	1	1.0
ssj27.161.659	2.5	0.6727361832998177	5	10	1	1	1.0
ssj75.475.1783	2.7	1.4004940983807395	6	24	4	2	2.0
elexiswsd1.1216.sl.132035	2.5	1.7805230413020259	7	26	3	2	1.5
ssj294.1792.6354	1.9333333333333333	1.9772541503976093	5	17	1	1	1.0
ssj133.871.3343	3.2	1.5448993912965292	5	19	2	1	2.0
elexiswsd1.1265.sl.132084	2.4	1.4747714455423082	6	13	2	1	2.0
ssj20.91.379	2.769230769230769	1.6501994588560858	6	31	2	2	1.0
ssj130.821.3084	3.5454545454545454	2.274346876630019	8	60	3	3	1.0
elexiswsd1.704.sl.131522	2.4545454545454546	1.4522985896902496	4	13	1	1	1.0
ssj156.1062.3966	2.2857142857142856	1.5003016018942936	5	25	3	3	1.0
ssj445.2428.8514	2.888888888888889	1.2801936528768472	6	25	2	1	2.0
ssj437.2405.8446	2.625	0.6239460191303857	5	11	3	1	3.0
ssj413.2296.8098	1.6666666666666667	1.078201291407982	3	8	1	1	1.0
ssj233.1546.5590	3.0476190476190474	1.7274292380330922	4	25	3	1	3.0
ssj172.1180.4306	2.6666666666666665	1.3602363605503838	6	31	3	3	1.0
ssj6.35.160	1.3333333333333333	0.8109302162163288	2	5	1	1	1.0
ssj260.1664.5979	2.130434782608696	1.7843761003107546	7	26	3	2	1.5
elexiswsd1.647.sl.131465	2.2222222222222223	1.1959843270643655	4	11	1	1	1.0
ssj459.2516.8913	2.9166666666666665	1.2117326840325047	6	29	3	3	1.0
ssj329.1970.7004	2.6666666666666665	1.5629689146044659	6	26	3	1	3.0
ssj170.1159.4240	3.2758620689655173	1.1902140339391154	5	36	3	3	1.0
ssj181.1214.4427	4.145161290322581	1.4463444488894677	7	72	8	4	2.0
elexiswsd1.1224.sl.132043	1.25	0.8165772195257083	4	6	2	1	2.0
ssj116.728.2746	2.0	1.4016801904532676	5	14	2	2	1.0
ssj350.2046.7229	3.0	0.6931471805599453	10	40	3	2	1.5
ssj126.810.3055	4.333333333333333	0.951803884682312	3	24	5	5	1.0
ssj102.658.2513	3.727272727272727	0.11672915750675204	4	15	2	2	1.0
ssj216.1437.5207	2.8181818181818183	0.16285570471240954	4	15	1	1	1.0
ssj287.1762.6258	2.4761904761904763	1.3086871185636524	6	26	5	3	1.6666666666666667
ssj3.8.30	4.065217391304348	1.4077332124930835	10	54	6	3	2.0
ssj356.2062.7289	2.263157894736842	1.204764497390153	6	23	3	1	3.0
ssj252.1626.5869	2.090909090909091	1.612641239765429	4	14	2	1	2.0
elexiswsd1.745.sl.131563	2.1666666666666665	1.2739823928775686	6	16	2	1	2.0
ssj117.745.2804	2.0	1.1756876285817388	4	8	1	1	1.0
ssj118.762.2876	2.0	0.5493061443340547	2	5	1	1	1.0
elexiswsd1.568.sl.131385	3.4615384615384617	1.2397091828211706	3	15	1	1	1.0
elexiswsd1.879.sl.131698	2.2142857142857144	1.420478524551769	4	16	2	2	1.0
ssj193.1300.4700	1.0	0.34657359027997275	2	3	1	1	1.0
elexiswsd1.1447.sl.132269	1.75	1.3759847175185227	7	19	2	1	2.0
ssj308.1855.6570	3.2903225806451615	1.7249556298426336	6	34	2	2	1.0
ssj446.2433.8538	2.0	1.2628643221541278	6	12	1	1	1.0
elexiswsd1.310.sl.131126	2.8	1.7311110417499649	6	28	3	2	1.5
ssj384.2200.7800	2.3333333333333335	0.25131442828090605	5	13	3	1	3.0
ssj310.1866.6617	2.111111111111111	1.0445450673978338	4	12	2	1	2.0
ssj455.2506.8842	2.8666666666666667	1.105594142176803	4	18	2	1	2.0
ssj369.2103.7473	1.6666666666666667	1.2809338454620642	4	8	1	1	1.0
ssj360.2078.7357	2.3333333333333335	1.0560333844979564	6	18	3	2	1.5
ssj226.1502.5464	2.0833333333333335	1.31320310603085	4	15	2	1	2.0
ssj6.34.133	1.75	1.3759847175185227	3	10	1	1	1.0
ssj4.15.52	1.8571428571428572	0.903222010455488	4	9	1	1	1.0
ssj385.2206.7815	2.2	0.01626159585277994	3	7	1	1	1.0
ssj406.2266.7994	2.933333333333333	1.4291782142320768	5	18	1	1	1.0
ssj6.35.165	2.0	0.5493061443340547	2	5	1	1	1.0
ssj107.679.2578	1.8571428571428572	1.505208412618456	5	17	3	2	1.5
ssj46.309.1257	2.3	0.318383423561919	5	13	1	1	1.0
ssj306.1852.6562	2.375	0.5212969236332861	4	11	2	1	2.0
ssj153.1046.3922	2.3333333333333335	1.8607523407150064	5	18	2	1	2.0
elexiswsd1.1308.sl.132128	1.8	1.3682248378119541	5	12	1	1	1.0
elexiswsd1.185.sl.131001	2.0	0.8958797346140274	3	8	1	1	1.0
ssj369.2104.7479	1.75	0.8266785731844679	2	6	1	1	1.0
elexiswsd1.1299.sl.132119	2.3333333333333335	1.0883026450667417	6	14	2	1	2.0
ssj161.1093.4064	3.1904761904761907	1.513383583691191	5	24	2	2	1.0
ssj473.2562.9126	2.2222222222222223	0.6466781827303106	4	10	1	1	1.0
ssj367.2098.7448	2.3	1.2142631581759464	9	33	3	2	1.5
ssj139.890.3415	3.235294117647059	1.596511931402958	6	22	2	1	2.0
ssj75.485.1813	2.0	1.7406200446678457	4	17	3	1	3.0
ssj253.1628.5872	2.4583333333333335	1.7881555902843087	6	27	3	3	1.0
ssj206.1384.5016	3.358974358974359	1.6598659168332361	8	52	3	2	1.5
ssj45.277.1121	3.0	0.29389333245105953	2	7	1	1	1.0
ssj237.1563.5654	2.875	1.1349606430876271	5	19	2	1	2.0
ssj446.2441.8569	3.5555555555555554	1.4591492322153437	5	23	3	3	1.0
ssj300.1823.6453	4.2	2.624763601189302	8	84	4	2	2.0
ssj206.1386.5029	3.090909090909091	1.6595092997553673	5	28	4	3	1.3333333333333333
ssj225.1469.5352	2.2	1.3702866964038851	5	18	3	2	1.5
ssj440.2414.8482	4.0	0.03031231090821744	4	21	4	2	2.0
ssj300.1825.6461	2.5357142857142856	1.7085819627491472	7	32	4	3	1.3333333333333333
ssj161.1082.4041	1.9166666666666667	1.5648208332805074	5	15	1	1	1.0
ssj470.2549.9063	2.4782608695652173	1.8591376924583598	5	26	2	1	2.0
ssj169.1151.4228	1.7777777777777777	1.0725542880986028	5	13	1	1	1.0
ssj47.319.1305	1.5	0.8369882167858357	3	6	1	1	1.0
ssj209.1397.5069	3.1142857142857143	2.4048544723130574	10	40	4	2	2.0
ssj336.1982.7041	2.0	1.0986122886681098	6	14	3	2	1.5
ssj223.1465.5329	2.5	1.2747225854627857	3	12	1	1	1.0
ssj82.536.2040	3.5238095238095237	1.6167436639320698	6	27	4	3	1.3333333333333333
ssj21.108.461	1.5	0.9808292530117262	3	8	1	1	1.0
elexiswsd1.338.sl.131154	2.3157894736842106	1.325616015391345	7	24	3	1	3.0
ssj13.62.256	2.8857142857142857	1.9168492117920464	7	40	2	2	1.0
ssj356.2062.7290	2.92	0.53785429615391	7	30	5	3	1.6666666666666667
elexiswsd1.1007.sl.131826	3.3333333333333335	1.0459320308391966	5	11	1	1	1.0
ssj201.1349.4872	1.9090909090909092	1.4482002060881605	5	13	1	1	1.0
ssj131.832.3189	1.0	0.34657359027997275	2	3	1	1	1.0
ssj255.1640.5898	3.3	1.4552362148015838	5	23	2	2	1.0
ssj47.316.1279	1.6363636363636365	1.6023508859154185	6	14	1	1	1.0
ssj433.2389.8385	2.2222222222222223	1.4513971389473608	6	21	2	1	2.0
ssj312.1877.6684	3.142857142857143	0.7237025048386816	6	26	6	2	3.0
ssj42.253.1013	2.4615384615384617	0.9309942777266333	7	19	2	1	2.0
ssj27.129.533	1.4	0.81482030987581	4	7	1	1	1.0
ssj46.304.1224	3.619047619047619	0.23605031629880344	5	24	2	2	1.0
ssj474.2567.9144	1.25	1.1631508098056809	3	6	1	1	1.0
ssj199.1332.4812	1.6666666666666667	0.38505411084803665	4	8	1	1	1.0
ssj459.2516.8917	2.3333333333333335	1.3114461963809516	6	19	3	2	1.5
ssj280.1738.6168	3.888888888888889	2.1506295873174337	8	42	5	1	5.0
ssj226.1500.5455	2.727272727272727	0.8887927080953458	5	14	2	1	2.0
ssj26.127.528	1.7142857142857142	1.127105754354915	3	9	1	1	1.0
elexiswsd1.236.sl.131052	1.8	0.9100794718748765	3	7	1	1	1.0
ssj365.2093.7427	3.0	0.5493061443340549	6	33	5	2	2.5
ssj47.314.1271	2.55	1.3664917338237108	5	24	3	1	3.0
ssj217.1441.5226	1.9230769230769231	1.6682689821640222	5	16	2	1	2.0
elexiswsd1.942.sl.131761	2.3333333333333335	0.3951554645067964	4	8	1	1	1.0
ssj367.2098.7445	2.9615384615384617	2.088860611857697	8	32	3	1	3.0
ssj249.1601.5814	3.130434782608696	0.4265752048776691	9	28	5	2	2.5
ssj350.2044.7224	2.9523809523809526	1.6821025964340433	5	25	2	2	1.0
ssj28.170.689	3.5714285714285716	0.5958691333287967	6	19	1	1	1.0
ssj133.856.3287	2.6666666666666665	1.8239066445807535	6	26	3	1	3.0
elexiswsd1.335.sl.131151	2.7333333333333334	1.5909565598430075	5	17	1	1	1.0
ssj51.325.1326	2.6	1.091660836083614	5	12	1	1	1.0
ssj198.1324.4789	2.4444444444444446	0.20479441264601314	5	12	2	1	2.0
ssj434.2395.8401	3.5918367346938775	2.021271552678893	9	58	7	3	2.3333333333333335
elexiswsd1.525.sl.131342	2.0	0.20273255405408205	4	10	1	1	1.0
ssj152.1038.3902	2.066666666666667	1.6678088680080867	5	18	4	2	2.0
elexiswsd1.1169.sl.131988	2.5	1.433949451022053	6	12	1	1	1.0
ssj402.2249.7939	2.5555555555555554	1.3116351965722024	5	21	3	2	1.5
ssj133.876.3352	4.0	0.6772728314026552	7	36	3	1	3.0
ssj201.1355.4898	2.8125	1.1569395498064023	4	20	4	2	2.0
ssj163.1122.4140	2.8	1.643934348177576	4	17	1	1	1.0
elexiswsd1.944.sl.131763	2.2142857142857144	1.4975538644653983	4	17	2	2	1.0
ssj324.1923.6848	2.2857142857142856	1.388729826237189	4	17	2	2	1.0
elexiswsd1.1107.sl.131926	2.888888888888889	1.6267672431568199	5	20	1	1	1.0
ssj144.1003.3784	2.4324324324324325	1.609714379196017	12	44	5	2	2.5
ssj162.1114.4112	1.9230769230769231	1.4332671675411546	5	16	3	1	3.0
elexiswsd1.84.sl.130898	3.142857142857143	0.7237025048386816	6	25	3	2	1.5
ssj193.1273.4605	2.0	1.1512925464970227	3	10	2	2	1.0
ssj168.1144.4216	1.8	0.9100794718748765	3	7	1	1	1.0
ssj38.235.944	3.7222222222222223	0.8240121980132261	6	21	2	2	1.0
ssj226.1497.5442	2.526315789473684	1.5851782286816878	6	22	2	2	1.0
ssj451.2488.8737	2.142857142857143	0.9039622030407053	3	10	2	1	2.0
ssj131.839.3215	2.5	1.3336141032909774	4	13	2	1	2.0
ssj430.2379.8363	2.6	1.6409669804176688	4	23	1	1	1.0
ssj328.1969.7003	1.9	1.4053183949386556	4	11	1	1	1.0
ssj294.1796.6363	2.4545454545454546	0.30100604319322677	4	14	2	2	1.0
elexiswsd1.1106.sl.131925	1.8888888888888888	1.2673424781651632	3	11	1	1	1.0
ssj28.166.670	2.0	0.20273255405408205	3	8	2	2	1.0
ssj282.1740.6176	2.2857142857142856	1.7353034165171615	7	31	2	1	2.0
ssj68.425.1623	n/a	n/a	2	3	1	1	1.0
ssj228.1513.5495	1.4	1.1613939001557827	3	7	1	1	1.0
ssj247.1598.5793	4.884615384615385	1.7435564114047093	5	34	3	1	3.0
ssj228.1518.5511	4.0	0.5815754049028404	4	10	1	1	1.0
ssj110.694.2619	2.0	0.8958797346140274	3	8	1	1	1.0
ssj325.1930.6866	2.3846153846153846	2.0795390867947607	6	31	2	1	2.0
ssj279.1729.6124	2.380952380952381	1.627715725684645	6	26	3	1	3.0
elexiswsd1.522.sl.131339	2.4285714285714284	1.2369444260237767	4	17	2	1	2.0
ssj193.1290.4665	n/a	n/a	2	2	1	1	1.0
ssj453.2496.8777	3.75	0.8936525594393374	5	35	4	3	1.3333333333333333
ssj20.88.345	2.4444444444444446	0.20479441264601314	7	14	2	1	2.0
ssj335.1980.7032	3.3043478260869565	1.4711202722755032	5	32	5	2	2.5
ssj75.479.1799	3.3636363636363638	0.33249858683330397	4	16	2	2	1.0
elexiswsd1.538.sl.131355	4.0	0.40546510810816444	7	25	2	2	1.0
ssj367.2099.7449	3.8461538461538463	1.352007702792267	7	18	1	1	1.0
ssj35.207.832	2.4	2.008691760542986	6	23	2	1	2.0
ssj116.742.2795	2.0	0.5493061443340547	2	6	1	1	1.0
ssj256.1646.5921	2.272727272727273	0.9272732286634099	4	14	2	1	2.0
ssj427.2374.8350	3.16	0.8054394751152523	8	31	3	2	1.5
ssj30.185.747	2.0588235294117645	1.387619135154856	6	22	3	1	3.0
ssj172.1176.4296	2.7916666666666665	1.3671070823480027	8	29	3	1	3.0
ssj306.1852.6561	2.2	0.3628351861327527	6	15	3	2	1.5
ssj155.1054.3945	3.1176470588235294	1.2524831770598588	4	19	2	2	1.0
ssj186.1233.4483	3.64	1.1221731870025013	6	34	2	2	1.0
ssj228.1517.5509	3.75	0.6286086594223741	4	9	1	1	1.0
ssj27.148.608	2.6	0.7450872458036413	5	15	1	1	1.0
ssj75.471.1766	2.0	1.0986122886681098	4	10	2	1	2.0
elexiswsd1.1053.sl.131872	2.0	0.6931471805599453	5	12	1	1	1.0
ssj263.1673.6002	2.5714285714285716	0.3750670559667778	5	17	3	3	1.0
ssj6.34.144	1.625	1.1035190993922719	4	10	3	2	1.5
ssj118.759.2862	2.4545454545454546	1.105724999410277	3	14	2	1	2.0
ssj114.714.2677	3.066666666666667	0.9265810857241653	8	39	3	3	1.0
ssj118.762.2877	2.769230769230769	0.81321124207025	5	16	2	1	2.0
ssj406.2264.7980	2.8125	1.3251756681170088	4	19	2	2	1.0
ssj24.117.491	2.0	1.3195286648076292	3	10	1	1	1.0
ssj356.2062.7296	2.4210526315789473	1.6866293609286753	4	21	2	2	1.0
ssj144.989.3735	2.0	1.2824746787307684	6	16	3	1	3.0
ssj20.89.363	3.2941176470588234	1.4234159617483602	6	20	2	1	2.0
ssj66.417.1602	2.761904761904762	0.5063406460387151	5	26	1	1	1.0
ssj310.1871.6639	3.0952380952380953	1.0855435672494427	5	24	2	1	2.0
ssj191.1241.4519	2.6	0.19578110146958644	3	13	2	2	1.0
ssj70.441.1685	1.6666666666666667	1.078201291407982	3	8	1	1	1.0
ssj233.1540.5574	1.6666666666666667	0.9343602551820915	4	9	2	1	2.0
elexiswsd1.1167.sl.131986	3.5714285714285716	1.5688242078564534	5	23	2	2	1.0
elexiswsd1.1034.sl.131853	1.6	0.6812889172512874	3	7	1	1	1.0
ssj84.549.2091	2.3461538461538463	1.7492260173865684	7	29	1	1	1.0
ssj142.942.3607	4.642857142857143	0.21580127547274935	8	17	2	1	2.0
ssj332.1975.7015	2.2222222222222223	0.8494107367843928	5	12	2	1	2.0
ssj454.2498.8780	2.3333333333333335	1.1998744207238468	4	14	2	2	1.0
ssj356.2061.7286	1.4444444444444444	1.0774610988227649	6	10	1	1	1.0
elexiswsd1.1095.sl.131914	2.5294117647058822	1.5283406712306797	5	20	3	1	3.0
ssj318.1895.6758	2.9375	1.5511888065436135	10	53	2	2	1.0
ssj221.1460.5294	2.0	0.1438410362258906	3	4	1	1	1.0
ssj448.2453.8583	1.5714285714285714	1.0702760951186543	4	9	1	1	1.0
ssj201.1349.4874	2.611111111111111	1.381289769748216	6	21	3	1	3.0
ssj309.1857.6574	2.7037037037037037	1.8957491827521025	6	33	3	1	3.0
ssj346.2017.7159	3.5714285714285716	0.5958691333287967	3	21	1	1	1.0
ssj47.316.1284	3.103448275862069	1.4470138092634734	8	37	3	2	1.5
ssj6.35.173	2.2	0.9121413304668073	3	7	1	1	1.0
ssj402.2250.7947	1.5	0.49041462650586304	2	4	1	1	1.0
elexiswsd1.1597.sl.132422	2.272727272727273	1.0711142648893002	5	15	2	1	2.0
ssj343.2007.7128	2.923076923076923	1.7988647916398923	7	43	2	2	1.0
ssj28.169.684	3.3846153846153846	1.5084202812221263	8	46	2	2	1.0
ssj59.361.1458	2.75	1.573641085840596	6	22	4	1	4.0
ssj69.429.1637	3.176470588235294	0.8101421138541047	6	21	5	2	2.5
elexiswsd1.277.sl.131093	1.3333333333333333	1.3013448427221919	4	8	1	1	1.0
ssj440.2412.8471	1.3333333333333333	0.6081976621622466	3	5	1	1	1.0
ssj304.1848.6539	2.9	1.406110474312224	4	23	2	2	1.0
ssj216.1437.5205	1.875	1.215831067634594	3	10	2	2	1.0
ssj230.1529.5536	2.1666666666666665	1.2739823928775686	4	12	2	1	2.0
ssj430.2380.8364	1.5555555555555556	1.2060856807231253	6	13	1	1	1.0
ssj247.1598.5795	1.75	0.8266785731844679	3	6	2	1	2.0
ssj323.1916.6831	2.948717948717949	1.4435575213911649	10	46	3	1	3.0
ssj83.547.2083	3.3902439024390243	2.0810700458738522	8	47	4	1	4.0
ssj142.951.3629	1.5	1.2951335827229133	6	12	1	1	1.0
elexiswsd1.646.sl.131464	1.4	1.1613939001557827	3	7	1	1	1.0
ssj27.162.661	2.652173913043478	1.9118961245280428	6	29	4	3	1.3333333333333333
ssj38.234.941	1.2	1.315544579983041	3	7	1	1	1.0
ssj28.167.671	2.2941176470588234	1.828711694848678	5	21	1	1	1.0
elexiswsd1.1358.sl.132180	2.6	1.3947287378687716	5	14	1	1	1.0
ssj304.1848.6537	2.9130434782608696	0.4985487045027584	5	28	4	3	1.3333333333333333
ssj417.2328.8204	3.25	1.417823429103459	5	25	3	2	1.5
ssj85.566.2153	3.6666666666666665	1.8120051499054235	6	31	1	1	1.0
ssj162.1113.4108	3.0	1.1622819998564102	8	27	5	3	1.6666666666666667
ssj124.789.2994	2.1538461538461537	1.613831814685211	5	17	1	1	1.0
ssj139.888.3412	2.0	1.3013448427221919	3	14	1	1	1.0
ssj277.1717.6100	3.375	0.8630462173553428	4	19	2	1	2.0
ssj118.765.2896	2.7037037037037037	1.54917559247213	5	31	6	5	1.2
elexiswsd1.1606.sl.132431	2.2777777777777777	1.7732781166369622	5	22	2	2	1.0
ssj131.826.3146	2.6	0.6539264674066639	3	7	2	1	2.0
elexiswsd1.933.sl.131752	3.4285714285714284	1.4414100840661022	5	24	3	2	1.5
elexiswsd1.101.sl.130917	1.5	1.3274028432916989	4	10	1	1	1.0
ssj86.569.2160	3.0434782608695654	1.6060386283413883	6	28	2	1	2.0
ssj214.1422.5164	2.5789473684210527	1.564558941478952	5	25	4	4	1.0
ssj206.1384.5017	5.324324324324325	1.0290528748423755	8	46	3	2	1.5
ssj480.2597.9259	2.466666666666667	1.4241124635367473	5	19	2	1	2.0
ssj288.1764.6272	3.217391304347826	1.4977885193576645	7	32	3	2	1.5
ssj61.370.1485	4.4523809523809526	1.2712755451844935	9	53	5	1	5.0
ssj312.1878.6688	3.4545454545454546	0.30583033975114277	4	19	1	1	1.0
elexiswsd1.1451.sl.132273	2.3529411764705883	1.8033938868643882	6	21	2	1	2.0
ssj371.2137.7604	3.2	1.3744360978112327	8	47	5	4	1.25
elexiswsd1.422.sl.131238	3.9473684210526314	0.7923175357732957	5	25	1	1	1.0
elexiswsd1.788.sl.131606	2.176470588235294	1.332049284000045	6	22	2	1	2.0
ssj421.2342.8244	1.5	0.6342556627317537	3	7	2	2	1.0
ssj116.738.2785	3.0	1.9356005054539456	7	30	3	2	1.5
ssj100.641.2466	2.7333333333333334	0.34850323494900726	5	19	2	1	2.0
ssj47.317.1289	1.5	1.1835618070658083	4	9	2	1	2.0
ssj315.1886.6717	1.5714285714285714	0.5209699507845995	5	9	1	1	1.0
ssj292.1782.6330	1.4285714285714286	1.5121598652029518	4	10	1	1	1.0
ssj375.2159.7668	2.6333333333333333	1.2816543643602665	10	33	4	2	2.0
ssj335.1980.7033	3.24	2.1175124976230992	8	31	6	1	6.0
ssj24.118.497	5.885714285714286	1.6712481785321414	8	45	4	1	4.0
ssj201.1348.4861	2.0	0.6931471805599453	3	7	1	1	1.0
ssj413.2298.8107	2.05	1.4731735241866242	8	25	6	5	1.2
ssj198.1326.4798	2.619047619047619	1.5991712421925817	5	24	3	3	1.0
ssj456.2512.8902	4.377358490566038	1.7911751773926412	7	62	5	3	1.6666666666666667
ssj115.721.2704	2.125	1.5284022933575379	7	21	5	3	1.6666666666666667
ssj370.2130.7582	2.6666666666666665	0.08494951839769874	3	9	1	1	1.0
ssj433.2387.8377	2.2	0.5655677401868349	5	18	2	1	2.0
ssj438.2407.8456	2.090909090909091	1.612641239765429	5	13	1	1	1.0
ssj121.776.2931	4.4	1.25871492074678	5	19	2	1	2.0
elexiswsd1.79.sl.130893	2.0476190476190474	1.7785386154192289	6	24	2	1	2.0
ssj46.297.1202	2.0	0.0	3	6	1	1	1.0
ssj46.293.1182	2.391304347826087	2.082202499781144	7	28	3	1	3.0
ssj375.2156.7659	3.3333333333333335	1.8302399897961192	10	62	8	3	2.6666666666666665
ssj252.1610.5841	3.5217391304347827	1.753978048169368	5	25	1	1	1.0
elexiswsd1.1524.sl.132349	2.0	1.0986122886681098	4	11	1	1	1.0
ssj156.1064.3973	3.125	0.7961662222655805	7	20	3	1	3.0
ssj370.2119.7540	1.6666666666666667	1.2809338454620642	3	9	2	1	2.0
ssj198.1324.4778	2.7857142857142856	1.190904082907269	4	18	3	1	3.0
ssj413.2301.8114	2.2	0.9121413304668073	3	7	1	1	1.0
ssj249.1603.5827	1.0	0.34657359027997275	2	3	1	1	1.0
ssj443.2422.8502	4.617647058823529	1.981548762309174	7	45	6	2	3.0
ssj310.1870.6633	1.9166666666666667	1.6315865295927685	4	14	1	1	1.0
ssj476.2573.9170	2.0	1.545521226679158	3	13	1	1	1.0
ssj165.1131.4166	3.0	0.05268025782891318	5	16	1	1	1.0
ssj20.91.371	2.5	1.2220423276338725	6	12	3	1	3.0
ssj193.1298.4689	2.0	1.4016801904532676	4	13	2	2	1.0
elexiswsd1.200.sl.131016	2.2222222222222223	1.1048235486673883	4	12	1	1	1.0
ssj456.2510.8893	2.857142857142857	1.5121598652029518	4	18	1	1	1.0
ssj238.1565.5673	2.5833333333333335	0.6399463604768267	7	30	4	3	1.3333333333333333
ssj459.2517.8924	2.0	0.0	3	6	1	1	1.0
ssj80.522.1971	2.5	1.039720770839918	4	12	2	1	2.0
ssj178.1209.4407	2.5	1.039720770839918	3	13	2	2	1.0
ssj294.1793.6356	2.3333333333333335	1.291035199120824	6	22	4	2	2.0
ssj333.1976.7019	2.5	0.8165772195257083	5	11	1	1	1.0
ssj6.34.151	2.4615384615384617	1.1864070896096288	4	17	2	2	1.0
ssj392.2226.7876	4.666666666666667	0.018183822085437482	6	29	3	1	3.0
ssj21.102.431	2.2	1.4614474748008623	5	19	3	1	3.0
ssj142.962.3669	2.0	1.4451858789480823	4	11	2	1	2.0
elexiswsd1.1427.sl.132249	2.1	1.2140741579846956	4	13	2	1	2.0
ssj21.104.444	1.0	0.34657359027997275	2	3	1	1	1.0
ssj142.955.3651	1.0	0.0	2	3	1	1	1.0
ssj455.2505.8831	6.125	1.3860860711772824	7	29	2	1	2.0
ssj292.1782.6331	2.375	0.17472333335331355	4	11	2	1	2.0
ssj126.804.3039	2.4347826086956523	1.5737693677726026	8	28	5	2	2.5
ssj142.941.3602	1.0	0.6931471805599453	2	4	1	1	1.0
ssj105.673.2556	2.6923076923076925	1.5345292995968915	5	15	1	1	1.0
ssj69.430.1641	2.611111111111111	2.0309312618133464	6	24	6	2	3.0
ssj455.2506.8834	2.7586206896551726	1.4736360665228796	8	34	4	2	2.0
ssj377.2167.7689	1.5	0.05889151782819164	3	4	1	1	1.0
elexiswsd1.701.sl.131519	2.2	1.6052885110267527	6	19	2	1	2.0
ssj144.989.3736	2.3076923076923075	0.44622665453014976	6	17	4	1	4.0
ssj469.2545.9035	3.4444444444444446	0.20842325179915527	4	13	2	1	2.0
ssj123.782.2971	3.1818181818181817	1.6705431167188833	7	28	1	1	1.0
ssj282.1742.6196	2.96	1.2173958246580767	6	28	3	2	1.5
elexiswsd1.960.sl.131779	2.769230769230769	0.81321124207025	4	16	2	1	2.0
ssj294.1797.6371	2.2	1.1675541423498028	4	13	2	1	2.0
ssj360.2081.7375	3.3529411764705883	1.3053810369178835	5	22	3	2	1.5
ssj383.2181.7739	2.090909090909091	1.2660676494854564	5	12	2	1	2.0
ssj324.1925.6854	1.6	0.8840214713053695	3	7	1	1	1.0
ssj141.901.3455	1.8666666666666667	1.5345897476951615	6	18	3	2	1.5
ssj375.2160.7669	1.7	1.3138114759947979	6	14	3	1	3.0
elexiswsd1.1499.sl.132324	2.2	0.01626159585277994	5	7	1	1	1.0
ssj259.1654.5945	3.16	1.5574781735033894	6	28	2	1	2.0
ssj54.342.1392	3.2	0.7928606929083921	6	29	3	2	1.5
ssj434.2395.8405	1.9285714285714286	1.4674680846356092	7	17	2	1	2.0
ssj226.1485.5407	2.8846153846153846	1.4655364281099401	7	29	3	2	1.5
ssj95.622.2375	n/a	n/a	2	2	1	1	1.0
ssj27.146.589	1.8	1.1128120259289587	4	7	1	1	1.0
ssj84.553.2100	2.4705882352941178	0.5121503978009557	6	22	1	1	1.0
ssj230.1530.5544	4.352941176470588	1.44362105965715	6	21	2	1	2.0
ssj320.1903.6792	2.5517241379310347	0.7468786517755411	8	32	4	2	2.0
elexiswsd1.40.sl.130854	2.272727272727273	1.2738468189433825	4	15	1	1	1.0
ssj66.416.1599	2.0	1.0986122886681098	7	21	2	1	2.0
ssj133.858.3292	3.033333333333333	1.2840837465363284	7	34	3	1	3.0
elexiswsd1.693.sl.131511	3.1666666666666665	1.097225325226747	4	22	4	2	2.0
ssj369.2111.7501	3.789473684210526	1.3389399861327906	4	24	2	2	1.0
ssj139.887.3405	2.25	1.817817469797562	5	21	2	1	2.0
ssj401.2245.7927	2.5	1.6212961757427584	6	21	2	1	2.0
ssj421.2341.8243	1.3333333333333333	0.8109302162163288	2	5	1	1	1.0
ssj114.712.2670	2.9411764705882355	2.2066318197978623	7	41	5	1	5.0
ssj322.1914.6827	1.4	1.1613939001557827	3	7	1	1	1.0
ssj413.2303.8117	1.8888888888888888	1.4355785964757697	3	12	2	1	2.0
ssj12.49.225	2.2666666666666666	1.4315945116511812	10	34	3	2	1.5
ssj139.892.3419	3.1363636363636362	1.6449105003342146	6	28	4	1	4.0
ssj255.1642.5912	2.6	1.3470736479666092	8	29	7	4	1.75
ssj360.2076.7349	3.125	1.051579034148576	4	18	2	1	2.0
ssj42.247.987	3.1363636363636362	1.8190638474683223	5	28	3	1	3.0
ssj223.1464.5324	2.5	1.5686159179138452	5	21	2	2	1.0
ssj260.1661.5973	2.4285714285714284	1.1842641681948636	3	10	2	1	2.0
ssj344.2010.7140	2.4285714285714284	1.125372650366672	5	18	2	2	1.0
ssj325.1937.6891	2.411764705882353	1.3409669055970665	5	21	2	2	1.0
ssj5.20.69	2.8823529411764706	0.3579997179736975	5	20	3	2	1.5
ssj116.728.2742	1.8	0.7662384356489861	3	7	1	1	1.0
ssj449.2464.8615	2.0	0.5493061443340547	2	5	1	1	1.0
ssj59.366.1473	2.6153846153846154	0.32106351157614366	5	16	3	2	1.5
ssj131.836.3199	2.0	0.752038698388137	3	8	1	1	1.0
ssj252.1621.5856	2.1818181818181817	1.1119362594095554	7	13	1	1	1.0
ssj260.1656.5950	2.272727272727273	0.9272732286634099	5	14	2	1	2.0
ssj92.609.2299	2.0	1.7328679513998633	5	19	2	2	1.0
ssj446.2436.8557	2.0	0.27980789396771144	4	9	1	1	1.0
ssj86.573.2182	3.1052631578947367	1.1438399810609914	5	24	3	1	3.0
elexiswsd1.856.sl.131674	2.5	1.3336141032909774	4	21	2	2	1.0
ssj256.1646.5922	2.0	1.2628643221541278	5	12	1	1	1.0
ssj82.539.2055	2.3636363636363638	1.3784671420159917	6	26	2	2	1.0
ssj470.2555.9102	2.857142857142857	1.589235205116581	6	17	2	1	2.0
ssj131.839.3216	1.6666666666666667	1.189773067065087	3	8	2	1	2.0
elexiswsd1.89.sl.130904	1.75	1.1732521634644406	4	10	1	1	1.0
ssj61.380.1520	2.8461538461538463	0.9296533041080258	5	18	2	2	1.0
elexiswsd1.184.sl.131000	2.1333333333333333	0.5963393988535886	7	20	3	1	3.0
ssj401.2246.7930	1.8235294117647058	1.5089799921591232	8	20	2	1	2.0
elexiswsd1.608.sl.131425	2.6666666666666665	1.3602363605503838	5	13	1	1	1.0
ssj124.788.2985	2.9615384615384617	0.5433393851785391	6	32	2	2	1.0
ssj193.1298.4691	1.8	0.9100794718748765	3	7	1	1	1.0
elexiswsd1.1416.sl.132238	4.0	0.7920600522249054	7	44	2	1	2.0
ssj319.1901.6789	1.7272727272727273	1.625359004558772	4	13	1	1	1.0
ssj372.2138.7606	2.764705882352941	1.6421257392682658	4	19	1	1	1.0
elexiswsd1.170.sl.130986	2.2222222222222223	0.9932517730102833	7	22	3	2	1.5
ssj215.1427.5175	2.5	1.5686159179138452	11	42	6	3	2.0
ssj257.1651.5936	3.142857142857143	0.867543541064572	3	9	1	1	1.0
ssj93.612.2321	n/a	n/a	1	1	1	1	1.0
ssj130.823.3096	1.3333333333333333	0.8109302162163288	2	5	1	1	1.0
elexiswsd1.956.sl.131775	2.3333333333333335	1.3114461963809516	4	18	2	1	2.0
ssj192.1261.4567	4.515151515151516	1.7630762551159727	6	42	3	2	1.5
elexiswsd1.534.sl.131351	2.0	1.0986122886681098	5	14	1	1	1.0
ssj406.2266.7993	2.32	1.4610179073158271	8	28	2	1	2.0
ssj36.213.879	2.0	0.0	3	6	1	1	1.0
elexiswsd1.1559.sl.132384	2.076923076923077	1.4474669048020035	7	16	2	1	2.0
ssj77.505.1901	2.1785714285714284	1.4367390454235496	10	33	3	2	1.5
ssj45.275.1105	2.8	1.7877753844034665	7	39	4	2	2.0
ssj141.908.3478	2.4285714285714284	1.125372650366672	5	18	1	1	1.0
ssj121.779.2953	2.8333333333333335	0.5475730403458116	4	15	2	1	2.0
elexiswsd1.1051.sl.131870	3.3333333333333335	0.9547712524422194	6	18	2	1	2.0
ssj456.2507.8851	2.25	0.5753641449035618	4	11	2	1	2.0
ssj6.32.104	1.3333333333333333	0.9547712524422192	3	5	1	1	1.0
ssj54.345.1399	1.5	1.0397207708399179	4	8	1	1	1.0
ssj86.569.2161	2.88	1.8711762830938752	5	32	2	1	2.0
ssj379.2172.7714	2.2857142857142856	0.4928500916231614	3	11	2	2	1.0
ssj327.1959.6974	2.6	2.070533139434772	6	27	1	1	1.0
ssj279.1734.6146	2.92	1.2310014767138553	5	30	7	5	1.4
elexiswsd1.1446.sl.132268	2.111111111111111	0.3513978868378886	6	11	2	2	1.0
ssj205.1378.4996	2.0	1.1512925464970227	4	12	2	2	1.0
ssj453.2495.8775	2.0	0.5493061443340547	2	5	1	1	1.0
ssj280.1738.6171	2.5185185185185186	1.528966550047437	8	32	5	3	1.6666666666666667
ssj131.832.3187	2.5	0.326162593019845	3	7	1	1	1.0
ssj91.602.2272	2.1	1.1025023823275908	8	24	2	1	2.0
ssj321.1910.6823	4.230769230769231	0.6448098071768843	6	18	3	1	3.0
ssj188.1238.4509	3.5	0.6160718406463163	2	8	1	1	1.0
elexiswsd1.1128.sl.131947	2.1333333333333333	1.289486579413534	6	19	2	1	2.0
ssj408.2271.8022	1.8125	1.3408933977072526	7	19	2	1	2.0
ssj425.2364.8310	2.782608695652174	1.44023797514808	6	28	3	2	1.5
ssj450.2465.8620	2.5	0.5815754049028404	2	6	1	1	1.0
ssj215.1425.5169	2.0	1.9197261562966552	11	34	2	1	2.0
ssj295.1801.6383	2.0833333333333335	1.4814392243414563	5	14	1	1	1.0
ssj89.589.2217	2.8666666666666667	0.994022366519698	4	18	2	1	2.0
ssj5.19.64	2.375	1.4171766582473135	5	21	2	1	2.0
ssj74.469.1759	2.9	0.08658180950459464	5	12	1	1	1.0
elexiswsd1.294.sl.131110	1.7272727272727273	1.2017100743651703	5	15	3	1	3.0
ssj260.1667.5985	1.7142857142857142	1.127105754354915	4	9	2	1	2.0
elexiswsd1.1607.sl.132432	2.7	1.130995848014396	4	12	1	1	1.0
ssj141.901.3451	3.44	0.37396644104879345	6	32	3	1	3.0
ssj93.616.2332	2.0625	1.4670944781102417	5	19	3	3	1.0
ssj80.523.1972	2.3333333333333335	0.29799171605314895	3	6	2	1	2.0
ssj325.1930.6868	1.875	0.9604182557515986	4	11	1	1	1.0
elexiswsd1.601.sl.131418	3.7	1.6061399891549248	5	25	3	2	1.5
elexiswsd1.1510.sl.132335	1.75	1.02941112723855	4	10	1	1	1.0
elexiswsd1.1591.sl.132416	2.2857142857142856	0.8394236819031342	3	9	1	1	1.0
ssj79.517.1957	2.5454545454545454	0.8139445433564068	4	14	1	1	1.0
elexiswsd1.582.sl.131399	2.0	1.5993365587753408	6	16	1	1	1.0
ssj171.1169.4266	1.25	1.2747225854627857	4	6	1	1	1.0
ssj238.1569.5684	2.0	0.1438410362258906	3	5	1	1	1.0
ssj261.1669.5991	4.76	1.7328381591840087	7	30	2	1	2.0
ssj220.1449.5248	2.8125	0.9015267379234069	4	19	1	1	1.0
ssj209.1397.5068	4.0256410256410255	2.048534576280262	10	45	4	1	4.0
ssj383.2186.7760	1.5	1.2951335827229133	3	8	1	1	1.0
ssj4.15.50	1.6153846153846154	1.7758566729965386	7	14	1	1	1.0
ssj46.299.1210	3.1	1.171182981502945	5	14	3	1	3.0
ssj107.682.2585	2.789473684210526	1.3422462898115664	5	23	3	3	1.0
ssj216.1435.5200	4.888888888888889	1.996553881874068	8	42	4	1	4.0
ssj414.2306.8127	2.6666666666666665	0.8109302162163288	4	12	2	1	2.0
elexiswsd1.154.sl.130970	2.619047619047619	1.3641694275697138	5	25	3	2	1.5
ssj304.1848.6542	2.9047619047619047	1.9781710112735347	5	27	2	1	2.0
elexiswsd1.1519.sl.132344	1.5	0.9808292530117262	4	6	2	1	2.0
elexiswsd1.35.sl.130849	1.875	1.215831067634594	3	10	1	1	1.0
elexiswsd1.180.sl.130996	2.2	1.885096404994464	6	18	2	1	2.0
ssj142.937.3588	1.0	0.5493061443340547	2	5	1	1	1.0
ssj44.268.1075	2.727272727272727	1.4380988524294007	4	14	4	2	2.0
ssj80.520.1967	3.2222222222222223	0.27511462629782757	5	22	3	3	1.0
ssj133.866.3315	2.0	0.916290731874155	3	7	1	1	1.0
ssj233.1540.5573	2.142857142857143	1.1066947570947876	6	18	2	1	2.0
ssj310.1867.6624	4.235294117647059	1.0128746679081868	6	22	2	1	2.0
elexiswsd1.1020.sl.131839	2.0	1.1756876285817388	3	9	1	1	1.0
ssj105.673.2553	2.7142857142857144	1.5634531595905024	4	25	2	1	2.0
ssj389.2221.7857	2.0	1.1512925464970227	4	9	3	1	3.0
ssj310.1863.6601	1.3333333333333333	1.1575038064963012	4	8	1	1	1.0
ssj24.120.506	3.0	0.6019864021629681	2	7	1	1	1.0
ssj46.286.1145	3.2142857142857144	1.6497896414295636	5	35	2	1	2.0
ssj78.513.1933	2.5	0.6727361832998177	2	7	1	1	1.0
ssj324.1922.6847	3.238095238095238	1.9363028665830007	7	26	2	1	2.0
ssj12.45.200	1.8333333333333333	1.0944628872607622	4	8	1	1	1.0
ssj353.2052.7255	2.2222222222222223	1.4513971389473608	3	14	2	1	2.0
ssj54.350.1412	2.25	1.6598909950883234	6	24	2	1	2.0
ssj299.1814.6425	1.8571428571428572	1.0470630466813786	4	10	2	2	1.0
ssj141.901.3456	2.5	0.02041099726012762	3	8	1	1	1.0
ssj190.1240.4516	1.4	1.2729656758128876	3	7	1	1	1.0
ssj83.547.2085	2.5185185185185186	1.6972026683580435	9	32	3	2	1.5
ssj101.650.2488	2.888888888888889	1.4829262069309292	6	32	4	3	1.3333333333333333
elexiswsd1.1379.sl.132201	1.75	1.7225583077984954	5	14	1	1	1.0
ssj155.1055.3946	6.258064516129032	0.11687735233560885	5	49	2	2	1.0
elexiswsd1.1069.sl.131888	1.8	0.2169322913149312	4	7	1	1	1.0
ssj118.756.2852	n/a	n/a	2	4	1	1	1.0
ssj306.1853.6566	2.5	1.4247748816879549	4	14	1	1	1.0
elexiswsd1.762.sl.131580	2.142857142857143	1.6560009014288424	5	16	2	2	1.0
ssj75.472.1770	2.7142857142857144	0.5237323887505843	7	25	4	2	2.0
ssj157.1071.4007	4.2105263157894735	2.0818041151868294	6	45	4	2	2.0
ssj188.1238.4504	3.2666666666666666	1.4897836683503178	4	17	1	1	1.0
ssj298.1811.6412	4.425	1.7737761206251834	7	46	3	2	1.5
ssj348.2028.7185	3.125	0.09971351234844669	3	12	3	3	1.0
ssj142.924.3530	2.0	1.354025100551105	5	12	2	1	2.0
elexiswsd1.1223.sl.132042	1.5714285714285714	1.3256889070016495	3	9	1	1	1.0
ssj263.1674.6003	2.3333333333333335	0.5978880185608786	3	8	1	1	1.0
ssj152.1038.3896	3.111111111111111	0.3102059461090977	4	11	1	1	1.0
ssj370.2121.7545	2.7777777777777777	0.7701082216960736	4	15	3	2	1.5
ssj403.2251.7952	2.0	0.3465735902799726	3	5	1	1	1.0
ssj318.1899.6774	5.333333333333333	1.7102701722526432	7	33	1	1	1.0
ssj226.1486.5411	1.6666666666666667	0.38505411084803665	3	7	1	1	1.0
ssj456.2508.8865	2.3333333333333335	1.4026069747779288	5	22	2	1	2.0
ssj132.847.3249	2.3333333333333335	0.3951554645067964	5	15	2	1	2.0
ssj54.339.1384	3.7	0.882680497686762	4	26	2	2	1.0
ssj284.1749.6222	2.6666666666666665	1.013662770270411	3	10	1	1	1.0
ssj200.1339.4836	1.3333333333333333	0.8109302162163288	2	5	1	1	1.0
ssj144.968.3689	2.0555555555555554	1.4177869047599678	7	21	3	1	3.0
ssj413.2295.8096	1.8	0.9100794718748765	3	7	1	1	1.0
elexiswsd1.4.sl.130817	1.3333333333333333	1.7068099508303565	5	11	1	1	1.0
ssj165.1131.4167	3.4285714285714284	1.503991655543105	7	20	1	1	1.0
ssj237.1564.5667	2.111111111111111	0.6979714771178611	5	12	2	1	2.0
ssj409.2272.8024	2.9565217391304346	1.8032622835252472	5	26	1	1	1.0
ssj303.1845.6532	1.7692307692307692	1.4050770008231006	6	15	1	1	1.0
elexiswsd1.1122.sl.131941	1.6363636363636365	1.2557772956354458	6	15	1	1	1.0
ssj126.802.3033	2.8	1.0946282038435213	3	13	2	1	2.0
ssj242.1585.5742	3.25	0.13893422550172813	4	11	2	1	2.0
ssj345.2015.7154	2.92	1.3425732523709604	5	29	3	3	1.0
ssj435.2400.8425	3.3333333333333335	1.214168149149803	5	22	2	2	1.0
ssj345.2013.7148	1.5	0.49041462650586304	2	4	1	1	1.0
ssj195.1318.4756	2.4	0.8251299534771779	8	34	2	1	2.0
elexiswsd1.55.sl.130869	3.125	1.489313402825526	5	31	3	1	3.0
ssj79.516.1950	2.1379310344827585	2.1227569963338047	8	33	3	1	3.0
ssj85.561.2136	2.2857142857142856	1.2975690478402115	4	17	2	1	2.0
ssj179.1212.4422	2.857142857142857	1.3094273111488697	5	17	3	2	1.5
ssj142.917.3505	2.15	1.7721190654773422	6	23	3	2	1.5
ssj317.1893.6752	2.5555555555555554	1.2000634209150973	4	12	2	1	2.0
ssj279.1730.6128	1.875	1.3069918460315713	4	10	1	1	1.0
ssj46.309.1256	2.2	1.6641800288549444	5	17	1	1	1.0
ssj364.2091.7413	3.0	1.4451858789480823	6	31	4	2	2.0
ssj375.2155.7653	2.7058823529411766	0.421178619595229	5	20	1	1	1.0
ssj73.464.1746	2.6666666666666665	2.191988927402572	6	36	4	2	2.0
ssj191.1253.4550	2.125	0.9790961490234832	3	10	1	1	1.0
ssj75.487.1825	2.2	0.3628351861327527	5	12	1	1	1.0
ssj220.1450.5252	2.8620689655172415	1.7307154258512227	7	33	2	1	2.0
ssj203.1363.4942	2.1176470588235294	1.215607221962269	8	21	5	1	5.0
ssj68.425.1622	2.0833333333333335	1.404363884427827	8	28	3	2	1.5
elexiswsd1.468.sl.131285	2.3333333333333335	1.0215369487544805	4	8	1	1	1.0
ssj116.728.2744	1.6666666666666667	1.078201291407982	3	8	1	1	1.0
ssj6.33.117	1.6666666666666667	0.038480520568064065	3	5	1	1	1.0
ssj476.2572.9165	2.526315789473684	1.2386046384017153	5	22	2	2	1.0
ssj412.2285.8063	2.6	1.2355018723095044	5	23	3	3	1.0
ssj133.854.3280	2.75	1.0355713694325706	4	15	2	2	1.0
ssj383.2186.7764	2.176470588235294	1.332049284000045	7	20	2	1	2.0
ssj134.880.3372	2.9285714285714284	1.7672751465802918	7	50	5	3	1.6666666666666667
elexiswsd1.1616.sl.132441	2.466666666666667	1.255876345226141	5	19	2	2	1.0
ssj25.126.521	2.2857142857142856	0.8394236819031342	3	9	1	1	1.0
ssj22.112.478	2.0	0.8958797346140274	5	11	2	2	1.0
ssj234.1552.5616	2.6666666666666665	1.177914803756429	4	18	2	2	1.0
ssj93.611.2315	3.111111111111111	0.3102059461090977	5	13	2	2	1.0
ssj470.2556.9106	2.0	0.34657359027997275	3	7	1	1	1.0
ssj40.241.967	3.533333333333333	0.7849305686611386	5	35	3	2	1.5
elexiswsd1.869.sl.131688	2.5714285714285716	0.9243732003008327	4	17	2	2	1.0
ssj409.2273.8027	2.857142857142857	2.2257180430230243	7	31	3	2	1.5
ssj166.1141.4207	2.142857142857143	1.0155339786978101	3	9	1	1	1.0
ssj446.2442.8570	2.176470588235294	1.44362105965715	5	19	3	3	1.0
ssj425.2364.8308	3.076923076923077	1.400997906972369	4	15	2	1	2.0
ssj230.1531.5548	1.8888888888888888	1.1557707025080584	5	12	2	1	2.0
ssj324.1923.6849	2.1666666666666665	1.0956449209082024	3	8	1	1	1.0
ssj456.2509.8876	3.0	0.996215082345103	8	28	4	1	4.0
ssj459.2518.8928	2.1666666666666665	1.6449510652422574	6	20	1	1	1.0
elexiswsd1.201.sl.131017	3.0	1.3862943611198906	4	16	1	1	1.0
ssj203.1365.4955	2.2857142857142856	1.465805166150818	4	17	2	1	2.0
ssj153.1045.3920	2.0	0.3465735902799726	3	5	1	1	1.0
ssj358.2067.7315	2.6666666666666665	0.464356625936356	4	11	2	2	1.0
ssj141.898.3436	2.3461538461538463	1.1228445331388843	8	31	3	2	1.5
ssj142.958.3660	1.0	0.5493061443340547	2	5	1	1	1.0
ssj172.1179.4301	8.0	0.4258761053682919	8	63	2	2	1.0
ssj106.676.2564	15.96116504854369	0.4527940932716715	6	137	2	1	2.0
ssj90.590.2223	2.7142857142857144	1.0141470152564473	3	9	1	1	1.0
ssj455.2503.8810	1.6666666666666667	0.038480520568064065	3	5	1	1	1.0
ssj476.2571.9161	1.6666666666666667	0.038480520568064065	4	6	1	1	1.0
ssj142.918.3515	n/a	n/a	2	2	1	1	1.0
ssj6.33.120	3.5714285714285716	0.739710169554687	4	18	2	2	1.0
ssj126.795.3017	2.0	0.9547712524422192	4	12	1	1	1.0
ssj193.1282.4635	2.0	0.0	3	6	1	1	1.0
ssj99.638.2456	2.35	1.7420630972890376	5	22	2	2	1.0
ssj42.252.1010	2.3333333333333335	1.1998744207238468	4	16	2	2	1.0
ssj144.971.3699	3.25	0.8685172847694043	5	24	2	2	1.0
ssj133.874.3349	2.4166666666666665	0.9093702890295814	5	15	2	1	2.0
ssj231.1537.5562	1.5	0.05889151782819164	3	5	1	1	1.0
elexiswsd1.510.sl.131327	2.111111111111111	1.2472776214519161	6	22	2	2	1.0
ssj191.1248.4535	2.6	1.168736175997243	3	16	2	2	1.0
ssj325.1933.6874	3.189189189189189	1.68541301534059	8	42	4	3	1.3333333333333333
ssj234.1550.5607	5.26	2.2903724992465917	12	62	5	3	1.6666666666666667
ssj18.84.320	3.2	0.5374478810253969	4	14	2	1	2.0
ssj173.1184.4322	4.1875	1.399376342916788	7	23	1	1	1.0
ssj110.691.2609	1.2857142857142858	1.4147878268066958	5	9	2	1	2.0
ssj422.2347.8262	3.08	1.9011149874767252	5	29	3	1	3.0
ssj415.2313.8148	2.625	0.07463987479633095	4	10	2	2	1.0
ssj434.2398.8418	2.5	1.3336141032909774	4	22	2	2	1.0
ssj419.2337.8231	3.55	1.5504471980973005	5	23	2	1	2.0
ssj133.850.3264	3.292682926829268	1.2143894659520873	8	46	4	2	2.0
ssj161.1105.4087	4.0	1.726973973523842	6	27	2	1	2.0
ssj152.1038.3905	2.75	1.3294647018836299	5	16	1	1	1.0
ssj304.1848.6544	2.6666666666666665	1.013662770270411	3	11	1	1	1.0
ssj300.1820.6447	4.222222222222222	1.156116843054939	8	52	5	1	5.0
ssj69.432.1649	2.5185185185185186	1.9231952302295723	7	36	6	1	6.0
ssj384.2189.7771	1.4285714285714286	1.4209990868059745	3	9	1	1	1.0
elexiswsd1.831.sl.131649	2.3846153846153846	1.5647293782041816	4	15	1	1	1.0
ssj36.211.860	2.1052631578947367	1.2770851589697794	7	22	2	1	2.0
ssj81.529.1998	2.066666666666667	1.321235277728114	8	17	2	1	2.0
ssj24.119.501	2.935483870967742	2.3062235552984713	8	37	3	1	3.0
ssj431.2381.8366	4.32	2.4124822567547093	8	93	12	3	4.0
ssj73.463.1745	2.8421052631578947	0.4276744221853865	6	23	3	2	1.5
ssj184.1227.4454	4.333333333333333	0.05592415006828446	5	25	3	2	1.5
ssj455.2506.8839	2.3076923076923075	1.3421063891441773	6	16	2	1	2.0
ssj170.1162.4248	2.1538461538461537	1.064525670351156	6	18	1	1	1.0
ssj201.1354.4894	2.933333333333333	1.317606438574972	8	37	3	1	3.0
ssj107.682.2584	2.5925925925925926	1.38840723751708	6	33	3	3	1.0
ssj264.1678.6012	2.1818181818181817	1.3146688134636377	4	14	2	2	1.0
ssj29.177.710	2.142857142857143	1.8587334554829245	7	24	2	1	2.0
elexiswsd1.962.sl.131781	2.5555555555555554	1.2000634209150973	5	22	1	1	1.0
ssj320.1907.6810	1.9090909090909092	0.5523204714741328	6	12	1	1	1.0
ssj157.1071.3995	2.3529411764705883	1.365659518187438	6	20	2	1	2.0
ssj104.670.2548	1.8571428571428572	0.7004894564014058	4	10	2	1	2.0
elexiswsd1.151.sl.130967	1.6666666666666667	1.1370928092361738	5	11	1	1	1.0
ssj204.1377.4990	3.1666666666666665	0.2925063690096969	7	22	3	1	3.0
ssj215.1427.5177	3.3461538461538463	0.9705428327116943	8	32	4	2	2.0
ssj289.1771.6296	3.4857142857142858	1.568721818340782	6	41	1	1	1.0
elexiswsd1.196.sl.131012	2.2	0.9121413304668073	5	18	3	1	3.0
ssj142.952.3633	1.0	0.0	2	3	1	1	1.0
ssj296.1809.6408	4.363636363636363	0.8242541869577746	7	38	2	1	2.0
ssj46.294.1189	2.740740740740741	2.0259845669222143	8	35	2	1	2.0
ssj260.1657.5951	2.1875	0.6035350218702582	7	20	4	2	2.0
ssj116.726.2721	1.5	0.8369882167858357	3	6	1	1	1.0
ssj193.1276.4615	1.75	0.48010498290449527	3	6	1	1	1.0
elexiswsd1.140.sl.130956	2.272727272727273	1.0711142648893002	3	14	2	1	2.0
ssj149.1023.3835	2.533333333333333	1.7440178067345586	5	19	2	1	2.0
ssj347.2024.7175	2.25	1.2685113254635072	5	10	2	1	2.0
ssj377.2167.7690	1.6	0.8840214713053695	3	7	1	1	1.0
ssj451.2474.8672	2.0	0.8047189562170503	3	6	1	1	1.0
ssj63.391.1545	3.6666666666666665	2.2842359543258492	9	53	2	1	2.0
ssj116.734.2764	2.272727272727273	1.0711142648893002	4	14	2	2	1.0
ssj412.2286.8068	2.6315789473684212	1.0539416076555694	6	22	3	2	1.5
ssj47.317.1300	1.7142857142857142	1.3298383084089973	4	10	1	1	1.0
ssj118.749.2820	2.9	0.08658180950459464	4	15	3	2	1.5
ssj27.141.564	2.588235294117647	1.0149365265001178	7	22	1	1	1.0
ssj54.346.1403	2.772727272727273	1.218836996424108	5	28	3	2	1.5
elexiswsd1.1168.sl.131987	1.3333333333333333	0.8109302162163288	2	5	1	1	1.0
ssj335.1981.7035	1.9230769230769231	1.177854355658159	7	17	4	2	2.0
ssj142.925.3534	3.3333333333333335	0.49662588650514167	6	21	2	1	2.0
elexiswsd1.967.sl.131786	4.388888888888889	1.5116310110563833	5	23	2	1	2.0
ssj63.394.1557	2.5	2.026761283850923	7	27	3	1	3.0
ssj190.1240.4514	2.1818181818181817	0.765362669129583	5	14	2	1	2.0
ssj75.473.1774	2.0	0.27980789396771144	4	10	2	2	1.0
elexiswsd1.726.sl.131544	1.8461538461538463	1.9518448845751277	5	17	2	1	2.0
ssj255.1640.5900	3.066666666666667	1.2063889796918768	5	18	3	2	1.5
ssj456.2509.8866	3.5454545454545454	1.69646152537599	7	27	2	1	2.0
ssj428.2377.8356	2.7142857142857144	0.8703059790305571	5	26	3	2	1.5
ssj131.838.3204	2.625	0.42121346507630353	4	12	3	2	1.5
ssj211.1399.5075	1.3333333333333333	0.8109302162163288	2	6	1	1	1.0
ssj358.2066.7311	2.125	0.28594896846353784	4	11	2	2	1.0
ssj139.888.3410	1.75	1.3759847175185227	4	9	1	1	1.0
ssj193.1278.4620	1.6666666666666667	0.038480520568064065	3	5	1	1	1.0
elexiswsd1.458.sl.131274	2.125	0.6325225587435105	3	10	2	2	1.0
ssj68.426.1628	2.619047619047619	1.5324055458803203	7	24	2	1	2.0
ssj21.98.421	2.0	1.039720770839918	3	9	2	1	2.0
ssj228.1522.5518	2.8421052631578947	1.8442810942134944	5	23	2	2	1.0
ssj59.364.1466	2.1538461538461537	1.5549402968570192	4	16	2	1	2.0
ssj126.810.3053	2.6470588235294117	1.3390372609280319	6	20	2	2	1.0
ssj51.325.1324	3.5	2.1754680238019253	6	56	4	3	1.3333333333333333
ssj76.489.1830	2.2857142857142856	1.2975690478402115	6	17	3	1	3.0
ssj384.2201.7801	2.0	1.8121704664881826	6	19	4	1	4.0
ssj166.1140.4204	2.1785714285714284	1.9271536719294127	9	32	3	1	3.0
ssj46.294.1191	2.2857142857142856	1.388729826237189	7	24	3	3	1.0
ssj267.1698.6054	4.578947368421052	0.29732394037504967	5	25	1	1	1.0
ssj449.2455.8588	2.7222222222222223	0.9930434830676752	7	21	3	2	1.5
ssj428.2377.8358	1.75	1.453060057432152	4	11	1	1	1.0
ssj121.780.2956	2.8666666666666667	1.105594142176803	5	19	2	1	2.0
ssj73.460.1733	4.552631578947368	2.147527372148768	7	46	4	1	4.0
elexiswsd1.29.sl.130842	2.111111111111111	1.156116843054939	5	12	1	1	1.0
ssj292.1781.6327	3.0	0.49041462650586304	3	10	2	2	1.0
ssj440.2412.8474	1.9	1.058744804658683	4	13	4	3	1.3333333333333333
ssj93.612.2318	1.8333333333333333	1.0944628872607622	4	8	1	1	1.0
ssj100.646.2477	2.2	1.25871492074678	5	18	1	1	1.0
ssj242.1585.5734	2.473684210526316	0.5665108670396022	8	22	3	3	1.0
ssj407.2270.8019	1.9090909090909092	1.4482002060881605	4	13	1	1	1.0
ssj385.2211.7836	2.1875	0.9501086121502309	8	21	4	1	4.0
ssj133.863.3304	2.176470588235294	1.44362105965715	6	19	1	1	1.0
ssj21.106.449	n/a	n/a	2	3	1	1	1.0
ssj119.768.2909	3.727272727272727	1.2695652036131386	5	17	1	1	1.0
ssj376.2161.7671	3.5384615384615383	0.9146623743172378	8	43	4	1	4.0
ssj342.1999.7097	2.1	0.4093552017676455	5	13	1	1	1.0
ssj477.2580.9214	2.6842105263157894	1.1779800165852805	6	24	5	3	1.6666666666666667
ssj142.945.3613	1.0	0.5493061443340547	2	5	1	1	1.0
ssj449.2460.8600	1.3333333333333333	0.2616240718822739	3	5	2	1	2.0
ssj81.532.2019	1.9166666666666667	1.2850129393127958	5	15	3	2	1.5
ssj191.1241.4517	2.3076923076923075	1.2509456107472	7	18	3	1	3.0
ssj325.1939.6898	1.9	1.2025858408845735	4	13	2	2	1.0
ssj59.366.1474	2.2142857142857144	1.723546426336927	4	17	2	1	2.0
ssj295.1805.6391	2.8947368421052633	1.608272919916375	6	24	4	2	2.0
ssj164.1129.4155	2.185185185185185	1.964830143768884	9	35	2	1	2.0
ssj27.139.554	2.5	0.22314355131420976	3	6	1	1	1.0
elexiswsd1.1463.sl.132288	2.0	0.5058004558392399	6	13	2	2	1.0
ssj86.568.2158	1.8888888888888888	1.3585032565621407	4	12	1	1	1.0
ssj142.926.3538	2.8285714285714287	1.9803555669935307	7	39	3	2	1.5
ssj364.2091.7415	3.238095238095238	1.4458882400771376	6	26	4	2	2.0
ssj116.734.2762	2.3636363636363638	1.031893551736019	4	13	2	2	1.0
ssj155.1056.3947	3.1785714285714284	2.175772650618268	10	66	7	3	2.3333333333333335
ssj469.2547.9051	2.272727272727273	1.4765793729974646	6	14	3	1	3.0
ssj76.490.1837	3.1666666666666665	0.7161552992032988	3	8	1	1	1.0
ssj440.2414.8481	2.5	1.433949451022053	7	27	4	2	2.0
ssj46.286.1148	2.45	0.9483517025003325	8	28	5	2	2.5
elexiswsd1.519.sl.131336	2.933333333333333	0.827191812069109	6	19	1	1	1.0
ssj453.2494.8770	2.5294117647058822	0.8351934906707345	7	21	2	1	2.0
elexiswsd1.968.sl.131787	2.909090909090909	1.1708277772377473	7	28	3	1	3.0
ssj185.1230.4463	3.4857142857142858	1.5019561220285207	7	44	3	2	1.5
ssj226.1493.5432	1.9	1.2025858408845735	4	13	2	2	1.0
ssj25.121.512	2.4	0.7339691750802004	2	7	1	1	1.0
ssj361.2082.7379	2.125	0.9790961490234832	5	19	2	2	1.0
ssj26.127.522	1.5	0.6342556627317537	3	6	1	1	1.0
ssj456.2507.8858	3.7916666666666665	0.602794829285041	8	58	6	4	1.5
ssj160.1076.4022	2.7	0.15804077348673942	4	14	3	2	1.5
ssj118.765.2892	2.25	1.1246702892376166	5	18	3	3	1.0
ssj165.1133.4181	3.8461538461538463	0.06459896923584096	7	16	2	1	2.0
elexiswsd1.611.sl.131428	2.1875	1.4082539780873085	4	18	2	2	1.0
ssj6.35.162	1.9230769230769231	1.3216953918840497	5	16	3	2	1.5
ssj132.846.3244	3.3333333333333335	1.0459320308391966	5	21	3	2	1.5
ssj264.1677.6009	1.8	0.7662384356489861	3	7	1	1	1.0
ssj236.1562.5650	2.7333333333333334	1.1532221911660576	5	18	3	1	3.0
ssj451.2471.8653	1.3333333333333333	1.412916618379297	3	8	1	1	1.0
elexiswsd1.303.sl.131119	4.4	1.5141277326297753	6	24	2	1	2.0
ssj134.877.3364	2.923076923076923	1.2495586473058373	7	32	4	2	2.0
elexiswsd1.777.sl.131595	2.125	0.28594896846353784	4	11	2	1	2.0
ssj42.259.1034	3.6	0.2169322913149312	9	24	5	2	2.5
elexiswsd1.1296.sl.132116	2.8	1.017552863929892	4	18	2	2	1.0
ssj91.602.2269	2.4285714285714284	0.43222546980672655	3	10	2	2	1.0
ssj446.2436.8558	2.909090909090909	1.1708277772377473	7	31	1	1	1.0
elexiswsd1.215.sl.131031	2.2	1.3357902606604093	4	12	1	1	1.0
ssj341.1989.7065	3.923076923076923	1.829919101712527	4	28	1	1	1.0
ssj195.1316.4750	2.7333333333333334	1.7651099069771152	4	20	1	1	1.0
ssj314.1883.6704	4.454545454545454	1.09131697220682	5	17	1	1	1.0
ssj226.1488.5413	4.107142857142857	1.5358493156303243	6	33	3	2	1.5
ssj46.292.1179	1.875	1.215831067634594	3	11	3	2	1.5
ssj188.1238.4510	2.2222222222222223	1.3987168811184476	4	11	1	1	1.0
ssj20.93.397	2.5	0.8754687373538999	4	16	3	2	1.5
ssj201.1344.4850	2.6666666666666665	1.0663430280993242	5	20	3	2	1.5
ssj386.2216.7843	3.929411764705882	1.7487156263728016	8	95	11	4	2.75
ssj63.387.1531	2.825	2.394958277632537	8	48	6	2	3.0
ssj46.309.1258	3.2758620689655173	1.5367876242190883	6	33	2	2	1.0
ssj98.628.2421	2.8	1.2202854179839744	4	14	2	1	2.0
ssj295.1799.6375	3.35	1.5313591158340205	8	46	5	3	1.6666666666666667
ssj114.715.2683	2.0	1.1756876285817388	3	9	1	1	1.0
elexiswsd1.993.sl.131812	2.7142857142857144	1.4196121233646117	5	26	2	1	2.0
ssj36.213.868	2.5	0.5815754049028404	2	8	1	1	1.0
ssj450.2468.8637	2.0	0.1438410362258906	3	4	1	1	1.0
ssj436.2401.8431	2.48	1.2504854965912646	8	30	5	3	1.6666666666666667
elexiswsd1.1148.sl.131967	1.125	1.61508491574348	5	10	1	1	1.0
elexiswsd1.400.sl.131216	3.3636363636363638	1.3054536613609606	4	15	2	1	2.0
ssj370.2123.7552	2.7142857142857144	1.7661857136445847	10	50	6	4	1.5
ssj55.351.1418	3.1842105263157894	2.1828499128545493	7	43	4	3	1.3333333333333333
elexiswsd1.1394.sl.132216	3.3448275862068964	1.862527127596219	6	36	4	1	4.0
ssj172.1182.4317	4.526315789473684	1.3789178445242611	4	22	2	2	1.0
ssj312.1877.6687	4.153846153846154	1.7272747987697148	4	30	3	1	3.0
ssj160.1080.4037	2.0	0.8047189562170503	3	6	1	1	1.0
ssj216.1438.5211	3.0588235294117645	1.652601398054002	4	21	3	1	3.0
ssj383.2183.7748	1.0	0.6931471805599453	2	4	1	1	1.0
ssj221.1456.5282	1.0	0.34657359027997275	2	3	1	1	1.0
ssj446.2438.8562	2.2666666666666666	0.5357147770371538	6	19	2	1	2.0
ssj53.331.1351	3.88	0.6001763490788911	6	31	3	2	1.5
ssj239.1573.5695	4.153846153846154	1.7727606878725781	6	30	3	1	3.0
elexiswsd1.597.sl.131414	2.3076923076923075	1.4859474253700677	4	18	3	1	3.0
ssj65.410.1587	2.4482758620689653	1.5929828241554458	8	35	5	3	1.6666666666666667
ssj387.2219.7849	3.210526315789474	0.30578460457634943	6	22	1	1	1.0
ssj109.686.2595	3.8260869565217392	0.7752106537495729	10	29	2	1	2.0
ssj332.1974.7013	2.4285714285714284	1.877411348754809	6	25	2	1	2.0
ssj328.1966.6995	2.6	1.3470736479666092	4	14	2	1	2.0
ssj142.918.3507	2.6923076923076925	1.3906882633710012	5	18	3	1	3.0
ssj172.1176.4287	2.2666666666666666	1.5086698515648103	6	18	3	2	1.5
ssj376.2162.7678	2.3333333333333335	1.291035199120824	4	11	1	1	1.0
ssj142.953.3637	1.8	0.5635058815949039	6	12	1	1	1.0
elexiswsd1.926.sl.131745	2.6	0.7450872458036413	3	7	1	1	1.0
ssj131.826.3133	1.7142857142857142	1.127105754354915	4	9	1	1	1.0
ssj309.1861.6597	1.8181818181818181	1.4969903702575924	5	13	1	1	1.0
ssj449.2461.8606	2.923076923076923	1.7988647916398923	4	29	3	2	1.5
ssj231.1537.5563	4.416666666666667	0.2429319388701215	4	20	1	1	1.0
ssj131.831.3181	n/a	n/a	2	2	1	1	1.0
ssj358.2070.7327	2.0	0.8291140383017661	5	9	2	1	2.0
ssj349.2032.7203	2.0	1.46559687620821	5	17	2	2	1.0
ssj277.1714.6093	3.0476190476190474	0.9572067175595176	4	24	2	1	2.0
ssj131.836.3200	2.3333333333333335	1.1998744207238468	4	11	2	1	2.0
ssj374.2150.7637	4.888888888888889	1.4259679303306154	5	26	1	1	1.0
ssj354.2056.7268	1.6	0.3347153269713146	4	8	1	1	1.0
ssj419.2333.8225	3.8666666666666667	0.3482058813868684	6	36	4	2	2.0
ssj171.1164.4256	2.5	1.4774551395168678	7	28	4	2	2.0
ssj265.1681.6018	2.6875	1.0908301482260547	6	21	4	2	2.0
ssj233.1546.5593	2.95	0.9653671107593218	9	26	4	1	4.0
ssj192.1257.4560	n/a	n/a	2	3	1	1	1.0
ssj321.1910.6819	2.5	0.326162593019845	3	6	2	1	2.0
ssj288.1765.6276	2.6818181818181817	0.9055998264117271	6	27	3	1	3.0
ssj451.2480.8703	2.0	0.8291140383017661	5	10	2	1	2.0
ssj475.2570.9157	2.4705882352941178	1.551871168640874	5	21	2	2	1.0
ssj217.1443.5234	3.6	1.39261991989667	6	34	3	2	1.5
ssj179.1212.4423	2.8421052631578947	1.5789669686824093	8	42	5	3	1.6666666666666667
ssj301.1836.6488	2.142857142857143	1.7998419376547328	6	16	1	1	1.0
ssj46.306.1241	1.3333333333333333	0.9547712524422192	2	6	2	1	2.0
ssj86.569.2162	2.6956521739130435	1.9624012999685234	9	53	5	4	1.25
ssj151.1028.3851	3.3333333333333335	1.339825363290256	4	24	2	1	2.0
ssj226.1496.5440	2.2	1.055982366692698	6	13	2	1	2.0
ssj433.2389.8380	1.8181818181818181	1.4058295918606152	5	13	1	1	1.0
elexiswsd1.167.sl.130983	2.1333333333333333	1.9503644994046936	8	19	1	1	1.0
ssj151.1028.3849	2.1875	1.152841166204313	5	19	2	1	2.0
ssj149.1025.3841	3.05	1.4813368348257852	5	22	3	2	1.5
ssj344.2012.7145	3.2051282051282053	2.399896683292032	9	47	3	1	3.0
elexiswsd1.985.sl.131804	1.2857142857142858	1.5263596024638006	4	9	1	1	1.0
ssj327.1961.6981	2.4782608695652173	1.3533372366191196	7	26	3	2	1.5
ssj64.406.1576	2.7857142857142856	0.8443304926272964	4	18	1	1	1.0
ssj460.2522.8959	2.4375	1.881615798349916	5	20	3	1	3.0
ssj199.1334.4820	2.6363636363636362	0.5761206694910547	4	15	3	1	3.0
ssj243.1591.5770	1.4285714285714286	1.165586274922979	5	9	2	1	2.0
ssj178.1209.4405	2.8333333333333335	1.0057184062828892	5	15	1	1	1.0
elexiswsd1.1438.sl.132260	2.0	0.1438410362258906	3	5	1	1	1.0
ssj457.2513.8903	2.3846153846153846	0.9627429760412137	6	16	3	2	1.5
ssj58.357.1432	4.666666666666667	0.29799171605314895	5	22	1	1	1.0
ssj156.1063.3968	3.4	0.8233968494889347	5	24	3	3	1.0
ssj310.1865.6611	2.4285714285714284	1.125372650366672	3	9	1	1	1.0
ssj35.207.828	1.7692307692307692	1.5166487764802057	6	16	1	1	1.0
ssj84.557.2125	3.0416666666666665	0.4766213043735273	8	38	1	1	1.0
elexiswsd1.1124.sl.131943	1.7	1.5936193699625092	4	12	1	1	1.0
ssj312.1877.6668	3.4444444444444446	0.9015704323591006	4	11	1	1	1.0
ssj124.789.2991	1.7142857142857142	1.2386775300120199	4	9	1	1	1.0
ssj393.2228.7879	2.933333333333333	1.4291782142320768	4	21	3	3	1.0
ssj212.1402.5094	2.066666666666667	1.6010431716958253	5	18	2	2	1.0
ssj425.2366.8321	2.0	0.8047189562170503	5	14	2	2	1.0
ssj360.2074.7342	3.0714285714285716	0.5439594690092981	8	33	5	3	1.6666666666666667
ssj21.102.429	2.3	1.4169957122300285	4	13	2	1	2.0
ssj104.671.2550	2.789473684210526	1.5449788438656487	5	23	3	2	1.5
ssj131.828.3166	2.5	0.5815754049028404	2	6	1	1	1.0
ssj213.1410.5117	2.5625	1.1384581972153094	4	20	3	2	1.5
ssj243.1592.5773	1.7222222222222223	1.2481440226390734	11	23	4	1	4.0
ssj325.1931.6872	5.413793103448276	0.6878451201913482	7	92	1	1	1.0
ssj46.304.1229	7.407407407407407	0.3385851130184023	10	40	5	2	2.5
ssj204.1375.4984	2.7222222222222223	1.5950298852306433	5	21	2	1	2.0
ssj193.1302.4710	2.769230769230769	0.26390509773619514	5	15	3	2	1.5
elexiswsd1.1222.sl.132041	2.230769230769231	1.1732753867657764	4	17	2	2	1.0
ssj452.2490.8749	2.1666666666666665	0.1226898463805457	4	9	1	1	1.0
ssj133.858.3291	3.3636363636363638	1.4311108755014137	5	27	2	2	1.0
ssj61.373.1494	3.8	0.2744368457017603	6	29	5	3	1.6666666666666667
ssj78.513.1926	2.411764705882353	1.634860238048126	4	20	1	1	1.0
elexiswsd1.825.sl.131643	2.6470588235294117	1.1363047068739496	5	21	2	1	2.0
elexiswsd1.778.sl.131596	2.3125	1.2411123512753928	5	19	2	1	2.0
ssj165.1131.4163	3.533333333333333	0.438356978381166	6	21	3	1	3.0
ssj149.1021.3831	2.625	1.7752385656274086	5	20	2	1	2.0
ssj133.865.3313	3.3333333333333335	1.9944920232821373	8	30	4	2	2.0
ssj252.1617.5850	1.8888888888888888	1.3585032565621407	4	11	1	1	1.0
ssj353.2054.7260	2.263157894736842	1.204764497390153	6	22	3	1	3.0
ssj279.1730.6129	3.3636363636363638	0.01407500344666872	5	14	2	2	1.0
ssj46.290.1167	3.3461538461538463	1.6201843247768246	6	32	6	3	2.0
ssj284.1747.6217	3.0689655172413794	1.2554545558075165	8	43	5	1	5.0
ssj275.1708.6076	2.0	1.6094379124341003	7	26	5	4	1.25
ssj409.2275.8031	2.6923076923076925	1.5345292995968915	8	31	3	2	1.5
elexiswsd1.1389.sl.132211	2.0714285714285716	1.5642452389640704	5	17	2	1	2.0
ssj413.2299.8110	3.0	0.5304359803426313	6	35	6	3	2.0
ssj260.1661.5974	4.333333333333333	0.5281549544887103	6	24	3	2	1.5
ssj6.35.156	2.1666666666666665	0.1226898463805457	3	8	2	2	1.0
ssj451.2473.8669	2.142857142857143	1.5303436872883893	4	17	2	2	1.0
ssj27.148.605	3.0	0.4054651081081644	5	7	1	1	1.0
ssj54.341.1387	2.3636363636363638	1.4900389176730966	9	25	2	1	2.0
ssj18.85.327	3.411764705882353	0.994095961754955	6	20	3	1	3.0
ssj161.1107.4093	2.9	1.9310215365615626	5	24	1	1	1.0
elexiswsd1.1303.sl.132123	2.5454545454545454	0.6112119893023246	4	14	1	1	1.0
ssj80.518.1962	2.8518518518518516	1.6396706479927279	7	32	2	1	2.0
ssj474.2567.9148	3.3333333333333335	0.15005229622516897	4	19	3	2	1.5
ssj470.2550.9074	2.388888888888889	1.3790764773677349	5	21	3	2	1.5
ssj193.1275.4610	2.5294117647058822	1.0379260447248166	5	22	5	3	1.6666666666666667
ssj326.1950.6937	3.0	0.9229133452491655	7	23	3	1	3.0
ssj376.2162.7677	4.366666666666666	1.50907342802285	6	33	2	1	2.0
ssj263.1673.6000	2.933333333333333	1.9784843585661318	6	36	4	2	2.0
ssj238.1572.5690	2.9473684210526314	1.7108354428221408	6	23	1	1	1.0
ssj69.430.1640	3.4	1.8631176203288526	7	25	2	1	2.0
ssj76.497.1864	2.0	1.039720770839918	6	16	1	1	1.0
ssj220.1449.5247	2.1666666666666665	1.1624106172204636	4	15	2	2	1.0
elexiswsd1.176.sl.130992	1.7142857142857142	0.9832647181290245	4	9	1	1	1.0
elexiswsd1.740.sl.131558	1.8333333333333333	0.9828911116036572	3	8	1	1	1.0
ssj336.1982.7043	1.7272727272727273	1.4571228862481655	5	14	2	1	2.0
elexiswsd1.876.sl.131695	3.6923076923076925	0.9491780998120708	4	18	2	1	2.0
ssj363.2084.7391	2.473684210526316	1.4623906016536294	5	24	2	1	2.0
ssj46.291.1173	2.625	1.5198257537444133	6	27	2	1	2.0
ssj116.725.2714	2.3	1.4696759700589417	4	13	1	1	1.0
ssj153.1046.3925	3.6	0.6223973994230955	4	19	1	1	1.0
ssj144.990.3743	1.7142857142857142	0.9832647181290245	4	9	1	1	1.0
ssj61.385.1529	6.428571428571429	0.5412236759073772	3	22	1	1	1.0
ssj234.1553.5619	3.8947368421052633	1.2112056642136007	5	24	4	1	4.0
ssj358.2070.7329	1.9	0.8560122506046008	5	13	2	1	2.0
ssj69.429.1636	1.6666666666666667	0.7316277011280093	4	8	1	1	1.0
ssj186.1233.4481	2.0	0.3465735902799726	3	6	1	1	1.0
ssj91.608.2291	3.5	0.29275825818379003	6	29	4	1	4.0
ssj133.875.3351	2.5833333333333335	0.6399463604768267	5	15	2	1	2.0
ssj384.2200.7799	2.6666666666666665	0.9225019918734338	5	18	4	3	1.3333333333333333
ssj144.964.3674	2.588235294117647	1.5053511530059809	4	19	2	2	1.0
ssj440.2411.8467	2.5454545454545454	1.3043591698622699	4	12	1	1	1.0
ssj192.1262.4571	3.8947368421052633	1.4988877366653817	5	23	1	1	1.0
ssj61.384.1527	1.6666666666666667	1.1370928092361738	5	12	2	1	2.0
ssj27.149.612	2.5714285714285716	0.9243732003008327	7	19	1	1	1.0
ssj217.1441.5223	2.4545454545454546	0.30100604319322677	7	14	2	1	2.0
ssj396.2235.7900	2.1666666666666665	0.1226898463805457	3	10	2	1	2.0
ssj278.1726.6119	2.3125	1.4438449053294748	6	22	1	1	1.0
ssj147.1018.3821	2.0	0.8291140383017661	3	8	2	1	2.0
ssj347.2024.7173	3.210526315789474	1.6253132693839787	7	24	2	1	2.0
elexiswsd1.117.sl.130933	2.1538461538461537	1.5549402968570192	6	15	1	1	1.0
ssj295.1800.6378	2.5454545454545454	0.8139445433564068	4	16	3	2	1.5
ssj284.1745.6207	2.142857142857143	1.1066947570947876	4	9	1	1	1.0
ssj276.1711.6085	2.3636363636363638	1.2346261057901013	4	14	2	2	1.0
ssj373.2142.7617	2.2	0.9121413304668073	3	7	1	1	1.0
ssj247.1598.5802	2.3	1.5608367484559191	6	24	2	2	1.0
ssj246.1596.5785	2.6666666666666665	1.09073811018404	4	11	1	1	1.0
elexiswsd1.187.sl.131003	2.3333333333333335	1.5464480110038192	4	14	1	1	1.0
ssj26.127.526	2.111111111111111	1.0445450673978338	5	11	1	1	1.0
ssj201.1351.4878	3.466666666666667	0.11083158307188774	8	19	3	1	3.0
ssj21.108.463	1.6666666666666667	1.2809338454620642	3	10	1	1	1.0
ssj277.1721.6111	2.793103448275862	1.8077871368042953	5	32	3	3	1.0
ssj46.312.1268	2.6818181818181817	0.5590262361317544	6	26	2	2	1.0
elexiswsd1.1401.sl.132223	1.8888888888888888	1.5023442927880308	4	11	1	1	1.0
ssj440.2414.8478	3.1538461538461537	1.4878770700391024	5	17	2	1	2.0
ssj325.1933.6876	2.230769230769231	1.1732753867657764	5	17	2	2	1.0
ssj40.244.974	4.037037037037037	1.5719360815849792	6	31	2	1	2.0
ssj121.780.2964	2.3636363636363638	1.031893551736019	5	13	3	2	1.5
ssj177.1197.4368	2.533333333333333	0.7710627322069021	7	19	4	1	4.0
ssj172.1179.4305	3.2962962962962963	1.0044250736084086	7	31	4	3	1.3333333333333333
ssj75.476.1787	1.3333333333333333	0.8109302162163288	2	5	1	1	1.0
ssj434.2393.8396	2.25	1.6598909950883234	6	22	2	2	1.0
ssj182.1216.4432	3.8421052631578947	1.0220787622152971	6	21	2	2	1.0
ssj348.2029.7187	1.3333333333333333	0.6081976621622466	3	5	1	1	1.0
ssj417.2329.8211	2.4705882352941178	1.8984447589208464	8	21	3	1	3.0
elexiswsd1.707.sl.131525	4.4	1.394681778488601	6	22	2	1	2.0
ssj59.363.1465	2.75	1.5259859959384336	9	49	6	2	3.0
ssj116.734.2760	2.4615384615384617	1.0748353139525237	5	17	3	2	1.5
ssj451.2471.8652	2.375	0.17472333335331355	3	10	2	2	1.0
elexiswsd1.909.sl.131728	2.9565217391304346	1.0330397630516728	7	32	2	2	1.0
ssj424.2354.8282	2.6666666666666665	1.412916618379297	4	17	2	1	2.0
ssj81.529.2001	1.6666666666666667	0.9343602551820915	3	8	2	2	1.0
ssj193.1299.4694	1.75	0.6828375369585774	3	7	1	1	1.0
ssj459.2521.8955	1.5714285714285714	0.5209699507845995	5	9	1	1	1.0
ssj451.2481.8706	1.5	0.49041462650586304	2	7	1	1	1.0
ssj475.2570.9155	1.8125	1.596306209590248	6	19	1	1	1.0
ssj142.915.3501	3.625	1.707877985247353	7	49	3	2	1.5
ssj476.2572.9164	2.8125	1.1569395498064023	4	20	2	1	2.0
ssj69.431.1644	3.0526315789473686	0.7027890484832139	9	46	5	2	2.5
ssj3.13.45	3.361111111111111	1.7307804085844467	6	43	1	1	1.0
ssj384.2190.7773	1.75	1.3759847175185227	4	12	1	1	1.0
ssj203.1363.4943	3.3333333333333335	1.9277263269698757	6	27	5	2	2.5
ssj152.1035.3869	3.0588235294117645	1.1944560321169244	4	21	4	4	1.0
ssj191.1245.4527	1.6666666666666667	1.189773067065087	3	8	1	1	1.0
ssj28.165.666	2.7096774193548385	2.2180301446614012	8	37	2	1	2.0
ssj21.98.420	3.1818181818181817	0.3880684379881148	6	27	5	3	1.6666666666666667
ssj356.2062.7293	2.6666666666666665	1.3602363605503838	5	13	2	1	2.0
ssj91.600.2261	2.85	0.4505471424964364	8	26	4	3	1.3333333333333333
ssj5.30.99	2.5	1.68018769357095	4	20	2	2	1.0
ssj208.1394.5051	2.0	1.3784201826358211	4	11	1	1	1.0
ssj385.2208.7819	2.590909090909091	1.875987090933692	6	27	4	1	4.0
ssj326.1956.6964	2.0	1.0074515102711326	3	8	1	1	1.0
ssj344.2009.7137	2.413793103448276	1.953741049427375	8	34	2	1	2.0
ssj53.329.1338	2.176470588235294	1.1882082477741547	6	20	3	2	1.5
ssj131.825.3121	2.3846153846153846	1.218155787924209	4	15	2	2	1.0
ssj421.2344.8250	1.6666666666666667	1.078201291407982	4	9	1	1	1.0
ssj75.474.1778	2.8333333333333335	0.827380934313523	4	8	1	1	1.0
ssj446.2435.8554	2.125	1.3256697393034558	3	10	1	1	1.0
ssj69.437.1667	3.65625	1.7904550199529388	6	39	4	2	2.0
ssj100.643.2470	4.59375	1.8560897004230181	5	38	3	1	3.0
ssj228.1513.5496	2.5294117647058822	1.0379260447248166	5	21	1	1	1.0
ssj91.602.2267	2.411764705882353	1.0855540937140713	6	20	2	1	2.0
elexiswsd1.1491.sl.132316	2.9047619047619047	1.0052159367458782	6	26	2	1	2.0
ssj315.1887.6721	2.5294117647058822	1.687567536789947	5	20	1	1	1.0
elexiswsd1.1550.sl.132375	2.4285714285714284	1.328105204420754	5	25	2	1	2.0
ssj265.1682.6022	2.25	0.778096698957644	6	16	4	1	4.0
ssj407.2270.8016	1.75	0.9382503488415728	3	6	1	1	1.0
ssj459.2519.8933	1.8	1.7147984280919266	6	12	1	1	1.0
ssj63.392.1547	3.05	1.355679620685332	5	23	3	2	1.5
ssj133.869.3334	3.3043478260869565	1.268387718221421	6	28	3	2	1.5
elexiswsd1.605.sl.131422	1.8888888888888888	1.4355785964757697	4	11	1	1	1.0
ssj393.2229.7881	3.212121212121212	2.1907601605217537	6	39	3	2	1.5
ssj61.377.1508	3.625	1.3809147515440208	4	20	3	2	1.5
ssj451.2479.8702	2.5	0.02041099726012762	3	8	1	1	1.0
ssj71.443.1693	2.2222222222222223	0.8494107367843928	4	13	2	1	2.0
ssj131.839.3217	2.2857142857142856	1.2975690478402115	6	18	4	1	4.0
ssj141.897.3435	2.5714285714285716	0.9243732003008327	6	27	4	3	1.3333333333333333
ssj29.178.714	3.4615384615384617	0.5900676907560402	6	18	4	1	4.0
ssj393.2227.7877	2.5	0.4700036292457356	4	8	1	1	1.0
ssj136.882.3383	2.769230769230769	0.9570522782961405	5	18	1	1	1.0
ssj427.2374.8349	4.4	0.9521626843035755	5	14	3	2	1.5
ssj46.304.1226	2.25	1.1246702892376166	4	10	1	1	1.0
ssj161.1096.4072	3.75	0.06453852113757118	5	19	2	1	2.0
ssj18.80.310	2.6956521739130435	0.9226805291286057	8	28	3	1	3.0
ssj144.987.3731	2.6363636363636362	1.0342660354281321	5	16	3	1	3.0
ssj225.1471.5358	2.5714285714285716	1.5507546845485167	6	24	2	1	2.0
ssj153.1046.3923	3.5555555555555554	1.6218604324326575	5	24	3	1	3.0
elexiswsd1.410.sl.131226	2.7142857142857144	1.2168795693105294	4	19	1	1	1.0
ssj318.1895.6761	3.8181818181818183	1.357039427691183	4	25	2	2	1.0
ssj20.93.391	2.793103448275862	1.7551068789753819	6	33	4	2	2.0
elexiswsd1.1467.sl.132292	1.6	1.2305950615853423	5	12	1	1	1.0
ssj360.2074.7343	2.4545454545454546	1.4522985896902496	6	26	4	2	2.0
elexiswsd1.137.sl.130953	3.0	0.6496414920651304	5	18	1	1	1.0
ssj370.2131.7584	2.25	0.778096698957644	3	7	1	1	1.0
ssj325.1948.6924	2.125	1.1818287030775654	5	19	3	2	1.5
elexiswsd1.1336.sl.132157	2.4210526315789473	0.9345906625405384	7	24	4	1	4.0
ssj76.494.1850	1.6666666666666667	0.587786664902119	7	12	1	1	1.0
ssj192.1256.4557	3.109090909090909	1.7652159559600742	11	61	7	2	3.5
ssj142.950.3627	5.4	0.5351064070732059	6	15	2	1	2.0
ssj370.2116.7519	1.5	0.05889151782819164	3	4	1	1	1.0
ssj36.213.875	1.3333333333333333	0.6081976621622466	3	5	1	1	1.0
ssj212.1402.5095	2.3636363636363638	2.0048486262636755	6	24	1	1	1.0
ssj8.39.190	3.142857142857143	0.17439636050462673	4	10	1	1	1.0
ssj477.2579.9200	3.9375	1.114360645636249	6	20	2	2	1.0
elexiswsd1.523.sl.131340	2.3333333333333335	0.5978880185608786	3	9	2	1	2.0
ssj132.840.3219	3.088235294117647	2.107799926349939	10	37	2	1	2.0
elexiswsd1.478.sl.131295	3.2857142857142856	0.2166289923461797	5	9	1	1	1.0
ssj303.1842.6513	2.24	1.1495356368471243	10	32	4	1	4.0
ssj244.1594.5777	3.225806451612903	1.5187656952672846	6	36	2	1	2.0
ssj148.1020.3826	3.0	1.0111415639199437	6	21	3	2	1.5
ssj360.2080.7365	3.4791666666666665	1.6617627784727378	8	54	6	4	1.5
elexiswsd1.1040.sl.131859	2.2857142857142856	1.8123787564307907	5	17	2	1	2.0
ssj341.1987.7060	1.625	1.3589319112752674	4	10	1	1	1.0
ssj6.33.123	2.0	0.6931471805599453	5	11	2	1	2.0
ssj4.15.51	1.85	1.6873994539038122	8	23	2	1	2.0
ssj370.2114.7513	4.416666666666667	1.1110931616809836	5	16	1	1	1.0
ssj379.2171.7711	1.75	0.48010498290449527	3	6	1	1	1.0
ssj132.844.3238	3.3548387096774195	1.311308863803397	6	40	3	3	1.0
elexiswsd1.181.sl.130997	1.875	1.1042592919774892	4	10	1	1	1.0
ssj84.556.2122	3.0	0.3465735902799726	5	22	4	3	1.3333333333333333
ssj471.2557.9118	3.433333333333333	1.9893283031253088	5	33	2	1	2.0
elexiswsd1.158.sl.130974	1.8	1.2566530621548493	4	12	1	1	1.0
elexiswsd1.213.sl.131029	2.2941176470588234	1.9057870347623072	6	22	1	1	1.0
ssj19.87.342	3.2962962962962963	1.7746475940819832	5	33	3	1	3.0
elexiswsd1.981.sl.131800	2.0	1.7005986908310777	7	23	2	2	1.0
ssj99.635.2448	3.0	1.1227133395770486	5	20	2	1	2.0
ssj14.63.259	2.210526315789474	1.4837078066833425	5	21	1	1	1.0
ssj234.1552.5612	3.28	1.5202067787061577	7	29	4	2	2.0
ssj99.636.2451	1.625	1.2473601356181625	5	11	1	1	1.0
ssj383.2186.7761	2.380952380952381	1.2040667954910433	5	24	2	1	2.0
ssj125.793.3011	2.4285714285714284	1.5835180163037494	4	16	1	1	1.0
ssj446.2443.8571	2.3076923076923075	0.7928002448101223	5	18	2	1	2.0
ssj456.2509.8870	4.333333333333333	1.261323488885424	5	24	1	1	1.0
ssj135.881.3378	3.0	0.6019864021629681	2	7	1	1	1.0
elexiswsd1.1254.sl.132073	2.176470588235294	1.1882082477741547	7	20	2	2	1.0
ssj29.178.712	2.6666666666666665	0.8880055561299579	3	8	1	1	1.0
ssj225.1467.5336	1.9230769230769231	1.3216953918840497	6	15	2	1	2.0
ssj422.2348.8270	3.0	1.382810026461844	3	14	2	1	2.0
ssj166.1142.4212	3.260869565217391	0.3857532103574141	5	25	1	1	1.0
ssj248.1599.5808	2.7	1.3093333199837622	6	24	2	1	2.0
ssj98.628.2420	1.8	0.9100794718748765	3	7	2	1	2.0
ssj456.2507.8855	2.4545454545454546	0.994153223753172	4	15	1	1	1.0
ssj102.657.2511	3.0588235294117645	1.7964424342798924	6	21	2	1	2.0
ssj413.2295.8092	2.6	0.9478197998577236	4	17	3	2	1.5
ssj396.2235.7892	2.3076923076923075	1.6451742909293352	6	15	1	1	1.0
ssj27.147.594	2.2	0.8209805520698301	3	9	1	1	1.0
ssj328.1964.6988	2.4615384615384617	1.7357132339436836	5	16	2	1	2.0
ssj234.1549.5603	2.4	1.4747714455423082	4	13	2	1	2.0
elexiswsd1.1240.sl.132059	2.85	0.9998532868304911	5	24	2	1	2.0
ssj141.902.3457	2.6363636363636362	0.9226942597710271	4	13	2	2	1.0
elexiswsd1.1287.sl.132106	2.642857142857143	0.8969742261127184	5	17	4	3	1.3333333333333333
ssj46.306.1247	1.8888888888888888	1.0119296662821677	5	14	2	1	2.0
ssj125.792.3007	2.0588235294117645	1.79308424326302	5	20	2	1	2.0
ssj118.747.2811	1.5	0.49041462650586304	2	4	1	1	1.0
ssj55.352.1422	1.5	0.2876820724517809	3	6	1	1	1.0
ssj230.1530.5541	3.076923076923077	0.7078507264124236	4	15	2	2	1.0
elexiswsd1.95.sl.130911	1.7142857142857142	1.6764118986889698	5	16	2	2	1.0
ssj179.1211.4418	3.3157894736842106	1.078242698575178	6	24	3	2	1.5
ssj363.2084.7387	2.3333333333333335	1.5941031009059818	5	15	2	1	2.0
ssj402.2250.7944	3.5	0.8266785731844679	6	21	3	3	1.0
ssj82.536.2037	3.25	1.215090875049377	5	23	2	2	1.0
ssj201.1357.4908	3.4615384615384617	0.5900676907560402	6	16	2	1	2.0
ssj299.1812.6414	4.023255813953488	1.18165575960251	7	51	4	2	2.0
ssj369.2111.7502	2.4615384615384617	1.4214089042324964	5	16	3	1	3.0
ssj351.2048.7234	2.230769230769231	1.7225815310998314	4	16	2	1	2.0
elexiswsd1.291.sl.131107	2.625	1.114360645636249	3	10	1	1	1.0
ssj76.494.1849	3.3846153846153846	1.3457090810048122	5	18	2	1	2.0
ssj3.10.40	1.9285714285714286	1.4674680846356092	7	17	1	1	1.0
ssj177.1193.4342	2.75	2.3691854727235477	8	42	6	4	1.5
ssj280.1737.6157	1.8	0.2169322913149312	4	7	1	1	1.0
ssj455.2503.8814	2.5384615384615383	1.6704451395334543	8	30	4	2	2.0
ssj13.56.244	4.117647058823529	2.192338091371906	9	43	5	1	5.0
ssj315.1889.6728	3.806451612903226	0.9296023265961094	6	38	1	1	1.0
ssj412.2291.8079	1.5	0.8369882167858357	4	8	1	1	1.0
ssj157.1071.4002	2.727272727272727	1.896244218366478	6	37	3	3	1.0
ssj116.726.2718	2.4545454545454546	1.3996183318613364	4	13	2	1	2.0
ssj44.264.1057	2.909090909090909	1.229719295065939	3	13	1	1	1.0
ssj389.2223.7862	2.0	1.3784201826358211	3	11	1	1	1.0
ssj385.2208.7822	1.9090909090909092	1.5252755460017895	5	13	2	2	1.0
ssj27.130.537	3.142857142857143	0.17439636050462673	6	19	3	3	1.0
ssj455.2506.8835	2.2941176470588234	1.6259791407945958	6	20	3	2	1.5
ssj7.37.179	2.1666666666666665	0.815837026940491	3	9	1	1	1.0
ssj46.282.1138	5.545454545454546	0.8722634061441351	5	47	1	1	1.0
elexiswsd1.782.sl.131600	2.5555555555555554	1.4798713148828089	5	21	1	1	1.0
ssj341.1986.7055	3.317073170731707	2.3583019051514875	10	48	4	1	4.0
elexiswsd1.802.sl.131620	2.0	1.4311004404647343	4	12	1	1	1.0
ssj116.731.2754	2.090909090909091	1.3572284278824338	4	15	1	1	1.0
ssj131.826.3134	2.5	1.2220423276338725	4	15	2	2	1.0
elexiswsd1.131.sl.130947	3.3846153846153846	1.2145269487710668	5	18	3	1	3.0
ssj6.33.127	1.6	1.1394342831883648	3	7	1	1	1.0
ssj315.1885.6711	2.8	0.8737118277040018	4	20	2	2	1.0
elexiswsd1.1332.sl.132153	2.7916666666666665	1.2555353066908976	5	28	2	2	1.0
elexiswsd1.126.sl.130942	3.75	1.8767089876257537	6	33	1	1	1.0
ssj77.505.1900	2.0	0.6608779199911599	3	8	1	1	1.0
ssj370.2113.7507	2.727272727272727	1.091525262149428	6	28	6	3	2.0
ssj188.1238.4503	2.625	1.2735875111955162	5	12	1	1	1.0
ssj312.1877.6667	2.7419354838709675	1.8596220967344257	8	39	7	2	3.5
ssj27.152.631	3.0	1.1167961107535471	11	56	7	3	2.3333333333333335
ssj144.973.3704	3.0833333333333335	1.267734608534799	9	28	4	2	2.0
elexiswsd1.1012.sl.131831	2.142857142857143	0.21081502248076	3	9	2	2	1.0
ssj304.1848.6536	2.727272727272727	1.5151741923430297	5	15	2	1	2.0
ssj224.1466.5331	2.375	1.2733356220214231	4	12	1	1	1.0
ssj5.30.98	2.576923076923077	1.375599368201202	8	30	4	2	2.0
ssj227.1507.5482	2.272727272727273	1.4765793729974646	4	12	1	1	1.0
elexiswsd1.427.sl.131243	1.5555555555555556	1.2060856807231253	4	11	1	1	1.0
ssj455.2501.8792	3.272727272727273	1.332852635549075	6	27	2	2	1.0
ssj252.1623.5862	2.076923076923077	1.5245422447156325	4	16	3	1	3.0
ssj370.2127.7567	1.8333333333333333	0.6363175213236846	4	9	2	2	1.0
elexiswsd1.255.sl.000000	3.411764705882353	1.0852567401519322	6	21	2	2	1.0
ssj441.2417.8492	2.4	1.315544579983041	8	25	2	1	2.0
ssj40.245.976	2.0	1.4311004404647343	4	13	1	1	1.0
ssj66.414.1593	3.0	1.1512925464970227	3	11	1	1	1.0
ssj114.712.2668	2.4285714285714284	0.08565187952675406	4	10	2	1	2.0
ssj208.1393.5048	3.413793103448276	1.5544361835132308	8	35	6	2	3.0
ssj193.1285.4645	2.5	0.12343003896576299	2	8	1	1	1.0
ssj292.1778.6313	2.727272727272727	1.091525262149428	5	25	4	3	1.3333333333333333
ssj437.2403.8435	2.967741935483871	1.7804847761757019	8	38	7	4	1.75
ssj213.1410.5118	2.9583333333333335	0.5044008684806028	6	29	4	2	2.0
ssj303.1844.6526	2.142857142857143	1.959068803214	5	25	2	1	2.0
elexiswsd1.866.sl.131685	3.0	1.0397207708399179	3	10	1	1	1.0
ssj18.86.338	2.7333333333333334	1.0416504155089525	6	32	1	1	1.0
ssj325.1948.6927	1.3333333333333333	1.3013448427221919	5	10	1	1	1.0
ssj370.2131.7585	1.6666666666666667	0.038480520568064065	3	6	2	2	1.0
ssj194.1307.4722	3.1219512195121952	1.614207570750872	8	50	3	2	1.5
ssj82.534.2030	2.357142857142857	1.6133709794534306	8	32	4	3	1.3333333333333333
ssj459.2516.8916	2.526315789473684	0.8920310481217425	6	23	3	2	1.5
ssj399.2240.7909	2.6153846153846154	0.6676371018561162	4	16	2	2	1.0
ssj41.246.982	2.2142857142857144	1.420478524551769	5	18	1	1	1.0
ssj24.115.485	2.3043478260869565	1.426096590901548	7	26	4	2	2.0
ssj434.2396.8409	4.45945945945946	1.878178503030331	6	44	4	3	1.3333333333333333
ssj369.2111.7496	1.75	1.02941112723855	4	10	1	1	1.0
ssj350.2043.7223	2.6818181818181817	1.5987470069716723	6	23	3	2	1.5
ssj166.1136.4195	2.2	1.055982366692698	4	13	2	1	2.0
ssj35.209.848	4.851851851851852	1.8740169321274542	8	38	4	1	4.0
ssj59.358.1435	2.125	1.0906679246805882	4	11	2	1	2.0
elexiswsd1.83.sl.130897	2.0	0.9547712524422192	4	12	2	2	1.0
ssj451.2470.8650	1.8888888888888888	1.2673424781651632	5	11	3	2	1.5
ssj68.426.1627	1.75	1.2848239391215455	4	10	2	1	2.0
ssj30.182.732	2.933333333333333	1.4291782142320768	4	19	2	1	2.0
ssj187.1234.4487	2.0	1.0074515102711326	3	8	1	1	1.0
ssj367.2098.7441	8.851851851851851	0.532708252925017	7	43	1	1	1.0
ssj20.88.354	2.4	0.0707497811368496	3	7	1	1	1.0
ssj407.2270.8012	1.8888888888888888	1.3585032565621407	4	11	1	1	1.0
ssj111.698.2632	2.6363636363636362	1.269267850051	5	27	2	2	1.0
ssj63.390.1542	2.5625	0.44531101665536404	6	19	3	2	1.5
ssj91.608.2288	4.481012658227848	2.157094355149978	8	97	10	1	10.0
ssj18.85.324	2.2	1.1675541423498028	4	13	1	1	1.0
ssj414.2310.8138	1.8	0.5635058815949039	3	7	1	1	1.0
ssj193.1284.4642	2.3333333333333335	1.1998744207238468	5	15	2	1	2.0
ssj309.1859.6591	1.875	1.3069918460315713	3	10	1	1	1.0
ssj358.2067.7318	2.0	1.0986122886681098	4	11	1	1	1.0
ssj27.157.640	2.0	1.6479184330021646	7	21	3	1	3.0
ssj144.997.3760	2.5	0.22314355131420976	4	10	1	1	1.0
ssj249.1603.5822	1.4	1.017552863929892	3	7	1	1	1.0
ssj402.2250.7948	2.6666666666666665	0.8109302162163288	4	11	2	2	1.0
ssj324.1918.6836	2.619047619047619	1.7107430178496863	5	25	3	2	1.5
ssj59.364.1468	2.5	0.9525440772675292	4	8	1	1	1.0
ssj124.787.2980	2.909090909090909	1.229719295065939	3	13	1	1	1.0
ssj61.369.1483	2.3333333333333335	1.0560333844979564	3	13	3	3	1.0
ssj304.1848.6547	2.466666666666667	1.6936107139030907	5	20	3	1	3.0
ssj240.1579.5712	3.3529411764705883	1.623375420277882	6	19	2	1	2.0
ssj292.1782.6332	1.7142857142857142	1.3298383084089973	3	9	1	1	1.0
ssj88.585.2205	3.533333333333333	0.9876631227152208	7	38	3	1	3.0
elexiswsd1.32.sl.130845	1.75	0.9382503488415728	3	6	1	1	1.0
ssj75.476.1784	1.6666666666666667	1.189773067065087	4	8	1	1	1.0
elexiswsd1.838.sl.131656	3.4166666666666665	1.1124001966458024	5	15	1	1	1.0
ssj168.1144.4217	2.142857142857143	0.21081502248076	4	10	2	1	2.0
ssj288.1765.6275	4.56	0.6414214332418607	7	31	5	2	2.5
ssj126.802.3032	3.9166666666666665	0.22378596325191444	5	21	1	1	1.0
ssj477.2579.9203	2.4375	1.391201171844053	4	19	2	1	2.0
elexiswsd1.574.sl.131391	2.0	1.2101840643252146	4	13	1	1	1.0
ssj204.1368.4969	4.127659574468085	1.7498165683957598	7	53	3	2	1.5
ssj416.2319.8177	1.7	0.967237885714825	7	14	3	1	3.0
ssj44.268.1072	4.533333333333333	1.8370596197593456	11	53	4	1	4.0
ssj260.1666.5984	1.6666666666666667	0.7316277011280093	3	5	1	1	1.0
ssj474.2566.9141	2.4545454545454546	1.2739611177208834	4	14	1	1	1.0
ssj5.26.83	2.875	0.33024168687057687	5	20	3	2	1.5
elexiswsd1.220.sl.131036	2.5555555555555554	1.056222384689207	5	12	1	1	1.0
ssj453.2494.8769	2.4285714285714284	1.4051805443343832	4	17	2	2	1.0
ssj118.747.2810	1.8	0.9100794718748765	3	7	2	1	2.0
ssj61.384.1526	2.2142857142857144	1.217745970497687	4	17	1	1	1.0
ssj90.596.2254	2.4166666666666665	1.1647831009125766	5	15	2	1	2.0
ssj378.2170.7707	2.5714285714285716	1.9845049684008782	7	38	3	2	1.5
ssj226.1475.5374	4.53125	1.1177498463930429	6	40	4	2	2.0
ssj95.625.2397	3.358974358974359	0.9667187362732909	9	48	4	2	2.0
ssj141.910.3486	3.0	0.7201807911950832	8	23	4	1	4.0
ssj193.1287.4652	1.7142857142857142	0.7805321640749423	4	10	2	1	2.0
ssj69.428.1633	2.0	1.0986122886681098	4	14	2	2	1.0
ssj474.2565.9138	3.0	1.066754381475056	4	21	1	1	1.0
elexiswsd1.616.sl.131433	2.090909090909091	0.8079222835483788	5	14	3	2	1.5
ssj401.2246.7931	2.75	1.0010749336890945	3	10	1	1	1.0
elexiswsd1.447.sl.131263	2.0588235294117645	1.387619135154856	6	20	2	1	2.0
ssj321.1908.6811	2.857142857142857	1.55218121903972	4	18	2	1	2.0
ssj456.2509.8871	2.0	1.3105194120562902	4	13	1	1	1.0
ssj53.335.1371	2.6	0.3985136555236687	6	18	1	1	1.0
ssj264.1677.6010	3.230769230769231	1.2083667065770465	4	15	2	2	1.0
ssj326.1951.6941	2.4473684210526314	1.616926926996268	11	43	7	2	3.5
ssj46.294.1185	1.3333333333333333	0.6081976621622466	3	5	1	1	1.0
ssj279.1730.6132	2.125	0.28594896846353784	4	10	2	1	2.0
ssj309.1858.6578	3.0	2.355265350822959	7	52	6	4	1.5
ssj119.768.2910	1.5	0.05889151782819164	3	4	1	1	1.0
ssj27.150.624	2.6666666666666665	1.615649172433379	6	22	2	1	2.0
elexiswsd1.659.sl.131477	2.65	1.4962615713065213	5	23	2	1	2.0
ssj452.2489.8746	2.736842105263158	1.3612944847822608	5	23	3	2	1.5
ssj142.949.3623	1.0	0.6931471805599453	2	4	1	1	1.0
ssj253.1627.5870	3.4130434782608696	2.0062449541929634	9	51	4	3	1.3333333333333333
ssj234.1555.5622	3.0	1.0111415639199437	4	24	1	1	1.0
ssj95.625.2396	2.3	1.4696759700589417	7	26	5	1	5.0
elexiswsd1.991.sl.131810	2.0	0.8291140383017661	3	9	1	1	1.0
ssj456.2510.8892	2.4	1.518277134037123	5	20	2	1	2.0
ssj413.2299.8111	3.4166666666666665	0.3603614982576653	5	30	6	4	1.5
ssj433.2388.8378	2.5384615384615383	0.9002226190598798	6	19	3	1	3.0
ssj132.841.3221	1.7142857142857142	0.9832647181290245	4	10	2	1	2.0
ssj341.1991.7071	2.3333333333333335	0.048581874226823765	4	12	1	1	1.0
ssj54.346.1402	2.3333333333333335	1.2242695028085626	3	12	1	1	1.0
elexiswsd1.1593.sl.132418	3.6363636363636362	1.1504167799776197	4	13	1	1	1.0
ssj312.1877.6665	2.473684210526316	1.8860395318472314	7	24	2	1	2.0
elexiswsd1.122.sl.130938	1.8888888888888888	0.46262352194811296	4	11	1	1	1.0
elexiswsd1.987.sl.131806	3.0	1.540445040947149	5	18	1	1	1.0
ssj348.2028.7186	3.5	0.6160718406463163	2	8	1	1	1.0
ssj214.1417.5151	3.4545454545454546	0.6524039300311153	4	17	1	1	1.0
ssj234.1550.5605	2.8823529411764706	0.3579997179736975	6	22	3	1	3.0
ssj136.882.3384	4.2	0.6120877558217277	6	25	3	1	3.0
ssj157.1071.4006	2.1818181818181817	1.6177367152487956	4	15	2	1	2.0
ssj45.275.1112	2.25	1.7266566914005848	4	19	3	2	1.5
ssj191.1243.4523	2.962962962962963	2.10724989101177	8	34	5	1	5.0
elexiswsd1.807.sl.131625	2.4444444444444446	0.5513680029259856	4	11	1	1	1.0
ssj134.877.3359	2.9393939393939394	2.0240754642474426	6	38	4	2	2.0
ssj156.1059.3951	1.9565217391304348	1.7924585687374321	8	26	3	2	1.5
ssj451.2475.8679	3.2	0.3347153269713146	4	13	1	1	1.0
ssj61.374.1498	2.619047619047619	1.8019037962466637	8	27	4	2	2.0
ssj385.2214.7840	2.090909090909091	0.8079222835483788	4	13	2	2	1.0
elexiswsd1.1471.sl.132296	1.9230769230769231	1.727160499992214	6	15	2	1	2.0
ssj385.2210.7832	2.235294117647059	1.4169528125749884	5	19	2	2	1.0
ssj144.1006.3789	1.5	0.8369882167858357	3	6	1	1	1.0
ssj208.1394.5052	2.8518518518518516	1.6985621658209196	7	33	5	2	2.5
ssj20.94.403	1.7142857142857142	1.3298383084089973	3	9	1	1	1.0
ssj113.709.2661	3.1052631578947367	1.7557276968720492	6	22	2	1	2.0
ssj375.2156.7661	2.0	0.5493061443340547	2	5	1	1	1.0
ssj94.620.2364	2.0	1.1512925464970227	4	12	2	2	1.0
ssj149.1023.3834	3.0	0.6019864021629681	2	7	1	1	1.0
ssj226.1501.5457	2.4444444444444446	0.5513680029259856	7	13	2	1	2.0
ssj213.1414.5135	2.466666666666667	1.6024499355061135	6	19	1	1	1.0
ssj452.2491.8754	1.875	1.1042592919774892	4	10	1	1	1.0
ssj412.2287.8070	2.1538461538461537	1.064525670351156	5	16	2	1	2.0
ssj195.1319.4760	3.0	0.7702225204735745	5	25	4	2	2.0
ssj142.949.3625	1.5	0.05889151782819164	2	4	1	1	1.0
ssj144.981.3718	2.4705882352941178	1.408030132414983	5	22	3	2	1.5
ssj178.1200.4382	4.8979591836734695	2.3230043401861113	8	57	2	1	2.0
elexiswsd1.380.sl.131196	1.7777777777777777	1.2163953243244932	4	12	2	1	2.0
ssj234.1555.5624	5.903225806451613	1.704674916194379	7	42	3	2	1.5
ssj3.8.26	2.5	1.7124569541397356	5	27	3	2	1.5
ssj469.2547.9041	3.0	1.7293836167418166	7	30	3	1	3.0
ssj165.1131.4168	2.3636363636363638	1.3117014457037304	3	13	1	1	1.0
elexiswsd1.415.sl.131231	2.2	1.3702866964038851	5	18	2	1	2.0
ssj482.2602.9265	2.7857142857142856	0.9881715288531869	4	17	2	1	2.0
elexiswsd1.760.sl.131578	2.7222222222222223	1.726212017464389	5	21	2	2	1.0
ssj88.585.2204	2.2666666666666666	1.5754355478770719	5	18	1	1	1.0
ssj193.1283.4639	3.25	0.5542129550582172	5	22	3	1	3.0
ssj213.1412.5127	1.9285714285714286	1.4674680846356092	5	16	1	1	1.0
ssj201.1348.4867	1.75	0.9382503488415728	3	6	1	1	1.0
ssj226.1495.5438	2.3125	1.4438449053294748	5	21	2	1	2.0
ssj152.1038.3879	1.8333333333333333	1.1856236656577395	6	15	2	1	2.0
ssj42.252.1011	3.566666666666667	0.42896723803132686	6	40	5	2	2.5
ssj98.628.2414	3.210526315789474	0.9989317851362948	5	24	4	2	2.0
elexiswsd1.1221.sl.132040	3.6666666666666665	0.05682965923626071	6	16	2	1	2.0
ssj76.493.1844	2.15	1.4255454751973695	7	24	2	1	2.0
elexiswsd1.1059.sl.131878	1.8333333333333333	0.9828911116036572	3	8	1	1	1.0
elexiswsd1.360.sl.131176	3.4545454545454546	0.8551364840851976	5	14	1	1	1.0
elexiswsd1.345.sl.131161	1.75	1.5787172715726048	4	15	2	2	1.0
ssj295.1802.6385	2.375	0.17472333335331355	4	11	2	1	2.0
ssj36.213.869	2.3333333333333335	0.5978880185608786	5	11	3	2	1.5
elexiswsd1.52.sl.130866	1.75	1.2321436812926323	6	14	1	1	1.0
ssj415.2313.8149	2.0	0.0	3	6	1	1	1.0
elexiswsd1.1115.sl.131934	2.0833333333333335	1.404363884427827	5	16	1	1	1.0
ssj99.635.2446	2.3	0.8676895678959738	4	13	3	3	1.0
elexiswsd1.1464.sl.132289	1.9	1.4823937348522849	4	12	1	1	1.0
ssj99.639.2458	1.8	0.7662384356489861	3	7	1	1	1.0
ssj370.2127.7566	2.0	1.0074515102711326	3	8	1	1	1.0
ssj456.2509.8872	4.523809523809524	1.6019336801585664	7	48	4	3	1.3333333333333333
elexiswsd1.1214.sl.132033	2.5625	1.596603563152387	4	19	1	1	1.0
ssj141.911.3490	2.4285714285714284	0.6349580238608088	4	10	2	2	1.0
ssj142.922.3522	2.806451612903226	1.4897916442901857	8	37	4	2	2.0
ssj42.257.1025	2.3	1.2913384980895757	4	12	1	1	1.0
ssj230.1530.5540	1.8	0.7662384356489861	3	7	1	1	1.0
ssj369.2106.7481	2.7777777777777777	0.7701082216960736	4	14	3	2	1.5
elexiswsd1.742.sl.131560	1.8666666666666667	1.279176935812166	6	18	2	2	1.0
elexiswsd1.14.sl.130827	2.3846153846153846	1.3093165663211865	4	16	2	1	2.0
elexiswsd1.1054.sl.131873	2.4285714285714284	0.08565187952675406	4	10	3	2	1.5
ssj18.84.322	4.027777777777778	2.2553306986157446	7	43	6	4	1.5
ssj107.680.2579	3.1739130434782608	1.5640744292423563	5	27	3	1	3.0
ssj42.259.1035	2.3181818181818183	0.7047380473131479	9	27	5	1	5.0
ssj465.2532.8998	2.75	0.7212670397213834	3	12	2	1	2.0
ssj408.2271.8021	2.7586206896551726	1.564796844919857	9	36	4	2	2.0
ssj66.420.1607	2.769230769230769	0.6104786880161677	10	28	2	1	2.0
ssj193.1268.4589	2.2857142857142856	1.1859972721831067	4	16	2	2	1.0
ssj64.407.1579	6.36	0.24059046491793043	7	39	1	1	1.0
ssj59.364.1469	3.05	1.0758717267176205	6	24	3	1	3.0
ssj312.1879.6695	3.128205128205128	2.46899545520592	7	44	6	2	3.0
ssj69.437.1668	5.033333333333333	1.7506184907659108	6	36	3	2	1.5
ssj455.2503.8802	3.3278688524590163	1.7489845518322071	11	70	7	2	3.5
ssj144.1003.3781	2.608695652173913	1.1582029060056787	6	31	2	2	1.0
ssj68.426.1624	4.4	1.25871492074678	8	36	2	2	1.0
ssj459.2519.8936	2.4	1.4747714455423082	5	13	1	1	1.0
elexiswsd1.845.sl.131663	2.3125	1.0972713150495021	5	19	2	2	1.0
ssj384.2190.7774	1.7777777777777777	1.4191278783785755	3	11	1	1	1.0
ssj23.113.481	2.4285714285714284	1.5308377584748363	7	25	4	3	1.3333333333333333
ssj470.2551.9081	2.5625	0.44531101665536404	5	19	2	2	1.0
ssj13.57.247	3.272727272727273	0.706471151301391	4	27	1	1	1.0
ssj80.520.1966	3.3157894736842106	1.078242698575178	6	31	1	1	1.0
ssj409.2275.8032	3.1785714285714284	1.8959647566505569	5	33	3	2	1.5
ssj114.710.2664	2.4074074074074074	1.8679803177789662	9	31	3	1	3.0
ssj118.761.2868	1.6666666666666667	0.38505411084803665	4	7	2	2	1.0
ssj415.2313.8146	2.4444444444444446	1.356086959143036	5	13	2	1	2.0
elexiswsd1.1123.sl.131942	1.8461538461538463	1.2186763501784144	6	15	1	1	1.0
ssj360.2081.7371	2.6	1.3947287378687716	6	14	2	1	2.0
ssj352.2050.7250	2.0833333333333335	1.6597766963108225	4	14	2	1	2.0
ssj63.393.1554	6.504347826086956	1.5986075032385074	8	161	3	3	1.0
ssj447.2450.8579	2.1818181818181817	1.2235080350666605	3	13	2	2	1.0
ssj198.1324.4788	3.3333333333333335	1.1370928092361738	4	13	2	2	1.0
elexiswsd1.832.sl.131650	1.8888888888888888	1.4355785964757697	4	11	1	1	1.0
ssj46.291.1174	2.5	1.8240287297968405	5	27	3	1	3.0
elexiswsd1.1362.sl.132184	2.5555555555555554	1.7893909190859205	5	23	2	1	2.0
ssj31.187.756	4.6521739130434785	0.7235596699917636	6	35	4	3	1.3333333333333333
ssj336.1982.7037	2.0	1.545521226679158	8	26	2	1	2.0
ssj130.824.3108	2.0714285714285716	1.1405963087704687	5	18	3	2	1.5
ssj142.920.3520	2.375	1.0706030679673408	6	20	3	1	3.0
ssj99.639.2460	2.4	1.1717035437571504	4	18	3	2	1.5
ssj352.2050.7253	2.6956521739130435	1.818560263742633	5	25	2	2	1.0
ssj38.221.900	2.4	0.275823809143123	4	14	1	1	1.0
elexiswsd1.1486.sl.132311	2.5454545454545454	0.9577855795822973	6	27	4	3	1.3333333333333333
ssj28.168.678	2.875	1.7319218773238443	5	27	2	2	1.0
elexiswsd1.182.sl.130998	2.0	1.3195286648076292	3	10	1	1	1.0
ssj46.310.1264	2.3846153846153846	1.7329654965147883	6	15	1	1	1.0
ssj82.535.2032	2.5172413793103448	2.2583504406083152	9	34	3	2	1.5
ssj121.776.2933	2.411764705882353	1.8557766141876457	7	20	2	1	2.0
ssj469.2547.9040	2.125	1.1818287030775654	4	10	1	1	1.0
ssj54.349.1408	1.6923076923076923	1.6522613174480167	6	15	1	1	1.0
ssj133.854.3275	2.9583333333333335	1.8906952296004935	4	28	3	2	1.5
elexiswsd1.243.sl.131059	2.8	1.017552863929892	7	24	3	1	3.0
ssj385.2208.7821	3.6315789473684212	0.1825519641524013	7	27	2	1	2.0
ssj376.2162.7679	2.5925925925925926	1.7349808277970526	7	35	1	1	1.0
elexiswsd1.1529.sl.132354	2.0	0.8958797346140274	3	8	1	1	1.0
ssj56.353.1425	2.3076923076923075	0.9955327988642046	6	15	1	1	1.0
ssj90.591.2225	4.130434782608695	1.6948856589723418	7	30	5	1	5.0
ssj328.1965.6992	1.5	0.8369882167858357	3	6	1	1	1.0
ssj154.1050.3931	1.8888888888888888	1.0119296662821677	5	12	1	1	1.0
ssj193.1290.4666	1.0	0.0	2	4	1	1	1.0
elexiswsd1.1197.sl.132016	2.125	1.3845612571316472	4	10	1	1	1.0
ssj126.805.3043	3.272727272727273	1.959234119796759	9	85	9	8	1.125
ssj319.1901.6785	3.4827586206896552	2.083741661140616	9	40	3	2	1.5
elexiswsd1.1430.sl.132252	1.8181818181818181	1.6408314064834828	4	13	1	1	1.0
ssj107.678.2571	4.51063829787234	0.41863512789307533	7	54	3	2	1.5
ssj134.877.3363	3.2	0.19087429074542417	5	19	2	1	2.0
ssj474.2569.9154	2.4444444444444446	1.3034067013141228	4	10	1	1	1.0
ssj187.1235.4489	3.6315789473684212	0.1825519641524013	4	25	5	4	1.25
ssj49.323.1320	4.161290322580645	1.9572706574536491	7	39	4	2	2.0
ssj236.1562.5647	2.3125	1.520920245243104	6	19	2	1	2.0
ssj203.1361.4936	1.8	0.9100794718748765	3	7	1	1	1.0
ssj417.2331.8219	3.0434782608695654	1.427701156372022	7	28	2	1	2.0
ssj229.1524.5524	2.8461538461538463	1.9693740749479438	5	31	3	2	1.5
elexiswsd1.906.sl.131725	2.1666666666666665	0.6719959907146005	3	8	1	1	1.0
ssj141.900.3445	2.25	0.778096698957644	6	16	3	1	3.0
elexiswsd1.314.sl.131130	1.9	1.2025858408845735	4	12	1	1	1.0
ssj237.1563.5659	2.3	1.358104194401837	4	13	3	1	3.0
ssj375.2156.7656	3.5428571428571427	1.205887707189029	7	44	5	3	1.6666666666666667
ssj65.410.1582	2.3255813953488373	1.9325097221662797	12	50	6	3	2.0
ssj179.1211.4415	2.5217391304347827	1.682519084187223	6	27	3	2	1.5
ssj182.1218.4434	3.5714285714285716	0.39313657927471446	5	17	2	1	2.0
ssj363.2084.7386	3.5	0.010309643601367893	4	14	2	2	1.0
ssj193.1266.4578	2.909090909090909	1.229719295065939	4	13	1	1	1.0
elexiswsd1.1048.sl.131867	2.1538461538461537	1.2083667065770465	5	16	2	2	1.0
ssj294.1796.6361	3.473684210526316	1.6992232163064553	6	24	2	1	2.0
ssj434.2394.8399	3.3692307692307693	1.677228131244005	8	75	6	4	1.5
ssj42.247.985	2.92	1.0871604404879651	6	30	4	3	1.3333333333333333
ssj327.1961.6978	2.4285714285714284	1.6311731062059118	5	18	1	1	1.0
ssj214.1415.5144	2.533333333333333	1.320368876540957	5	18	2	2	1.0
ssj437.2404.8441	2.769230769230769	0.9570522782961405	4	15	1	1	1.0
ssj130.823.3099	2.111111111111111	1.0445450673978338	3	11	1	1	1.0
ssj214.1415.5146	2.619047619047619	1.3641694275697138	5	25	3	2	1.5
elexiswsd1.759.sl.131577	1.7142857142857142	1.2386775300120199	4	9	1	1	1.0
elexiswsd1.1342.sl.132163	1.625	1.2473601356181625	4	10	1	1	1.0
ssj384.2199.7796	5.470588235294118	0.4103677034910134	6	38	1	1	1.0
ssj151.1029.3855	2.9642857142857144	2.2273845904683722	7	31	3	1	3.0
ssj198.1324.4773	2.076923076923077	1.5245422447156325	4	16	4	2	2.0
ssj178.1202.4387	3.3157894736842106	1.690130414386236	4	24	1	1	1.0
ssj3.14.46	2.2142857142857144	1.217745970497687	6	17	2	1	2.0
elexiswsd1.485.sl.131302	2.6923076923076925	1.443368521199914	4	19	1	1	1.0
ssj142.948.3619	1.6666666666666667	0.38505411084803665	5	8	1	1	1.0
ssj46.298.1203	3.6666666666666665	1.1188579693454783	4	24	2	1	2.0
elexiswsd1.1217.sl.132036	2.1	1.3823102762953023	4	12	1	1	1.0
ssj280.1738.6165	1.625	1.3589319112752674	4	10	1	1	1.0
ssj13.56.246	2.4615384615384617	1.4803004220606883	5	17	2	1	2.0
ssj396.2235.7894	2.6666666666666665	0.8109302162163288	5	16	4	3	1.3333333333333333
ssj20.91.382	1.7142857142857142	1.2386775300120199	4	9	1	1	1.0
ssj276.1711.6086	2.4761904761904763	1.8144875744028923	5	24	2	1	2.0
elexiswsd1.1238.sl.132057	1.2857142857142858	1.2709467905808054	4	9	1	1	1.0
ssj35.207.837	3.5652173913043477	0.2965220766294714	7	27	3	2	1.5
elexiswsd1.1138.sl.131957	2.2857142857142856	1.1192315758708455	3	9	1	1	1.0
ssj451.2488.8739	2.125	0.6325225587435105	4	11	1	1	1.0
ssj93.614.2326	2.3076923076923075	0.7928002448101223	8	16	2	1	2.0
ssj309.1858.6590	3.235294117647059	1.2822076016917712	5	24	4	1	4.0
elexiswsd1.892.sl.131711	1.75	0.48010498290449527	3	6	1	1	1.0
elexiswsd1.54.sl.130868	2.2	1.25871492074678	6	18	4	3	1.3333333333333333
ssj110.689.2600	2.4444444444444446	1.4472477375400132	6	21	2	1	2.0
ssj98.632.2440	4.631578947368421	0.28589524455142684	5	31	1	1	1.0
ssj131.826.3138	2.0	0.6931471805599453	3	6	2	1	2.0
ssj371.2137.7601	2.6666666666666665	0.8109302162163288	5	21	2	2	1.0
elexiswsd1.1050.sl.131869	2.5	0.02041099726012762	3	8	1	1	1.0
ssj61.369.1482	3.0	1.092401028668831	3	12	1	1	1.0
ssj12.46.205	2.125	0.28594896846353784	4	10	3	3	1.0
ssj103.664.2535	2.8	0.12167312931586473	4	15	1	1	1.0
ssj213.1409.5113	4.647058823529412	2.0324047102193874	8	41	2	1	2.0
ssj86.577.2189	2.6	0.1507924888103862	3	10	1	1	1.0
ssj194.1310.4728	2.909090909090909	1.5762928853459115	5	26	5	3	1.6666666666666667
elexiswsd1.393.sl.131209	1.5555555555555556	1.349926716949016	4	11	1	1	1.0
ssj63.387.1532	2.977272727272727	1.8408078985161582	8	51	4	3	1.3333333333333333
ssj424.2359.8294	2.619047619047619	0.9060240616326363	6	26	4	2	2.0
ssj84.553.2098	2.5238095238095237	1.6951040317011223	6	29	2	1	2.0
ssj27.140.562	1.8571428571428572	1.1586348223384833	4	9	1	1	1.0
elexiswsd1.316.sl.131132	1.8571428571428572	1.393636636961351	6	17	3	2	1.5
ssj262.1670.5995	4.526315789473684	0.5116173168302077	6	26	3	1	3.0
ssj172.1182.4318	3.5217391304347827	1.753978048169368	5	27	2	2	1.0
ssj370.2136.7597	1.8571428571428572	0.7004894564014058	8	19	3	1	3.0
ssj201.1350.4875	3.0625	1.1629425198630727	6	37	5	2	2.5
elexiswsd1.969.sl.131788	2.6363636363636362	1.472000404105082	4	13	1	1	1.0
ssj213.1413.5129	2.227272727272727	1.717698456454504	7	26	3	1	3.0
ssj152.1038.3887	3.3684210526315788	0.25777538538998895	4	24	2	1	2.0
elexiswsd1.828.sl.131646	1.6666666666666667	0.7316277011280093	5	9	1	1	1.0
ssj169.1152.4229	3.2222222222222223	0.27511462629782757	4	17	1	1	1.0
elexiswsd1.1353.sl.132175	1.8333333333333333	0.8390500753777668	3	8	1	1	1.0
elexiswsd1.1576.sl.132401	2.4545454545454546	0.6475796334731995	4	14	2	1	2.0
ssj21.103.435	2.5	0.6727361832998177	2	7	1	1	1.0
ssj434.2395.8403	2.909090909090909	1.104062080925486	5	15	1	1	1.0
ssj116.726.2727	2.625	1.1732521634644406	4	12	2	1	2.0
ssj192.1261.4569	2.0869565217391304	1.525187493545779	7	26	2	1	2.0
ssj21.107.457	4.724137931034483	1.797065074239188	6	38	3	2	1.5
ssj164.1123.4146	3.142857142857143	1.6722624972816222	4	34	3	3	1.0
ssj61.379.1517	2.4	0.9689709897030683	4	14	3	2	1.5
ssj474.2567.9147	3.409090909090909	1.1237945227182136	7	25	2	1	2.0
ssj477.2579.9206	2.0	1.0551066001732947	5	14	1	1	1.0
ssj191.1253.4549	1.8	0.7662384356489861	3	7	1	1	1.0
ssj287.1761.6254	2.3076923076923075	0.44622665453014976	5	16	2	1	2.0
ssj97.627.2408	3.175438596491228	2.2826865425141074	6	66	7	5	1.4
ssj116.728.2739	2.1538461538461537	0.5152195260171013	6	16	3	2	1.5
ssj73.465.1749	2.730769230769231	1.866918254884908	5	31	2	1	2.0
ssj470.2550.9075	3.533333333333333	1.8246513395010566	5	35	4	3	1.3333333333333333
ssj369.2103.7474	1.75	0.8266785731844679	2	6	1	1	1.0
elexiswsd1.1390.sl.132212	2.1176470588235294	1.215607221962269	6	21	3	1	3.0
elexiswsd1.368.sl.131184	3.0	1.6661022550876021	8	21	2	1	2.0
ssj131.826.3126	2.5833333333333335	0.842678914530909	4	15	2	1	2.0
elexiswsd1.439.sl.131255	2.2	0.01626159585277994	3	7	1	1	1.0
ssj211.1399.5072	2.1666666666666665	1.3651431712745459	5	14	1	1	1.0
ssj370.2119.7539	1.5714285714285714	1.214117131344545	4	10	2	1	2.0
ssj28.172.697	2.3636363636363638	1.3117014457037304	3	14	2	2	1.0
elexiswsd1.988.sl.131807	1.9565217391304348	2.047871380620428	8	28	4	1	4.0
ssj141.908.3480	3.1904761904761907	0.708664627474141	8	26	3	1	3.0
ssj203.1366.4957	2.75	2.0752921402724884	9	38	5	2	2.5
ssj384.2195.7784	2.388888888888889	1.6729698098187944	4	21	3	2	1.5
elexiswsd1.900.sl.131719	2.8	1.32062076571505	5	12	1	1	1.0
ssj247.1598.5800	2.5	1.039720770839918	4	16	3	1	3.0
ssj39.237.950	1.9523809523809523	1.6579305460978768	8	24	2	1	2.0
ssj147.1014.3815	2.5	0.326162593019845	3	11	2	2	1.0
ssj348.2026.7180	3.1875	1.6436641226634543	6	19	3	1	3.0
ssj81.532.2025	3.6785714285714284	2.047225692026407	6	33	5	2	2.5
ssj92.609.2293	2.8421052631578947	1.7472030869930155	7	24	3	2	1.5
elexiswsd1.731.sl.131549	1.6666666666666667	1.078201291407982	4	8	2	1	2.0
ssj101.652.2495	4.6	2.2104782405210495	10	49	8	4	2.0
ssj126.802.3031	2.875	0.016331903409395793	4	11	2	2	1.0
ssj141.906.3471	2.4444444444444446	1.4472477375400132	8	23	3	2	1.5
ssj69.434.1655	2.588235294117647	1.5053511530059809	4	19	2	2	1.0
ssj470.2548.9061	2.3333333333333335	1.5464480110038192	5	18	1	1	1.0
ssj80.525.1986	n/a	n/a	1	1	1	1	1.0
ssj401.2244.7925	2.1666666666666665	0.1226898463805457	5	10	1	1	1.0
ssj342.1993.7077	2.888888888888889	1.18903287447987	4	14	2	1	2.0
ssj370.2116.7518	n/a	n/a	2	3	1	1	1.0
ssj284.1753.6235	2.7837837837837838	2.0241012056307013	8	42	5	3	1.6666666666666667
ssj2.2.10	2.2941176470588234	1.5592134444823345	7	20	2	1	2.0
ssj171.1171.4269	2.0	0.9729550745276567	3	9	1	1	1.0
ssj18.77.302	3.1538461538461537	1.3327996058871825	6	15	1	1	1.0
ssj364.2085.7393	2.8333333333333335	0.7503055943998939	5	22	3	2	1.5
elexiswsd1.629.sl.131446	3.0	1.4978661367769954	5	23	2	2	1.0
ssj396.2235.7898	3.0	1.3351549365596813	4	14	2	1	2.0
ssj144.1000.3771	2.6666666666666665	1.1575038064963012	5	22	4	3	1.3333333333333333
ssj293.1784.6337	2.0	0.8958797346140274	3	11	2	2	1.0
ssj64.400.1565	4.230769230769231	0.15990914904016582	5	21	1	1	1.0
ssj164.1126.4151	1.9230769230769231	1.3216953918840497	6	16	1	1	1.0
ssj370.2116.7520	1.0	0.0	2	3	1	1	1.0
ssj31.189.766	3.1875	1.200012525163003	4	22	3	1	3.0
ssj479.2585.9232	4.033333333333333	0.3060055268964921	6	41	1	1	1.0
ssj45.272.1088	5.0	0.5689165009106957	5	36	1	1	1.0
ssj47.321.1312	2.2857142857142856	1.1859972721831067	3	9	1	1	1.0
ssj78.512.1925	2.0	1.0551066001732947	4	12	2	2	1.0
ssj410.2279.8038	1.6	0.6812889172512874	7	11	1	1	1.0
ssj151.1029.3854	2.4	1.315544579983041	3	12	1	1	1.0
elexiswsd1.432.sl.131248	2.6153846153846154	1.1257824677931938	5	15	1	1	1.0
elexiswsd1.233.sl.131049	1.25	1.0193097735797902	3	6	1	1	1.0
elexiswsd1.1372.sl.132194	2.357142857142857	1.2667973891734579	5	18	2	1	2.0
elexiswsd1.650.sl.131468	1.5	0.49041462650586304	2	4	1	1	1.0
ssj171.1168.4264	3.125	0.7961662222655805	5	29	3	2	1.5
ssj300.1820.6443	3.076923076923077	1.9903254051431918	8	45	4	2	2.0
ssj22.110.470	3.5384615384615383	1.2177302761023954	5	16	1	1	1.0
elexiswsd1.463.sl.131280	2.111111111111111	1.4500101755059982	4	11	1	1	1.0
elexiswsd1.1445.sl.132267	2.1	1.3052349363816729	4	13	2	1	2.0
ssj390.2224.7868	4.833333333333333	2.482522855046264	9	64	6	3	2.0
ssj92.610.2306	4.32	0.14618251017808132	7	29	3	1	3.0
ssj456.2510.8881	1.875	1.1042592919774892	3	10	1	1	1.0
ssj216.1438.5213	n/a	n/a	2	3	1	1	1.0
ssj132.846.3247	1.7142857142857142	1.5325708624630794	5	10	2	1	2.0
ssj71.452.1713	2.8421052631578947	1.4673951930253042	6	30	2	1	2.0
ssj312.1877.6664	2.0	0.0	3	6	1	1	1.0
ssj69.432.1648	2.75	0.7801585575495751	4	15	3	2	1.5
ssj144.974.3710	2.6666666666666665	1.1575038064963012	4	12	1	1	1.0
ssj312.1877.6660	1.3333333333333333	0.9547712524422192	3	5	1	1	1.0
ssj371.2137.7598	2.111111111111111	1.0445450673978338	4	11	1	1	1.0
elexiswsd1.238.sl.131054	1.8461538461538463	1.015943796124332	5	16	2	1	2.0
ssj201.1346.4858	2.8125	1.3919413644292702	5	19	3	2	1.5
ssj446.2435.8553	3.0625	1.4183553317460682	4	19	2	1	2.0
ssj469.2547.9049	2.875	0.016331903409395793	4	11	2	1	2.0
ssj370.2124.7553	2.0	0.0	3	6	2	1	2.0
ssj358.2066.7312	2.0	0.8291140383017661	4	9	1	1	1.0
elexiswsd1.536.sl.131353	2.4	1.3744360978112327	4	12	1	1	1.0
elexiswsd1.227.sl.131043	2.6470588235294117	0.7897311165939771	6	20	3	2	1.5
ssj455.2500.8785	3.2142857142857144	1.1248785791802247	6	18	2	2	1.0
elexiswsd1.1513.sl.132338	2.0	0.0	3	6	1	1	1.0
ssj486.2609.9284	2.46875	1.5223031822925137	7	37	3	2	1.5
ssj208.1394.5054	2.75	1.7531136320772318	7	32	4	2	2.0
ssj75.476.1788	2.96	1.6755411905951543	6	30	1	1	1.0
ssj188.1238.4511	5.133333333333334	0.41141706035957654	9	36	3	1	3.0
ssj172.1173.4275	2.789473684210526	1.7658952200051683	6	23	3	2	1.5
ssj194.1311.4732	2.5	1.0193097735797902	4	15	2	1	2.0
ssj6.32.109	1.8333333333333333	0.9828911116036572	3	8	1	1	1.0
ssj404.2255.7961	2.903225806451613	2.1233906259806745	8	37	4	2	2.0
elexiswsd1.671.sl.131489	2.411764705882353	1.2293951299399617	5	20	3	3	1.0
ssj116.726.2719	2.7857142857142856	0.8443304926272964	6	17	1	1	1.0
elexiswsd1.815.sl.131633	1.2	1.1717035437571504	4	7	1	1	1.0
ssj293.1784.6334	1.0	0.0	2	3	1	1	1.0
ssj54.349.1407	3.5555555555555554	1.0725542880986028	6	21	2	1	2.0
ssj157.1071.3997	3.0	2.052697199204343	7	28	3	1	3.0
ssj399.2241.7912	1.7	1.1699704397689072	5	12	2	2	1.0
ssj69.434.1658	2.1818181818181817	1.6177367152487956	6	13	1	1	1.0
ssj373.2146.7626	2.3333333333333335	2.0522484668430594	10	37	3	2	1.5
ssj413.2297.8103	2.8	1.9905079384575488	8	42	8	4	2.0
ssj421.2345.8255	2.4285714285714284	0.8903708357438042	3	12	2	1	2.0
ssj134.877.3353	2.5	1.4247748816879549	9	43	6	2	3.0
ssj359.2072.7333	2.4166666666666665	0.36006414469552644	6	19	1	1	1.0
ssj111.697.2628	3.272727272727273	1.4585098496895281	6	25	2	2	1.0
ssj406.2266.7999	4.117647058823529	1.3208534388425945	4	22	3	1	3.0
ssj20.91.372	2.1578947368421053	1.2523925463794077	8	22	4	1	4.0
elexiswsd1.49.sl.130863	2.0	0.8958797346140274	3	8	1	1	1.0
elexiswsd1.531.sl.131348	1.7142857142857142	1.127105754354915	4	9	1	1	1.0
ssj415.2313.8143	2.125	1.4372415149605609	6	20	3	1	3.0
elexiswsd1.325.sl.131141	2.8333333333333335	0.8941466306257843	4	9	1	1	1.0
ssj116.728.2741	1.5	0.2876820724517809	4	6	1	1	1.0
elexiswsd1.1010.sl.131829	1.5	0.8369882167858357	3	6	1	1	1.0
ssj242.1583.5722	1.8	0.5635058815949039	3	7	1	1	1.0
ssj84.554.2107	2.5714285714285716	1.068214236526723	3	9	1	1	1.0
ssj161.1106.4089	1.8	0.7662384356489861	3	7	1	1	1.0
ssj18.85.326	3.12	2.10065317962345	7	30	4	2	2.0
ssj68.425.1621	1.9411764705882353	1.558031410834894	6	20	2	1	2.0
ssj406.2263.7979	2.0	1.2101840643252146	4	10	1	1	1.0
elexiswsd1.329.sl.131145	1.4	1.1613939001557827	3	7	1	1	1.0
ssj123.783.2972	3.1538461538461537	1.3327996058871825	4	19	1	1	1.0
ssj27.150.627	2.3125	1.0972713150495021	5	19	3	3	1.0
elexiswsd1.586.sl.131403	2.0	1.354025100551105	5	17	1	1	1.0
ssj226.1498.5445	2.388888888888889	1.5473125956783413	5	21	3	3	1.0
ssj299.1812.6417	2.642857142857143	1.32062315630632	5	18	3	2	1.5
ssj24.119.500	3.2	1.819922559756165	5	34	3	1	3.0
ssj152.1034.3868	2.357142857142857	1.357958167570435	4	17	2	1	2.0
ssj433.2389.8382	5.521739130434782	0.40836038176918815	7	28	4	2	2.0
ssj226.1487.5412	3.7142857142857144	0.00734227584146049	5	23	1	1	1.0
ssj211.1400.5088	2.5	1.6021855693326597	8	29	6	5	1.2
ssj419.2337.8230	2.4375	1.5350422080699435	5	20	1	1	1.0
ssj157.1072.4009	3.6666666666666665	1.7553408072519219	5	34	3	1	3.0
ssj3.6.19	2.6551724137931036	1.5118572793430773	7	34	4	3	1.3333333333333333
ssj325.1929.6864	2.3846153846153846	1.3093165663211865	5	16	1	1	1.0
ssj320.1906.6807	3.9	0.33962213769547694	5	15	1	1	1.0
ssj173.1183.4319	3.0588235294117645	2.3112521428704715	8	39	2	1	2.0
ssj98.629.2433	2.8333333333333335	1.1739545245934957	5	15	3	1	3.0
ssj410.2280.8042	3.0714285714285716	1.4398392036233256	4	16	1	1	1.0
ssj194.1310.4727	2.8461538461538463	0.2365061235480805	5	17	2	2	1.0
ssj21.103.440	2.3333333333333335	1.0560333844979564	3	11	2	2	1.0
ssj378.2170.7702	3.6	1.4994069700456993	6	24	4	2	2.0
ssj131.827.3152	4.857142857142857	0.7787990600866994	8	35	3	2	1.5
ssj225.1470.5357	2.4285714285714284	1.2369444260237767	4	11	2	1	2.0
ssj455.2504.8822	4.457142857142857	1.3228868558245013	8	41	4	1	4.0
elexiswsd1.20.sl.130833	2.533333333333333	1.320368876540957	5	19	1	1	1.0
elexiswsd1.1143.sl.131962	1.6666666666666667	1.078201291407982	3	8	1	1	1.0
ssj226.1501.5461	1.75	0.8266785731844679	2	6	1	1	1.0
ssj369.2107.7486	3.5416666666666665	1.4230417776997117	4	31	5	2	2.5
elexiswsd1.1184.sl.132003	1.7777777777777777	1.2163953243244932	4	12	3	2	1.5
ssj423.2352.8280	2.4444444444444446	1.1006741472600405	5	21	2	1	2.0
ssj331.1973.7010	1.9473684210526316	1.4988877366653817	7	22	2	1	2.0
elexiswsd1.313.sl.131129	2.5833333333333335	1.3330935410367721	4	15	2	2	1.0
elexiswsd1.1598.sl.132423	2.8181818181818183	0.5094292949923823	5	15	1	1	1.0
ssj354.2057.7271	1.5	0.49041462650586304	2	4	1	1	1.0
ssj422.2348.8272	3.5625	0.1158318155251217	5	19	2	1	2.0
ssj249.1601.5816	4.25	1.8536960764281125	7	44	2	1	2.0
ssj13.59.249	2.4444444444444446	1.356086959143036	6	22	3	2	1.5
ssj121.780.2962	3.6666666666666665	0.40131570670081684	5	21	3	1	3.0
ssj382.2177.7731	3.3125	2.144602672521623	8	36	4	2	2.0
ssj472.2560.9124	3.9130434782608696	1.3547242000604824	8	57	5	1	5.0
ssj95.624.2383	1.5	0.8369882167858357	3	6	2	2	1.0
ssj27.146.590	3.5454545454545454	1.1757345879619097	6	29	4	4	1.0
ssj7.38.183	3.6363636363636362	1.6085621459146973	7	36	2	1	2.0
ssj322.1913.6826	2.3333333333333335	0.5978880185608786	4	14	2	2	1.0
ssj249.1601.5815	2.8947368421052633	1.4490460543571078	5	22	3	2	1.5
ssj434.2394.8398	3.763157894736842	1.2982535655467216	7	45	4	2	2.0
ssj32.192.779	2.8518518518518516	1.6396706479927279	7	31	4	2	2.0
ssj384.2190.7775	2.0714285714285716	1.3960091206534642	7	19	2	1	2.0
ssj81.531.2008	2.5789473684210527	0.8714117609190066	7	23	3	1	3.0
ssj118.755.2851	2.6	0.9478197998577236	5	21	4	3	1.3333333333333333
ssj38.223.905	2.5	0.5815754049028404	2	6	1	1	1.0
ssj35.206.823	2.0	1.354025100551105	6	17	1	1	1.0
ssj118.748.2816	2.466666666666667	1.3470371236231182	4	17	2	2	1.0
ssj46.298.1205	3.7916666666666665	0.8055273833391231	7	31	3	2	1.5
ssj410.2280.8039	3.1666666666666665	1.0627288894832714	6	18	4	1	4.0
ssj249.1604.5829	3.128205128205128	1.8426139709582359	5	44	4	4	1.0
ssj325.1945.6917	2.2857142857142856	1.5325708624630794	4	17	1	1	1.0
ssj126.803.3036	2.4	1.518277134037123	4	20	1	1	1.0
ssj203.1363.4946	2.7083333333333335	1.141999619960336	8	29	4	2	2.0
ssj325.1927.6857	3.6923076923076925	1.330248125835519	7	44	4	2	2.0
ssj385.2206.7814	2.4193548387096775	1.873213464031327	9	36	4	2	2.0
elexiswsd1.341.sl.131157	3.05	1.4813368348257852	5	24	3	2	1.5
ssj98.629.2436	2.0	1.2101840643252146	3	12	3	2	1.5
ssj21.103.439	1.8	0.9100794718748765	3	7	1	1	1.0
ssj161.1104.4086	1.9	1.058744804658683	5	11	1	1	1.0
ssj69.435.1660	2.0	0.20273255405408205	4	9	1	1	1.0
ssj111.700.2639	2.4	0.8251299534771779	4	13	2	1	2.0
ssj377.2168.7696	3.0	0.3465735902799726	6	24	4	2	2.0
ssj32.192.780	2.0	0.8047189562170503	5	14	3	2	1.5
ssj263.1672.5997	2.3	1.6008581022926873	5	15	3	1	3.0
elexiswsd1.767.sl.131585	4.0625	0.5338019577980896	4	22	1	1	1.0
elexiswsd1.7.sl.130820	1.9	1.4053183949386556	5	12	1	1	1.0
ssj413.2303.8118	1.5	0.8369882167858357	3	6	1	1	1.0
ssj44.267.1069	2.8666666666666667	1.8231364048214642	6	23	3	2	1.5
ssj477.2580.9215	3.375	0.7192051811294523	4	13	2	2	1.0
ssj376.2164.7683	3.6875	1.2802932758531376	5	19	1	1	1.0
ssj434.2395.8402	4.481481481481482	1.3904180783037525	5	32	2	2	1.0
ssj343.2003.7110	3.4693877551020407	0.7019320101156782	10	57	6	3	2.0
elexiswsd1.1146.sl.131965	2.75	1.2909841813155656	5	24	3	1	3.0
ssj69.434.1657	2.4782608695652173	1.9026433809531746	6	28	3	3	1.0
ssj400.2242.7917	2.4705882352941178	1.7110980342001412	6	20	1	1	1.0
ssj166.1135.4190	3.0	1.6072107372594102	5	17	1	1	1.0
ssj95.625.2402	3.227272727272727	1.346838877523815	6	28	4	3	1.3333333333333333
ssj398.2238.7907	2.5	0.8165772195257083	3	11	2	1	2.0
ssj20.90.367	1.6666666666666667	1.078201291407982	4	8	1	1	1.0
ssj410.2280.8040	2.6666666666666665	1.2690755821534065	6	21	3	1	3.0
ssj139.887.3404	2.2	0.9121413304668073	3	7	1	1	1.0
ssj451.2471.8655	1.8181818181818181	1.29425781620351	6	14	1	1	1.0
ssj252.1619.5852	2.130434782608696	1.504568206343043	8	28	4	1	4.0
ssj20.88.346	1.75	1.5198257537444133	4	10	1	1	1.0
ssj191.1241.4520	3.4444444444444446	0.20842325179915527	4	23	2	2	1.0
ssj193.1288.4655	1.0	0.8958797346140274	3	4	1	1	1.0
ssj116.725.2715	1.7777777777777777	1.0725542880986028	5	12	2	1	2.0
ssj252.1617.5849	4.0	0.9947926062789875	5	16	1	1	1.0
ssj451.2481.8707	2.0	0.5493061443340547	2	5	1	1	1.0
ssj201.1357.4907	2.375	0.7240294776873683	4	12	2	2	1.0
ssj139.886.3401	3.0526315789473686	1.5551630946024266	6	24	2	1	2.0
ssj124.786.2976	2.411764705882353	1.8557766141876457	7	20	4	1	4.0
ssj149.1021.3829	2.8823529411764706	0.7045733082536703	7	20	2	2	1.0
ssj61.377.1512	2.3636363636363638	1.143465327393124	4	16	1	1	1.0
ssj459.2520.8943	3.540983606557377	1.989980024974987	10	71	3	2	1.5
ssj217.1442.5227	2.9767441860465116	1.9887175460199118	9	49	3	2	1.5
elexiswsd1.1324.sl.132145	2.090909090909091	1.2660676494854564	4	13	1	1	1.0
ssj230.1525.5530	2.3448275862068964	1.3807421841376595	10	34	5	2	2.5
ssj90.591.2224	3.44	1.8962276599105048	5	32	4	1	4.0
elexiswsd1.226.sl.131042	2.5	1.4774551395168678	4	14	1	1	1.0
ssj310.1865.6612	2.4285714285714284	1.751754134614356	5	17	3	1	3.0
ssj288.1768.6286	2.375	0.5212969236332861	4	12	2	1	2.0
ssj325.1926.6855	4.2592592592592595	2.448728005808376	12	63	4	1	4.0
ssj144.966.3682	1.5	0.49041462650586304	2	4	1	1	1.0
ssj279.1733.6139	2.3333333333333335	2.1280234159066596	6	30	1	1	1.0
ssj151.1029.3853	2.925925925925926	0.9208810368194449	9	35	6	3	2.0
ssj465.2533.9003	2.4615384615384617	0.728261723672551	6	16	3	2	1.5
ssj404.2257.7968	3.125	0.9988987763196628	4	14	1	1	1.0
ssj193.1286.4648	1.0	0.6931471805599453	2	4	1	1	1.0
ssj323.1915.6829	2.4545454545454546	1.620534708000856	5	26	3	2	1.5
ssj53.337.1376	2.272727272727273	1.417687855169273	7	26	4	1	4.0
ssj412.2285.8061	1.6666666666666667	0.7316277011280093	4	9	2	1	2.0
ssj44.265.1060	2.90625	1.4707233172633842	8	39	2	1	2.0
elexiswsd1.259.sl.131075	2.176470588235294	1.6786228742800178	6	20	1	1	1.0
ssj255.1644.5915	2.6153846153846154	1.014210692136089	5	16	3	1	3.0
ssj477.2579.9196	1.8571428571428572	1.0470630466813786	3	9	1	1	1.0
ssj116.730.2752	4.0	1.066343028099324	4	17	3	1	3.0
elexiswsd1.270.sl.131086	2.6666666666666665	1.013662770270411	5	10	1	1	1.0
ssj199.1330.4807	1.9333333333333333	1.244085616000896	7	18	2	1	2.0
ssj177.1194.4345	1.5	1.092401028668831	3	6	1	1	1.0
ssj20.88.351	1.6666666666666667	1.078201291407982	3	8	1	1	1.0
ssj203.1361.4927	2.0	1.1989476363991853	5	13	1	1	1.0
ssj385.2208.7820	4.0344827586206895	0.9819169907419002	7	36	5	2	2.5
elexiswsd1.1098.sl.131917	1.8	1.6621181702630135	7	19	2	1	2.0
ssj237.1564.5665	2.619047619047619	0.9060240616326363	6	26	4	2	2.0
ssj300.1826.6470	3.806451612903226	0.9296023265961094	6	39	5	2	2.5
ssj342.1998.7095	2.619047619047619	1.455330205966691	4	24	2	2	1.0
ssj342.2000.7098	2.3636363636363638	0.6853199614560463	5	15	2	1	2.0
ssj108.684.2590	1.6	0.3347153269713146	4	7	1	1	1.0
ssj142.952.3634	1.8	0.2169322913149312	4	7	2	1	2.0
ssj461.2523.8963	2.6	1.597461291922854	4	18	1	1	1.0
ssj75.476.1790	2.0	0.5493061443340547	2	5	1	1	1.0
ssj102.661.2531	2.1666666666666665	0.815837026940491	5	15	2	1	2.0
ssj194.1312.4735	2.0	1.5567576546051873	7	20	2	2	1.0
ssj77.502.1883	2.9545454545454546	1.781705074949466	5	26	2	1	2.0
ssj29.178.713	3.0	1.1835618070658083	6	30	5	3	1.6666666666666667
ssj205.1378.4992	1.5	0.9808292530117262	3	7	1	1	1.0
ssj64.402.1568	4.6	0.1720312029439441	4	23	1	1	1.0
ssj450.2466.8622	2.0	1.1512925464970227	4	12	2	2	1.0
ssj161.1092.4061	3.7714285714285714	2.0179672776123243	9	39	2	1	2.0
elexiswsd1.278.sl.131094	2.526315789473684	1.0947636021758247	8	22	2	1	2.0
elexiswsd1.1285.sl.132104	2.0	1.0845268501847616	4	9	1	1	1.0
ssj152.1038.3875	1.8333333333333333	1.0944628872607622	3	8	1	1	1.0
ssj6.34.140	1.25	1.0193097735797902	3	6	1	1	1.0
elexiswsd1.689.sl.131507	2.2	0.9121413304668073	5	13	2	1	2.0
elexiswsd1.1423.sl.132245	2.4615384615384617	1.7012167982002078	5	30	2	1	2.0
ssj18.75.290	2.3636363636363638	1.3784671420159917	4	14	1	1	1.0
elexiswsd1.514.sl.131331	1.6666666666666667	0.7316277011280093	3	8	1	1	1.0
ssj142.940.3601	1.8	1.0216512475319814	3	7	1	1	1.0
ssj132.841.3224	3.0	1.3427886726250757	5	16	2	1	2.0
elexiswsd1.1425.sl.132247	1.6	1.1394342831883648	3	7	1	1	1.0
ssj21.107.454	1.75	1.2848239391215455	3	10	1	1	1.0
ssj201.1355.4896	2.8260869565217392	1.0781601983321423	6	27	2	1	2.0
elexiswsd1.455.sl.131271	2.25	1.5301353973457812	5	14	1	1	1.0
elexiswsd1.1116.sl.131935	2.0	0.6263814842476839	6	18	1	1	1.0
ssj36.211.858	2.3181818181818183	1.2540441916472027	6	25	2	1	2.0
ssj348.2026.7181	1.5	0.05889151782819164	2	4	1	1	1.0
ssj380.2174.7721	2.2857142857142856	0.4928500916231614	3	9	1	1	1.0
ssj303.1843.6520	1.8	1.1128120259289587	6	14	3	1	3.0
elexiswsd1.1549.sl.132374	1.625	1.1035190993922719	5	11	1	1	1.0
ssj220.1447.5241	2.676470588235294	1.81840205124731	7	40	3	1	3.0
ssj341.1986.7057	3.0434782608695654	2.2179263441524464	8	56	8	4	2.0
ssj53.330.1342	2.2857142857142856	1.0421562359572163	6	18	3	1	3.0
ssj144.995.3756	2.75	0.23085241321552022	5	8	1	1	1.0
ssj201.1354.4885	2.411764705882353	1.6875404958770392	5	22	3	1	3.0
ssj27.139.555	1.75	0.8266785731844679	2	6	1	1	1.0
ssj107.680.2580	2.125	1.1818287030775654	3	10	1	1	1.0
ssj78.515.1943	2.740740740740741	1.993715306353429	6	30	2	1	2.0
elexiswsd1.790.sl.131608	2.2	1.4614474748008623	5	18	3	2	1.5
elexiswsd1.1514.sl.132339	1.5	0.8369882167858357	3	6	1	1	1.0
ssj144.978.3715	4.8	0.21459081736274022	4	26	1	1	1.0
ssj20.90.366	1.4	1.017552863929892	4	7	1	1	1.0
ssj464.2529.8984	2.0	1.3940464543878732	5	17	3	2	1.5
ssj35.205.817	3.7857142857142856	1.028014851710684	5	33	4	4	1.0
ssj129.817.3072	2.2	0.9121413304668073	7	13	2	2	1.0
ssj348.2029.7190	2.1818181818181817	0.9680952231836651	5	15	1	1	1.0
ssj310.1864.6607	2.8666666666666667	0.3008751859597527	5	18	3	2	1.5
ssj165.1132.4169	2.7058823529411766	0.421178619595229	7	25	3	1	3.0
ssj165.1133.4172	5.470588235294118	1.9326289223527249	9	47	2	1	2.0
ssj63.388.1534	5.25	1.5969010936580423	7	29	2	1	2.0
ssj384.2199.7794	1.5	1.1835618070658083	4	8	1	1	1.0
ssj451.2482.8709	2.0	0.8047189562170503	4	11	2	2	1.0
ssj142.919.3517	2.9714285714285715	1.2379373374268026	7	40	5	3	1.6666666666666667
ssj142.923.3529	5.185185185185185	0.002112876397189394	7	35	1	1	1.0
ssj343.2004.7121	3.5	1.02941112723855	6	28	3	2	1.5
ssj157.1071.3996	2.8461538461538463	1.1323858581621082	4	17	2	2	1.0
ssj79.516.1948	2.5714285714285716	0.3750670559667778	6	17	3	2	1.5
ssj77.506.1906	2.037037037037037	1.4857282581080775	11	31	3	1	3.0
ssj262.1670.5994	2.6153846153846154	1.563516836470144	6	31	3	2	1.5
ssj451.2477.8692	1.7142857142857142	1.127105754354915	3	9	1	1	1.0
ssj448.2453.8582	2.142857142857143	1.1837700970084166	4	9	1	1	1.0
ssj366.2095.7430	2.0	0.9729550745276567	4	11	2	1	2.0
elexiswsd1.753.sl.131571	2.4444444444444446	1.1006741472600405	4	11	1	1	1.0
elexiswsd1.470.sl.131287	2.6666666666666665	0.8880055561299579	3	8	1	1	1.0
ssj199.1334.4822	2.4444444444444446	1.1006741472600405	5	12	1	1	1.0
ssj451.2488.8742	1.5555555555555556	1.552659271003098	5	11	1	1	1.0
ssj471.2557.9117	3.8260869565217392	1.3245167980836277	6	26	2	1	2.0
ssj144.964.3675	2.625	0.07463987479633095	4	12	1	1	1.0
ssj290.1774.6300	3.2	1.6887404275224198	6	33	2	2	1.0
ssj117.746.2806	1.7777777777777777	1.0725542880986028	4	11	2	2	1.0
ssj284.1751.6228	3.142857142857143	0.5209699507845995	6	17	3	1	3.0
ssj227.1509.5487	2.0	0.5058004558392399	5	14	2	2	1.0
ssj130.823.3094	2.2142857142857144	1.217745970497687	4	17	2	2	1.0
ssj42.257.1023	2.8666666666666667	0.3008751859597527	6	19	3	1	3.0
elexiswsd1.1001.sl.131820	1.25	0.8165772195257083	4	6	1	1	1.0
ssj81.532.2020	2.5	0.02041099726012762	3	8	1	1	1.0
ssj179.1212.4420	3.0	1.3722089226365424	4	24	3	3	1.0
ssj370.2127.7569	4.157894736842105	0.7403577968425846	5	25	2	2	1.0
ssj45.278.1127	1.5	0.05889151782819164	2	4	1	1	1.0
elexiswsd1.308.sl.131124	2.0714285714285716	1.3960091206534642	7	18	2	1	2.0
ssj434.2392.8393	2.3125	1.2411123512753928	5	19	2	2	1.0
elexiswsd1.1032.sl.131851	1.4	1.1613939001557827	3	7	1	1	1.0
ssj326.1957.6970	1.6666666666666667	0.038480520568064065	3	5	1	1	1.0
ssj290.1773.6299	3.0	0.6019864021629681	5	18	2	1	2.0
ssj134.877.3356	2.6666666666666665	1.3602363605503838	7	31	4	1	4.0
ssj72.457.1722	2.0	0.5058004558392399	7	14	2	1	2.0
ssj103.662.2533	2.5	1.5890269151739729	3	18	2	1	2.0
ssj66.416.1601	2.375	0.8678705139132589	5	10	1	1	1.0
ssj46.291.1175	2.8461538461538463	1.5905312240991856	4	16	2	1	2.0
ssj412.2292.8084	2.4	0.8251299534771779	4	13	2	1	2.0
ssj230.1530.5542	3.0	1.0797421246766863	4	16	2	2	1.0
ssj217.1441.5222	2.466666666666667	1.5497696776772003	5	19	1	1	1.0
elexiswsd1.1347.sl.132168	2.0	1.4978661367769954	6	22	1	1	1.0
ssj267.1686.6030	1.0	0.0	2	3	1	1	1.0
ssj77.503.1886	2.0833333333333335	1.404363884427827	4	14	1	1	1.0
ssj133.866.3320	2.0	1.0551066001732947	5	13	1	1	1.0
ssj179.1211.4414	4.423076923076923	1.181933449508891	7	29	2	2	1.0
ssj325.1939.6896	3.1052631578947367	0.3391210248439414	6	20	2	2	1.0
elexiswsd1.508.sl.131325	2.0	1.0986122886681098	3	8	1	1	1.0
ssj370.2118.7535	3.0	1.1512925464970227	6	36	7	3	2.3333333333333335
ssj451.2473.8667	3.2857142857142856	0.2166289923461797	5	9	1	1	1.0
ssj182.1216.4431	4.5	1.3274028432916987	6	38	3	1	3.0
ssj75.481.1806	1.8181818181818181	1.29425781620351	5	14	3	2	1.5
ssj449.2457.8594	1.5	0.49041462650586304	2	4	1	1	1.0
ssj106.674.2558	2.238095238095238	1.0632096451550486	7	27	4	2	2.0
ssj243.1590.5762	2.6666666666666665	2.164955316767434	7	33	2	1	2.0
ssj178.1204.4395	2.3076923076923075	0.9955327988642046	5	16	3	2	1.5
ssj142.960.3662	3.9722222222222223	0.7590073677042303	6	40	4	2	2.0
ssj242.1582.5715	2.4	0.275823809143123	5	13	1	1	1.0
elexiswsd1.1462.sl.132287	2.0	1.0074515102711326	3	8	1	1	1.0
ssj325.1940.6902	2.75	0.9239995937754655	6	19	3	2	1.5
ssj302.1841.6511	1.8888888888888888	0.8091971122280857	4	13	1	1	1.0
ssj200.1340.4839	2.3333333333333335	0.5978880185608786	3	7	1	1	1.0
ssj187.1237.4496	4.955555555555556	2.183422021042142	10	52	3	1	3.0
ssj27.143.578	3.0	0.7331685343967136	4	17	3	3	1.0
ssj22.110.469	2.3181818181818183	1.8033503359812577	6	28	3	2	1.5
ssj453.2494.8764	3.0357142857142856	2.000841387720572	8	37	7	3	2.3333333333333335
ssj44.262.1043	2.0	0.3465735902799726	3	5	1	1	1.0
ssj31.187.754	2.6470588235294117	1.2478764825310547	5	21	4	1	4.0
ssj40.238.951	3.5	1.1886379927978175	4	16	1	1	1.0
elexiswsd1.1544.sl.132369	2.0	1.3862943611198906	5	20	2	1	2.0
ssj335.1978.7027	2.3636363636363638	0.33874637117607365	6	19	5	4	1.25
ssj27.161.656	3.0833333333333335	1.0893971365654325	4	16	1	1	1.0
ssj406.2261.7976	2.3333333333333335	1.714684129314426	6	27	4	2	2.0
ssj225.1469.5351	2.5652173913043477	1.7243161686561148	6	27	3	2	1.5
elexiswsd1.694.sl.131512	3.0	0.5493061443340549	5	6	1	1	1.0
ssj118.765.2893	1.25	1.5097244000856536	5	10	1	1	1.0
ssj118.761.2867	1.8333333333333333	0.9828911116036572	3	8	1	1	1.0
ssj28.171.694	2.111111111111111	0.6979714771178611	4	12	2	2	1.0
ssj212.1408.5108	2.4516129032258065	1.9715400129384113	6	35	3	1	3.0
ssj186.1232.4480	3.142857142857143	0.7237025048386816	6	24	2	2	1.0
ssj131.826.3125	1.0	0.34657359027997275	2	3	1	1	1.0
elexiswsd1.1614.sl.132439	2.6666666666666665	1.1575038064963012	4	16	1	1	1.0
ssj234.1554.5620	3.8	1.9946458931094786	7	35	1	1	1.0
ssj27.143.575	3.857142857142857	0.7216406462467505	7	30	1	1	1.0
ssj230.1526.5531	3.111111111111111	0.9365874303567818	3	14	3	2	1.5
elexiswsd1.1225.sl.132044	2.8	1.017552863929892	5	19	3	1	3.0
ssj367.2099.7453	1.8	1.1128120259289587	3	7	1	1	1.0
ssj374.2149.7635	2.1578947368421053	1.5989661366593804	7	24	3	2	1.5
ssj214.1415.5145	1.6	0.8840214713053695	4	7	2	1	2.0
ssj144.969.3691	2.0	0.0	3	6	1	1	1.0
ssj193.1292.4669	2.0	0.5493061443340547	2	5	1	1	1.0
ssj315.1884.6705	1.5	1.3274028432916989	4	10	1	1	1.0
ssj443.2419.8499	2.966666666666667	0.6131597027610932	7	36	4	1	4.0
elexiswsd1.1087.sl.131906	2.4705882352941178	1.316869354018006	7	20	2	1	2.0
ssj133.862.3300	2.130434782608696	1.504568206343043	8	26	3	2	1.5
ssj480.2597.9258	2.1052631578947367	1.6236587492497518	6	22	3	2	1.5
ssj114.714.2680	3.5348837209302326	1.9003943314248357	7	48	3	3	1.0
ssj200.1341.4843	2.2	0.9892166703804366	3	8	1	1	1.0
ssj435.2399.8424	2.9565217391304346	1.3796133533316453	5	26	3	3	1.0
ssj406.2266.7996	2.08	1.570217199280819	7	30	1	1	1.0
elexiswsd1.1530.sl.132355	1.75	0.8266785731844679	2	6	1	1	1.0
ssj342.1998.7094	2.7333333333333334	1.3214583094766639	4	18	1	1	1.0
ssj170.1163.4250	1.3333333333333333	1.1575038064963012	4	8	1	1	1.0
ssj425.2362.8304	1.6666666666666667	0.7316277011280093	3	6	1	1	1.0
ssj133.870.3339	n/a	n/a	2	2	1	1	1.0
ssj221.1460.5295	2.3636363636363638	0.33874637117607365	6	15	2	1	2.0
ssj452.2491.8753	1.0	0.0	2	3	1	1	1.0
elexiswsd1.1065.sl.131884	1.4	1.1613939001557827	3	7	1	1	1.0
elexiswsd1.744.sl.131562	1.6	1.2305950615853423	6	12	1	1	1.0
ssj61.384.1525	2.3636363636363638	1.537694007575259	4	14	2	1	2.0
ssj63.388.1535	4.1020408163265305	1.7768788640008644	9	56	5	3	1.6666666666666667
ssj28.172.702	2.0	1.0986122886681098	6	16	3	2	1.5
ssj295.1801.6380	1.6153846153846154	1.7758566729965386	5	15	1	1	1.0
ssj170.1159.4239	1.5	0.49041462650586304	2	4	1	1	1.0
ssj98.628.2415	n/a	n/a	2	2	1	1	1.0
elexiswsd1.1319.sl.132140	1.8	1.1128120259289587	3	7	1	1	1.0
ssj38.227.914	2.892857142857143	2.149378837269525	7	35	6	3	2.0
elexiswsd1.217.sl.131033	1.9166666666666667	1.3965847149699009	4	15	2	1	2.0
ssj258.1653.5941	2.1666666666666665	1.2739823928775686	6	15	3	2	1.5
ssj348.2029.7188	3.3076923076923075	0.08622392049874268	4	18	2	1	2.0
ssj211.1400.5085	2.1	1.3823102762953023	4	12	1	1	1.0
ssj351.2048.7235	3.5483870967741935	2.0599383533694033	5	34	2	1	2.0
ssj46.283.1139	2.5	0.7498115232134469	5	17	2	2	1.0
ssj131.826.3132	2.793103448275862	1.5523743249212998	7	35	4	1	4.0
ssj80.525.1983	3.4375	1.191270668967119	5	39	8	5	1.6
ssj102.659.2520	2.75	0.3184537311185346	3	7	2	2	1.0
ssj92.609.2298	2.0	1.5222612188617115	5	16	1	1	1.0
ssj27.156.639	3.357142857142857	1.3508917176068294	5	20	1	1	1.0
elexiswsd1.1276.sl.132095	2.7333333333333334	1.1532221911660576	4	19	2	2	1.0
ssj46.285.1142	3.05	1.534017092654698	6	23	2	2	1.0
ssj110.690.2604	3.1666666666666665	2.02537432040956	7	56	6	3	2.0
ssj144.983.3724	1.0	0.34657359027997275	2	5	1	1	1.0
elexiswsd1.712.sl.131530	2.1875	1.4082539780873085	5	18	1	1	1.0
ssj6.32.103	2.272727272727273	0.7245406746093277	4	15	3	2	1.5
ssj117.745.2802	2.4444444444444446	0.20479441264601314	4	12	3	3	1.0
elexiswsd1.1414.sl.132236	1.75	0.48010498290449527	3	6	1	1	1.0
ssj38.235.945	2.875	0.8795478312046316	3	13	2	1	2.0
ssj252.1626.5867	2.8	1.5079674904357554	5	26	2	1	2.0
ssj84.556.2124	2.5	1.1308815492368953	5	24	4	2	2.0
ssj464.2529.8980	2.590909090909091	1.286659592762869	7	27	4	2	2.0
ssj100.641.2467	3.176470588235294	0.8101421138541047	5	22	1	1	1.0
elexiswsd1.59.sl.130873	2.5454545454545454	1.3043591698622699	4	18	4	2	2.0
elexiswsd1.206.sl.131022	1.8	1.1128120259289587	3	7	1	1	1.0
ssj470.2549.9066	2.5714285714285716	0.7216406462467505	7	18	2	1	2.0
ssj455.2501.8787	3.8636363636363638	1.6390983024952397	6	76	7	5	1.4
ssj235.1560.5635	3.4444444444444446	1.8277624778813457	5	32	2	2	1.0
ssj325.1935.6885	3.2857142857142856	1.3056322265155318	5	27	3	3	1.0
ssj144.1001.3776	1.8571428571428572	1.3268709406490897	4	9	1	1	1.0
ssj64.405.1571	3.6153846153846154	0.34385002476221904	5	21	1	1	1.0
ssj59.364.1467	4.7727272727272725	0.7873222860970006	5	31	2	1	2.0
elexiswsd1.554.sl.131371	1.9166666666666667	1.6904780474209604	4	14	1	1	1.0
ssj426.2369.8326	2.3	0.8676895678959738	3	12	1	1	1.0
ssj360.2080.7366	3.25	1.3062516534463542	5	28	4	3	1.3333333333333333
ssj12.47.213	2.4705882352941178	1.0614565421350106	7	21	2	2	1.0
elexiswsd1.1188.sl.132007	2.3076923076923075	0.44622665453014976	5	16	2	2	1.0
elexiswsd1.718.sl.131536	2.25	1.380083101120612	6	20	3	2	1.5
ssj73.463.1742	2.375	1.2144441041932315	6	21	2	1	2.0
ssj213.1410.5116	2.2941176470588234	1.2794055505146231	6	20	3	2	1.5
ssj218.1445.5239	2.4545454545454546	0.30100604319322677	6	13	2	1	2.0
elexiswsd1.1406.sl.132228	1.9411764705882353	1.4464596351777892	7	20	2	1	2.0
ssj459.2517.8923	1.6	1.2305950615853423	5	12	1	1	1.0
ssj267.1696.6051	2.3333333333333335	1.291035199120824	4	14	1	1	1.0
ssj95.622.2377	2.9285714285714284	0.5915875179985528	6	33	5	2	2.5
ssj199.1329.4805	1.75	0.13353139262452263	4	7	2	1	2.0
ssj178.1207.4403	3.142857142857143	1.619582239452709	5	25	1	1	1.0
ssj315.1887.6723	3.0	2.0397094560027127	8	34	5	1	5.0
ssj133.855.3285	2.0	1.6193392260821902	5	20	3	2	1.5
ssj364.2086.7398	2.5357142857142856	1.2849330325555453	8	34	3	1	3.0
ssj208.1394.5053	2.772727272727273	1.42156955047819	6	26	4	2	2.0
ssj460.2522.8957	1.8888888888888888	1.3585032565621407	5	11	1	1	1.0
ssj220.1447.5242	3.3076923076923075	1.1259446913386608	7	31	4	2	2.0
ssj211.1399.5080	2.8666666666666667	1.5433285108537529	5	17	1	1	1.0
ssj220.1452.5267	3.4285714285714284	0.087384983514997	5	18	1	1	1.0
elexiswsd1.901.sl.131720	2.111111111111111	1.156116843054939	4	12	3	2	1.5
elexiswsd1.378.sl.131194	1.5714285714285714	1.214117131344545	4	9	1	1	1.0
ssj125.793.3008	2.4	1.1717035437571504	5	17	2	1	2.0
ssj194.1312.4741	4.5	0.5430948843347763	5	16	1	1	1.0
ssj302.1840.6503	2.25	1.2362420648947214	6	24	3	3	1.0
ssj141.901.3453	2.0	0.20273255405408205	5	8	1	1	1.0
ssj24.120.505	3.5833333333333335	2.013332140099488	6	33	5	3	1.6666666666666667
ssj53.331.1356	2.8181818181818183	0.16285570471240954	5	14	2	2	1.0
ssj5.17.59	3.0	1.269486935529138	5	25	5	2	2.5
ssj469.2547.9054	2.5	0.326162593019845	4	9	2	1	2.0
ssj193.1268.4590	1.5	0.8369882167858357	3	6	1	1	1.0
ssj54.350.1409	2.5172413793103448	1.9594319402305052	7	37	5	1	5.0
ssj90.593.2242	2.75	0.5774260034954928	4	15	3	2	1.5
ssj198.1324.4785	3.55	1.0356374895067213	7	25	4	2	2.0
ssj79.517.1956	4.478260869565218	1.6575392508380613	5	28	3	2	1.5
ssj451.2471.8662	2.0	1.4978661367769954	5	13	3	1	3.0
elexiswsd1.653.sl.131471	3.0	0.3465735902799726	6	25	8	7	1.1428571428571428
ssj203.1361.4931	2.0555555555555554	1.0712133144799953	7	23	5	2	2.5
ssj6.35.169	2.3636363636363638	1.8842675978552317	6	28	5	2	2.5
ssj172.1179.4302	3.9166666666666665	0.7730921075859692	6	30	2	2	1.0
ssj75.485.1815	2.764705882352941	0.9489785587083205	5	22	3	1	3.0
ssj161.1102.4083	2.68	1.8225687543105205	5	29	2	2	1.0
ssj407.2267.8007	2.3636363636363638	1.4900389176730966	6	28	4	3	1.3333333333333333
ssj347.2023.7171	4.044444444444444	1.7884617263094527	6	53	3	2	1.5
ssj46.288.1158	2.4	0.8251299534771779	3	7	1	1	1.0
ssj126.800.3026	1.0	0.34657359027997275	2	3	1	1	1.0
ssj471.2557.9112	2.2857142857142856	1.0421562359572163	5	17	3	1	3.0
ssj369.2111.7500	3.1666666666666665	0.7161552992032988	3	8	1	1	1.0
elexiswsd1.424.sl.131240	2.7222222222222223	1.416692413261277	5	23	3	2	1.5
ssj284.1749.6221	1.4	1.1613939001557827	3	7	1	1	1.0
elexiswsd1.198.sl.131014	2.8	1.3641264542098648	5	19	2	2	1.0
ssj201.1354.4893	1.25	0.8165772195257083	4	6	2	1	2.0
elexiswsd1.948.sl.131767	2.3333333333333335	1.4026069747779288	5	13	1	1	1.0
ssj228.1520.5514	2.8	0.81482030987581	5	9	1	1	1.0
ssj282.1740.6182	1.5	0.2876820724517809	3	6	1	1	1.0
ssj280.1736.6153	2.5	1.0193097735797902	6	16	1	1	1.0
ssj226.1491.5425	2.5588235294117645	1.6283516244867087	6	39	3	2	1.5
elexiswsd1.1215.sl.132034	1.625	1.3589319112752674	4	10	1	1	1.0
ssj142.952.3635	1.5	0.05889151782819164	3	5	1	1	1.0
ssj166.1140.4205	2.9310344827586206	1.7595850349864175	6	34	2	2	1.0
ssj132.846.3243	1.875	1.3840671859452005	3	11	1	1	1.0
ssj434.2395.8407	2.8181818181818183	0.8560028852723548	5	16	1	1	1.0
ssj443.2419.8496	2.2	0.01626159585277994	3	7	1	1	1.0
ssj98.628.2422	1.9	1.2025858408845735	6	13	3	1	3.0
ssj356.2062.7297	2.35	1.448169764837978	5	23	1	1	1.0
ssj440.2414.8480	2.1176470588235294	1.215607221962269	7	20	3	1	3.0
ssj296.1809.6407	2.8	1.9134325985439196	9	46	4	2	2.0
ssj377.2168.7695	2.2857142857142856	0.4928500916231614	7	18	4	2	2.0
ssj85.563.2146	n/a	n/a	2	3	1	1	1.0
elexiswsd1.1076.sl.131895	2.4	1.5953524739507523	7	24	3	1	3.0
ssj121.779.2946	2.84	1.258781040820931	7	30	3	3	1.0
ssj193.1300.4698	1.0	0.34657359027997275	2	3	1	1	1.0
ssj348.2029.7189	1.5	0.05889151782819164	3	4	1	1	1.0
ssj165.1134.4184	4.444444444444445	1.96620684753794	6	41	1	1	1.0
elexiswsd1.1031.sl.131850	2.0	0.8958797346140274	4	10	2	1	2.0
ssj38.226.911	3.5789473684210527	1.5834451246934447	5	24	2	1	2.0
ssj121.779.2950	2.090909090909091	1.2660676494854564	4	13	1	1	1.0
ssj206.1388.5037	2.9310344827586206	2.080511978072615	4	33	4	2	2.0
ssj360.2077.7356	2.5454545454545454	1.3632506876904615	4	12	1	1	1.0
elexiswsd1.311.sl.131127	2.625	0.9705196094103583	7	20	2	2	1.0
elexiswsd1.1022.sl.131841	1.625	1.4500926896722446	4	10	1	1	1.0
ssj203.1359.4920	2.4375	0.4953214372300254	7	21	4	1	4.0
ssj191.1241.4518	2.1333333333333333	1.6949516875216981	5	19	3	1	3.0
ssj98.628.2411	2.75	0.5774260034954928	5	15	2	1	2.0
elexiswsd1.53.sl.130867	1.875	1.1042592919774892	5	11	2	1	2.0
ssj180.1213.4425	2.142857142857143	0.9039622030407053	4	9	1	1	1.0
ssj284.1744.6200	1.0	0.6931471805599453	2	4	2	1	2.0
elexiswsd1.1159.sl.131978	2.4285714285714284	1.125372650366672	4	17	2	2	1.0
ssj325.1930.6869	2.0434782608695654	1.7489734567976933	8	26	5	3	1.6666666666666667
ssj253.1630.5877	10.130434782608695	0.7477971296719762	4	39	1	1	1.0
elexiswsd1.464.sl.131281	2.3636363636363638	1.2346261057901013	7	25	1	1	1.0
ssj415.2313.8155	2.8823529411764706	0.3579997179736975	6	22	4	1	4.0
ssj230.1530.5543	3.0	1.3195286648076292	6	22	4	2	2.0
ssj133.863.3307	1.7142857142857142	1.3298383084089973	3	9	1	1	1.0
elexiswsd1.373.sl.131189	1.5	1.4389746189488037	4	10	1	1	1.0
ssj284.1745.6204	2.0	0.8047189562170503	3	6	1	1	1.0
ssj142.934.3577	2.5952380952380953	2.0664490916929315	9	49	5	3	1.6666666666666667
ssj111.704.2647	2.533333333333333	1.320368876540957	7	36	4	2	2.0
ssj310.1867.6625	1.8571428571428572	1.505208412618456	6	17	1	1	1.0
ssj434.2393.8395	2.6578947368421053	1.5344059033082644	12	44	4	1	4.0
elexiswsd1.836.sl.131654	2.8947368421052633	1.907191420294185	7	23	2	1	2.0
ssj204.1377.4989	3.3	0.5066762223586433	4	14	1	1	1.0
ssj193.1283.4638	2.5	0.4700036292457356	4	13	2	2	1.0
ssj117.743.2796	2.111111111111111	1.3911186576778065	4	10	1	1	1.0
ssj377.2168.7699	4.384615384615385	1.3022389051347503	4	21	3	1	3.0
ssj254.1637.5892	1.5	0.49041462650586304	2	4	1	1	1.0
ssj234.1555.5621	2.0	1.242453324894	5	16	2	1	2.0
ssj193.1278.4622	1.5	0.8369882167858357	2	6	1	1	1.0
ssj35.209.855	2.6666666666666665	0.8880055561299579	3	9	1	1	1.0
ssj382.2176.7726	3.1818181818181817	1.8046751100162228	4	26	3	1	3.0
elexiswsd1.889.sl.131708	1.7	1.5936193699625092	4	12	1	1	1.0
ssj351.2048.7233	1.8571428571428572	1.2497956007354607	3	9	1	1	1.0
ssj178.1206.4398	4.333333333333333	0.7835677663717056	5	34	3	2	1.5
ssj119.770.2916	3.75	0.6286086594223741	4	9	1	1	1.0
ssj46.289.1160	2.0	1.7249937729157936	7	21	2	1	2.0
ssj46.299.1209	1.75	0.8266785731844679	2	6	1	1	1.0
ssj292.1777.6305	2.4615384615384617	0.728261723672551	5	19	4	4	1.0
ssj347.2020.7166	2.4285714285714284	0.08565187952675406	5	11	1	1	1.0
ssj163.1119.4128	1.5	1.2951335827229133	3	8	1	1	1.0
ssj20.88.349	2.272727272727273	0.9272732286634099	4	14	2	1	2.0
ssj424.2356.8286	2.076923076923077	1.2447343507479212	5	16	2	2	1.0
ssj144.989.3734	n/a	n/a	2	4	1	1	1.0
ssj193.1266.4581	2.2222222222222223	1.1048235486673883	4	12	2	1	2.0
ssj453.2497.8779	2.066666666666667	1.7793806436651916	6	17	2	1	2.0
ssj424.2359.8293	2.5555555555555554	1.056222384689207	3	11	1	1	1.0
ssj328.1965.6990	2.0714285714285716	1.3960091206534642	4	17	2	2	1.0
ssj325.1939.6897	1.8	1.3682248378119541	4	12	1	1	1.0
ssj451.2485.8727	1.6666666666666667	1.3925056211191693	4	11	1	1	1.0
ssj38.224.907	2.076923076923077	0.551587170187976	6	17	3	1	3.0
ssj140.894.3423	3.5135135135135136	2.1582803309448546	7	51	2	1	2.0
ssj474.2567.9149	2.533333333333333	0.42448914192692944	6	21	3	1	3.0
ssj296.1809.6409	4.093023255813954	2.7212210136673245	10	106	7	3	2.3333333333333335
ssj95.625.2391	5.0	0.32696323370333213	5	16	2	1	2.0
elexiswsd1.1570.sl.132395	1.8	0.9100794718748765	3	7	1	1	1.0
ssj399.2241.7911	2.142857142857143	1.3621075689777828	5	17	1	1	1.0
ssj213.1413.5130	2.125	0.8352551127975925	3	10	1	1	1.0
ssj172.1176.4288	2.8333333333333335	1.2996117387339488	4	22	3	2	1.5
ssj406.2266.7997	2.1176470588235294	1.5621808122422416	7	20	2	1	2.0
ssj305.1850.6551	2.5238095238095237	1.4012106992500628	6	27	4	2	2.0
ssj193.1269.4594	2.6666666666666665	1.0663430280993242	4	19	2	1	2.0
ssj404.2256.7964	2.0	0.1438410362258906	4	7	1	1	1.0
ssj14.63.257	2.8	1.3641264542098648	5	24	3	3	1.0
ssj144.1008.3799	3.2	0.35843185358863067	3	8	2	2	1.0
ssj323.1915.6830	3.0952380952380953	0.7389699769694701	6	25	4	2	2.0
ssj226.1497.5443	2.0	1.5622825726984797	5	16	1	1	1.0
ssj61.376.1503	n/a	n/a	2	2	1	1	1.0
elexiswsd1.1392.sl.132214	2.923076923076923	0.7591440207999742	4	16	2	2	1.0
ssj367.2098.7442	3.227272727272727	0.3738838029961585	5	28	2	2	1.0
ssj104.669.2546	1.625	1.1035190993922719	5	10	1	1	1.0
ssj119.773.2925	2.25	1.2685113254635072	5	10	2	1	2.0
ssj98.631.2439	3.037037037037037	1.3417550079592906	6	31	4	3	1.3333333333333333
elexiswsd1.421.sl.131237	2.4705882352941178	1.0614565421350106	5	20	2	2	1.0
ssj470.2549.9067	2.608695652173913	1.851350086565624	6	26	2	1	2.0
ssj193.1286.4647	2.0	0.5493061443340547	2	5	1	1	1.0
ssj66.411.1588	3.75	0.5226838870746487	6	28	1	1	1.0
ssj217.1441.5225	2.2857142857142856	1.1192315758708455	3	9	1	1	1.0
ssj401.2243.7924	3.1818181818181817	1.3610235125157717	5	15	1	1	1.0
ssj3.9.34	2.0588235294117645	1.0410455448748832	9	22	5	2	2.5
ssj124.789.2989	1.6	1.02786250753126	3	8	1	1	1.0
ssj424.2357.8289	2.1	1.5079674904357552	4	12	1	1	1.0
ssj111.701.2642	3.0	0.8369882167858357	4	17	1	1	1.0
elexiswsd1.835.sl.131653	2.3	1.358104194401837	7	24	2	1	2.0
ssj78.513.1938	2.9642857142857144	1.7307587039632306	8	35	5	2	2.5
ssj326.1958.6971	1.5	0.8369882167858357	5	8	2	1	2.0
ssj448.2453.8586	2.75	0.7801585575495751	5	16	3	1	3.0
ssj215.1427.5176	2.0	1.0551066001732947	5	13	1	1	1.0
ssj320.1904.6795	3.238095238095238	1.2431556860230553	5	25	3	2	1.5
ssj122.781.2970	3.6153846153846154	1.2397297593762466	7	48	6	1	6.0
ssj131.828.3164	2.962962962962963	0.9083022546125847	6	31	5	3	1.6666666666666667
ssj159.1074.4016	2.4705882352941178	1.316869354018006	6	21	3	1	3.0
elexiswsd1.527.sl.131344	2.25	0.778096698957644	6	15	1	1	1.0
ssj177.1196.4356	2.3333333333333335	1.6479184330021646	6	26	3	1	3.0
ssj446.2438.8563	1.7777777777777777	1.5629689146044659	5	11	2	1	2.0
ssj446.2435.8547	3.6666666666666665	1.8352651577228698	5	30	2	1	2.0
elexiswsd1.682.sl.131500	1.8888888888888888	0.46262352194811296	6	12	1	1	1.0
elexiswsd1.1013.sl.131832	3.0588235294117645	0.8478824418369517	6	20	3	2	1.5
ssj144.971.3696	2.0	1.354025100551105	4	15	1	1	1.0
ssj414.2309.8133	2.5294117647058822	1.181767080950707	5	20	4	2	2.0
ssj118.754.2849	1.0	0.34657359027997275	3	4	1	1	1.0
elexiswsd1.1604.sl.132429	2.0	1.7594902086592694	5	18	1	1	1.0
ssj444.2426.8507	2.857142857142857	1.3094273111488697	4	20	1	1	1.0
ssj45.280.1133	2.5	0.5697171415941823	2	5	1	1	1.0
elexiswsd1.637.sl.131454	2.1538461538461537	1.3199384822341513	4	15	1	1	1.0
ssj202.1358.4917	3.4901960784313726	1.9584082236884035	9	66	6	2	3.0
elexiswsd1.917.sl.131736	1.7777777777777777	1.2163953243244932	4	11	1	1	1.0
ssj205.1378.4998	1.9	1.4823937348522849	4	13	1	1	1.0
ssj132.840.3218	1.7	1.51654403004888	4	12	1	1	1.0
ssj422.2348.8273	3.5384615384615383	1.058503410543128	5	18	3	2	1.5
ssj223.1464.5319	1.8571428571428572	1.3268709406490897	5	11	1	1	1.0
ssj5.18.63	2.6785714285714284	1.879766288125681	5	30	2	2	1.0
ssj177.1193.4344	3.871794871794872	1.9502821219627655	6	45	3	1	3.0
ssj177.1197.4366	2.2941176470588234	1.868733048685446	5	21	4	2	2.0
ssj384.2193.7780	2.6315789473684212	1.0539416076555694	5	24	2	2	1.0
ssj166.1136.4192	2.4324324324324325	1.609714379196017	11	45	6	2	3.0
ssj279.1733.6138	2.6315789473684212	0.5046354633215147	8	22	2	1	2.0
ssj223.1465.5330	2.7	0.8511879540466848	3	13	2	2	1.0
ssj144.991.3748	2.25	1.4277381910227747	4	13	2	1	2.0
ssj27.157.643	5.7272727272727275	1.4663840281735978	8	29	3	1	3.0
ssj98.629.2434	2.4	1.1717035437571504	7	25	3	2	1.5
ssj457.2513.8905	4.6	0.5211159776160011	7	37	2	1	2.0
ssj5.23.78	3.2857142857142856	1.372397922827793	5	19	1	1	1.0
ssj335.1978.7028	2.0	1.583791265240325	7	22	3	2	1.5
ssj213.1413.5134	1.5454545454545454	1.5683485213583899	6	13	1	1	1.0
ssj25.123.515	2.3846153846153846	1.1065840122671042	5	15	2	2	1.0
ssj27.145.585	2.4285714285714284	1.2369444260237767	6	19	2	1	2.0
ssj260.1658.5957	2.1818181818181817	1.3146688134636377	5	13	2	1	2.0
ssj193.1292.4670	2.5	0.5815754049028404	2	6	1	1	1.0
ssj170.1163.4254	1.0	0.34657359027997275	2	3	1	1	1.0
ssj20.91.374	1.75	0.9382503488415728	3	6	1	1	1.0
elexiswsd1.859.sl.131677	3.0	1.7276323014662156	5	21	1	1	1.0
ssj131.829.3174	2.888888888888889	0.037740327982847086	4	13	3	3	1.0
ssj27.145.586	3.4166666666666665	0.013787907977692701	5	17	2	1	2.0
ssj152.1038.3876	1.9	1.6080509489927377	4	13	2	1	2.0
elexiswsd1.1011.sl.131830	2.3125	1.6992577172124703	7	22	2	1	2.0
ssj279.1734.6148	3.9166666666666665	1.119665697865942	4	31	5	5	1.0
ssj188.1238.4505	2.8333333333333335	1.0968791846798664	4	16	2	1	2.0
ssj208.1393.5049	1.375	1.2705731840554382	6	10	1	1	1.0
elexiswsd1.1400.sl.132222	2.6470588235294117	1.7971826268651094	6	20	2	1	2.0
ssj28.169.681	3.1666666666666665	0.8418125133437518	6	24	4	3	1.3333333333333333
ssj422.2347.8263	3.142857142857143	1.3256889070016495	5	17	2	1	2.0
ssj21.106.451	1.6	1.3076704014989713	4	9	2	1	2.0
ssj451.2485.8722	1.7692307692307692	1.2612359645972102	7	16	4	2	2.0
elexiswsd1.344.sl.131160	2.3333333333333335	1.6376087894007967	8	28	2	2	1.0
ssj406.2261.7974	2.5294117647058822	1.8426450009418667	7	21	3	1	3.0
ssj160.1080.4036	2.1578947368421053	1.2523925463794077	8	23	6	2	3.0
ssj34.200.806	2.2083333333333335	1.6015077881868467	7	27	1	1	1.0
ssj6.33.126	2.4615384615384617	0.9309942777266333	5	16	2	1	2.0
ssj115.716.2688	3.0625	0.8163689295831	4	19	2	2	1.0
ssj131.826.3139	1.8571428571428572	1.2497956007354607	3	9	1	1	1.0
ssj21.102.430	2.1	0.9586613461017003	4	14	3	1	3.0
ssj144.985.3729	1.5	1.0397207708399179	4	8	2	2	1.0
elexiswsd1.453.sl.131269	1.75	0.48010498290449527	3	6	1	1	1.0
elexiswsd1.90.sl.130905	2.2857142857142856	1.0421562359572163	5	18	3	1	3.0
ssj166.1138.4198	3.3513513513513513	2.427876126426123	7	46	5	3	1.6666666666666667
elexiswsd1.796.sl.131614	2.3333333333333335	1.1998744207238468	5	18	2	1	2.0
ssj42.254.1014	2.7857142857142856	1.3347451191331596	7	35	4	2	2.0
ssj221.1455.5276	2.75	0.6545013434091221	8	32	2	1	2.0
ssj324.1919.6838	2.6	1.7525387560747736	4	19	2	2	1.0
elexiswsd1.120.sl.130936	2.0625	1.0089491121731642	7	20	2	1	2.0
elexiswsd1.287.sl.131103	2.5714285714285716	0.3750670559667778	6	18	1	1	1.0
ssj293.1785.6338	2.5714285714285716	0.3750670559667778	3	9	1	1	1.0
ssj144.1003.3782	1.7692307692307692	1.5166487764802057	6	17	1	1	1.0
elexiswsd1.332.sl.131148	1.8333333333333333	1.643769031594817	5	20	2	2	1.0
ssj400.2242.7920	1.5	0.6342556627317537	3	6	1	1	1.0
ssj133.848.3253	2.08	1.570217199280819	9	29	5	3	1.6666666666666667
ssj142.929.3556	2.789473684210526	1.2510855114145891	6	25	1	1	1.0
ssj417.2324.8189	2.2666666666666666	1.0850209213712088	5	18	2	1	2.0
ssj282.1741.6188	2.7	0.5046143637667121	4	15	2	2	1.0
ssj71.445.1701	6.208333333333333	0.31244058391051405	6	34	1	1	1.0
ssj76.493.1842	1.7777777777777777	1.4191278783785755	5	11	1	1	1.0
ssj375.2154.7651	2.1875	1.152841166204313	7	19	4	2	2.0
ssj477.2579.9201	3.3703703703703702	1.2376147487066937	4	31	3	3	1.0
ssj477.2578.9193	3.0	0.9050543039481258	3	15	3	2	1.5
ssj304.1848.6543	1.625	1.3589319112752674	3	10	1	1	1.0
elexiswsd1.1084.sl.131903	1.6666666666666667	1.5607417394297756	4	11	1	1	1.0
ssj84.552.2096	2.590909090909091	1.1428185565369786	6	26	3	2	1.5
ssj282.1740.6181	2.5833333333333335	0.842678914530909	6	14	3	2	1.5
ssj255.1642.5913	2.3333333333333335	0.5978880185608786	3	9	2	1	2.0
ssj130.824.3107	1.8888888888888888	1.2673424781651632	4	12	1	1	1.0
ssj27.157.645	2.375	1.14767840788097	4	10	1	1	1.0
ssj47.317.1293	2.3076923076923075	1.3421063891441773	4	17	2	1	2.0
ssj71.450.1709	1.75	0.9382503488415728	3	6	1	1	1.0
ssj254.1637.5890	2.7142857142857144	0.9473813189441861	3	9	1	1	1.0
ssj3.4.16	2.2222222222222223	0.6466781827303106	6	12	3	1	3.0
ssj40.239.956	n/a	n/a	2	3	1	1	1.0
ssj266.1683.6025	2.75	1.931451104046598	6	28	4	2	2.0
ssj142.956.3652	5.9787234042553195	1.1098218077589987	7	60	8	3	2.6666666666666665
elexiswsd1.416.sl.131232	1.8	1.3682248378119541	4	12	1	1	1.0
ssj35.207.834	2.25	1.2017456291512458	3	10	1	1	1.0
ssj119.771.2917	2.111111111111111	1.156116843054939	4	15	2	2	1.0
ssj342.1994.7082	2.3333333333333335	1.1998744207238468	4	18	2	2	1.0
ssj469.2547.9045	3.9444444444444446	0.6221839041369865	4	24	3	3	1.0
ssj131.835.3198	2.8	0.4682467195958374	4	15	2	1	2.0
ssj111.695.2620	3.5555555555555554	1.995467633347768	6	41	3	1	3.0
elexiswsd1.1228.sl.132047	2.3333333333333335	1.2242695028085626	3	11	1	1	1.0
ssj301.1833.6485	2.5	1.322377675364948	8	28	4	1	4.0
ssj156.1060.3957	2.4285714285714284	1.0586069540544105	3	9	1	1	1.0
ssj320.1906.6805	2.2857142857142856	0.4928500916231614	3	9	1	1	1.0
ssj445.2427.8511	1.3333333333333333	1.3013448427221919	3	8	1	1	1.0
ssj205.1379.5000	2.6666666666666665	1.013662770270411	4	10	1	1	1.0
ssj159.1074.4013	3.1923076923076925	1.9661703360126206	7	31	1	1	1.0
ssj417.2327.8197	2.1666666666666665	0.1226898463805457	4	10	2	2	1.0
ssj201.1345.4856	1.8888888888888888	1.2673424781651632	3	13	2	2	1.0
elexiswsd1.747.sl.131565	2.933333333333333	1.4291782142320768	4	19	3	1	3.0
ssj131.839.3213	3.7241379310344827	2.1016804692553546	7	35	5	2	2.5
ssj27.142.573	3.8214285714285716	0.3254779308008997	5	35	4	4	1.0
ssj165.1134.4185	2.9767441860465116	1.7627249841483832	10	50	3	2	1.5
ssj364.2092.7416	3.0	0.9808292530117262	4	18	2	2	1.0
ssj343.2004.7120	2.5625	1.6877643415493642	5	20	4	1	4.0
ssj193.1268.4588	2.25	0.778096698957644	4	11	2	1	2.0
ssj384.2203.7807	2.2083333333333335	1.3460949763038512	7	28	3	1	3.0
ssj142.924.3532	3.5	0.8855700910126596	3	10	1	1	1.0
ssj225.1469.5349	2.0	1.5567576546051873	5	18	3	1	3.0
elexiswsd1.367.sl.131183	3.55	1.1267982679036985	5	28	2	1	2.0
ssj163.1119.4129	2.090909090909091	1.559960981936516	5	13	1	1	1.0
elexiswsd1.1592.sl.132417	2.4166666666666665	1.5113566911925493	6	14	1	1	1.0
ssj450.2468.8641	2.3	1.0115306041218644	4	13	2	2	1.0
ssj213.1413.5132	3.0	0.8958797346140275	5	32	2	2	1.0
ssj154.1050.3934	2.1875	0.9501086121502309	6	20	5	2	2.5
ssj156.1064.3970	3.1142857142857143	1.9956993105560816	7	43	4	1	4.0
elexiswsd1.806.sl.131624	2.6	0.9478197998577236	5	21	2	1	2.0
ssj35.209.853	2.125	0.8352551127975925	4	11	2	1	2.0
ssj450.2468.8631	2.5	1.1631508098056809	6	18	2	2	1.0
elexiswsd1.1173.sl.131992	2.823529411764706	1.7952256772045412	6	20	1	1	1.0
ssj370.2116.7524	2.3	0.318383423561919	4	13	3	2	1.5
ssj326.1953.6951	1.6666666666666667	1.4247748816879546	7	15	1	1	1.0
ssj309.1858.6589	2.4285714285714284	0.43222546980672655	5	11	2	1	2.0
ssj252.1614.5846	1.4285714285714286	1.3094273111488697	4	9	1	1	1.0
ssj233.1546.5591	3.475	1.403564204257263	7	44	4	3	1.3333333333333333
elexiswsd1.212.sl.131028	2.1	1.3052349363816729	3	12	1	1	1.0
ssj217.1442.5230	3.25	1.6798588543614648	6	23	3	2	1.5
ssj358.2068.7320	3.0	0.10033534773107555	5	14	2	2	1.0
ssj384.2196.7787	1.6363636363636365	1.5111901075184413	6	14	3	1	3.0
ssj142.918.3512	n/a	n/a	2	2	1	1	1.0
ssj363.2084.7388	3.0	0.877009570622604	4	16	2	1	2.0
elexiswsd1.1261.sl.132080	2.8461538461538463	0.9296533041080258	6	16	2	2	1.0
ssj415.2318.8176	2.0714285714285716	1.5642452389640704	6	19	2	1	2.0
ssj18.86.333	3.04	1.3934601316299975	6	28	2	2	1.0
ssj141.895.3427	2.65	1.0726126411129195	6	24	3	2	1.5
elexiswsd1.247.sl.000000	1.9090909090909092	1.357039427691183	4	13	1	1	1.0
ssj412.2285.8062	2.75	1.382144959712543	5	14	1	1	1.0
ssj1.1.3	2.6923076923076925	1.187955709316919	4	17	4	2	2.0
ssj18.77.301	3.1470588235294117	1.656432723302254	6	38	4	2	2.0
ssj82.537.2042	3.5694444444444446	2.5495710086221	9	83	5	3	1.6666666666666667
ssj35.209.846	4.375	0.7627618874295256	4	12	1	1	1.0
ssj456.2507.8856	2.75	1.5503810780231495	7	18	2	1	2.0
ssj164.1129.4158	2.7333333333333334	0.34850323494900726	5	19	2	1	2.0
ssj413.2295.8097	1.3333333333333333	0.8109302162163288	2	5	1	1	1.0
ssj455.2506.8843	3.8	0.9675840262617056	3	14	1	1	1.0
elexiswsd1.677.sl.131495	1.8	0.2169322913149312	3	7	1	1	1.0
ssj455.2503.8797	1.25	1.0193097735797902	3	6	1	1	1.0
ssj469.2547.9050	1.5	0.8369882167858357	3	6	2	1	2.0
ssj390.2224.7867	3.5538461538461537	0.8191631943216621	11	75	5	2	2.5
ssj477.2579.9205	2.4285714285714284	1.328105204420754	4	17	2	2	1.0
ssj154.1051.3936	1.8	1.0216512475319814	3	8	1	1	1.0
ssj476.2571.9163	1.25	0.8165772195257083	3	6	1	1	1.0
ssj193.1295.4681	3.7222222222222223	1.698612125417856	6	24	3	1	3.0
ssj455.2506.8837	3.0454545454545454	1.5831636071435307	5	27	3	2	1.5
ssj342.2001.7099	4.909090909090909	0.994153223753172	6	28	2	1	2.0
ssj366.2095.7431	2.8666666666666667	1.4521677324567754	6	18	1	1	1.0
elexiswsd1.1532.sl.132357	2.5714285714285716	0.028493465686805247	3	9	1	1	1.0
ssj138.884.3394	3.816326530612245	1.757914376808376	6	60	6	4	1.5
ssj393.2230.7883	2.3	1.2142631581759464	3	12	1	1	1.0
ssj462.2525.8967	2.5294117647058822	0.4886199003907617	6	20	3	2	1.5
ssj163.1120.4135	3.4375	0.7008560424612558	7	19	2	1	2.0
ssj191.1249.4538	3.0	0.5674899664194922	5	11	1	1	1.0
ssj179.1212.4424	1.0	0.0	2	2	1	1	1.0
elexiswsd1.474.sl.131291	1.6666666666666667	1.1370928092361738	5	11	1	1	1.0
ssj370.2112.7506	2.466666666666667	1.0004635333431455	5	18	3	2	1.5
ssj423.2350.8278	2.25	1.2685113254635072	6	25	1	1	1.0
ssj407.2267.8001	3.0625	0.9602099658089905	5	20	3	1	3.0
ssj151.1028.3846	4.166666666666667	2.051156365935639	5	39	2	1	2.0
ssj459.2519.8930	2.8181818181818183	0.8560028852723548	5	25	2	2	1.0
ssj223.1464.5316	2.3529411764705883	1.2540877425303332	5	24	2	2	1.0
ssj38.236.948	3.6	1.2243838015860635	5	20	3	1	3.0
ssj370.2113.7508	2.6666666666666665	1.0663430280993242	4	18	2	2	1.0
ssj116.728.2737	5.6	1.076444381758084	7	20	2	1	2.0
ssj214.1418.5158	6.6571428571428575	0.11801636133158015	5	48	1	1	1.0
ssj300.1820.6450	2.5135135135135136	1.688496332030131	9	43	5	3	1.6666666666666667
ssj228.1513.5497	3.1666666666666665	1.097225325226747	5	36	4	4	1.0
ssj369.2106.7484	3.1875	0.9202046311952914	5	20	4	3	1.3333333333333333
ssj75.476.1791	2.619047619047619	1.1087566156867183	6	25	3	2	1.5
ssj46.306.1239	2.933333333333333	0.2778856677350541	5	20	3	2	1.5
ssj192.1259.4562	4.185185185185185	1.7142336170711485	6	32	2	1	2.0
ssj90.596.2252	2.2142857142857144	1.723546426336927	5	17	1	1	1.0
ssj312.1881.6699	3.088235294117647	1.6085355112943753	6	38	2	1	2.0
ssj230.1528.5534	1.8888888888888888	1.7050768468421131	4	14	2	1	2.0
ssj141.898.3437	2.75	1.382144959712543	4	24	3	2	1.5
ssj6.33.116	6.555555555555555	1.1103942390577402	5	23	1	1	1.0
elexiswsd1.1329.sl.132150	1.8	1.2566530621548493	4	12	1	1	1.0
ssj355.2058.7274	2.888888888888889	0.8424592841998972	3	12	2	2	1.0
ssj108.685.2594	1.8571428571428572	0.7004894564014058	4	9	3	3	1.0
elexiswsd1.1314.sl.132135	2.0	1.1512925464970227	4	10	2	2	1.0
ssj21.98.416	2.125	0.28594896846353784	4	10	1	1	1.0
ssj421.2339.8236	1.75	0.8266785731844679	2	6	1	1	1.0
ssj15.67.273	3.0714285714285716	0.19738587872932548	5	18	1	1	1.0
ssj147.1014.3816	2.0	1.3195286648076292	6	18	3	1	3.0
ssj193.1266.4580	2.1818181818181817	1.5700816253466332	4	15	3	1	3.0
ssj77.506.1911	4.365853658536586	2.0490745493033087	9	50	6	2	3.0
elexiswsd1.749.sl.131567	2.176470588235294	0.9854756937200724	7	21	2	1	2.0
ssj360.2078.7358	1.625	1.2473601356181625	4	11	2	2	1.0
ssj193.1279.4624	1.5	0.49041462650586304	2	4	1	1	1.0
ssj47.314.1272	2.125	1.8082101873252494	8	27	3	2	1.5
elexiswsd1.614.sl.131431	2.2	0.01626159585277994	3	7	1	1	1.0
ssj202.1358.4915	3.933333333333333	0.015462142252404323	5	18	3	2	1.5
ssj404.2258.7970	7.444444444444445	0.21570857282669165	4	29	1	1	1.0
ssj78.513.1934	3.0	0.0	3	11	2	2	1.0
ssj130.824.3110	2.533333333333333	0.7710627322069021	8	20	5	2	2.5
elexiswsd1.652.sl.131470	1.5	1.2951335827229133	4	8	1	1	1.0
ssj470.2549.9068	2.857142857142857	0.9628537208688969	5	9	1	1	1.0
ssj304.1848.6546	3.263157894736842	0.9826712642645146	7	24	2	2	1.0
ssj131.829.3173	3.466666666666667	1.3097792194710731	5	20	3	1	3.0
elexiswsd1.1516.sl.132341	2.0	0.752038698388137	5	8	1	1	1.0
ssj46.298.1204	2.642857142857143	0.8969742261127184	4	17	2	2	1.0
elexiswsd1.705.sl.131523	2.8181818181818183	0.7121618490464644	5	15	1	1	1.0
ssj88.582.2201	3.4583333333333335	1.3879609085652385	6	27	2	1	2.0
ssj479.2586.9233	3.2777777777777777	2.3528475639517406	10	42	4	2	2.0
elexiswsd1.927.sl.131746	3.8421052631578947	1.2774915740982924	6	23	2	1	2.0
ssj205.1379.5001	2.3636363636363638	0.33874637117607365	5	14	1	1	1.0
elexiswsd1.9.sl.130822	1.8	1.4593856162089314	8	22	1	1	1.0
ssj194.1312.4738	2.111111111111111	1.7376922479577792	6	21	2	2	1.0
ssj75.472.1769	2.2857142857142856	1.2975690478402115	5	17	2	1	2.0
ssj199.1335.4826	1.9285714285714286	1.6357042029462154	5	17	1	1	1.0
ssj356.2062.7287	3.375	0.9219377351835344	9	29	2	1	2.0
elexiswsd1.1435.sl.132257	2.0	0.20273255405408205	4	9	3	2	1.5
ssj301.1830.6475	2.1333333333333333	1.7952870352527739	5	19	3	2	1.5
ssj85.561.2143	2.3846153846153846	1.1065840122671042	5	16	2	1	2.0
ssj350.2046.7230	2.875	1.0822803852587137	8	29	4	2	2.0
ssj470.2555.9104	3.5675675675675675	1.338293902597016	7	42	4	3	1.3333333333333333
ssj213.1410.5115	2.4444444444444446	0.8979415932059585	3	12	2	1	2.0
ssj46.297.1199	2.625	0.9705196094103583	3	10	1	1	1.0
elexiswsd1.695.sl.131513	1.875	1.3069918460315713	3	10	1	1	1.0
elexiswsd1.1298.sl.132118	2.2142857142857144	1.5643195607776597	5	16	1	1	1.0
ssj374.2149.7634	2.0434782608695654	1.7489734567976933	7	26	2	1	2.0
ssj451.2474.8671	1.8571428571428572	0.903222010455488	4	10	3	2	1.5
ssj160.1078.4029	1.5	0.49041462650586304	2	4	1	1	1.0
ssj384.2200.7798	2.5625	0.9946171609894188	6	19	2	2	1.0
ssj359.2073.7337	4.5	1.092401028668831	5	24	2	1	2.0
ssj265.1681.6017	2.85	1.549159431164546	6	23	2	2	1.0
elexiswsd1.564.sl.131381	1.7	1.1699704397689072	5	12	2	1	2.0
ssj342.1993.7079	2.8	0.32440568336994685	5	18	3	2	1.5
ssj5.25.80	2.4	1.7736899459201185	7	26	3	1	3.0
ssj292.1779.6315	1.8	0.7662384356489861	3	7	1	1	1.0
ssj131.827.3153	1.9	1.3141576165416782	5	12	1	1	1.0
ssj234.1557.5628	3.0	0.8369882167858357	5	20	2	1	2.0
ssj45.271.1081	2.9	1.0595368840322512	5	19	1	1	1.0
ssj417.2327.8202	3.0	1.629048269010741	8	35	4	3	1.3333333333333333
ssj482.2602.9267	2.9166666666666665	0.17201191319258682	4	15	2	1	2.0
elexiswsd1.362.sl.131178	2.8	0.4682467195958374	4	13	2	1	2.0
ssj73.462.1739	3.3636363636363638	1.372219357673222	6	28	3	2	1.5
ssj142.916.3504	3.5675675675675675	0.5335749463799658	8	47	5	1	5.0
ssj116.726.2717	1.7777777777777777	1.4962032182922045	4	11	1	1	1.0
ssj277.1715.6095	5.032258064516129	1.3435781243721825	7	38	3	1	3.0
ssj124.789.2992	2.4	1.4271163556401458	5	23	2	2	1.0
ssj284.1749.6223	2.142857142857143	0.5573886127607325	3	10	2	2	1.0
ssj206.1383.5014	3.576923076923077	1.5969986387729673	6	31	2	2	1.0
ssj455.2505.8833	3.8135593220338984	2.172425253237379	9	78	5	2	2.5
ssj116.731.2755	1.6666666666666667	0.038480520568064065	3	5	1	1	1.0
ssj131.829.3171	4.2926829268292686	0.3998741050183099	7	57	7	1	7.0
ssj349.2034.7205	1.8571428571428572	1.505208412618456	6	16	1	1	1.0
ssj95.624.2384	2.0	0.0	3	6	1	1	1.0
ssj243.1593.5774	2.1333333333333333	1.4010583550706388	7	22	1	1	1.0
ssj238.1568.5682	2.2	1.055982366692698	4	11	1	1	1.0
ssj402.2248.7936	2.9583333333333335	1.6030131571487127	6	30	4	2	2.0
ssj437.2403.8434	2.0	1.0074515102711326	3	8	1	1	1.0
ssj284.1745.6202	2.5	0.9281489951828131	4	16	4	2	2.0
ssj46.287.1155	2.3125	2.2808331221153106	8	37	5	2	2.5
ssj133.849.3256	3.3529411764705883	0.8999159288097193	4	23	6	5	1.2
ssj267.1694.6045	3.2181818181818183	2.357111264136589	7	65	7	3	2.3333333333333335
ssj27.151.630	1.6666666666666667	1.2809338454620642	5	13	1	1	1.0
ssj124.789.2990	2.1666666666666665	1.3651431712745459	4	15	2	2	1.0
ssj184.1225.4447	2.3666666666666667	1.3884223397859725	9	35	5	2	2.5
ssj81.531.2009	3.2857142857142856	2.1771168790448434	8	34	3	1	3.0
ssj445.2429.8521	2.0	1.0986122886681098	4	12	2	2	1.0
elexiswsd1.445.sl.131261	3.727272727272727	0.5764180230531932	3	13	2	2	1.0
elexiswsd1.648.sl.131466	3.75	1.4585849755254443	5	24	2	2	1.0
ssj455.2503.8796	4.689655172413793	1.5548955312717672	6	35	2	1	2.0
elexiswsd1.847.sl.131665	2.6363636363636362	1.3808396257081046	4	15	1	1	1.0
ssj277.1720.6107	3.1904761904761907	0.708664627474141	6	24	3	2	1.5
ssj214.1415.5142	4.032258064516129	2.023265760256496	7	36	1	1	1.0
elexiswsd1.1468.sl.132293	2.3333333333333335	1.3681105390344532	7	27	5	2	2.5
ssj226.1494.5436	1.9090909090909092	1.1016266158081875	5	14	4	2	2.0
ssj302.1840.6510	2.0	1.3195286648076292	5	17	2	1	2.0
ssj367.2100.7464	2.6875	0.7442565579460821	6	19	2	1	2.0
ssj384.2192.7777	2.6923076923076925	1.9926746655339689	7	31	4	2	2.0
ssj99.636.2450	1.9	1.058744804658683	5	14	2	1	2.0
ssj237.1563.5656	2.3125	1.6992577172124703	5	20	4	2	2.0
elexiswsd1.328.sl.131144	1.8	0.2169322913149312	4	7	1	1	1.0
ssj227.1510.5488	4.709677419354839	1.7128954116985409	5	35	2	1	2.0
ssj260.1663.5977	2.75	1.382144959712543	5	14	1	1	1.0
ssj152.1030.3856	2.2222222222222223	0.8494107367843928	4	12	2	1	2.0
ssj24.116.490	2.8	1.566859008263947	6	35	3	2	1.5
ssj71.444.1698	2.411764705882353	0.5362479493800165	6	22	4	2	2.0
ssj116.728.2749	2.5	0.4700036292457356	5	19	3	1	3.0
ssj279.1731.6134	3.1923076923076925	1.7507788779663933	5	31	4	4	1.0
elexiswsd1.1218.sl.132037	2.25	1.404478183205328	5	15	2	1	2.0
ssj424.2353.8281	3.0784313725490198	1.6462115999552307	8	58	5	3	1.6666666666666667
ssj249.1600.5812	3.6538461538461537	1.22914765004571	6	30	2	1	2.0
ssj230.1525.5529	2.4	1.4747714455423082	4	14	1	1	1.0
elexiswsd1.1118.sl.131937	2.6363636363636362	1.6747329581591641	5	25	2	1	2.0
ssj77.501.1879	2.2857142857142856	0.6955826456772436	3	10	2	1	2.0
ssj470.2553.9093	1.7777777777777777	0.5232481437645479	6	11	1	1	1.0
elexiswsd1.10.sl.130823	1.4	1.017552863929892	3	7	1	1	1.0
ssj350.2040.7216	2.3125	1.4438449053294748	5	18	3	2	1.5
ssj76.492.1840	2.6923076923076925	1.443368521199914	4	14	1	1	1.0
ssj388.2220.7851	2.2	0.9121413304668073	3	7	1	1	1.0
ssj319.1901.6784	3.5526315789473686	0.5511044611511492	10	51	3	1	3.0
ssj131.825.3123	2.5	0.5815754049028404	2	6	1	1	1.0
ssj118.750.2830	2.1666666666666665	1.2739823928775686	4	11	2	1	2.0
elexiswsd1.580.sl.131397	2.1666666666666665	1.3651431712745459	7	22	3	1	3.0
ssj386.2215.7841	2.0833333333333335	1.5482049206537176	4	13	1	1	1.0
ssj118.754.2847	2.0	0.8047189562170503	3	6	1	1	1.0
elexiswsd1.1440.sl.132262	2.0	1.0074515102711326	3	8	1	1	1.0
ssj449.2461.8603	1.9285714285714286	1.4674680846356092	5	17	2	1	2.0
ssj276.1712.6087	4.217391304347826	1.7379682578244422	7	27	3	1	3.0
ssj84.556.2118	2.933333333333333	0.6244592580150266	5	20	4	2	2.0
ssj46.299.1213	1.375	1.4144142202813288	5	10	3	2	1.5
ssj21.100.423	n/a	n/a	2	3	1	1	1.0
ssj106.674.2559	2.7222222222222223	1.2484562949506706	7	21	3	1	3.0
ssj292.1781.6329	3.7	1.0854130517408442	4	14	2	1	2.0
elexiswsd1.863.sl.131681	2.0	1.242453324894	3	10	1	1	1.0
ssj142.948.3621	1.5	0.49041462650586304	2	4	1	1	1.0
ssj45.280.1135	3.875	0.23448125236866235	3	16	1	1	1.0
ssj171.1167.4262	3.8076923076923075	1.9014628693317335	8	35	2	1	2.0
ssj309.1858.6580	3.5454545454545454	0.27985485334788207	4	14	2	2	1.0
elexiswsd1.559.sl.131376	3.4285714285714284	1.5325708624630794	6	22	1	1	1.0
ssj100.640.2463	2.347826086956522	1.4074044578893952	7	27	3	1	3.0
ssj226.1476.5380	3.107142857142857	1.8148733253389904	6	39	10	7	1.4285714285714286
elexiswsd1.1282.sl.132101	2.4375	1.391201171844053	5	19	2	1	2.0
ssj20.93.400	2.6	0.7450872458036413	3	7	1	1	1.0
ssj46.306.1237	1.9090909090909092	1.2454676520340782	6	15	4	2	2.0
ssj101.648.2480	3.24	1.9060840722130825	5	31	1	1	1.0
ssj233.1547.5599	2.6	0.5423546917495591	9	24	3	2	1.5
ssj45.271.1085	3.25	1.1035190993922719	4	24	2	2	1.0
ssj345.2014.7151	3.65	0.7524451135166502	7	25	3	1	3.0
ssj14.63.258	2.772727272727273	1.624302104532272	5	24	2	2	1.0
ssj260.1658.5956	2.3684210526315788	1.9640210795304462	4	23	3	3	1.0
ssj369.2109.7492	3.066666666666667	0.9265810857241653	6	20	3	1	3.0
ssj27.163.663	3.6923076923076925	1.820662752341382	6	33	4	2	2.0
ssj33.194.795	1.7692307692307692	1.4050770008231006	6	16	2	1	2.0
ssj1.1.5	2.5	0.5815754049028404	2	6	1	1	1.0
ssj152.1038.3888	2.789473684210526	1.5976591016945616	4	23	3	2	1.5
ssj18.75.295	2.7142857142857144	1.472292381193525	4	17	2	1	2.0
ssj470.2550.9072	2.7777777777777777	0.423534631416101	3	11	1	1	1.0
ssj102.653.2496	2.176470588235294	1.5347818380541272	5	19	3	2	1.5
elexiswsd1.980.sl.131799	2.3333333333333335	1.479682314691558	4	18	2	1	2.0
ssj328.1968.7001	3.8205128205128207	1.5311169340889286	8	44	1	1	1.0
ssj451.2474.8673	1.5714285714285714	1.214117131344545	4	10	1	1	1.0
ssj102.658.2516	1.5	1.2951335827229133	3	8	1	1	1.0
elexiswsd1.93.sl.130909	2.4782608695652173	1.3533372366191196	5	26	2	1	2.0
ssj102.660.2529	2.7	1.4405154522175077	4	15	2	1	2.0
ssj177.1197.4369	4.0	0.6263814842476839	4	9	1	1	1.0
ssj312.1877.6672	2.8421052631578947	1.4673951930253042	5	21	4	3	1.3333333333333333
ssj127.812.3063	2.0	1.0074515102711326	3	8	1	1	1.0
ssj326.1952.6945	2.1333333333333333	1.7476319453506113	4	18	2	1	2.0
ssj260.1661.5971	1.7777777777777777	1.327967099981598	4	11	2	2	1.0
elexiswsd1.779.sl.131597	1.7777777777777777	1.4191278783785755	5	11	1	1	1.0
ssj170.1163.4249	1.5	0.05889151782819164	3	4	1	1	1.0
ssj186.1231.4472	1.8461538461538463	1.4740891620614096	5	15	1	1	1.0
ssj92.610.2301	2.0	1.242453324894	3	11	1	1	1.0
elexiswsd1.1257.sl.132076	1.8181818181818181	1.4969903702575924	5	14	1	1	1.0
ssj20.88.348	1.5	0.05889151782819164	3	4	1	1	1.0
ssj195.1318.4755	4.16	1.9009164404035015	8	32	2	1	2.0
ssj144.990.3741	2.2	0.3628351861327527	3	8	1	1	1.0
ssj187.1237.4497	3.0833333333333335	1.267734608534799	6	30	2	2	1.0
ssj40.242.968	4.884615384615385	1.6720059895843726	7	32	1	1	1.0
ssj101.650.2487	3.21875	1.715167412466977	7	37	6	4	1.5
ssj242.1584.5731	3.5454545454545454	1.82537608002704	6	25	2	1	2.0
ssj66.414.1591	1.5	0.05889151782819164	3	4	1	1	1.0
ssj318.1897.6769	2.942857142857143	1.5941728386185121	7	39	2	1	2.0
elexiswsd1.13.sl.130826	1.6666666666666667	0.7316277011280093	3	5	1	1	1.0
ssj164.1129.4157	2.6315789473684212	1.4775905378491712	6	25	3	2	1.5
ssj30.183.734	1.3333333333333333	0.6081976621622466	3	5	2	1	2.0
ssj296.1806.6392	2.6842105263157894	1.6361253825223578	7	22	2	1	2.0
ssj212.1407.5107	1.5	0.2876820724517809	3	6	1	1	1.0
ssj299.1814.6424	1.9090909090909092	1.357039427691183	4	13	2	2	1.0
elexiswsd1.1367.sl.132189	2.2	1.5141277326297753	4	14	1	1	1.0
elexiswsd1.1149.sl.131968	1.9090909090909092	1.4482002060881605	4	13	1	1	1.0
ssj421.2343.8246	2.888888888888889	0.037740327982847086	4	13	3	3	1.0
ssj21.98.415	1.7692307692307692	1.4050770008231006	7	16	2	1	2.0
ssj52.326.1330	3.8181818181818183	2.5279423307648465	8	54	7	4	1.75
ssj243.1589.5756	1.6666666666666667	1.078201291407982	4	10	1	1	1.0
ssj470.2552.9084	3.4285714285714284	0.087384983514997	6	21	3	2	1.5
elexiswsd1.891.sl.131710	1.9090909090909092	1.4482002060881605	4	13	1	1	1.0
ssj455.2500.8786	3.0789473684210527	2.0482304053429274	7	46	5	3	1.6666666666666667
ssj301.1832.6483	3.75	0.613844665471626	5	30	4	1	4.0
ssj74.467.1755	2.357142857142857	1.2667973891734579	4	17	2	2	1.0
elexiswsd1.784.sl.131602	2.111111111111111	0.3513978868378886	5	12	2	1	2.0
ssj400.2242.7918	2.5833333333333335	1.2663278447245108	4	14	1	1	1.0
ssj38.232.932	2.2	0.9121413304668073	4	7	1	1	1.0
ssj206.1390.5043	3.727272727272727	0.11672915750675204	4	14	1	1	1.0
ssj226.1490.5423	3.111111111111111	1.6965003072289884	5	27	3	2	1.5
ssj477.2578.9188	2.1666666666666665	0.815837026940491	3	9	2	2	1.0
ssj296.1806.6396	3.2133333333333334	2.7691092675585174	12	86	8	2	4.0
elexiswsd1.1275.sl.132094	3.3125	1.0844709044215775	5	20	3	1	3.0
elexiswsd1.1101.sl.131920	2.7142857142857144	1.4196121233646117	5	23	2	1	2.0
ssj370.2127.7568	2.3333333333333335	1.0883026450667417	5	15	5	4	1.25
ssj35.209.849	5.0	1.0193097735797902	6	88	12	9	1.3333333333333333
ssj201.1353.4880	2.625	1.6636667899703035	5	21	1	1	1.0
ssj230.1533.5553	2.357142857142857	0.4620784329564077	5	16	2	2	1.0
ssj76.499.1870	2.1818181818181817	0.765362669129583	4	14	1	1	1.0
ssj20.95.408	2.125	1.3256697393034558	5	18	1	1	1.0
ssj38.233.934	2.076923076923077	1.2447343507479212	6	16	3	2	1.5
ssj413.2298.8106	2.0	0.4581453659370775	3	8	2	1	2.0
ssj18.85.328	2.5	2.101449984388223	7	25	4	2	2.0
ssj233.1540.5580	2.6666666666666665	1.5440987506130424	5	15	3	1	3.0
ssj326.1950.6938	2.9	1.7156300785153356	5	24	3	2	1.5
elexiswsd1.938.sl.131757	1.5714285714285714	1.3256889070016495	4	9	1	1	1.0
ssj47.319.1308	2.5714285714285716	0.5777996100208601	7	26	3	2	1.5
ssj20.92.387	2.2142857142857144	1.0739049342717963	5	16	2	2	1.0
elexiswsd1.1511.sl.132336	1.5	1.1835618070658083	4	8	2	1	2.0
ssj198.1324.4772	3.857142857142857	1.3236270484097186	4	16	1	1	1.0
ssj68.424.1615	2.4615384615384617	1.6241414582865787	7	32	5	3	1.6666666666666667
ssj118.754.2850	2.8076923076923075	1.6952976545519418	6	30	4	1	4.0
ssj243.1588.5754	1.8181818181818181	1.4058295918606152	5	13	1	1	1.0
ssj343.2003.7119	1.7777777777777777	1.4191278783785755	4	11	1	1	1.0
ssj353.2051.7254	2.608695652173913	1.7075090503397337	6	27	3	3	1.0
ssj61.370.1487	3.75	1.215831067634594	7	41	5	4	1.25
ssj415.2316.8171	4.294117647058823	2.0976936344439605	9	44	1	1	1.0
elexiswsd1.26.sl.130839	3.0625	1.5095161101430452	4	20	2	2	1.0
ssj215.1429.5181	2.235294117647059	1.1615400006919931	6	24	3	3	1.0
elexiswsd1.322.sl.131138	2.125	1.0906679246805882	3	10	1	1	1.0
ssj310.1866.6616	1.7777777777777777	1.327967099981598	5	12	1	1	1.0
elexiswsd1.1003.sl.131822	1.8571428571428572	0.3539158661214333	4	10	1	1	1.0
elexiswsd1.504.sl.131321	1.9	1.4053183949386556	5	12	1	1	1.0
ssj191.1246.4528	2.2142857142857144	1.7670521148317417	4	17	2	1	2.0
ssj75.476.1794	4.095238095238095	1.6579575870107848	7	27	3	1	3.0
ssj116.726.2733	2.611111111111111	1.1785572156941337	4	21	3	3	1.0
ssj163.1122.4142	1.8	0.7662384356489861	3	7	1	1	1.0
ssj384.2197.7789	2.5714285714285716	1.068214236526723	4	9	1	1	1.0
ssj161.1082.4042	2.9	1.1263025803445126	6	23	2	1	2.0
ssj476.2576.9181	1.8928571428571428	1.7211620322706294	10	31	3	1	3.0
ssj303.1842.6517	2.4375	1.4682765117576821	4	19	2	1	2.0
elexiswsd1.1595.sl.132420	2.375	0.7240294776873683	6	10	1	1	1.0
ssj315.1885.6716	2.142857142857143	1.3621075689777828	6	17	3	1	3.0
ssj302.1840.6509	1.9230769230769231	1.3216953918840497	5	15	1	1	1.0
ssj426.2370.8329	1.625	1.2473601356181625	4	10	1	1	1.0
ssj161.1103.4085	2.388888888888889	1.6729698098187944	6	21	1	1	1.0
ssj469.2547.9043	4.125	1.6441803849705487	8	28	3	1	3.0
ssj46.284.1140	2.5454545454545454	1.463586035421537	5	14	1	1	1.0
ssj86.571.2172	2.0588235294117645	1.2437780989289655	7	19	2	2	1.0
ssj4.15.49	2.2222222222222223	1.2730596669779946	4	11	2	1	2.0
elexiswsd1.1502.sl.132327	2.2	1.3357902606604093	5	15	2	1	2.0
ssj434.2395.8400	2.0	1.4311004404647343	4	12	1	1	1.0
ssj325.1946.6920	1.5	0.2876820724517809	3	6	1	1	1.0
elexiswsd1.1583.sl.132408	1.4	1.1613939001557827	3	7	1	1	1.0
ssj61.379.1516	1.8	1.1128120259289587	5	14	2	1	2.0
ssj252.1610.5839	2.588235294117647	1.8519247432859536	6	21	1	1	1.0
ssj351.2047.7232	2.8285714285714287	1.4310494226594759	10	43	4	3	1.3333333333333333
ssj118.765.2899	2.3333333333333335	0.5978880185608786	4	14	3	1	3.0
ssj305.1849.6550	2.933333333333333	1.906933936745795	9	38	7	2	3.5
ssj27.148.602	3.4444444444444446	0.13815033848081718	6	13	1	1	1.0
ssj59.358.1445	2.0	0.4581453659370775	6	15	3	1	3.0
ssj134.877.3365	2.142857142857143	2.1029098394398904	9	30	1	1	1.0
elexiswsd1.290.sl.131106	1.2857142857142858	1.4147878268066958	4	9	1	1	1.0
ssj230.1527.5533	2.0	0.5493061443340547	2	5	1	1	1.0
ssj281.1739.6172	2.8260869565217392	1.7278016903972726	6	26	2	1	2.0
ssj193.1292.4671	1.8571428571428572	1.393636636961351	3	10	2	1	2.0
ssj134.879.3371	2.857142857142857	1.165586274922979	6	25	3	1	3.0
ssj161.1086.4052	4.111111111111111	0.5807986879741323	7	21	2	1	2.0
elexiswsd1.984.sl.131803	2.0833333333333335	1.404363884427827	4	15	1	1	1.0
ssj116.734.2766	2.0	1.4016801904532676	4	13	1	1	1.0
ssj264.1676.6005	2.5454545454545454	0.9577855795822973	3	14	2	1	2.0
ssj153.1040.3912	3.3076923076923075	1.328677245392743	5	15	1	1	1.0
ssj294.1797.6367	2.72	2.0810255217094147	6	30	5	4	1.25
elexiswsd1.23.sl.130836	2.0588235294117645	1.79308424326302	6	21	2	2	1.0
ssj6.34.141	1.875	0.41111211141754395	5	12	2	2	1.0
elexiswsd1.853.sl.131671	2.1875	1.7548275683672812	5	18	1	1	1.0
ssj61.383.1524	2.923076923076923	1.4522912013599194	5	18	2	1	2.0
ssj133.866.3317	2.4210526315789473	1.3927360284776158	7	22	2	1	2.0
elexiswsd1.334.sl.131150	2.1666666666666665	1.4767149469316507	6	22	2	1	2.0
ssj75.486.1819	1.8888888888888888	1.1557707025080584	5	14	2	1	2.0
ssj459.2519.8932	5.4	0.014199737260848902	7	36	4	2	2.0
ssj446.2434.8543	2.2222222222222223	0.300104592450338	5	12	1	1	1.0
ssj282.1741.6184	2.0	0.8958797346140274	4	7	1	1	1.0
ssj312.1877.6661	1.9	1.058744804658683	6	12	1	1	1.0
ssj333.1976.7018	2.3	1.4696759700589417	5	24	4	1	4.0
ssj70.440.1683	3.814814814814815	0.3090263107768579	5	31	2	2	1.0
elexiswsd1.114.sl.130930	2.4285714285714284	1.714700148537495	5	17	2	1	2.0
ssj116.737.2780	3.0625	1.0717817414660955	5	19	4	2	2.0
ssj358.2066.7308	2.0	1.1512925464970227	3	10	1	1	1.0
ssj131.834.3196	2.5454545454545454	0.2646383990223519	4	15	1	1	1.0
ssj142.927.3543	1.6666666666666667	1.2809338454620642	5	13	3	2	1.5
ssj23.113.479	2.3076923076923075	2.035253569704123	8	31	3	1	3.0
ssj45.273.1093	1.75	1.2848239391215455	4	10	1	1	1.0
ssj90.596.2253	1.5714285714285714	1.3256889070016495	4	9	1	1	1.0
ssj396.2235.7899	1.0	0.34657359027997275	2	3	1	1	1.0
ssj326.1952.6950	2.625	1.1732521634644406	4	10	1	1	1.0
ssj328.1967.6998	3.888888888888889	0.8917813510119382	8	51	5	5	1.0
elexiswsd1.576.sl.131393	2.4705882352941178	1.408030132414983	5	20	2	1	2.0
elexiswsd1.1341.sl.132162	1.3333333333333333	1.3602363605503838	6	11	2	2	1.0
ssj317.1893.6749	3.217391304347826	1.203895186906605	5	30	3	3	1.0
ssj300.1825.6462	2.090909090909091	1.010654837602461	5	13	2	1	2.0
ssj170.1159.4238	2.5	1.983255595356108	6	29	1	1	1.0
ssj162.1114.4113	2.4166666666666665	1.5113566911925493	7	28	3	1	3.0
ssj318.1894.6753	2.909090909090909	0.8242541869577745	5	14	3	1	3.0
ssj220.1452.5265	1.8571428571428572	0.7004894564014058	4	11	1	1	1.0
ssj139.892.3418	3.210526315789474	1.8036507413533447	7	45	4	1	4.0
elexiswsd1.210.sl.131026	1.5	1.1835618070658083	3	8	1	1	1.0
ssj299.1815.6431	3.0	1.02563533235657	3	12	1	1	1.0
ssj455.2503.8795	1.75	0.8266785731844679	5	11	1	1	1.0
ssj426.2370.8332	2.2941176470588234	1.1355645142887327	7	20	3	1	3.0
ssj193.1301.4702	2.9	1.3690564882353629	5	15	2	1	2.0
elexiswsd1.1359.sl.132181	1.8333333333333333	0.8390500753777668	3	8	1	1	1.0
ssj363.2084.7390	4.518518518518518	1.6119537438564573	6	36	2	1	2.0
ssj203.1366.4963	1.5	0.49041462650586304	2	4	1	1	1.0
ssj261.1668.5990	10.774193548387096	0.3135865959690083	5	57	1	1	1.0
ssj477.2579.9202	2.857142857142857	1.714892419257034	6	19	2	1	2.0
ssj319.1901.6787	1.75	1.5787172715726048	5	15	2	1	2.0
ssj131.831.3186	3.8125	0.8527281754034108	3	22	2	2	1.0
ssj133.850.3263	3.27027027027027	2.065772202317678	6	43	2	2	1.0
ssj86.570.2168	2.9166666666666665	1.8199303461947514	8	39	2	1	2.0
ssj152.1038.3892	1.4285714285714286	0.6162801305889243	5	9	1	1	1.0
ssj163.1122.4144	1.25	1.0193097735797902	3	6	1	1	1.0
ssj118.753.2838	2.2	0.8209805520698301	2	7	1	1	1.0
ssj145.1011.3811	1.5	0.2876820724517809	4	6	1	1	1.0
ssj126.799.3023	4.3076923076923075	0.7179520800711835	6	35	4	4	1.0
ssj226.1474.5369	2.75	0.6545013434091221	6	32	2	2	1.0
elexiswsd1.1602.sl.132427	1.8125	1.4847344339331432	7	19	2	1	2.0
ssj193.1279.4625	2.9166666666666665	0.17201191319258682	4	16	3	2	1.5
elexiswsd1.687.sl.131505	1.4	0.4682467195958374	4	7	1	1	1.0
ssj325.1938.6895	1.3333333333333333	0.9547712524422192	3	5	1	1	1.0
ssj30.184.736	2.4	1.1717035437571504	4	14	2	1	2.0
ssj118.747.2809	1.5	0.49041462650586304	2	4	1	1	1.0
ssj54.338.1380	2.1818181818181817	1.3146688134636377	5	13	1	1	1.0
elexiswsd1.359.sl.131175	1.7142857142857142	1.3298383084089973	4	9	1	1	1.0
ssj343.2005.7126	2.25	0.9219377351835345	6	19	2	1	2.0
ssj239.1578.5707	2.4285714285714284	1.4051805443343832	6	16	2	1	2.0
ssj20.89.364	2.2	0.9121413304668073	4	13	1	1	1.0
ssj465.2531.8996	3.357142857142857	1.2597309392098521	7	34	5	2	2.5
ssj21.107.452	2.0	0.5493061443340547	2	5	1	1	1.0
ssj312.1880.6697	2.0	0.34657359027997275	3	5	1	1	1.0
ssj142.918.3510	1.0	0.34657359027997275	2	3	1	1	1.0
ssj249.1602.5820	3.5172413793103448	2.7481663812661266	13	64	4	3	1.3333333333333333
ssj191.1255.4554	2.772727272727273	0.8722634061441351	7	27	5	2	2.5
ssj326.1954.6956	2.925925925925926	1.725599993036495	5	31	3	3	1.0
ssj24.120.508	2.875	1.4815342333675998	6	21	3	2	1.5
ssj475.2570.9159	2.272727272727273	0.9272732286634099	4	14	2	1	2.0
ssj12.46.208	2.7142857142857144	0.5237323887505843	3	10	1	1	1.0
elexiswsd1.164.sl.130980	3.3125	0.5351647600875228	6	19	2	1	2.0
ssj445.2430.8524	4.0	0.5815754049028404	3	11	1	1	1.0
elexiswsd1.105.sl.130921	3.076923076923077	0.7078507264124236	5	16	2	1	2.0
ssj355.2060.7282	2.2222222222222223	0.9932517730102833	4	12	1	1	1.0
ssj119.772.2919	2.3333333333333335	0.048581874226823765	4	9	2	1	2.0
ssj5.28.90	3.0	1.2738537755135153	4	26	2	2	1.0
ssj161.1110.4097	2.576923076923077	1.6554072621689135	6	30	2	1	2.0
ssj186.1233.4485	1.8	0.2169322913149312	3	7	1	1	1.0
ssj191.1249.4537	2.5625	1.3411907512693915	5	20	3	2	1.5
ssj288.1765.6277	1.75	0.8266785731844679	3	7	1	1	1.0
ssj172.1175.4283	2.7857142857142856	0.2950243482932416	4	16	2	2	1.0
ssj53.332.1362	3.484848484848485	1.6987768502356555	7	38	3	3	1.0
ssj310.1867.6627	1.7272727272727273	1.4571228862481655	6	13	1	1	1.0
ssj142.915.3499	2.3181818181818183	1.3978852278730933	7	25	3	2	1.5
elexiswsd1.1531.sl.132356	2.4347826086956523	1.4826085893756253	6	27	5	2	2.5
ssj425.2364.8307	2.5555555555555554	1.2000634209150973	8	21	3	2	1.5
ssj15.66.270	1.875	1.3069918460315713	3	10	1	1	1.0
ssj187.1234.4488	3.257142857142857	1.5697787183672818	5	42	6	4	1.5
ssj46.307.1249	n/a	n/a	2	2	1	1	1.0
ssj341.1990.7070	2.6818181818181817	1.3637451923488046	6	30	4	2	2.0
ssj182.1215.4429	2.2	1.4614474748008623	5	18	2	1	2.0
ssj446.2434.8542	2.272727272727273	1.1826860405464052	4	14	2	2	1.0
elexiswsd1.1490.sl.132315	1.875	0.9604182557515986	4	11	2	1	2.0
ssj34.195.797	5.0	0.15374234987398042	5	43	3	2	1.5
ssj107.681.2582	2.5625	0.9946171609894188	5	19	2	2	1.0
ssj121.777.2938	4.08	1.243061694857948	7	32	2	1	2.0
ssj201.1356.4905	2.3636363636363638	1.5811996960700738	4	15	2	1	2.0
ssj312.1877.6682	2.3333333333333335	1.4348762353467144	4	17	2	1	2.0
ssj277.1714.6094	2.6923076923076925	1.678370335822782	6	17	2	2	1.0
ssj201.1354.4891	3.1052631578947367	1.3788417956838592	9	43	5	2	2.5
elexiswsd1.842.sl.131660	3.0	1.0397207708399179	5	25	4	3	1.3333333333333333
ssj211.1399.5073	3.8	1.8634637608757332	6	35	2	1	2.0
ssj118.747.2813	1.0	0.34657359027997275	2	3	1	1	1.0
ssj133.865.3310	2.727272727272727	1.2942578162035103	5	16	1	1	1.0
ssj170.1158.4237	1.0	0.0	2	2	1	1	1.0
ssj213.1410.5119	2.4444444444444446	1.1006741472600405	3	11	1	1	1.0
elexiswsd1.1588.sl.132413	1.75	0.8266785731844679	2	6	1	1	1.0
ssj98.628.2410	3.7222222222222223	1.6531262363149923	6	22	2	1	2.0
elexiswsd1.425.sl.131241	1.75	1.2321436812926323	5	14	2	2	1.0
ssj216.1435.5197	3.0	2.11301119309865	9	54	9	4	2.25
ssj451.2477.8686	1.8	0.9100794718748765	3	7	1	1	1.0
ssj98.628.2419	1.0	0.34657359027997275	2	3	1	1	1.0
ssj6.34.135	1.0	0.34657359027997275	2	3	1	1	1.0
ssj300.1817.6438	3.32	2.253912856562671	7	59	4	2	2.0
elexiswsd1.696.sl.131514	2.0	1.242453324894	5	15	2	1	2.0
ssj450.2466.8628	2.5625	1.2500299728724142	4	19	2	1	2.0
ssj176.1192.4338	1.9375	1.6978509534021824	6	21	2	1	2.0
ssj230.1529.5537	1.3333333333333333	0.8109302162163288	2	5	1	1	1.0
ssj124.790.3001	2.3125	0.5479651707154474	6	19	2	1	2.0
ssj309.1861.6595	2.909090909090909	1.026986741011857	8	27	5	1	5.0
ssj230.1532.5551	2.2	0.3628351861327527	3	8	1	1	1.0
ssj99.638.2455	1.8	0.7662384356489861	3	7	1	1	1.0
ssj201.1344.4852	3.25	0.8340208490259284	4	10	2	1	2.0
ssj342.2001.7102	1.8181818181818181	1.29425781620351	5	13	1	1	1.0
ssj36.214.885	1.8333333333333333	1.3294647018836299	5	15	2	1	2.0
ssj350.2041.7217	2.6315789473684212	1.7871101420522828	5	22	1	1	1.0
elexiswsd1.1469.sl.132294	1.8	0.9100794718748765	3	7	1	1	1.0
elexiswsd1.271.sl.131087	2.0	1.1512925464970227	4	12	1	1	1.0
ssj228.1518.5510	3.0	0.8958797346140275	5	10	1	1	1.0
elexiswsd1.573.sl.131390	2.95	1.455781737265185	5	24	3	2	1.5
ssj194.1312.4737	1.6666666666666667	1.3925056211191693	4	12	2	2	1.0
ssj336.1982.7044	3.076923076923077	1.1982653529182867	8	33	3	1	3.0
ssj106.677.2566	2.1176470588235294	1.3594482581881595	5	20	3	3	1.0
ssj433.2387.8376	2.3333333333333335	1.4026069747779288	4	20	2	2	1.0
ssj154.1047.3927	1.8888888888888888	0.46262352194811296	5	12	2	1	2.0
ssj200.1337.4831	2.8461538461538463	1.0412250797651308	4	20	4	2	2.0
ssj452.2491.8750	2.0	0.0	3	6	1	1	1.0
ssj406.2264.7987	2.8	1.2973607578976034	4	19	2	1	2.0
ssj142.915.3497	1.3333333333333333	0.6081976621622466	3	5	1	1	1.0
ssj360.2081.7376	3.1875	1.6133518117552368	5	20	2	1	2.0
ssj299.1814.6422	1.0	0.8958797346140274	3	4	1	1	1.0
ssj84.555.2108	2.0588235294117645	1.4991909108119608	6	20	1	1	1.0
ssj220.1452.5259	1.75	0.8266785731844679	3	7	1	1	1.0
ssj456.2512.8895	3.391304347826087	1.955970409638233	5	26	3	2	1.5
ssj148.1020.3825	3.4375	1.943309367355256	6	36	2	1	2.0
elexiswsd1.1174.sl.131993	2.25	1.6739764335716716	4	19	2	1	2.0
elexiswsd1.8.sl.130821	1.7272727272727273	1.625359004558772	6	13	1	1	1.0
ssj131.829.3176	1.25	1.1631508098056809	3	6	1	1	1.0
ssj118.752.2835	2.0	1.0986122886681098	3	8	1	1	1.0
ssj110.692.2611	1.6666666666666667	1.078201291407982	3	8	1	1	1.0
elexiswsd1.190.sl.131006	1.7777777777777777	1.0725542880986028	4	11	1	1	1.0
elexiswsd1.1442.sl.132264	1.5	1.092401028668831	3	6	1	1	1.0
ssj284.1745.6208	2.6	0.1507924888103862	3	8	2	1	2.0
ssj465.2531.8994	1.9285714285714286	1.9822777932261881	10	32	4	2	2.0
ssj237.1563.5660	3.44	1.1786853972658438	6	30	4	3	1.3333333333333333
elexiswsd1.1431.sl.132253	1.0	1.0986122886681098	3	5	1	1	1.0
ssj142.930.3560	2.6	0.7450872458036413	4	13	1	1	1.0
ssj228.1519.5512	2.8	0.81482030987581	5	9	1	1	1.0
ssj90.591.2229	2.0	1.0551066001732947	5	14	2	1	2.0
ssj341.1991.7074	2.0	0.6263814842476839	4	11	1	1	1.0
ssj435.2399.8421	3.0	0.6342556627317537	6	20	2	1	2.0
ssj300.1817.6436	2.857142857142857	0.07686704997102099	3	9	1	1	1.0
ssj369.2108.7488	1.4	1.017552863929892	3	8	2	2	1.0
ssj247.1598.5805	1.5	0.49041462650586304	3	5	1	1	1.0
ssj81.529.2004	1.5555555555555556	0.6567795363890705	6	12	3	1	3.0
ssj72.456.1718	3.3	0.9970908488645064	3	12	1	1	1.0
ssj213.1411.5120	2.3125	1.6465774593835572	5	19	1	1	1.0
ssj373.2140.7614	2.409090909090909	1.4709907227024022	8	28	5	2	2.5
ssj144.980.3717	2.2	1.76451537658602	5	17	1	1	1.0
ssj325.1947.6921	3.1176470588235294	1.1754078371462298	8	42	6	2	3.0
ssj213.1412.5124	1.8888888888888888	0.46262352194811296	5	11	2	2	1.0
ssj193.1284.4640	4.85	1.4644086585067617	5	25	4	2	2.0
ssj126.801.3030	3.1818181818181817	1.0812156185480601	5	27	1	1	1.0
ssj74.468.1756	2.0	1.039720770839918	4	10	1	1	1.0
ssj191.1246.4530	1.3333333333333333	0.6081976621622466	2	5	1	1	1.0
ssj341.1987.7058	1.75	1.2321436812926323	6	14	1	1	1.0
elexiswsd1.1561.sl.132386	2.625	0.07463987479633095	4	11	2	1	2.0
ssj7.37.178	1.8333333333333333	0.9828911116036572	4	8	2	1	2.0
ssj279.1728.6121	6.886792452830188	0.05554051674569125	7	65	1	1	1.0
elexiswsd1.1378.sl.132200	4.153846153846154	1.2447343507479212	5	17	2	1	2.0
ssj469.2546.9039	2.5454545454545454	1.7625045357993474	6	26	2	1	2.0
ssj371.2137.7603	2.473684210526316	1.8860395318472314	5	23	2	1	2.0
ssj199.1335.4827	2.5	1.365883363859763	3	16	1	1	1.0
ssj163.1121.4137	2.369565217391304	2.250561848903684	10	53	3	2	1.5
elexiswsd1.1398.sl.132220	2.6153846153846154	1.2169432461901712	4	17	1	1	1.0
ssj350.2039.7215	2.8947368421052633	1.6517786084111898	7	22	2	2	1.0
ssj61.375.1499	2.0	0.34657359027997275	3	5	1	1	1.0
ssj168.1148.4224	2.6923076923076925	1.187955709316919	4	20	2	2	1.0
elexiswsd1.1089.sl.131908	3.1666666666666665	0.7829209955155599	3	9	1	1	1.0
elexiswsd1.460.sl.131276	1.6666666666666667	1.078201291407982	3	8	1	1	1.0
ssj203.1361.4929	1.9090909090909092	0.5523204714741328	6	14	4	1	4.0
ssj27.144.584	2.2857142857142856	0.9509954575602391	3	9	1	1	1.0
ssj36.213.871	2.25	0.778096698957644	3	8	1	1	1.0
ssj294.1786.6343	2.55	1.2549199581666062	5	24	3	2	1.5
ssj318.1895.6759	3.5	1.1732521634644406	4	21	1	1	1.0
elexiswsd1.1575.sl.132400	2.2857142857142856	1.1859972721831067	5	16	1	1	1.0
ssj43.260.1037	5.166666666666667	0.22660707388459284	10	58	7	2	3.5
ssj124.787.2982	2.125	1.2589040429911946	3	10	1	1	1.0
ssj234.1558.5631	2.238095238095238	1.8152483435431856	6	26	1	1	1.0
elexiswsd1.872.sl.131691	2.090909090909091	1.3572284278824338	5	13	1	1	1.0
ssj238.1566.5676	2.4705882352941178	1.6634429442979786	4	20	2	1	2.0
ssj44.267.1065	3.3947368421052633	1.2897140157878517	10	45	6	3	2.0
elexiswsd1.80.sl.130894	3.1904761904761907	1.6445657159249367	6	25	2	1	2.0
elexiswsd1.517.sl.131334	2.3	1.4696759700589417	5	23	2	1	2.0
ssj223.1464.5321	2.125	1.3845612571316472	5	13	1	1	1.0
ssj115.717.2692	2.888888888888889	0.8424592841998972	3	12	2	1	2.0
ssj24.117.492	2.5714285714285716	2.3506889152574915	10	33	5	2	2.5
ssj165.1131.4161	2.3214285714285716	2.022867131766354	6	31	2	2	1.0
elexiswsd1.205.sl.131021	2.3333333333333335	1.3114461963809516	4	18	2	2	1.0
ssj203.1366.4956	1.6666666666666667	0.038480520568064065	3	5	1	1	1.0
ssj226.1493.5434	3.7142857142857144	1.1586348223384833	6	35	3	3	1.0
ssj18.77.303	1.8571428571428572	1.2497956007354607	6	17	1	1	1.0
ssj38.228.920	2.6	0.1507924888103862	3	9	2	1	2.0
ssj465.2531.8997	2.0	0.752038698388137	3	9	2	1	2.0
elexiswsd1.1025.sl.131844	2.6315789473684212	1.4005151979355421	5	22	2	1	2.0
ssj340.1985.7051	3.0714285714285716	0.5439594690092981	6	19	3	3	1.0
ssj208.1394.5056	2.1666666666666665	0.815837026940491	3	9	2	1	2.0
ssj182.1215.4428	3.935483870967742	1.819179251577683	7	41	1	1	1.0
ssj44.261.1038	1.9166666666666667	1.3965847149699009	4	13	2	2	1.0
ssj130.824.3105	2.0	1.2101840643252146	6	18	2	1	2.0
ssj129.814.3066	2.8	1.8222718201469426	4	22	1	1	1.0
ssj30.184.740	3.0476190476190474	1.101047753785408	6	26	4	3	1.3333333333333333
ssj384.2198.7792	2.235294117647059	0.6122338563579384	6	20	4	2	2.0
ssj193.1267.4586	2.6	0.19578110146958644	6	13	2	2	1.0
ssj373.2142.7618	2.227272727272727	1.5494623381438974	7	27	3	2	1.5
ssj199.1332.4813	2.0	0.4581453659370775	6	14	3	1	3.0
ssj204.1370.4972	3.9722222222222223	1.6548871023182579	5	42	4	2	2.0
ssj199.1336.4830	2.125	1.1818287030775654	3	10	1	1	1.0
ssj75.476.1786	1.5	0.05889151782819164	2	4	1	1	1.0
ssj326.1956.6967	2.85	1.836841503616327	7	25	3	1	3.0
ssj221.1457.5284	2.769230769230769	0.6104786880161677	4	16	3	3	1.0
ssj27.143.576	2.0	1.3940464543878732	5	16	2	2	1.0
ssj38.220.899	2.6363636363636362	1.472000404105082	4	17	3	1	3.0
ssj188.1238.4507	5.481481481481482	1.6635366274849515	7	32	6	2	3.0
elexiswsd1.552.sl.131369	1.6363636363636365	1.3996183318613364	6	14	2	1	2.0
ssj426.2371.8336	3.15625	1.9030120021659596	11	74	8	4	2.0
elexiswsd1.542.sl.131359	1.9444444444444444	1.4733567559147787	7	21	2	1	2.0
ssj171.1170.4267	2.6	0.7450872458036413	3	13	2	1	2.0
ssj81.532.2014	3.2222222222222223	2.0939077061610205	7	44	7	1	7.0
ssj91.601.2265	3.7916666666666665	0.8055273833391231	5	33	5	3	1.6666666666666667
ssj309.1858.6581	1.9	0.5094386603246281	6	13	2	1	2.0
elexiswsd1.346.sl.131162	2.111111111111111	0.9007040311719434	3	11	1	1	1.0
ssj142.915.3500	3.3181818181818183	1.3858250097290006	9	49	4	2	2.0
ssj20.88.352	5.333333333333333	0.8509515700530971	3	14	1	1	1.0
ssj100.644.2473	2.875	1.0233888674305223	5	20	3	1	3.0
ssj312.1877.6683	3.6666666666666665	2.198600094022164	7	54	8	4	2.0
elexiswsd1.794.sl.131612	2.933333333333333	1.6944923397631622	6	22	3	1	3.0
ssj451.2485.8720	2.1666666666666665	0.9274088025975961	3	8	1	1	1.0
elexiswsd1.77.sl.130891	1.8823529411764706	1.5888030695016477	7	21	1	1	1.0
elexiswsd1.281.sl.131097	2.8823529411764706	1.1627186741907476	6	22	1	1	1.0
ssj315.1887.6724	3.1176470588235294	1.0842470587492523	5	20	3	1	3.0
ssj256.1645.5919	2.8636363636363638	0.493428953645941	6	28	4	1	4.0
ssj365.2093.7426	2.56	1.768042942610739	6	27	2	2	1.0
ssj266.1684.6026	2.4782608695652173	1.3533372366191196	7	28	4	2	2.0
ssj205.1378.4999	2.142857142857143	0.21081502248076	4	9	1	1	1.0
ssj91.605.2280	2.4375	1.5350422080699435	5	19	2	1	2.0
ssj58.356.1430	2.806451612903226	1.8840203244723208	5	35	2	2	1.0
ssj350.2042.7221	3.2777777777777777	1.8035414196176855	6	41	3	2	1.5
ssj160.1076.4019	3.1875	1.6436641226634543	5	21	2	1	2.0
ssj93.619.2349	1.9	1.3141576165416782	5	13	1	1	1.0
ssj35.207.840	2.357142857142857	1.2667973891734579	5	17	2	1	2.0
ssj142.927.3542	2.0	0.1438410362258906	3	5	1	1	1.0
ssj102.659.2522	2.875	0.016331903409395793	4	11	2	2	1.0
ssj363.2084.7384	2.923076923076923	1.9104365672969972	6	32	3	2	1.5
ssj230.1527.5532	1.8	1.2566530621548493	3	10	1	1	1.0
ssj417.2324.8190	2.4482758620689653	1.5929828241554458	8	33	4	2	2.0
ssj226.1503.5467	2.066666666666667	1.5239678317821963	4	17	1	1	1.0
elexiswsd1.330.sl.131146	2.0	0.0	3	6	1	1	1.0
ssj178.1200.4380	2.5675675675675675	1.667218933582846	9	42	3	1	3.0
ssj239.1578.5708	2.5	1.433949451022053	6	12	1	1	1.0
ssj131.829.3168	5.133333333333334	0.41141706035957654	6	21	2	1	2.0
ssj450.2468.8635	1.75	1.3759847175185227	4	10	1	1	1.0
ssj296.1806.6394	2.4571428571428573	1.7745545305946402	11	41	3	1	3.0
ssj90.595.2249	2.8333333333333335	1.4434527749598391	3	16	2	1	2.0
ssj20.91.373	2.1538461538461537	1.064525670351156	5	16	2	1	2.0
ssj201.1344.4854	2.5384615384615383	0.3509164747258248	5	15	1	1	1.0
ssj32.192.781	1.5	0.49041462650586304	2	4	1	1	1.0
elexiswsd1.868.sl.131687	2.2857142857142856	1.1859972721831067	3	9	1	1	1.0
ssj355.2059.7278	1.5	0.6342556627317537	3	6	1	1	1.0
ssj46.304.1228	2.0833333333333335	1.201631330373745	5	15	3	2	1.5
ssj175.1190.4336	2.25	1.3274028432916987	4	15	1	1	1.0
elexiswsd1.589.sl.131406	2.2	0.9121413304668073	3	7	1	1	1.0
ssj253.1631.5879	2.5294117647058822	1.181767080950707	4	20	2	2	1.0
ssj368.2102.7472	1.625	1.5939337258981352	8	20	1	1	1.0
elexiswsd1.750.sl.131568	2.75	0.23085241321552022	5	15	2	1	2.0
ssj116.735.2776	1.3333333333333333	0.8109302162163288	2	6	1	1	1.0
ssj467.2537.9013	2.4285714285714284	1.6311731062059118	4	17	2	1	2.0
ssj151.1029.3852	2.6666666666666665	1.807145298561432	6	27	3	3	1.0
ssj416.2320.8178	2.0	0.34657359027997275	6	12	3	2	1.5
ssj44.264.1056	2.7027027027027026	2.2278133550063535	6	43	4	2	2.0
ssj118.765.2895	2.8333333333333335	1.0057184062828892	4	15	2	1	2.0
ssj132.843.3236	1.5	0.49041462650586304	3	6	1	1	1.0
elexiswsd1.1219.sl.132038	2.7	0.8511879540466848	5	14	1	1	1.0
ssj118.753.2842	n/a	n/a	2	2	1	1	1.0
ssj69.436.1662	4.25	1.9197819629823543	5	34	2	2	1.0
ssj370.2134.7592	2.5714285714285716	0.9243732003008327	3	11	2	1	2.0
ssj268.1699.6061	2.0	1.0986122886681098	5	13	1	1	1.0
ssj201.1343.4849	3.125	1.1427398125455532	4	18	2	2	1.0
ssj40.242.969	2.269230769230769	1.6143263193435538	8	30	2	1	2.0
ssj434.2397.8416	2.5294117647058822	1.5283406712306797	5	20	1	1	1.0
ssj78.509.1920	2.3	1.2913384980895757	4	12	1	1	1.0
ssj6.33.125	3.4545454545454546	1.2787854142787995	3	16	4	1	4.0
ssj86.568.2159	9.157894736842104	0.742396830464868	3	23	1	1	1.0
ssj15.64.264	2.526315789473684	1.3501764140588197	6	22	2	1	2.0
ssj479.2586.9235	3.8333333333333335	0.10128142180709471	4	18	3	3	1.0
ssj134.877.3362	2.235294117647059	1.3053810369178838	8	20	2	1	2.0
ssj364.2088.7407	2.888888888888889	0.037740327982847086	4	13	1	1	1.0
ssj370.2129.7580	3.933333333333333	0.015462142252404323	6	19	3	2	1.5
ssj455.2503.8805	1.0	0.6931471805599453	2	4	1	1	1.0
elexiswsd1.1144.sl.131963	1.6	0.3347153269713146	4	7	1	1	1.0
ssj226.1480.5395	1.8571428571428572	0.3539158661214333	4	9	1	1	1.0
elexiswsd1.893.sl.131712	2.0	1.3195286648076292	4	9	1	1	1.0
ssj412.2292.8086	2.4	1.0805427653601731	4	13	2	1	2.0
ssj340.1985.7054	3.375	0.16989903679539747	5	21	3	3	1.0
elexiswsd1.1243.sl.132062	1.8	0.7662384356489861	3	7	1	1	1.0
elexiswsd1.1127.sl.131946	3.15	1.8959849106186117	6	24	2	1	2.0
ssj233.1539.5570	3.8461538461538463	1.6682689821640222	5	33	3	1	3.0
ssj223.1463.5306	3.7037037037037037	1.3783058838583202	6	31	3	1	3.0
ssj303.1843.6522	2.3333333333333335	1.3499267169490157	3	13	2	1	2.0
ssj193.1267.4584	2.375	0.8678705139132589	4	15	3	2	1.5
elexiswsd1.924.sl.131743	2.2	0.3628351861327527	5	13	2	1	2.0
ssj325.1949.6929	2.857142857142857	0.07686704997102099	4	10	2	1	2.0
ssj375.2156.7660	2.5	0.5815754049028404	2	6	1	1	1.0
ssj234.1557.5629	2.5	1.4059047176965311	8	31	4	2	2.0
elexiswsd1.104.sl.130920	1.9090909090909092	1.357039427691183	4	13	1	1	1.0
ssj315.1891.6739	2.076923076923077	1.5913079410278939	4	16	3	2	1.5
ssj386.2216.7842	2.857142857142857	1.754913773093802	5	26	3	1	3.0
ssj352.2050.7251	2.3076923076923075	1.8325210156500404	7	29	3	1	3.0
ssj204.1377.4988	4.333333333333333	0.8312228562738679	6	40	4	3	1.3333333333333333
ssj421.2340.8241	2.3333333333333335	0.3951554645067964	5	16	3	2	1.5
elexiswsd1.941.sl.131760	2.5	1.3336141032909774	6	23	1	1	1.0
ssj27.150.626	3.1904761904761907	1.2579707718081958	6	25	5	5	1.0
ssj193.1274.4609	3.0625	1.1629425198630727	4	20	1	1	1.0
elexiswsd1.19.sl.130832	4.9375	0.5941541871097006	4	24	1	1	1.0
ssj239.1573.5696	2.2857142857142856	1.1859972721831067	5	17	2	2	1.0
ssj27.148.604	1.0	1.0986122886681098	3	5	1	1	1.0
ssj308.1855.6569	2.411764705882353	1.7351955857792019	5	19	1	1	1.0
ssj12.45.202	2.3666666666666667	1.532263376011863	10	36	3	1	3.0
elexiswsd1.1574.sl.132399	2.5	0.9281489951828131	3	10	1	1	1.0
ssj295.1800.6379	2.0	1.039720770839918	4	11	3	1	3.0
ssj265.1679.6015	2.7777777777777777	1.049916115663785	3	11	1	1	1.0
ssj406.2266.7998	2.5454545454545454	2.167969643907512	10	38	4	1	4.0
ssj106.674.2562	3.1	1.171182981502945	5	24	3	3	1.0
ssj267.1691.6038	2.45	1.1510842565544148	6	25	6	3	2.0
ssj455.2505.8826	2.7333333333333334	1.7936891138970896	7	21	2	1	2.0
ssj471.2557.9116	1.625	1.4500926896722446	4	12	4	1	4.0
ssj446.2436.8556	4.0	0.5815754049028404	3	11	1	1	1.0
ssj278.1725.6118	2.4210526315789473	0.5880170722605658	8	24	3	1	3.0
ssj362.2083.7381	3.1	1.171182981502945	4	14	2	1	2.0
ssj65.410.1585	1.5	1.4389746189488037	4	10	1	1	1.0
ssj112.706.2656	2.5365853658536586	2.342573872943197	10	47	5	2	2.5
ssj61.378.1513	2.3125	1.0972713150495021	6	22	4	1	4.0
ssj144.994.3755	1.8181818181818181	1.6997229243116745	5	13	1	1	1.0
ssj133.849.3255	1.5	0.6342556627317537	2	5	1	1	1.0
ssj382.2176.7727	2.1666666666666665	1.4767149469316507	6	21	2	2	1.0
ssj46.286.1146	3.3214285714285716	1.5054280429494677	6	33	3	2	1.5
ssj81.530.2006	1.875	1.3069918460315713	4	10	1	1	1.0
ssj136.882.3381	4.2105263157894735	1.5068513236589993	4	24	1	1	1.0
elexiswsd1.1594.sl.132419	2.3333333333333335	1.0883026450667417	4	14	2	2	1.0
ssj114.715.2684	1.3333333333333333	1.3013448427221919	3	8	1	1	1.0
ssj182.1219.4435	2.3846153846153846	1.5120491203752686	5	17	2	1	2.0
ssj98.629.2425	3.5806451612903225	0.4414506054153852	8	37	5	1	5.0
ssj84.551.2095	2.64	1.5345387298899031	5	30	3	3	1.0
ssj21.102.432	n/a	n/a	2	3	1	1	1.0
ssj326.1957.6968	3.8484848484848486	2.1488280364743693	7	42	3	1	3.0
ssj480.2594.9254	1.3333333333333333	0.9547712524422192	3	4	1	1	1.0
ssj328.1968.6999	3.1	1.9342111332504697	6	24	2	1	2.0
ssj459.2518.8927	2.9696969696969697	0.6597938635291485	6	38	6	4	1.5
ssj375.2158.7665	2.8461538461538463	0.2365061235480805	5	16	3	2	1.5
ssj204.1367.4964	2.2222222222222223	1.339825363290256	6	21	3	2	1.5
ssj255.1642.5910	1.8571428571428572	1.3268709406490897	3	10	2	1	2.0
ssj385.2211.7834	1.0	0.34657359027997275	2	3	1	1	1.0
ssj38.229.921	2.5833333333333335	1.0980917264139043	4	16	3	2	1.5
ssj5.21.74	2.7333333333333334	1.1532221911660576	5	18	1	1	1.0
ssj364.2090.7412	3.0416666666666665	0.4766213043735273	5	29	5	2	2.5
ssj37.218.896	4.137931034482759	0.2634520021976649	5	42	1	1	1.0
ssj198.1327.4799	2.4444444444444446	1.793821327819986	6	26	3	2	1.5
ssj76.498.1868	2.1739130434782608	1.4843654990255237	9	30	4	1	4.0
ssj133.853.3274	1.6666666666666667	0.038480520568064065	3	6	1	1	1.0
elexiswsd1.1496.sl.132321	2.7333333333333334	1.49979578144603	5	18	2	1	2.0
ssj64.398.1563	2.727272727272727	0.5422191178153732	4	15	1	1	1.0
ssj201.1356.4902	2.3333333333333335	0.9444616088408514	4	13	1	1	1.0
ssj236.1562.5652	3.1923076923076925	1.9134900781837076	6	32	3	1	3.0
ssj28.170.691	2.2857142857142856	0.4928500916231614	6	17	2	1	2.0
ssj193.1282.4633	4.5	0.26162407188227393	3	18	2	1	2.0
ssj246.1596.5789	3.0	1.2951335827229133	6	27	4	2	2.0
ssj317.1893.6751	2.4	0.8251299534771779	5	18	2	1	2.0
ssj53.330.1343	2.0	1.6193392260821902	7	19	1	1	1.0
ssj249.1600.5809	3.066666666666667	2.312875446844056	11	36	4	2	2.0
ssj35.203.814	2.1666666666666665	1.0185695809945732	5	15	2	1	2.0
ssj360.2074.7341	5.043478260869565	0.6427983133473051	6	28	3	2	1.5
elexiswsd1.690.sl.131508	2.2	1.6052885110267527	6	18	1	1	1.0
ssj30.182.730	3.4444444444444446	1.8178611642332558	7	53	6	3	2.0
ssj93.611.2313	2.7857142857142856	1.2679794228208983	4	17	2	2	1.0
ssj132.841.3225	2.6666666666666665	0.2616240718822739	6	15	2	1	2.0
elexiswsd1.289.sl.131105	2.727272727272727	1.0003644837524506	4	14	2	1	2.0
ssj205.1378.4995	1.4	1.2729656758128876	3	7	1	1	1.0
ssj217.1440.5218	4.4772727272727275	0.3930807221394032	9	64	3	2	1.5
ssj171.1171.4270	3.0	0.9485599924429406	4	16	2	2	1.0
ssj315.1885.6714	2.5555555555555554	0.5069162403551519	4	11	2	2	1.0
ssj172.1177.4297	5.065217391304348	0.8412297855019968	8	55	6	1	6.0
ssj424.2359.8292	2.7	1.4405154522175077	6	14	2	1	2.0
ssj456.2512.8900	3.142857142857143	1.619582239452709	4	22	3	2	1.5
elexiswsd1.886.sl.131705	2.1818181818181817	1.51740136751772	4	13	1	1	1.0
ssj130.823.3093	1.5	1.1835618070658083	3	8	1	1	1.0
ssj426.2372.8340	1.3333333333333333	1.1575038064963012	5	8	2	1	2.0
ssj319.1901.6790	3.25	1.5271680295858738	8	31	3	2	1.5
elexiswsd1.595.sl.131412	1.5555555555555556	1.2060856807231253	5	11	1	1	1.0
ssj469.2547.9055	2.4545454545454546	1.2739611177208834	4	15	2	1	2.0
ssj152.1038.3878	1.6666666666666667	1.189773067065087	3	8	1	1	1.0
ssj27.148.606	3.5555555555555554	0.9287132518727123	6	33	5	5	1.0
ssj59.365.1470	2.8157894736842106	1.9824980415268578	10	47	5	1	5.0
ssj367.2100.7462	1.625	1.2473601356181625	4	10	1	1	1.0
ssj59.361.1454	1.9	0.5094386603246281	5	13	3	2	1.5
ssj170.1163.4251	1.5	0.05889151782819164	3	5	1	1	1.0
ssj384.2189.7772	2.0	1.4451858789480823	4	15	2	1	2.0
ssj133.853.3269	4.666666666666667	0.29799171605314895	4	20	1	1	1.0
ssj161.1082.4040	2.0	0.8958797346140274	4	10	1	1	1.0
ssj126.808.3049	2.2962962962962963	1.5097680945213474	8	33	4	2	2.0
ssj360.2076.7353	2.1	0.9586613461017003	4	13	2	2	1.0
ssj464.2530.8991	2.347826086956522	1.9132049137286353	6	28	2	2	1.0
elexiswsd1.241.sl.131057	2.111111111111111	0.3513978868378886	5	12	2	1	2.0
ssj403.2252.7954	1.75	0.13353139262452263	4	7	1	1	1.0
ssj5.20.72	4.875	0.19782574332991987	6	20	2	2	1.0
ssj294.1789.6348	2.8421052631578947	0.7742480124653589	5	24	4	2	2.0
ssj27.141.570	3.263157894736842	0.2895240837045693	6	23	2	2	1.0
ssj81.532.2023	4.35	1.4442969637045109	5	25	2	1	2.0
elexiswsd1.1385.sl.132207	2.4	1.4271163556401458	3	13	2	1	2.0
ssj154.1052.3942	3.3529411764705883	1.4057163846489593	5	22	2	1	2.0
ssj54.340.1385	3.450980392156863	1.4204016346082822	8	56	5	3	1.6666666666666667
elexiswsd1.990.sl.131809	2.8333333333333335	0.20099945006583894	4	16	3	2	1.5
ssj121.780.2963	n/a	n/a	2	4	1	1	1.0
ssj252.1621.5859	2.2	0.3628351861327527	4	13	2	1	2.0
ssj406.2261.7977	2.5185185185185186	1.8228598824984967	7	31	3	1	3.0
ssj6.35.164	n/a	n/a	2	2	1	1	1.0
ssj325.1940.6899	1.6666666666666667	0.038480520568064065	3	5	1	1	1.0
ssj46.307.1250	1.5	0.8369882167858357	3	7	2	2	1.0
ssj118.752.2836	2.6666666666666665	1.316730672055569	3	12	2	1	2.0
ssj470.2549.9065	1.7272727272727273	1.548283664645143	5	14	3	1	3.0
ssj76.493.1847	2.142857142857143	1.0155339786978101	3	9	1	1	1.0
ssj465.2531.8992	3.6666666666666665	0.4034032495162334	3	9	2	1	2.0
ssj456.2510.8879	2.9622641509433962	1.795071799593902	10	63	6	4	1.5
ssj32.192.777	2.2941176470588234	1.5592134444823345	5	20	2	1	2.0
ssj194.1310.4729	1.0	0.34657359027997275	2	3	1	1	1.0
ssj215.1429.5183	1.75	1.2321436812926323	6	15	3	2	1.5
ssj59.361.1456	2.2666666666666666	1.0850209213712088	5	19	3	2	1.5
ssj400.2242.7921	3.142857142857143	1.1818478707757591	6	25	3	2	1.5
elexiswsd1.1365.sl.132187	2.090909090909091	0.8079222835483788	5	14	2	1	2.0
ssj116.726.2731	1.5	0.05889151782819164	2	4	1	1	1.0
ssj449.2463.8610	1.6666666666666667	1.078201291407982	3	8	1	1	1.0
ssj463.2527.8974	1.625	0.9007865453381898	5	10	2	2	1.0
ssj193.1274.4608	2.0	0.752038698388137	4	8	1	1	1.0
ssj85.567.2156	3.4473684210526314	1.2743290969483723	6	44	5	4	1.25
ssj370.2122.7548	2.230769230769231	1.1732753867657764	5	16	2	2	1.0
elexiswsd1.1227.sl.132046	1.7692307692307692	1.2612359645972102	7	16	2	1	2.0
ssj54.341.1389	n/a	n/a	2	3	1	1	1.0
ssj451.2477.8691	2.1818181818181817	1.5700816253466332	4	14	2	1	2.0
ssj384.2204.7809	2.3043478260869565	1.6288291449556302	6	27	3	3	1.0
ssj142.935.3579	2.1333333333333333	1.4010583550706388	6	20	2	1	2.0
ssj33.193.782	1.8571428571428572	1.1586348223384833	3	9	1	1	1.0
ssj243.1590.5763	2.3636363636363638	1.5811996960700738	6	13	1	1	1.0
ssj94.620.2362	2.0	0.5493061443340547	3	8	2	2	1.0
elexiswsd1.1015.sl.131834	1.8	1.0216512475319814	3	7	1	1	1.0
ssj29.175.706	2.3333333333333335	0.8006205726149609	6	10	1	1	1.0
ssj36.214.883	3.21875	1.6624871546380635	8	36	4	3	1.3333333333333333
ssj203.1361.4930	2.6666666666666665	1.2345791464099305	6	27	5	2	2.5
ssj276.1710.6080	3.1818181818181817	0.3880684379881148	5	25	2	1	2.0
ssj370.2133.7588	2.7142857142857144	1.0141470152564473	3	11	1	1	1.0
ssj121.780.2957	2.5	1.554530479430497	5	17	2	1	2.0
ssj342.1995.7083	2.625	0.9705196094103583	3	10	1	1	1.0
ssj446.2437.8561	1.5833333333333333	1.6788007301295875	4	14	1	1	1.0
ssj267.1692.6042	2.4285714285714284	1.9300916065837221	8	34	4	2	2.0
ssj77.503.1885	2.142857142857143	1.1066947570947876	6	18	1	1	1.0
ssj239.1574.5700	1.875	1.3069918460315713	4	11	2	2	1.0
ssj141.896.3431	2.066666666666667	0.9746616874481414	6	19	4	3	1.3333333333333333
ssj451.2486.8729	2.3	1.358104194401837	7	24	3	2	1.5
ssj152.1038.3880	1.75	0.8266785731844679	4	11	2	2	1.0
ssj417.2326.8194	3.142857142857143	0.9264350588927638	6	26	1	1	1.0
ssj315.1891.6743	2.7333333333333334	0.6950768252289798	5	19	3	1	3.0
ssj165.1132.4171	1.75	0.13353139262452263	5	9	1	1	1.0
ssj156.1059.3953	2.4210526315789473	1.830470397154566	6	24	1	1	1.0
ssj95.625.2393	2.4	1.518277134037123	5	13	3	1	3.0
ssj71.451.1712	2.7857142857142856	0.6415979385732142	4	19	3	3	1.0
ssj394.2231.7886	2.375	1.2144441041932315	10	38	5	2	2.5
elexiswsd1.302.sl.131118	1.5	1.1835618070658083	5	11	2	2	1.0
ssj45.273.1091	4.548387096774194	0.7515270606836058	5	43	5	3	1.6666666666666667
ssj114.714.2678	2.98	1.4133943465308147	9	58	3	1	3.0
ssj53.334.1365	2.125	1.3845612571316472	8	28	3	2	1.5
elexiswsd1.1300.sl.132120	1.7	1.4253832516519027	4	13	2	2	1.0
ssj182.1216.4430	3.6818181818181817	0.9352617059249804	7	28	5	1	5.0
ssj13.52.236	2.5714285714285716	1.2709467905808054	6	25	3	1	3.0
ssj18.75.288	2.9545454545454546	0.46217641014183675	5	27	4	3	1.3333333333333333
ssj75.476.1793	1.8888888888888888	1.5023442927880308	4	12	2	1	2.0
ssj212.1408.5111	2.7	1.1977615443266574	4	12	2	1	2.0
ssj152.1034.3865	1.3333333333333333	0.2616240718822739	3	5	1	1	1.0
elexiswsd1.1071.sl.131890	3.0	0.10033534773107555	6	17	3	1	3.0
ssj156.1061.3960	2.411764705882353	1.5759687202199344	11	41	6	2	3.0
ssj133.870.3341	1.75	1.5787172715726048	5	14	3	2	1.5
ssj29.180.727	1.826086956521739	1.7702906618274064	8	26	2	1	2.0
ssj474.2567.9146	2.1666666666666665	1.0185695809945732	7	22	3	1	3.0
ssj369.2106.7485	2.0	0.20273255405408205	4	9	2	2	1.0
elexiswsd1.606.sl.131423	1.8	1.1128120259289587	5	12	1	1	1.0
elexiswsd1.285.sl.131101	2.3529411764705883	0.5609405619703879	6	20	3	2	1.5
ssj98.629.2426	2.4210526315789473	1.3927360284776158	6	23	2	2	1.0
ssj102.660.2527	2.2142857142857144	0.8711723802177143	6	17	3	1	3.0
elexiswsd1.883.sl.131702	2.9	0.4331553997845673	5	24	2	2	1.0
ssj38.230.926	2.1666666666666665	1.5678757253286282	4	14	1	1	1.0
ssj21.107.456	1.8571428571428572	1.1586348223384833	3	9	1	1	1.0
ssj156.1059.3950	2.411764705882353	0.8828215396599891	6	20	4	2	2.0
ssj110.694.2618	2.25	1.7743117813027471	6	19	1	1	1.0
ssj370.2118.7533	3.0	0.7458274383888585	5	12	1	1	1.0
ssj44.266.1063	4.038461538461538	1.6497911289028078	7	32	3	1	3.0
elexiswsd1.450.sl.131266	3.1333333333333333	0.7612338442773114	4	21	2	1	2.0
ssj90.592.2234	2.8333333333333335	1.2996117387339488	5	22	2	2	1.0
ssj118.766.2903	3.3076923076923075	0.08622392049874268	4	19	3	3	1.0
ssj325.1949.6930	2.272727272727273	1.3509221588570117	5	14	2	1	2.0
ssj27.157.642	2.5652173913043477	1.4304228362050553	6	26	2	2	1.0
ssj107.681.2583	3.0444444444444443	1.8886250974954646	8	51	4	3	1.3333333333333333
ssj221.1453.5271	3.2432432432432434	1.94841379099192	7	42	3	2	1.5
ssj309.1858.6583	2.4	0.8251299534771779	5	14	2	1	2.0
ssj370.2127.7570	2.9166666666666665	1.0678916478066143	4	18	2	2	1.0
ssj413.2294.8089	2.8421052631578947	1.3235541567994138	5	22	3	2	1.5
ssj142.930.3559	2.933333333333333	1.4291782142320768	6	19	2	1	2.0
ssj27.149.613	2.0	0.8047189562170503	4	6	1	1	1.0
ssj35.207.831	3.161290322580645	1.3707322842741976	7	36	4	3	1.3333333333333333
ssj204.1374.4979	1.8181818181818181	1.29425781620351	4	13	1	1	1.0
elexiswsd1.572.sl.131389	3.0526315789473686	1.0493626387631867	4	23	3	2	1.5
ssj76.490.1832	2.8048780487804876	1.518573152253157	11	50	9	2	4.5
ssj31.190.771	2.1666666666666665	1.0185695809945732	6	17	4	3	1.3333333333333333
ssj142.931.3563	3.65	0.7524451135166502	7	24	2	2	1.0
ssj302.1840.6500	2.090909090909091	1.4343037677960628	4	13	1	1	1.0
ssj59.362.1464	2.611111111111111	0.48541003513418834	5	22	4	4	1.0
ssj412.2291.8080	2.0	1.5222612188617115	6	18	3	1	3.0
ssj259.1654.5947	1.3333333333333333	0.6081976621622466	3	5	1	1	1.0
ssj243.1589.5761	3.15	1.043610864499399	5	25	3	3	1.0
ssj103.665.2536	2.0	0.3465735902799726	3	5	1	1	1.0
ssj244.1594.5778	3.0	0.8369882167858357	4	18	2	2	1.0
ssj118.753.2840	2.5	0.6727361832998177	2	7	1	1	1.0
ssj299.1812.6415	3.1481481481481484	1.9462899214642593	6	31	3	1	3.0
ssj131.829.3167	2.2	0.7094087764127253	5	13	1	1	1.0
ssj131.827.3155	2.142857142857143	0.7601211668148147	3	10	2	1	2.0
ssj93.616.2331	2.090909090909091	1.010654837602461	5	16	5	4	1.25
ssj434.2396.8411	3.1739130434782608	1.1059290633052785	6	29	4	3	1.3333333333333333
ssj98.629.2432	2.0	0.5493061443340547	2	5	1	1	1.0
ssj80.519.1965	4.846153846153846	0.2535954541348273	3	15	1	1	1.0
elexiswsd1.493.sl.131310	2.0833333333333335	1.4814392243414563	3	14	1	1	1.0
ssj42.258.1031	2.1578947368421053	1.6760414765730096	7	21	2	2	1.0
ssj112.705.2652	2.090909090909091	1.3572284278824338	3	14	1	1	1.0
ssj288.1768.6291	2.9444444444444446	2.2341005324338092	9	45	4	1	4.0
ssj451.2476.8684	2.6666666666666665	1.2690755821534065	4	23	3	3	1.0
elexiswsd1.834.sl.131652	2.0	1.7328679513998633	5	18	1	1	1.0
ssj193.1295.4678	2.5	1.2991176675475016	4	15	3	1	3.0
ssj303.1842.6515	1.5	0.49041462650586304	2	4	1	1	1.0
ssj173.1185.4328	3.9642857142857144	0.6353501542304445	8	34	2	2	1.0
ssj464.2529.8981	1.9333333333333333	1.4994984278838914	6	18	2	1	2.0
elexiswsd1.1421.sl.132243	2.3333333333333335	1.5941031009059818	4	16	3	1	3.0
elexiswsd1.932.sl.131751	1.7142857142857142	1.2386775300120199	3	9	1	1	1.0
ssj305.1850.6552	3.0869565217391304	0.4405614468524091	6	28	5	2	2.5
elexiswsd1.178.sl.130994	2.0625	1.2116816662272465	6	18	3	2	1.5
ssj86.571.2176	1.9411764705882353	1.7262675291455005	7	19	1	1	1.0
elexiswsd1.1068.sl.131887	2.4166666666666665	0.7066377349754991	4	15	1	1	1.0
ssj98.628.2418	n/a	n/a	2	2	1	1	1.0
elexiswsd1.862.sl.131680	1.8	1.2566530621548493	5	13	2	1	2.0
ssj92.609.2297	2.5	0.9281489951828131	3	13	1	1	1.0
elexiswsd1.743.sl.131561	2.076923076923077	1.6501994588560858	5	16	1	1	1.0
ssj63.390.1544	1.5	1.0397207708399179	4	8	2	1	2.0
ssj81.533.2028	4.090909090909091	0.13675400970720877	5	19	1	1	1.0
ssj243.1588.5753	2.3846153846153846	1.3863919062348156	5	18	3	1	3.0
ssj133.868.3329	3.1538461538461537	1.0297317041020249	7	31	4	2	2.0
elexiswsd1.1383.sl.132205	2.4545454545454546	1.4522985896902496	3	13	1	1	1.0
ssj161.1110.4098	2.3333333333333335	0.6749633584745078	8	26	3	2	1.5
ssj18.76.299	4.315789473684211	1.4821587110686278	6	25	1	1	1.0
elexiswsd1.1090.sl.131909	2.125	1.2589040429911946	3	10	1	1	1.0
elexiswsd1.1572.sl.132397	1.3333333333333333	1.3013448427221919	4	8	1	1	1.0
ssj252.1621.5855	2.0	0.20273255405408205	5	8	1	1	1.0
ssj370.2120.7543	2.75	0.8328388153784883	3	13	1	1	1.0
ssj119.772.2920	2.3	1.0115306041218644	4	15	3	1	3.0
ssj477.2579.9209	2.1	1.1025023823275908	4	13	2	2	1.0
ssj446.2438.8565	2.2142857142857144	1.4975538644653983	4	17	2	1	2.0
ssj456.2512.8896	2.0	0.5493061443340547	2	5	1	1	1.0
elexiswsd1.849.sl.131667	1.3333333333333333	1.5040773967762742	5	11	1	1	1.0
ssj473.2563.9130	4.146341463414634	1.5331719516743096	7	45	6	3	2.0
ssj205.1379.5004	2.090909090909091	0.4613486932684061	5	14	3	3	1.0
ssj38.229.925	5.0	1.6086372717506134	4	33	3	2	1.5
elexiswsd1.829.sl.131647	1.875	1.1042592919774892	4	10	1	1	1.0
elexiswsd1.1312.sl.132132	1.8888888888888888	1.0119296662821677	4	11	2	2	1.0
elexiswsd1.1331.sl.132152	2.0	1.7406200446678457	5	16	2	1	2.0
elexiswsd1.699.sl.131517	2.8333333333333335	1.4434527749598391	5	21	2	1	2.0
ssj131.826.3148	1.6666666666666667	0.7316277011280093	4	8	2	1	2.0
ssj170.1161.4245	1.8235294117647058	1.7117125462132052	6	20	3	2	1.5
ssj228.1513.5498	2.7222222222222223	1.1368845192935657	5	22	2	2	1.0
ssj5.19.65	2.0	1.3784201826358211	3	11	1	1	1.0
ssj46.296.1198	2.2222222222222223	1.1048235486673883	3	12	3	2	1.5
ssj173.1184.4326	2.0	1.354025100551105	6	14	1	1	1.0
ssj205.1378.4997	2.3636363636363638	1.4900389176730966	5	16	3	2	1.5
ssj91.603.2276	3.85	0.1497929884773027	5	24	3	2	1.5
ssj61.381.1522	3.4	0.8233968494889347	5	22	5	2	2.5
ssj54.338.1381	1.9090909090909092	1.2454676520340782	5	14	3	2	1.5
elexiswsd1.273.sl.131089	2.3	1.4169957122300285	4	13	2	1	2.0
ssj406.2264.7984	3.409090909090909	0.665649156781136	6	28	4	2	2.0
ssj335.1979.7029	2.25	1.1246702892376166	3	11	1	1	1.0
ssj116.731.2757	2.727272727272727	0.8887927080953458	4	16	2	1	2.0
elexiswsd1.638.sl.131455	2.3125	1.7469128071146327	5	19	1	1	1.0
ssj80.520.1968	2.25	1.7266566914005848	6	20	3	1	3.0
ssj117.746.2807	1.6666666666666667	1.1370928092361738	5	12	3	2	1.5
ssj21.103.436	2.875	0.33024168687057687	4	11	2	1	2.0
ssj469.2546.9036	2.6	1.091660836083614	6	27	4	2	2.0
ssj417.2329.8205	2.6666666666666665	1.177914803756429	4	18	2	2	1.0
ssj366.2094.7429	1.8333333333333333	0.2897439310437119	4	8	1	1	1.0
ssj35.203.813	2.925925925925926	1.7732550829386573	4	32	4	3	1.3333333333333333
elexiswsd1.231.sl.131047	3.4	1.3727029938229895	5	19	1	1	1.0
elexiswsd1.1297.sl.132117	4.130434782608695	0.49593802257315645	5	31	3	2	1.5
ssj446.2438.8564	1.9444444444444444	1.4733567559147787	7	21	2	1	2.0
ssj93.613.2323	2.2142857142857144	0.5245987899377417	6	17	4	2	2.0
ssj6.35.163	1.875	1.1042592919774892	3	10	2	2	1.0
ssj35.207.833	2.576923076923077	1.6554072621689135	8	30	3	3	1.0
ssj443.2421.8501	2.6666666666666665	0.11778303565638351	5	14	2	1	2.0
ssj173.1184.4323	5.423076923076923	0.8342646512680822	6	39	4	3	1.3333333333333333
elexiswsd1.918.sl.131737	1.75	1.5787172715726048	5	14	2	1	2.0
ssj18.81.315	2.8947368421052633	1.3822803580448464	4	22	2	2	1.0
ssj415.2313.8153	2.4	1.0278625075312602	5	19	3	1	3.0
ssj254.1635.5885	2.0	0.27980789396771144	5	10	3	1	3.0
ssj126.810.3056	2.2	0.8209805520698301	2	7	1	1	1.0
ssj299.1812.6418	2.84	1.6053546311009037	6	30	5	2	2.5
ssj118.764.2883	2.9523809523809526	1.479370042379961	4	24	2	2	1.0
ssj3.12.44	3.3333333333333335	1.0459320308391966	3	11	1	1	1.0
ssj102.654.2498	3.3125	0.8817383503674954	5	18	2	2	1.0
ssj318.1896.6765	3.9682539682539684	1.0398147620050253	9	69	6	3	2.0
elexiswsd1.94.sl.130910	1.9166666666666667	1.1411719030869054	5	14	1	1	1.0
elexiswsd1.657.sl.131475	2.142857142857143	1.7998419376547328	6	24	3	1	3.0
ssj445.2427.8508	2.75	0.3184537311185346	4	11	1	1	1.0
ssj243.1591.5771	3.6153846153846154	0.8019953906992967	4	17	2	2	1.0
ssj279.1734.6143	2.0	0.5493061443340547	2	5	1	1	1.0
ssj237.1563.5658	2.611111111111111	1.0347161794682433	5	21	4	2	2.0
ssj162.1113.4111	2.652173913043478	1.2855146402803586	6	26	4	3	1.3333333333333333
ssj412.2286.8067	1.5555555555555556	1.349926716949016	5	11	1	1	1.0
ssj41.246.980	2.8333333333333335	0.7503055943998939	5	14	1	1	1.0
ssj133.850.3262	1.9375	1.6978509534021824	5	18	1	1	1.0
ssj415.2314.8159	1.6666666666666667	0.587786664902119	3	6	1	1	1.0
ssj276.1712.6089	2.3333333333333335	1.479682314691558	6	20	1	1	1.0
ssj124.791.3002	2.1176470588235294	1.3594482581881595	6	20	3	2	1.5
ssj68.426.1626	2.5	0.9525440772675292	3	8	1	1	1.0
ssj27.145.587	2.4	0.0707497811368496	3	7	1	1	1.0
ssj214.1421.5163	2.8181818181818183	0.5094292949923823	4	14	1	1	1.0
ssj90.591.2228	2.857142857142857	1.55218121903972	5	18	2	1	2.0
ssj131.832.3190	1.8	0.9100794718748765	3	7	1	1	1.0
ssj15.65.266	1.9166666666666667	1.5648208332805074	5	16	1	1	1.0
ssj336.1982.7036	3.1739130434782608	0.9620880270793883	6	34	3	3	1.0
ssj156.1069.3987	2.2857142857142856	0.8394236819031342	3	9	1	1	1.0
ssj172.1173.4277	3.3	0.6505172585845338	4	13	2	1	2.0
ssj432.2383.8370	2.6666666666666665	1.177914803756429	5	18	3	1	3.0
ssj242.1583.5728	1.95	0.8300367642013401	8	23	3	2	1.5
ssj312.1875.6647	1.5	0.05889151782819164	3	4	1	1	1.0
ssj95.621.2367	1.625	1.1035190993922719	5	10	1	1	1.0
ssj413.2300.8113	4.291666666666667	0.6816579016263373	7	84	11	6	1.8333333333333333
ssj64.406.1577	1.5	0.2876820724517809	4	6	2	2	1.0
ssj346.2018.7160	3.142857142857143	0.5209699507845995	5	21	2	2	1.0
ssj70.439.1675	4.5	0.8551720388712732	5	36	5	1	5.0
elexiswsd1.423.sl.131239	2.3333333333333335	1.0883026450667417	4	15	1	1	1.0
ssj426.2373.8344	2.6666666666666665	1.6556705262701472	6	17	1	1	1.0
ssj90.590.2221	2.3125	1.5876859415553655	5	19	1	1	1.0
ssj82.536.2035	2.5714285714285716	1.068214236526723	3	9	1	1	1.0
elexiswsd1.384.sl.131200	1.8	1.0216512475319814	3	7	1	1	1.0
ssj386.2218.7845	2.1666666666666665	0.1226898463805457	3	8	2	2	1.0
ssj445.2431.8530	2.1875	1.152841166204313	6	19	2	1	2.0
ssj118.765.2887	2.6666666666666665	1.0663430280993242	4	18	3	3	1.0
ssj317.1893.6745	4.323529411764706	0.6456817904254785	6	46	5	4	1.25
ssj334.1977.7026	3.909090909090909	0.5287899740639387	4	30	6	3	2.0
elexiswsd1.660.sl.131478	2.2857142857142856	1.2975690478402115	4	16	2	2	1.0
ssj464.2529.8982	2.6470588235294117	1.4828782971539223	5	22	1	1	1.0
ssj69.438.1670	2.0	1.2628643221541278	4	12	1	1	1.0
elexiswsd1.318.sl.131134	2.5384615384615383	1.5022090212228476	5	16	1	1	1.0
ssj320.1906.6800	2.3333333333333335	0.3951554645067964	4	8	1	1	1.0
ssj424.2360.8300	2.3636363636363638	1.031893551736019	4	13	3	3	1.0
ssj121.776.2932	2.588235294117647	1.270349338383113	7	20	2	1	2.0
elexiswsd1.649.sl.131467	1.4285714285714286	1.165586274922979	5	9	1	1	1.0
elexiswsd1.143.sl.130959	2.1176470588235294	1.6392561521558706	7	21	2	1	2.0
ssj34.198.803	3.0625	2.0988436083138686	12	52	2	1	2.0
ssj226.1503.5469	2.8947368421052633	1.6517786084111898	7	24	4	1	4.0
ssj63.389.1536	2.727272727272727	1.7846724427093734	8	27	3	1	3.0
ssj484.2606.9275	3.6666666666666665	0.4034032495162334	3	12	1	1	1.0
ssj62.386.1530	2.380952380952381	1.550640385771016	6	24	2	2	1.0
ssj152.1033.3864	2.25	1.3274028432916987	4	15	2	1	2.0
ssj165.1133.4175	3.3448275862068964	1.0255389108103832	8	41	1	1	1.0
ssj303.1846.6533	5.230769230769231	0.7792088775132212	4	35	1	1	1.0
ssj280.1736.6152	2.3333333333333335	0.048581874226823765	3	8	1	1	1.0
ssj126.803.3037	2.3055555555555554	2.10773034638459	11	43	4	2	2.0
ssj28.167.672	1.6666666666666667	1.3925056211191693	3	11	2	2	1.0
ssj456.2510.8891	3.0833333333333335	1.3588953869317761	6	29	5	2	2.5
ssj20.90.368	1.5	0.05889151782819164	2	4	1	1	1.0
ssj35.204.815	4.0606060606060606	1.5893748671428092	7	40	3	2	1.5
ssj75.471.1768	1.0	0.0	2	4	1	1	1.0
ssj440.2410.8463	3.4074074074074074	1.7759918225085582	8	32	4	2	2.0
ssj166.1135.4191	2.433333333333333	1.7072163659588695	9	34	4	2	2.0
ssj131.826.3136	1.6666666666666667	0.038480520568064065	3	5	1	1	1.0
ssj226.1475.5379	2.1578947368421053	1.5989661366593804	6	23	2	1	2.0
ssj221.1456.5279	4.142857142857143	0.4484306064035042	5	10	2	1	2.0
ssj452.2490.8748	1.8	0.9100794718748765	6	13	4	2	2.0
elexiswsd1.818.sl.131636	1.8	1.2566530621548493	5	15	2	2	1.0
ssj190.1240.4513	3.5	1.453060057432152	6	18	1	1	1.0
ssj325.1948.6923	3.96	0.23319388716771114	6	31	3	2	1.5
ssj92.609.2296	2.6666666666666665	1.818381726487461	6	30	3	2	1.5
ssj46.287.1157	2.9642857142857144	1.4753458920802354	9	33	5	2	2.5
ssj180.1213.4426	1.0	0.34657359027997275	2	3	1	1	1.0
ssj93.614.2327	2.6206896551724137	1.4133575852533253	7	34	5	4	1.25
ssj201.1351.4877	3.9473684210526314	1.4531954557644555	5	23	3	1	3.0
ssj413.2293.8087	2.2941176470588234	1.785206006353863	5	21	3	2	1.5
ssj208.1396.5066	3.0	0.7934825282910208	4	14	3	2	1.5
ssj347.2021.7168	2.7	1.3093333199837622	5	24	3	2	1.5
ssj419.2334.8227	2.4	0.6223973994230957	4	14	2	1	2.0
ssj455.2503.8798	3.3043478260869565	1.6149613085013936	10	80	12	5	2.4
ssj470.2554.9097	3.0	0.5674899664194922	6	19	3	2	1.5
ssj448.2453.8584	2.5	1.2991176675475016	4	17	2	2	1.0
elexiswsd1.669.sl.131487	1.9166666666666667	1.3965847149699009	5	14	1	1	1.0
ssj286.1756.6241	2.1333333333333333	1.1456455431876433	6	20	5	2	2.5
ssj47.316.1278	3.6875	0.42791922973392515	5	20	2	1	2.0
ssj325.1934.6878	2.3333333333333335	1.5708430930885353	6	24	2	1	2.0
ssj116.726.2732	2.5833333333333335	1.444665316693877	6	16	1	1	1.0
ssj417.2327.8200	2.4285714285714284	0.8903708357438042	3	10	1	1	1.0
ssj69.433.1652	2.869565217391304	1.9587724608153814	7	31	2	1	2.0
ssj164.1128.4154	3.789473684210526	2.16151798365088	13	69	7	4	1.75
ssj482.2602.9266	3.0	0.1438410362258904	6	9	1	1	1.0
elexiswsd1.946.sl.131765	2.7777777777777777	1.5221469200842108	5	24	2	1	2.0
ssj52.326.1328	3.5517241379310347	1.6586680816440753	5	36	5	3	1.6666666666666667
ssj170.1161.4244	2.7142857142857144	1.2168795693105294	8	32	5	2	2.5
ssj165.1134.4188	4.24	1.3638222795894195	7	28	2	1	2.0
ssj424.2360.8297	3.0	1.6720194839111033	5	20	2	1	2.0
ssj144.1002.3778	2.142857142857143	0.21081502248076	4	10	2	2	1.0
ssj446.2432.8532	3.5	0.10147042199834515	5	19	1	1	1.0
elexiswsd1.448.sl.131264	1.4285714285714286	1.4209990868059745	3	9	1	1	1.0
ssj31.188.759	1.6	1.02786250753126	3	7	1	1	1.0
elexiswsd1.656.sl.131474	2.5	1.0193097735797902	4	16	1	1	1.0
elexiswsd1.1355.sl.132177	2.210526315789474	1.2282949948003472	6	22	3	3	1.0
ssj463.2528.8976	2.25	1.1246702892376166	4	15	2	1	2.0
ssj302.1839.6493	2.6875	1.4374037385060274	4	20	1	1	1.0
ssj370.2117.7531	1.0	0.0	2	3	1	1	1.0
ssj319.1901.6783	3.1153846153846154	2.081722567533757	5	29	2	1	2.0
ssj451.2469.8648	2.3	0.8676895678959738	5	13	3	3	1.0
elexiswsd1.412.sl.131228	1.7777777777777777	1.2163953243244932	4	11	1	1	1.0
ssj45.275.1115	2.0	1.242453324894	5	15	2	1	2.0
ssj123.784.2974	2.111111111111111	1.7376922479577792	6	23	3	1	3.0
elexiswsd1.395.sl.131211	3.6875	0.0813456394539524	6	19	2	1	2.0
elexiswsd1.194.sl.131010	2.25	1.3274028432916987	5	15	2	1	2.0
ssj184.1225.4449	2.64	1.3318061758358208	5	28	1	1	1.0
ssj121.780.2958	2.0	0.5493061443340547	2	5	1	1	1.0
ssj226.1498.5446	1.9090909090909092	1.2454676520340782	4	13	1	1	1.0
ssj287.1762.6263	3.2962962962962963	1.4280740038020103	6	31	4	3	1.3333333333333333
ssj300.1825.6464	2.3636363636363638	1.3117014457037304	4	14	2	2	1.0
ssj91.608.2290	3.0434782608695654	1.2594650380614156	5	27	3	3	1.0
elexiswsd1.1104.sl.131923	3.0	0.6931471805599453	5	12	1	1	1.0
elexiswsd1.635.sl.131452	2.5555555555555554	0.7096487944092343	3	11	1	1	1.0
ssj27.132.539	2.3076923076923075	0.44622665453014976	6	17	3	3	1.0
ssj47.315.1274	2.5	1.0963851134934195	4	17	2	2	1.0
ssj119.773.2921	1.9090909090909092	1.6509327601422423	4	13	1	1	1.0
ssj77.508.1918	2.6	0.7450872458036413	5	14	1	1	1.0
elexiswsd1.172.sl.130988	2.3529411764705883	1.5338956364980443	4	20	2	1	2.0
elexiswsd1.45.sl.130859	2.5238095238095237	1.4012106992500628	5	24	2	2	1.0
elexiswsd1.1.sl.130814	2.3636363636363638	1.5811996960700738	5	26	3	2	1.5
ssj315.1891.6736	1.9545454545454546	0.8753635643439114	12	26	3	1	3.0
elexiswsd1.668.sl.131486	1.8181818181818181	1.4058295918606152	4	13	1	1	1.0
ssj86.574.2185	2.2857142857142856	0.8394236819031342	6	16	2	1	2.0
ssj142.944.3609	2.7058823529411766	0.421178619595229	7	20	2	1	2.0
ssj81.527.1995	2.75	0.8328388153784883	7	23	2	1	2.0
ssj249.1601.5813	3.967741935483871	0.6853700416352745	7	42	4	3	1.3333333333333333
ssj131.826.3124	4.388888888888889	0.6592569649371708	5	24	3	1	3.0
ssj287.1758.6248	2.4	1.315544579983041	5	23	2	2	1.0
ssj445.2427.8510	2.2777777777777777	1.3151327506998844	5	21	3	2	1.5
ssj222.1461.5299	2.5625	1.2500299728724142	5	20	2	2	1.0
elexiswsd1.112.sl.130928	3.0476190476190474	1.5065128618935724	5	25	2	2	1.0
elexiswsd1.1029.sl.131848	2.4	0.0707497811368496	3	7	1	1	1.0
ssj69.433.1651	4.222222222222222	0.8095432527749661	5	23	2	2	1.0
ssj177.1197.4365	2.1666666666666665	1.0185695809945732	3	9	1	1	1.0
ssj364.2087.7401	2.619047619047619	0.5594504713526636	6	26	3	2	1.5
ssj114.710.2665	3.730769230769231	1.2083135631428676	6	31	3	3	1.0
ssj124.787.2979	2.625	1.1732521634644406	7	28	2	1	2.0
ssj116.736.2779	1.6666666666666667	0.038480520568064065	3	6	1	1	1.0
ssj38.233.935	2.75	0.9239995937754655	5	21	3	2	1.5
ssj260.1656.5949	1.8	1.1128120259289587	5	13	1	1	1.0
ssj412.2284.8052	1.8571428571428572	1.1586348223384833	3	9	1	1	1.0
ssj36.211.859	2.814814814814815	1.5859770332478191	7	30	1	1	1.0
ssj144.993.3752	3.0	0.3992538481088858	4	15	2	2	1.0
ssj82.540.2062	1.4444444444444444	1.4240346891027378	4	11	1	1	1.0
ssj455.2504.8819	2.1666666666666665	1.3651431712745459	4	16	2	2	1.0
ssj439.2409.8460	2.2222222222222223	1.1959843270643655	4	11	1	1	1.0
ssj310.1866.6615	2.375	0.7240294776873683	5	15	1	1	1.0
ssj28.172.699	3.15	1.9394905991134268	9	49	5	3	1.6666666666666667
ssj95.625.2399	2.066666666666667	1.321235277728114	6	19	2	1	2.0
ssj91.604.2279	3.107142857142857	1.081704790942277	6	35	3	2	1.5
ssj141.897.3433	2.888888888888889	1.0774610988227649	4	13	1	1	1.0
ssj173.1184.4324	3.5833333333333335	1.2856885237960674	5	29	3	3	1.0
ssj260.1659.5963	2.2666666666666666	1.340433733254204	6	18	1	1	1.0
ssj421.2340.8239	1.8888888888888888	0.46262352194811296	4	11	1	1	1.0
ssj59.360.1450	2.764705882352941	1.7859667754941562	5	22	6	1	6.0
ssj449.2463.8612	2.5454545454545454	0.8139445433564068	4	14	3	2	1.5
elexiswsd1.1256.sl.132075	1.8333333333333333	1.0944628872607622	3	8	1	1	1.0
ssj54.341.1388	2.130434782608696	1.7843761003107546	9	27	2	1	2.0
elexiswsd1.1535.sl.132360	1.4	1.1613939001557827	3	7	1	1	1.0
ssj133.849.3259	3.75	0.06453852113757118	4	19	1	1	1.0
ssj5.20.68	4.3023255813953485	0.42144434846201884	6	50	7	5	1.4
ssj476.2574.9173	3.489795918367347	1.735787661503198	6	57	6	4	1.5
ssj44.270.1079	2.3333333333333335	1.7491805650579015	4	17	1	1	1.0
ssj263.1673.5999	4.290322580645161	0.9537788590659109	7	38	6	3	2.0
ssj440.2412.8468	2.7777777777777777	0.6262671854701832	5	12	2	1	2.0
ssj226.1475.5378	5.344827586206897	1.4527045070085467	6	33	3	3	1.0
ssj279.1734.6149	2.25	1.2017456291512458	4	12	1	1	1.0
ssj325.1936.6888	3.0	1.426315714956659	5	30	3	2	1.5
ssj84.554.2102	3.1538461538461537	0.48042555976796997	6	16	3	1	3.0
elexiswsd1.1452.sl.132274	2.142857142857143	0.21081502248076	4	10	2	1	2.0
elexiswsd1.67.sl.130881	1.9090909090909092	1.5920412423140509	5	13	2	1	2.0
ssj193.1300.4697	1.75	1.453060057432152	4	10	1	1	1.0
ssj86.572.2178	2.588235294117647	1.1587775627260082	5	21	2	2	1.0
elexiswsd1.989.sl.131808	2.3157894736842106	1.4371877910484496	4	22	2	2	1.0
ssj187.1237.4494	3.0	2.3020292285677004	7	36	3	1	3.0
ssj82.536.2034	2.5238095238095237	2.1855186582069854	9	47	6	3	2.0
elexiswsd1.622.sl.131439	2.272727272727273	1.2738468189433825	4	14	1	1	1.0
ssj235.1560.5637	2.52	1.658134085438425	8	32	3	1	3.0
ssj75.470.1763	3.6	0.4762148892450141	3	10	2	1	2.0
ssj303.1843.6521	2.0	1.1512925464970227	4	11	1	1	1.0
ssj20.93.395	1.9	1.058744804658683	6	15	2	1	2.0
elexiswsd1.1348.sl.132169	2.8333333333333335	1.2407202209057568	5	27	2	2	1.0
ssj59.358.1439	2.75	0.23085241321552022	5	15	3	2	1.5
ssj346.2019.7163	2.111111111111111	1.796583765785971	5	20	1	1	1.0
ssj230.1531.5545	2.111111111111111	1.5026904333349114	4	12	2	1	2.0
ssj348.2027.7183	2.0833333333333335	1.201631330373745	5	15	3	2	1.5
ssj223.1464.5314	2.347826086956522	1.6101370119434775	6	27	3	3	1.0
ssj53.335.1369	2.2666666666666666	1.340433733254204	4	18	2	2	1.0
ssj46.306.1233	2.1875	1.4082539780873085	6	19	2	1	2.0
ssj71.450.1710	2.56	1.5653103885566568	8	32	5	2	2.5
ssj455.2503.8809	2.4545454545454546	0.994153223753172	5	14	2	1	2.0
ssj133.851.3267	2.4444444444444446	1.1777494871736698	4	14	1	1	1.0
ssj462.2524.8964	1.6153846153846154	1.7758566729965386	6	15	1	1	1.0
elexiswsd1.1475.sl.132300	1.9	0.5094386603246281	6	13	2	1	2.0
ssj412.2289.8076	2.0	1.7328679513998633	5	19	2	2	1.0
ssj133.868.3331	2.4210526315789473	1.5609721467882223	6	23	4	2	2.0
elexiswsd1.352.sl.131168	2.5294117647058822	1.5872321890588714	5	21	1	1	1.0
elexiswsd1.602.sl.131419	2.2142857142857144	0.8711723802177143	5	18	3	1	3.0
ssj5.29.91	2.3157894736842106	1.325616015391345	5	22	3	2	1.5
ssj212.1404.5100	2.0	1.0845268501847616	4	9	1	1	1.0
ssj464.2529.8983	2.066666666666667	1.6678088680080867	5	19	4	2	2.0
ssj385.2207.7816	2.1666666666666665	1.5089842075004363	5	18	2	2	1.0
elexiswsd1.234.sl.131050	4.117647058823529	0.9742798485626218	4	23	1	1	1.0
ssj293.1783.6333	2.3333333333333335	0.9444616088408514	3	10	1	1	1.0
ssj134.877.3354	4.0	1.3602363605503838	6	30	3	2	1.5
ssj59.358.1441	2.3333333333333335	1.0560333844979564	3	12	2	2	1.0
ssj203.1359.4922	2.357142857142857	1.357958167570435	6	19	3	1	3.0
ssj345.2013.7146	3.4375	1.505574998678306	4	20	1	1	1.0
ssj211.1399.5081	1.4	0.81482030987581	4	7	1	1	1.0
ssj463.2528.8977	2.3125	1.4438449053294748	4	19	3	2	1.5
ssj413.2298.8105	2.0	0.6931471805599453	3	7	2	2	1.0
ssj239.1573.5698	2.6153846153846154	1.014210692136089	5	17	2	1	2.0
ssj126.795.3018	3.1818181818181817	1.3239695264389106	6	15	1	1	1.0
ssj450.2466.8623	3.090909090909091	1.3900110493890239	5	15	2	1	2.0
ssj456.2512.8899	3.8	1.9111188507778956	6	65	5	2	2.5
ssj370.2114.7512	3.142857142857143	0.6325417264417044	4	12	2	2	1.0
ssj460.2522.8958	2.1666666666666665	1.2739823928775686	6	15	2	1	2.0
ssj163.1121.4138	1.9333333333333333	1.6677345461944977	4	18	1	1	1.0
ssj360.2076.7350	3.142857142857143	1.1818478707757591	8	28	2	1	2.0
ssj172.1181.4310	2.761904761904762	1.1994878265986604	5	28	2	2	1.0
elexiswsd1.827.sl.131645	1.9166666666666667	1.2850129393127958	5	15	3	2	1.5
ssj370.2134.7593	2.4	0.7339691750802004	3	8	2	2	1.0
ssj358.2070.7328	2.0	0.8958797346140274	3	8	1	1	1.0
elexiswsd1.881.sl.131700	2.1666666666666665	0.6719959907146005	3	8	1	1	1.0
ssj147.1018.3822	3.857142857142857	0.7216406462467505	3	11	1	1	1.0
ssj2.3.12	6.0256410256410255	1.841215911372423	8	47	5	1	5.0
ssj360.2076.7355	2.55	2.3535322468347157	8	46	7	5	1.4
ssj91.608.2292	1.0	0.34657359027997275	2	6	1	1	1.0
ssj85.567.2157	3.2	0.5374478810253969	7	37	2	1	2.0
ssj144.992.3749	1.4285714285714286	0.9628537208688969	5	10	1	1	1.0
ssj59.366.1472	1.8181818181818181	1.29425781620351	5	14	2	1	2.0
ssj201.1349.4870	2.4545454545454546	0.30100604319322677	6	19	2	1	2.0
ssj318.1895.6756	4.033333333333333	1.9154434393305924	6	33	1	1	1.0
ssj18.85.329	3.066666666666667	1.5529625699718494	6	20	4	1	4.0
ssj288.1768.6287	2.6666666666666665	1.0663430280993242	5	17	2	2	1.0
ssj239.1574.5699	1.8888888888888888	1.7821521867557424	8	23	5	2	2.5
elexiswsd1.61.sl.130875	2.2857142857142856	1.388729826237189	4	17	2	2	1.0
ssj193.1302.4706	2.142857142857143	1.2505357933206778	5	17	2	1	2.0
ssj46.293.1183	2.588235294117647	1.4385854566937195	5	21	2	1	2.0
ssj3.5.18	2.2222222222222223	0.6466781827303106	4	13	3	3	1.0
ssj480.2596.9256	2.1333333333333333	1.289486579413534	6	20	3	2	1.5
ssj198.1325.4791	2.909090909090909	0.13110700639782924	5	14	3	1	3.0
ssj154.1051.3937	2.7333333333333334	0.34850323494900726	5	19	4	3	1.3333333333333333
ssj18.77.304	2.7333333333333334	2.014605490036609	6	35	5	2	2.5
ssj95.623.2380	2.5	0.5815754049028404	2	6	1	1	1.0
ssj6.34.142	1.0	0.0	2	3	1	1	1.0
ssj326.1952.6944	2.888888888888889	0.7308875085427924	7	21	2	1	2.0
ssj69.429.1635	2.235294117647059	1.8947085350887067	6	20	2	1	2.0
elexiswsd1.1521.sl.132346	2.111111111111111	1.0445450673978338	4	12	1	1	1.0
ssj486.2608.9281	1.875	1.5624046579145667	7	19	2	1	2.0
ssj27.134.542	2.0	0.5493061443340547	2	5	1	1	1.0
ssj268.1699.6055	1.5	0.49041462650586304	2	4	1	1	1.0
ssj274.1707.6073	2.625	0.42121346507630353	6	19	4	3	1.3333333333333333
elexiswsd1.1267.sl.132086	1.7272727272727273	1.548283664645143	5	13	2	1	2.0
ssj455.2506.8845	2.6363636363636362	1.3808396257081046	4	13	1	1	1.0
ssj90.596.2256	2.3333333333333335	1.4026069747779288	5	13	2	1	2.0
ssj455.2506.8836	2.0	0.3465735902799726	3	5	1	1	1.0
ssj480.2592.9249	2.5384615384615383	0.9002226190598798	7	14	1	1	1.0
ssj27.154.635	1.8	0.7662384356489861	3	7	1	1	1.0
ssj255.1641.5904	2.5555555555555554	0.5069162403551519	6	23	3	2	1.5
ssj54.342.1390	2.5714285714285716	1.3825185662379103	7	26	2	1	2.0
elexiswsd1.618.sl.131435	1.8888888888888888	1.0119296662821677	4	11	1	1	1.0
ssj217.1442.5228	2.5555555555555554	1.4027959749691796	9	31	3	2	1.5
ssj139.886.3400	1.875	1.1042592919774892	4	11	2	2	1.0
ssj325.1941.6910	2.0	0.8958797346140274	3	8	1	1	1.0
ssj81.532.2013	1.5	1.2951335827229133	3	8	1	1	1.0
ssj165.1134.4186	3.0392156862745097	2.5549120229983195	9	62	2	1	2.0
ssj46.297.1201	2.4545454545454546	1.5434593680872268	6	25	2	2	1.0
ssj226.1479.5394	1.5	0.2876820724517809	3	6	1	1	1.0
elexiswsd1.1035.sl.131854	2.6	0.19578110146958644	5	14	2	1	2.0
elexiswsd1.1315.sl.132136	2.4285714285714284	1.4051805443343832	5	17	3	1	3.0
ssj345.2013.7147	3.225806451612903	1.4416903553536555	6	38	3	1	3.0
ssj467.2537.9012	2.8461538461538463	1.3351184122161903	5	15	1	1	1.0
ssj379.2173.7717	3.4193548387096775	2.0969796250497525	5	34	3	2	1.5
ssj341.1988.7062	2.782608695652174	2.0666194593957643	8	26	1	1	1.0
ssj28.172.700	2.5	0.9525440772675292	3	8	1	1	1.0
ssj243.1588.5755	3.1666666666666665	1.44379891550672	6	42	5	3	1.6666666666666667
ssj193.1287.4650	2.3	1.6379120883695482	5	16	3	1	3.0
ssj131.827.3150	1.3333333333333333	0.9547712524422192	3	5	1	1	1.0
ssj42.257.1026	3.7333333333333334	0.9326033455321934	6	36	4	3	1.3333333333333333
ssj75.487.1824	2.6923076923076925	1.5345292995968915	7	46	3	2	1.5
ssj226.1504.5477	2.4705882352941178	1.408030132414983	5	20	3	1	3.0
ssj201.1344.4855	2.9047619047619047	1.3517895270258506	5	25	2	2	1.0
ssj449.2464.8614	2.0	1.0986122886681098	4	12	2	2	1.0
ssj480.2596.9257	2.0	1.1512925464970227	4	12	1	1	1.0
ssj220.1452.5266	1.75	0.6828375369585774	4	9	1	1	1.0
ssj226.1475.5375	3.413793103448276	1.1489710754050664	7	32	3	2	1.5
ssj12.48.221	3.2222222222222223	0.27511462629782757	7	22	3	1	3.0
ssj131.829.3170	2.4	0.8251299534771779	3	7	1	1	1.0
ssj282.1740.6177	2.4	1.0278625075312602	5	20	2	1	2.0
elexiswsd1.1457.sl.132281	2.0	1.0074515102711326	4	7	1	1	1.0
ssj456.2507.8857	2.0	0.4581453659370775	3	9	1	1	1.0
ssj69.429.1634	2.92	1.6891468426509328	5	29	3	2	1.5
ssj296.1808.6402	3.4285714285714284	1.6096462023767086	8	59	4	1	4.0
ssj27.148.611	3.0	1.4692869298570213	6	20	1	1	1.0
ssj76.499.1871	2.5	1.3336141032909774	5	22	2	2	1.0
ssj35.207.826	3.05	0.9320306904917302	8	24	2	1	2.0
elexiswsd1.1487.sl.132312	2.0	1.354025100551105	6	19	3	2	1.5
ssj173.1183.4320	1.6666666666666667	1.1370928092361738	4	10	1	1	1.0
ssj370.2120.7544	2.7	0.15804077348673942	4	14	3	2	1.5
ssj191.1252.4547	2.1666666666666665	0.1226898463805457	4	9	2	2	1.0
ssj116.724.2713	2.2	0.3628351861327527	5	14	3	1	3.0
ssj453.2494.8768	2.230769230769231	1.3760079408198587	4	16	2	2	1.0
ssj54.350.1413	2.9565217391304346	1.3796133533316453	6	27	3	1	3.0
ssj255.1640.5901	2.391304347826087	1.8472006851582765	6	29	1	1	1.0
ssj349.2035.7208	2.8974358974358974	1.6638343850961566	8	42	5	4	1.25
ssj478.2583.9227	3.0	1.7839832627243124	7	33	4	3	1.3333333333333333
ssj315.1891.6740	1.5	1.1835618070658083	5	11	2	1	2.0
ssj63.394.1559	3.4705882352941178	1.414735897072605	10	40	5	1	5.0
ssj226.1478.5389	4.0	1.583791265240325	6	41	2	2	1.0
ssj71.442.1692	1.9166666666666667	0.5918657587528506	6	15	3	2	1.5
ssj480.2594.9253	2.1666666666666665	0.6719959907146005	3	8	1	1	1.0
ssj28.172.701	3.107142857142857	1.081704790942277	6	33	3	2	1.5
elexiswsd1.340.sl.131156	2.125	1.1818287030775654	5	19	2	1	2.0
ssj292.1780.6322	3.1739130434782608	1.935043101607045	7	30	2	1	2.0
ssj352.2050.7245	1.6363636363636365	1.6794262258290478	4	13	1	1	1.0
ssj172.1173.4276	2.75	1.7287185499925157	5	29	2	1	2.0
ssj204.1373.4977	1.75	1.2848239391215455	4	10	1	1	1.0
ssj142.915.3496	1.6666666666666667	0.038480520568064065	3	6	1	1	1.0
elexiswsd1.1151.sl.131970	2.111111111111111	1.3243529613655454	4	11	1	1	1.0
ssj131.828.3163	1.5	0.49041462650586304	2	4	1	1	1.0
ssj341.1988.7061	1.625	1.1035190993922719	4	10	1	1	1.0
ssj360.2076.7354	1.4666666666666666	1.7757518045120497	9	18	1	1	1.0
ssj326.1952.6948	2.625	0.42121346507630353	3	10	1	1	1.0
ssj437.2404.8442	2.3333333333333335	1.2242695028085626	6	26	4	2	2.0
ssj90.592.2233	1.8461538461538463	1.015943796124332	7	16	3	1	3.0
ssj417.2327.8199	2.588235294117647	1.1587775627260082	5	24	3	3	1.0
ssj30.186.751	2.25	0.5753641449035618	4	11	2	1	2.0
ssj137.883.3389	3.7083333333333335	0.8277505201238333	5	28	4	3	1.3333333333333333
ssj359.2072.7332	1.8333333333333333	1.0944628872607622	3	8	1	1	1.0
ssj223.1464.5320	2.0	1.3862943611198906	5	12	1	1	1.0
ssj480.2588.9245	4.0	0.20273255405408205	6	13	1	1	1.0
ssj86.571.2174	3.048780487804878	2.0960694633052657	7	49	3	1	3.0
ssj272.1705.6069	2.0	0.20273255405408205	4	9	2	2	1.0
elexiswsd1.88.sl.130903	1.4	1.1613939001557827	3	7	1	1	1.0
ssj433.2390.8387	2.0	0.5058004558392399	6	14	2	1	2.0
ssj144.999.3767	1.6666666666666667	0.587786664902119	3	7	1	1	1.0
ssj31.190.770	1.6666666666666667	1.1370928092361738	5	12	3	3	1.0
ssj75.477.1797	2.1666666666666665	1.0185695809945732	5	15	1	1	1.0
ssj75.475.1779	2.4	1.1717035437571504	3	12	1	1	1.0
ssj294.1795.6359	2.6	1.8618833565571884	6	26	5	2	2.5
ssj144.1008.3801	1.0	0.6931471805599453	2	4	1	1	1.0
elexiswsd1.306.sl.131122	2.05	1.6759060782407063	5	23	1	1	1.0
ssj144.1006.3791	2.2142857142857144	1.217745970497687	5	17	3	2	1.5
ssj95.621.2368	2.0	0.6931471805599453	3	6	2	1	2.0
elexiswsd1.466.sl.131283	2.0476190476190474	1.904195829559682	7	26	2	2	1.0
ssj103.666.2540	1.0	0.34657359027997275	2	2	1	1	1.0
elexiswsd1.961.sl.131780	2.210526315789474	1.651943924993949	6	22	2	1	2.0
ssj456.2509.8868	3.2916666666666665	0.9469390373889517	5	28	2	2	1.0
ssj282.1740.6175	1.9	1.5491594311645462	4	12	1	1	1.0
ssj325.1949.6933	3.5853658536585367	0.5799255132777253	6	51	5	4	1.25
ssj322.1912.6825	2.9444444444444446	0.9145718676261799	5	20	1	1	1.0
ssj221.1454.5274	3.0681818181818183	1.9699573088381475	9	50	4	2	2.0
elexiswsd1.844.sl.131662	2.533333333333333	1.7069638206576978	4	17	1	1	1.0
ssj470.2554.9096	2.0	0.8047189562170503	3	6	1	1	1.0
ssj451.2473.8670	1.5	0.05889151782819164	2	4	1	1	1.0
elexiswsd1.1042.sl.131861	1.5714285714285714	1.214117131344545	4	9	1	1	1.0
ssj203.1361.4926	3.375	0.5164726270753702	6	21	4	1	4.0
ssj227.1510.5490	3.3214285714285716	1.819732372660655	8	34	3	2	1.5
ssj133.855.3284	2.8636363636363638	1.5920412423140506	5	25	2	2	1.0
ssj161.1093.4067	2.238095238095238	1.6125157894891033	7	24	1	1	1.0
ssj150.1027.3844	3.0	1.7187825129165153	5	24	1	1	1.0
ssj228.1522.5519	2.5217391304347827	1.3359454939072504	6	27	2	1	2.0
ssj226.1503.5474	2.6470588235294117	0.9924636706480594	5	21	3	2	1.5
elexiswsd1.1307.sl.132127	2.75	1.2705731840554382	4	19	1	1	1.0
ssj195.1314.4744	3.3448275862068964	1.1693799470362736	6	34	3	2	1.5
ssj260.1660.5967	3.727272727272727	0.5764180230531932	9	27	5	2	2.5
ssj455.2503.8803	2.0833333333333335	0.5084841498137996	6	15	2	1	2.0
ssj142.940.3597	3.8181818181818183	0.5523204714741328	5	15	2	1	2.0
ssj242.1584.5732	2.5	0.9525440772675292	7	21	2	2	1.0
ssj28.167.673	1.6666666666666667	1.2809338454620642	5	14	2	2	1.0
ssj12.51.234	3.740740740740741	0.6752083724452068	5	32	4	2	2.0
ssj118.753.2843	1.75	0.9382503488415728	3	6	1	1	1.0
ssj436.2402.8433	2.090909090909091	1.6602963296675914	5	14	2	1	2.0
elexiswsd1.1129.sl.131948	2.0714285714285716	1.284437344996359	4	17	2	2	1.0
ssj80.522.1970	2.0	0.8047189562170503	5	14	3	1	3.0
ssj184.1223.4442	2.8125	2.2210554027310363	9	39	4	2	2.0
ssj267.1688.6032	1.375	1.4144142202813288	5	10	1	1	1.0
ssj377.2168.7693	2.7058823529411766	1.6636319444892294	9	45	7	5	1.4
ssj407.2270.8017	2.85	1.4902679133363543	7	26	6	5	1.2
elexiswsd1.860.sl.131678	2.3125	1.6465774593835572	6	19	2	1	2.0
ssj185.1230.4464	3.619047619047619	1.9992305786068842	8	49	5	1	5.0
ssj127.812.3064	1.8	1.3682248378119541	5	14	4	1	4.0
ssj325.1932.6873	2.857142857142857	1.5121598652029518	6	32	5	3	1.6666666666666667
ssj134.879.3370	1.375	1.2705731840554382	5	10	1	1	1.0
ssj18.86.330	2.1136363636363638	2.039564692338163	14	48	2	1	2.0
elexiswsd1.1199.sl.132018	2.9	1.3290351343985947	5	22	3	3	1.0
ssj105.673.2555	2.066666666666667	1.321235277728114	7	18	3	1	3.0
ssj319.1901.6781	2.5	1.6021855693326597	5	16	1	1	1.0
ssj226.1503.5475	2.125	1.4372415149605609	5	19	3	1	3.0
ssj394.2231.7885	1.4	1.1613939001557827	3	7	1	1	1.0
ssj367.2100.7460	2.5416666666666665	1.754819170016717	7	28	5	2	2.5
ssj412.2285.8064	1.9	1.058744804658683	5	13	2	2	1.0
ssj446.2444.8572	2.7777777777777777	1.1755733298042381	4	13	1	1	1.0
ssj370.2131.7586	1.0	0.6931471805599453	2	4	1	1	1.0
ssj84.554.2103	2.7777777777777777	0.9728407757501558	6	21	2	1	2.0
ssj38.226.912	2.7142857142857144	0.6675734249764748	8	35	4	1	4.0
ssj422.2346.8258	3.8	0.7121712143787103	4	20	3	2	1.5
ssj45.275.1113	2.375	0.7240294776873683	3	11	2	2	1.0
ssj451.2471.8660	1.5	0.05889151782819164	2	4	1	1	1.0
elexiswsd1.1441.sl.132263	1.3333333333333333	0.8109302162163288	2	5	1	1	1.0
ssj425.2366.8317	2.0526315789473686	1.4462440031799595	6	22	2	1	2.0
elexiswsd1.603.sl.131420	2.25	1.2685113254635072	3	10	1	1	1.0
ssj6.35.154	2.4074074074074074	1.7423231036385132	6	33	5	2	2.5
ssj349.2032.7200	2.0	1.354025100551105	5	14	1	1	1.0
ssj279.1730.6127	2.611111111111111	1.2901289913512386	4	20	2	2	1.0
ssj161.1101.4079	6.078125	0.9678924619810068	10	88	3	2	1.5
ssj121.779.2952	2.090909090909091	1.3572284278824338	5	14	2	1	2.0
ssj233.1548.5600	2.263157894736842	1.4601773092731485	5	22	2	1	2.0
ssj383.2182.7744	1.6666666666666667	1.189773067065087	3	8	1	1	1.0
ssj201.1342.4846	2.0	1.0700330817481354	7	21	3	2	1.5
ssj171.1167.4263	3.5	1.8644423943638178	6	37	2	2	1.0
ssj435.2399.8423	2.9545454545454546	0.8087500004218093	6	25	3	2	1.5
ssj44.265.1062	1.75	0.13353139262452263	3	6	1	1	1.0
ssj84.556.2121	1.5	0.8369882167858357	3	6	1	1	1.0
ssj391.2225.7871	3.4705882352941178	0.7215887165126595	5	22	1	1	1.0
ssj191.1244.4524	2.090909090909091	1.1544958738283515	4	13	2	2	1.0
ssj31.187.753	2.0625	1.8136680683902144	6	19	2	1	2.0
elexiswsd1.1212.sl.132031	1.7777777777777777	1.327967099981598	4	11	1	1	1.0
ssj42.257.1022	2.0	0.5493061443340547	6	15	2	1	2.0
ssj464.2530.8990	2.888888888888889	1.0774610988227649	3	11	1	1	1.0
ssj172.1173.4280	4.916666666666667	0.9322972095070493	4	14	1	1	1.0
ssj18.86.332	2.75	1.2705731840554382	6	30	2	1	2.0
ssj85.561.2135	2.8666666666666667	1.3994874746278623	5	18	2	2	1.0
elexiswsd1.66.sl.130880	1.6666666666666667	1.078201291407982	7	14	1	1	1.0
ssj99.638.2454	2.3636363636363638	1.5811996960700738	5	16	1	1	1.0
ssj84.553.2099	2.6666666666666665	1.013662770270411	6	20	3	2	1.5
ssj84.555.2112	2.2941176470588234	1.2794055505146231	6	21	2	1	2.0
ssj415.2313.8154	2.8260869565217392	1.0781601983321423	7	29	6	2	3.0
ssj239.1578.5709	2.1538461538461537	1.666512072514124	8	31	4	1	4.0
ssj18.75.294	1.4285714285714286	1.165586274922979	5	9	1	1	1.0
ssj325.1935.6883	3.35	0.9820529714999658	6	24	3	2	1.5
elexiswsd1.640.sl.131457	2.727272727272727	0.8887927080953458	5	13	2	2	1.0
ssj325.1937.6892	6.4	1.3625778345025745	5	29	3	2	1.5
ssj370.2124.7554	2.923076923076923	0.7591440207999742	4	17	3	3	1.0
ssj131.833.3193	1.5	0.6342556627317537	2	5	1	1	1.0
ssj370.2123.7551	1.6666666666666667	0.587786664902119	3	7	1	1	1.0
ssj85.565.2149	2.5714285714285716	1.2274411020859906	3	12	2	1	2.0
ssj410.2281.8043	2.9	2.500738678155745	9	57	5	1	5.0
ssj144.973.3703	4.2465753424657535	1.3922640448033399	9	89	6	5	1.2
ssj80.525.1984	2.125	1.3256697393034558	3	11	2	1	2.0
ssj394.2232.7888	3.2413793103448274	1.8271776275173366	7	33	3	2	1.5
ssj61.371.1488	1.8	0.7662384356489861	3	7	1	1	1.0
ssj367.2099.7451	2.7857142857142856	0.9881715288531869	4	19	1	1	1.0
ssj132.841.3222	2.0	1.0845268501847616	4	9	1	1	1.0
ssj81.531.2011	1.875	0.9604182557515986	4	11	1	1	1.0
ssj417.2331.8220	3.608695652173913	1.6384258166482315	4	29	2	2	1.0
ssj131.837.3201	2.7058823529411766	1.7036532983259975	5	27	4	1	4.0
ssj195.1313.4742	2.6666666666666665	0.11778303565638351	4	12	1	1	1.0
ssj326.1953.6954	2.3513513513513513	1.7551877065288033	11	42	6	2	3.0
elexiswsd1.1403.sl.132225	2.263157894736842	1.9379330317868668	5	21	1	1	1.0
ssj198.1326.4795	2.5294117647058822	1.4615749749184184	4	20	1	1	1.0
ssj446.2432.8533	2.3333333333333335	1.3681105390344532	5	14	1	1	1.0
ssj25.122.513	2.4285714285714284	0.08565187952675406	4	11	3	2	1.5
ssj141.900.3448	1.3333333333333333	0.8109302162163288	2	5	1	1	1.0
ssj193.1276.4614	2.5	0.5815754049028404	2	6	1	1	1.0
elexiswsd1.1497.sl.132322	1.875	0.9604182557515986	4	10	1	1	1.0
ssj451.2478.8696	2.25	0.778096698957644	3	7	1	1	1.0
ssj95.621.2366	1.0	0.8958797346140274	3	4	1	1	1.0
ssj47.316.1288	1.0	0.6931471805599453	2	4	1	1	1.0
ssj161.1086.4053	3.5	1.3437154569497374	5	24	2	1	2.0
elexiswsd1.27.sl.130840	2.0	1.3940464543878732	5	16	2	1	2.0
ssj35.206.822	3.111111111111111	1.003353126669043	5	23	3	2	1.5
ssj301.1838.6491	2.111111111111111	1.796583765785971	5	21	3	2	1.5
ssj61.369.1478	3.0476190476190474	1.2126195294425128	5	27	3	1	3.0
elexiswsd1.1130.sl.131949	2.8	0.32440568336994685	6	18	3	2	1.5
ssj93.617.2342	3.9	0.6861957279754497	3	16	1	1	1.0
ssj318.1898.6770	2.1785714285714284	1.2340064913694673	12	36	5	1	5.0
ssj18.80.308	3.142857142857143	1.3256889070016495	4	17	1	1	1.0
elexiswsd1.364.sl.131180	1.8	1.5709573918660364	6	17	1	1	1.0
elexiswsd1.1407.sl.132229	2.6875	1.7172116324737388	5	20	2	1	2.0
ssj106.675.2563	4.088888888888889	1.5936702657146038	9	51	7	3	2.3333333333333335
ssj13.53.239	3.375	0.5164726270753702	5	24	4	2	2.0
ssj172.1175.4284	2.0	0.34657359027997275	4	10	2	2	1.0
ssj369.2111.7503	1.0	0.34657359027997275	2	3	1	1	1.0
ssj242.1585.5735	3.2	1.7799012059193968	7	50	5	4	1.25
ssj91.607.2287	2.28	1.7582175439954078	6	28	4	4	1.0
ssj77.503.1887	3.0	1.8444397270569681	6	29	4	2	2.0
ssj103.666.2539	1.5	1.2951335827229133	3	8	1	1	1.0
ssj174.1188.4332	3.1578947368421053	1.0154610870875054	5	24	2	2	1.0
ssj455.2506.8846	2.6296296296296298	1.4857943781822283	6	32	3	2	1.5
ssj93.617.2337	2.5714285714285716	0.028493465686805247	3	9	1	1	1.0
ssj193.1272.4604	2.870967741935484	1.3554916175555247	8	35	5	2	2.5
elexiswsd1.795.sl.131613	2.0	1.6479184330021646	4	14	1	1	1.0
ssj216.1434.5195	2.2777777777777777	1.9415142349475687	5	21	2	1	2.0
ssj213.1409.5114	2.5	1.365883363859763	4	22	3	3	1.0
elexiswsd1.1512.sl.132337	2.3	1.1231023797789692	4	13	2	1	2.0
ssj84.555.2116	2.838709677419355	1.0202175825294855	9	39	3	1	3.0
elexiswsd1.833.sl.131651	2.4	1.5953524739507523	6	22	2	2	1.0
ssj279.1730.6130	2.111111111111111	0.3513978868378886	4	12	3	3	1.0
ssj47.316.1285	3.2916666666666665	1.814239565083005	6	29	3	3	1.0
ssj349.2033.7204	2.0526315789473686	1.726051897147671	6	22	2	2	1.0
elexiswsd1.399.sl.131215	1.6	1.3744360978112327	5	12	1	1	1.0
ssj199.1328.4801	3.0476190476190474	0.4079005732254626	7	25	4	4	1.0
ssj364.2092.7422	2.5	0.7843079589569226	4	13	2	1	2.0
ssj446.2445.8573	3.5294117647058822	1.541769814982114	5	21	2	1	2.0
ssj124.789.2987	2.111111111111111	0.9007040311719434	4	11	1	1	1.0
elexiswsd1.798.sl.131616	1.75	1.3759847175185227	6	15	3	2	1.5
ssj82.539.2058	2.45	1.2949252927803052	6	25	6	2	3.0
ssj252.1610.5840	3.3333333333333335	0.7905192189562011	8	31	2	1	2.0
ssj12.45.201	1.25	0.8165772195257083	3	6	1	1	1.0
ssj118.765.2891	3.5	0.6160718406463163	4	19	4	4	1.0
ssj383.2179.7736	1.9	1.3141576165416782	4	11	1	1	1.0
ssj133.866.3321	2.4285714285714284	0.9815316141407815	6	19	3	1	3.0
ssj403.2251.7951	1.5	0.05889151782819164	3	5	1	1	1.0
ssj27.144.583	2.2	0.5655677401868349	7	19	2	2	1.0
ssj399.2241.7915	2.1	1.3052349363816729	4	13	3	3	1.0
ssj29.179.724	2.6666666666666665	1.7068099508303565	4	22	3	2	1.5
ssj47.317.1291	2.375	0.7240294776873683	4	13	2	1	2.0
ssj35.207.829	3.3529411764705883	1.4492220731437742	6	21	3	1	3.0
ssj206.1386.5032	3.611111111111111	1.4036236918426102	8	41	4	3	1.3333333333333333
ssj214.1416.5148	2.9166666666666665	1.414465238086587	4	16	1	1	1.0
ssj64.406.1574	1.3333333333333333	0.6081976621622466	4	7	1	1	1.0
ssj375.2154.7649	2.4375	1.6942690736292108	5	20	3	1	3.0
ssj377.2168.7692	2.1578947368421053	1.8543789485423756	6	22	2	1	2.0
ssj417.2329.8206	3.0416666666666665	1.6279138508705502	6	29	3	2	1.5
ssj28.172.696	3.2	0.011858263308657958	6	13	1	1	1.0
ssj480.2587.9237	1.8181818181818181	1.4969903702575924	5	15	1	1	1.0
ssj475.2570.9158	3.466666666666667	0.45740517335186043	8	40	3	1	3.0
ssj68.424.1616	2.0	0.9729550745276567	3	9	1	1	1.0
ssj59.360.1449	2.4375	1.391201171844053	4	19	4	3	1.3333333333333333
ssj436.2401.8430	2.0	0.5493061443340547	2	5	1	1	1.0
ssj226.1502.5466	1.4545454545454546	1.5174013675177198	6	13	2	2	1.0
ssj33.194.792	3.4545454545454546	0.8551364840851976	8	31	1	1	1.0
ssj451.2471.8654	2.5	0.5815754049028404	2	6	1	1	1.0
ssj75.484.1810	1.8888888888888888	0.46262352194811296	6	12	2	1	2.0
elexiswsd1.1246.sl.132065	1.7272727272727273	1.3455511105910607	5	13	1	1	1.0
ssj211.1399.5079	2.7142857142857144	0.6675734249764748	4	17	2	2	1.0
ssj72.456.1721	1.4444444444444444	1.2801936528768472	6	11	2	1	2.0
ssj349.2034.7206	2.4782608695652173	1.4649090122762245	6	25	2	2	1.0
elexiswsd1.1047.sl.131866	1.3333333333333333	0.2616240718822739	3	5	1	1	1.0
ssj115.721.2705	3.8	1.435630705846873	5	18	1	1	1.0
elexiswsd1.1505.sl.132330	1.4	1.1613939001557827	3	7	1	1	1.0
ssj384.2196.7786	2.8823529411764706	1.330954792501354	4	21	2	1	2.0
ssj37.217.895	1.7142857142857142	1.127105754354915	4	9	1	1	1.0
ssj279.1734.6147	3.55	0.7802246776237259	4	24	4	3	1.3333333333333333
elexiswsd1.1368.sl.132190	1.5714285714285714	1.416849685398627	3	9	1	1	1.0
ssj184.1224.4445	3.4615384615384617	1.6698098154327263	7	31	2	2	1.0
ssj54.350.1414	1.4285714285714286	1.3094273111488697	4	9	1	1	1.0
ssj213.1414.5137	3.526315789473684	1.1849209238863514	6	22	3	2	1.5
ssj282.1740.6180	1.6666666666666667	1.4836663995161465	4	11	1	1	1.0
ssj477.2580.9216	2.6875	0.7442565579460821	5	20	3	2	1.5
ssj144.981.3719	3.4	0.8233968494889347	5	24	3	2	1.5
ssj384.2187.7765	1.5	1.2951335827229133	3	8	1	1	1.0
ssj131.825.3116	2.1666666666666665	0.1226898463805457	4	9	2	1	2.0
ssj215.1426.5171	4.137931034482759	0.9565991827576101	7	44	9	4	2.25
ssj252.1622.5860	1.0	0.0	2	3	1	1	1.0
ssj242.1583.5716	2.5294117647058822	0.4886199003907617	6	22	2	1	2.0
ssj455.2503.8815	3.5161290322580645	0.8062065147785484	6	41	8	5	1.6
ssj153.1040.3908	2.6	1.6936472382465821	6	23	1	1	1.0
ssj414.2307.8128	2.9166666666666665	1.414465238086587	7	41	5	3	1.6666666666666667
ssj166.1137.4196	2.888888888888889	1.4829262069309292	6	33	2	1	2.0
ssj299.1816.6433	1.8	0.2169322913149312	4	6	1	1	1.0
ssj351.2048.7240	2.9285714285714284	1.396306474215603	8	33	4	2	2.0
ssj12.45.199	1.8571428571428572	0.7004894564014058	4	10	2	2	1.0
ssj238.1565.5671	2.5454545454545454	1.9307406541099539	7	27	2	1	2.0
ssj355.2060.7285	2.6666666666666665	1.1575038064963012	3	11	1	1	1.0
elexiswsd1.21.sl.130834	2.25	0.5753641449035618	6	18	2	1	2.0
ssj235.1560.5636	1.7	1.51654403004888	4	12	1	1	1.0
ssj133.863.3306	2.2222222222222223	1.5425579173443382	5	22	3	1	3.0
ssj385.2212.7838	3.5714285714285716	1.7715567619105355	6	26	1	1	1.0
elexiswsd1.813.sl.131631	3.736842105263158	0.7032847360424	6	26	2	1	2.0
ssj110.689.2599	3.04	1.4705354715436267	7	29	3	2	1.5
ssj42.251.1004	2.5	0.4700036292457356	3	12	3	3	1.0
ssj226.1500.5450	2.6363636363636362	1.269267850051	4	16	2	2	1.0
ssj347.2024.7174	2.2941176470588234	1.6259791407945958	6	19	1	1	1.0
ssj367.2098.7440	3.4444444444444446	1.3597157982961783	7	40	2	2	1.0
ssj312.1876.6655	3.0476190476190474	1.5065128618935724	6	25	3	2	1.5
ssj66.416.1598	2.227272727272727	1.8960359284238701	8	25	2	1	2.0
ssj208.1393.5047	2.125	1.8082101873252494	8	28	4	2	2.0
ssj45.277.1122	2.6	0.1507924888103862	4	9	1	1	1.0
elexiswsd1.1387.sl.132209	2.2	0.9121413304668073	3	7	1	1	1.0
ssj386.2218.7847	2.392857142857143	1.6894938804858672	8	35	1	1	1.0
ssj361.2082.7378	2.2	1.3702866964038851	4	18	1	1	1.0
ssj324.1921.6846	1.5	1.1835618070658083	5	10	1	1	1.0
ssj144.1008.3797	1.3333333333333333	0.9547712524422192	3	5	1	1	1.0
elexiswsd1.118.sl.130934	1.25	1.0193097735797902	3	6	1	1	1.0
ssj397.2236.7902	4.193548387096774	2.0004399585147103	7	39	3	1	3.0
ssj470.2550.9077	2.5	1.2079568891505246	3	12	1	1	1.0
ssj360.2081.7370	2.142857142857143	0.7601211668148147	9	25	4	3	1.3333333333333333
ssj172.1173.4274	2.2	0.01626159585277994	3	7	2	1	2.0
ssj367.2098.7444	3.533333333333333	1.9606181972428773	7	35	4	1	4.0
elexiswsd1.401.sl.131217	2.625	1.1732521634644406	3	10	1	1	1.0
ssj54.346.1400	2.5	1.9422231188289558	6	22	3	1	3.0
ssj302.1840.6497	2.5454545454545454	1.8536653141963249	6	27	4	1	4.0
ssj217.1440.5216	4.261904761904762	1.2238375778013477	8	52	4	4	1.0
ssj186.1232.4474	3.5526315789473686	2.0966256878303073	6	47	4	3	1.3333333333333333
ssj110.692.2614	3.090909090909091	0.41705597486136714	4	25	3	2	1.5
ssj18.82.317	3.1818181818181817	1.8046751100162228	5	25	3	2	1.5
ssj326.1955.6961	3.5	1.3492403750430297	4	20	1	1	1.0
ssj184.1227.4456	3.8181818181818183	1.0104658374112103	4	26	3	2	1.5
ssj284.1751.6231	2.857142857142857	0.8190126846430065	5	23	3	2	1.5
ssj246.1596.5781	1.625	1.3589319112752674	4	10	1	1	1.0
ssj226.1494.5435	1.5	1.1835618070658083	3	9	2	1	2.0
ssj284.1746.6215	2.230769230769231	0.48012820620583097	6	17	3	1	3.0
elexiswsd1.1381.sl.132203	2.625	0.7677870553562762	4	18	2	2	1.0
ssj139.893.3422	2.769230769230769	0.6104786880161677	6	17	3	1	3.0
ssj322.1911.6824	2.8857142857142857	2.071926675943966	6	40	2	2	1.0
ssj177.1195.4349	1.6	1.2305950615853423	4	7	1	1	1.0
ssj320.1906.6802	2.857142857142857	1.671386730762219	5	24	2	1	2.0
ssj152.1038.3886	2.9285714285714284	0.9381611082785255	6	33	6	5	1.2
ssj451.2488.8736	2.0	1.354025100551105	5	12	1	1	1.0
ssj345.2015.7153	2.5238095238095237	2.142012969712171	10	46	3	2	1.5
elexiswsd1.115.sl.130931	2.3076923076923075	0.7928002448101223	6	16	2	1	2.0
ssj326.1954.6955	2.6666666666666665	0.464356625936356	6	21	3	2	1.5
ssj318.1900.6780	2.375	0.8678705139132589	3	11	2	1	2.0
ssj415.2314.8167	1.8888888888888888	1.2673424781651632	3	13	2	1	2.0
ssj196.1322.4770	1.625	1.1035190993922719	5	10	1	1	1.0
ssj85.561.2138	2.5789473684210527	1.7672914955330343	7	22	2	1	2.0
elexiswsd1.461.sl.131278	1.5	1.1835618070658083	4	8	1	1	1.0
ssj116.726.2720	2.1666666666666665	0.9274088025975961	3	10	1	1	1.0
elexiswsd1.607.sl.131424	1.7272727272727273	1.4571228862481655	5	14	3	1	3.0
ssj161.1111.4104	2.375	1.9229771140865535	6	27	2	1	2.0
ssj206.1386.5028	2.5	1.1631508098056809	4	19	2	1	2.0
elexiswsd1.613.sl.131430	2.0714285714285716	1.6310109352763318	5	16	1	1	1.0
ssj21.106.450	2.2	0.8209805520698301	5	7	2	1	2.0
elexiswsd1.1556.sl.132381	2.4615384615384617	0.728261723672551	5	16	2	1	2.0
ssj364.2088.7405	1.8333333333333333	0.8390500753777668	3	9	2	1	2.0
elexiswsd1.1433.sl.132255	2.1666666666666665	1.0185695809945732	3	8	1	1	1.0
ssj194.1306.4719	2.4444444444444446	1.1006741472600405	6	21	2	1	2.0
ssj455.2502.8793	2.473684210526316	1.8089641919336021	5	25	2	1	2.0
elexiswsd1.245.sl.000000	1.8	0.9100794718748765	3	7	1	1	1.0
ssj355.2059.7280	1.75	0.9382503488415728	3	6	1	1	1.0
ssj134.880.3373	2.6666666666666665	1.9095425048844386	7	33	5	3	1.6666666666666667
elexiswsd1.71.sl.130885	2.3076923076923075	1.5975192010271726	7	15	1	1	1.0
ssj160.1079.4033	2.5454545454545454	0.2646383990223519	4	13	1	1	1.0
ssj347.2021.7167	2.6923076923076925	1.4910236111020767	3	15	1	1	1.0
ssj172.1173.4279	3.2222222222222223	0.07145896398214505	5	12	2	1	2.0
ssj328.1968.7000	4.25	0.48868152251762004	8	21	2	1	2.0
ssj441.2417.8493	2.727272727272727	1.3469380740324235	3	13	1	1	1.0
elexiswsd1.387.sl.131203	3.75	0.9604182557515986	4	19	2	1	2.0
ssj383.2182.7742	1.7777777777777777	1.2163953243244932	5	13	3	2	1.5
elexiswsd1.1019.sl.131838	2.0	0.0	3	6	1	1	1.0
ssj413.2299.8109	2.0	0.5493061443340547	2	5	1	1	1.0
elexiswsd1.733.sl.131551	3.6666666666666665	0.14590289481782148	4	13	3	1	3.0
ssj170.1159.4241	3.125	1.4225477065132648	7	32	2	2	1.0
ssj3.9.33	2.1666666666666665	1.4422185111881751	5	15	1	1	1.0
ssj110.692.2612	2.65	1.3280254529959148	5	24	3	2	1.5
ssj228.1522.5521	2.533333333333333	1.397444216454586	5	18	2	1	2.0
ssj193.1296.4685	2.0	0.1438410362258906	3	5	1	1	1.0
ssj247.1598.5804	2.5714285714285716	0.9243732003008327	3	9	1	1	1.0
elexiswsd1.885.sl.131704	2.6315789473684212	1.19778264388146	6	24	1	1	1.0
ssj139.892.3420	2.44	1.9598931980229901	6	30	2	2	1.0
ssj73.459.1726	2.9	1.9899130543897545	5	36	3	2	1.5
ssj294.1790.6349	1.8571428571428572	0.903222010455488	4	10	2	2	1.0
ssj321.1910.6818	3.727272727272727	1.7753656594523786	7	29	5	2	2.5
ssj226.1478.5390	2.7142857142857144	1.2168795693105294	3	17	2	2	1.0
elexiswsd1.1527.sl.132352	2.0	0.0	3	6	1	1	1.0
ssj121.780.2961	3.111111111111111	0.03636764417087479	5	11	3	2	1.5
ssj456.2509.8869	3.0833333333333335	1.5027364231576665	6	17	1	1	1.0
ssj75.480.1802	1.5714285714285714	1.3256889070016495	4	9	1	1	1.0
ssj179.1212.4421	2.909090909090909	1.3735603312918294	6	27	4	1	4.0
ssj199.1333.4816	1.6666666666666667	0.587786664902119	3	6	1	1	1.0
ssj159.1074.4015	2.3333333333333335	1.291035199120824	5	27	2	2	1.0
ssj331.1973.7009	2.4615384615384617	1.0748353139525237	4	16	2	2	1.0
ssj117.744.2800	2.0	0.34657359027997275	3	8	1	1	1.0
ssj24.120.503	2.8260869565217392	1.7713073788920877	5	29	4	3	1.3333333333333333
ssj201.1356.4903	3.25	1.215090875049377	4	27	1	1	1.0
ssj27.143.581	2.3333333333333335	0.853300830443874	6	19	2	1	2.0
ssj267.1693.6043	3.111111111111111	2.3973995810569164	9	53	7	2	3.5
elexiswsd1.996.sl.131815	4.705882352941177	0.13220661858955743	6	20	2	1	2.0
ssj90.595.2247	1.75	0.9382503488415728	3	6	1	1	1.0
ssj142.929.3554	3.8260869565217392	1.0306234656325683	4	32	6	2	3.0
ssj75.485.1814	1.9	1.058744804658683	5	13	2	1	2.0
ssj27.149.623	2.2	0.5655677401868349	5	8	1	1	1.0
ssj312.1877.6678	1.6666666666666667	0.7316277011280093	3	5	1	1	1.0
ssj433.2386.8375	4.032258064516129	1.0158142499853635	4	38	3	3	1.0
ssj249.1603.5824	2.125	1.3256697393034558	6	18	2	2	1.0
ssj310.1866.6619	1.9090909090909092	1.357039427691183	4	13	2	2	1.0
ssj178.1206.4402	2.4827586206896552	1.7472327004913124	7	33	4	3	1.3333333333333333
elexiswsd1.1004.sl.131823	2.5	1.9117051735357713	5	29	4	1	4.0
ssj93.613.2322	3.2962962962962963	1.0044250736084086	6	38	3	2	1.5
ssj226.1485.5406	2.6538461538461537	1.6259933769626203	6	30	4	3	1.3333333333333333
ssj352.2050.7252	3.0	2.0126758453675744	5	28	2	1	2.0
ssj370.2132.7587	2.4	0.9689709897030683	7	26	5	1	5.0
ssj27.138.552	2.7142857142857144	1.0730385330846393	5	25	2	2	1.0
ssj293.1785.6340	2.5	1.2220423276338725	4	15	2	1	2.0
ssj394.2231.7887	2.7777777777777777	1.463255402256019	6	21	3	1	3.0
elexiswsd1.1386.sl.132208	2.25	1.2362420648947214	4	15	1	1	1.0
ssj371.2137.7600	1.4444444444444444	1.4240346891027378	5	11	2	1	2.0
ssj142.952.3636	1.0	0.34657359027997275	2	3	1	1	1.0
ssj328.1967.6997	2.4375	1.3000403934470757	6	18	1	1	1.0
ssj201.1342.4848	3.4285714285714284	0.7805321640749423	6	18	3	1	3.0
elexiswsd1.230.sl.131046	1.6363636363636365	1.3996183318613364	5	13	2	2	1.0
elexiswsd1.441.sl.131257	1.8571428571428572	1.6734445309290624	6	18	3	2	1.5
ssj102.657.2504	2.4782608695652173	1.758802344727284	6	27	3	3	1.0
ssj154.1050.3933	3.302325581395349	2.0722674770589733	7	50	7	4	1.75
ssj168.1147.4221	1.8181818181818181	0.6011106356435648	7	14	2	1	2.0
ssj312.1876.6654	3.05	1.2786042807717029	5	25	1	1	1.0
ssj28.172.698	2.0	0.8291140383017661	5	11	1	1	1.0
ssj142.919.3516	3.2325581395348837	0.7073262404096519	11	50	6	3	2.0
ssj13.58.248	2.8378378378378377	1.913709065305836	8	41	2	1	2.0
ssj18.81.312	3.04	1.648872943512993	9	57	7	6	1.1666666666666667
ssj358.2064.7305	3.227272727272727	1.819069681944241	4	29	5	4	1.25
ssj425.2361.8301	3.0526315789473686	0.9055216025372962	5	24	5	2	2.5
ssj161.1102.4084	4.172413793103448	1.2281082739106266	9	31	1	1	1.0
ssj207.1391.5045	2.3333333333333335	1.4026069747779288	5	11	1	1	1.0
ssj131.825.3115	3.2	1.736395517424582	7	35	4	1	4.0
ssj456.2509.8874	2.5714285714285716	1.2709467905808054	5	17	1	1	1.0
ssj68.425.1619	2.2	1.3357902606604093	3	12	1	1	1.0
ssj141.911.3489	2.8181818181818183	1.058735439326437	5	14	3	1	3.0
ssj260.1660.5968	2.5714285714285716	1.001448540214462	3	9	1	1	1.0
elexiswsd1.515.sl.131332	1.5	1.1835618070658083	5	10	1	1	1.0
ssj134.877.3355	4.4	0.6771395158439398	4	28	2	2	1.0
ssj105.673.2552	4.607142857142857	1.7675426299118748	8	34	5	2	2.5
ssj20.90.369	1.9285714285714286	1.5586288630325862	6	17	3	1	3.0
ssj144.998.3765	3.6666666666666665	1.3883562197118218	7	41	3	2	1.5
ssj453.2494.8773	2.7	1.1977615443266574	5	23	3	2	1.5
ssj294.1796.6364	2.9166666666666665	0.8651590937525321	4	18	3	3	1.0
ssj54.345.1397	3.2222222222222223	1.594643291105457	5	20	1	1	1.0
elexiswsd1.766.sl.131584	2.0	1.5890269151739727	4	14	1	1	1.0
ssj460.2522.8962	2.3846153846153846	0.7600104219871314	6	22	3	1	3.0
ssj53.330.1346	2.4	1.3744360978112327	4	12	1	1	1.0
ssj236.1562.5651	1.5555555555555556	1.4614984926061207	4	11	1	1	1.0
ssj438.2406.8452	3.5833333333333335	1.714413639721678	5	41	4	2	2.0
ssj233.1546.5595	3.090909090909091	1.1102031554213125	7	26	4	2	2.0
elexiswsd1.1091.sl.131910	2.3157894736842106	1.4371877910484496	7	23	2	1	2.0
elexiswsd1.1114.sl.131933	2.411764705882353	1.5759687202199344	5	20	1	1	1.0
ssj111.700.2638	1.75	1.453060057432152	4	10	1	1	1.0
ssj144.1007.3794	2.3333333333333335	1.291035199120824	4	15	4	3	1.3333333333333333
ssj417.2329.8207	2.6333333333333333	1.6282279546402392	8	34	4	1	4.0
elexiswsd1.686.sl.131504	2.176470588235294	1.332049284000045	6	20	2	1	2.0
ssj61.373.1495	2.24	1.7759171210948084	8	34	2	1	2.0
ssj309.1858.6585	3.0	0.22091637613951956	4	18	3	2	1.5
elexiswsd1.557.sl.131374	2.1	1.2140741579846956	4	12	1	1	1.0
ssj360.2081.7374	3.4347826086956523	0.8830996157607578	6	27	4	2	2.0
ssj38.233.937	2.925925925925926	0.9208810368194449	7	36	5	1	5.0
ssj216.1436.5202	2.5833333333333335	1.1892525048108817	4	15	2	1	2.0
ssj312.1877.6666	4.0	0.8047189562170503	6	24	4	3	1.3333333333333333
ssj191.1247.4534	2.0	0.4581453659370775	4	10	2	2	1.0
elexiswsd1.413.sl.131229	1.7142857142857142	1.127105754354915	4	9	2	1	2.0
ssj71.445.1700	1.8	1.3682248378119541	4	12	2	2	1.0
ssj273.1706.6071	2.2222222222222223	1.3987168811184476	3	14	2	1	2.0
ssj204.1368.4970	n/a	n/a	2	3	1	1	1.0
ssj295.1799.6376	3.0277777777777777	1.4886494816720717	9	43	6	4	1.5
ssj2.2.11	2.869565217391304	1.3183055380843491	6	26	2	2	1.0
ssj200.1341.4842	2.5	0.22314355131420976	3	7	2	2	1.0
ssj330.1972.7006	1.7777777777777777	0.8698217340445206	5	11	1	1	1.0
ssj415.2314.8169	2.0	0.8291140383017661	3	8	1	1	1.0
ssj131.826.3129	1.6	1.2305950615853423	3	7	1	1	1.0
ssj76.495.1856	3.9705882352941178	1.5355585549828354	10	40	3	3	1.0
elexiswsd1.250.sl.000000	2.2941176470588234	1.6259791407945958	5	22	2	1	2.0
ssj6.35.166	1.5	0.49041462650586304	2	4	1	1	1.0
ssj287.1760.6251	3.1	2.0143824582880594	8	37	2	1	2.0
ssj102.657.2505	2.2142857142857144	1.6232110786058513	4	17	2	2	1.0
ssj24.117.493	2.782608695652174	1.237505421093998	7	27	3	2	1.5
ssj312.1878.6691	2.857142857142857	0.2697065403089516	4	9	2	1	2.0
ssj406.2264.7988	4.043478260869565	0.7199479750745235	6	28	4	2	2.0
ssj118.761.2866	1.5	0.49041462650586304	2	5	1	1	1.0
ssj45.278.1124	2.5	0.5697171415941823	2	5	1	1	1.0
ssj255.1641.5907	3.7777777777777777	0.11604993166814029	5	23	3	1	3.0
ssj156.1060.3959	3.088235294117647	2.080766315714801	6	39	5	1	5.0
elexiswsd1.566.sl.131383	2.0	1.2824746787307684	5	16	2	1	2.0
ssj260.1659.5961	1.8333333333333333	0.2897439310437119	4	9	2	1	2.0
ssj30.184.737	1.3333333333333333	0.6081976621622466	3	5	1	1	1.0
ssj72.456.1719	2.6666666666666665	0.8109302162163288	2	8	1	1	1.0
elexiswsd1.394.sl.131210	2.0	0.8958797346140274	3	8	1	1	1.0
ssj163.1119.4134	1.5	0.9808292530117262	3	6	1	1	1.0
ssj396.2235.7895	2.4285714285714284	1.6311731062059118	4	18	1	1	1.0
ssj372.2138.7608	1.9375	1.529614835091576	7	19	3	1	3.0
ssj84.556.2119	1.8	1.1128120259289587	3	7	1	1	1.0
ssj324.1924.6850	2.7058823529411766	0.7677522098752018	6	21	4	3	1.3333333333333333
ssj27.139.557	2.142857142857143	1.0155339786978101	3	9	2	2	1.0
ssj77.506.1909	2.0	1.930364855520298	7	22	2	1	2.0
ssj215.1428.5179	3.090909090909091	0.8752013407984446	5	16	3	2	1.5
ssj369.2111.7504	1.8	1.1128120259289587	3	7	1	1	1.0
ssj77.504.1889	4.325581395348837	1.8882729894103627	6	56	3	2	1.5
ssj288.1766.6279	3.064516129032258	1.9166325799348078	6	37	4	2	2.0
ssj61.377.1511	2.1666666666666665	1.4767149469316507	6	21	2	2	1.0
elexiswsd1.462.sl.131279	2.1578947368421053	1.2523925463794077	6	23	3	1	3.0
ssj47.318.1302	1.0	0.0	2	3	1	1	1.0
ssj125.793.3010	3.3846153846153846	2.057726425556181	6	47	6	2	3.0
ssj230.1532.5552	1.0	0.34657359027997275	2	4	1	1	1.0
ssj402.2247.7935	2.2222222222222223	0.6466781827303106	4	10	1	1	1.0
elexiswsd1.1611.sl.132436	1.5	0.8369882167858357	3	6	1	1	1.0
ssj267.1698.6053	6.702127659574468	0.827367719956505	10	56	5	1	5.0
ssj315.1884.6706	2.9583333333333335	1.1975480490405481	6	28	3	2	1.5
elexiswsd1.337.sl.131153	2.65	1.0726126411129195	5	26	4	3	1.3333333333333333
ssj226.1496.5439	1.0	0.8958797346140274	3	4	1	1	1.0
ssj294.1796.6362	2.875	2.3429175322381517	6	39	6	3	2.0
ssj178.1201.4385	2.125	1.8314701951426957	5	18	1	1	1.0
ssj480.2587.9236	2.111111111111111	1.6709265516455178	5	22	3	2	1.5
ssj390.2224.7870	2.5555555555555554	0.9650616062922298	3	12	2	2	1.0
ssj217.1441.5221	2.4615384615384617	1.0748353139525237	4	16	1	1	1.0
elexiswsd1.492.sl.131309	2.8333333333333335	1.6461853290139215	4	20	1	1	1.0
ssj21.97.411	3.4	1.1699704397689072	6	20	3	2	1.5
ssj76.490.1835	3.0	1.622596566592787	5	38	5	3	1.6666666666666667
ssj473.2564.9133	1.5	1.0397207708399179	3	8	1	1	1.0
ssj468.2541.9023	2.7	1.3569884098859246	4	12	1	1	1.0
ssj173.1183.4321	1.4285714285714286	1.3094273111488697	4	9	1	1	1.0
ssj119.769.2914	4.5	0.46435662593635607	5	15	1	1	1.0
ssj398.2238.7906	3.5357142857142856	1.0963340956881613	6	35	6	3	2.0
ssj172.1179.4304	2.3636363636363638	0.33874637117607365	5	13	2	2	1.0
elexiswsd1.494.sl.131311	1.75	0.9382503488415728	3	6	1	1	1.0
ssj57.354.1426	5.428571428571429	0.6675734249764748	10	33	2	1	2.0
ssj161.1101.4082	3.142857142857143	0.979115316721677	11	77	9	2	4.5
ssj82.538.2053	2.6666666666666665	2.106063798939242	6	27	2	1	2.0
elexiswsd1.771.sl.131589	1.6666666666666667	1.1370928092361738	5	11	1	1	1.0
elexiswsd1.1136.sl.131955	2.25	0.9808292530117262	5	15	2	1	2.0
ssj151.1028.3845	3.608695652173913	2.331572997208177	9	75	6	3	2.0
elexiswsd1.1357.sl.132179	1.0	1.242453324894	3	6	1	1	1.0
ssj178.1200.4379	2.7333333333333334	1.2443829695630348	5	18	2	1	2.0
ssj310.1871.6638	4.363636363636363	1.6399625965342126	8	26	2	1	2.0
elexiswsd1.975.sl.131794	2.6	1.203232611740719	6	20	1	1	1.0
ssj345.2014.7152	3.096774193548387	2.2345510482620474	8	41	5	2	2.5
ssj217.1441.5219	1.5	0.8369882167858357	3	6	1	1	1.0
ssj375.2158.7667	2.3	1.2913384980895757	4	13	2	1	2.0
ssj85.561.2142	2.7058823529411766	1.6201262559944143	4	20	2	1	2.0
ssj486.2608.9280	3.3333333333333335	1.3580091853756935	5	27	2	1	2.0
ssj114.710.2663	3.125	0.7961662222655805	4	19	2	2	1.0
ssj131.838.3205	1.7	1.5936193699625092	4	12	1	1	1.0
elexiswsd1.258.sl.131074	3.2222222222222223	1.7973758451595392	6	32	3	1	3.0
ssj284.1753.6234	3.6818181818181817	1.3407268140331448	6	27	2	1	2.0
ssj221.1456.5278	2.4545454545454546	0.30100604319322677	4	14	2	1	2.0
ssj198.1327.4800	2.3076923076923075	0.44622665453014976	5	18	4	2	2.0
ssj440.2410.8465	2.4	0.6223973994230957	4	14	4	2	2.0
ssj85.559.2131	2.4444444444444446	1.244515183485931	3	11	2	2	1.0
ssj7.37.180	2.32	2.121895827306987	6	28	2	1	2.0
ssj451.2476.8682	2.75	1.1267321478295476	3	14	2	2	1.0
elexiswsd1.535.sl.131352	1.8333333333333333	1.8352651577228698	5	15	2	1	2.0
ssj144.974.3709	2.0	0.3465735902799726	3	5	1	1	1.0
ssj187.1237.4493	1.8181818181818181	0.6011106356435648	6	13	1	1	1.0
elexiswsd1.299.sl.131115	1.75	1.02941112723855	4	10	1	1	1.0
ssj187.1237.4499	1.8333333333333333	1.0944628872607622	3	8	1	1	1.0
ssj449.2464.8618	1.6666666666666667	0.038480520568064065	3	5	1	1	1.0
elexiswsd1.746.sl.131564	2.625	1.114360645636249	5	20	1	1	1.0
ssj153.1046.3926	4.0285714285714285	2.2287019289129204	5	41	4	2	2.0
ssj310.1871.6636	4.714285714285714	2.018836087561595	7	50	6	1	6.0
elexiswsd1.734.sl.131552	2.642857142857143	0.34766808177866354	5	17	2	2	1.0
ssj206.1387.5034	5.3076923076923075	1.5489180370489912	7	97	2	1	2.0
elexiswsd1.1320.sl.132141	2.0	1.3105194120562902	4	13	1	1	1.0
elexiswsd1.74.sl.130888	2.5	0.326162593019845	4	15	2	1	2.0
ssj335.1980.7034	1.5	0.49041462650586304	2	4	1	1	1.0
ssj465.2533.9001	2.142857142857143	1.1066947570947876	3	10	1	1	1.0
ssj21.97.414	1.5	0.2876820724517809	2	6	1	1	1.0
ssj46.308.1253	2.6	0.5423546917495591	4	14	3	2	1.5
ssj325.1936.6887	2.6956521739130435	1.7750545752478182	6	26	2	1	2.0
ssj477.2578.9186	2.3333333333333335	0.5067272401639015	3	6	1	1	1.0
ssj27.139.556	2.7	0.8511879540466848	3	13	2	2	1.0
ssj3.11.43	2.75	1.1267321478295476	3	10	1	1	1.0
ssj360.2076.7351	2.6923076923076925	1.6461010752539964	6	17	2	1	2.0
ssj27.129.535	1.6666666666666667	1.3925056211191693	4	11	1	1	1.0
ssj130.821.3082	1.0	0.34657359027997275	2	3	1	1	1.0
ssj370.2129.7579	2.5	1.1308815492368953	4	13	2	2	1.0
ssj459.2521.8953	4.368421052631579	1.6072557733871633	6	28	1	1	1.0
ssj54.342.1391	1.0	0.34657359027997275	2	3	1	1	1.0
ssj116.734.2768	3.0	0.05889151782819164	4	13	2	1	2.0
ssj141.899.3442	1.5714285714285714	1.214117131344545	4	9	1	1	1.0
ssj438.2406.8450	3.888888888888889	1.878821864022943	5	32	2	1	2.0
elexiswsd1.1205.sl.132024	2.0	1.3940464543878732	5	15	1	1	1.0
ssj46.294.1188	1.6923076923076923	1.5611005390510393	6	16	2	2	1.0
elexiswsd1.1208.sl.132027	2.25	1.3274028432916987	6	14	1	1	1.0
ssj226.1479.5392	3.9166666666666665	0.22378596325191444	5	27	2	2	1.0
ssj161.1089.4057	2.423076923076923	1.090583670920663	8	32	4	1	4.0
ssj404.2255.7959	2.3333333333333335	1.291035199120824	3	11	1	1	1.0
ssj234.1558.5630	3.433333333333333	1.362946818877625	5	34	3	3	1.0
ssj451.2488.8745	1.8571428571428572	1.0470630466813786	4	9	1	1	1.0
ssj467.2538.9017	2.310344827586207	1.8192062001164018	7	31	1	1	1.0
ssj82.538.2051	2.84	1.258781040820931	6	28	3	2	1.5
ssj99.635.2447	2.230769230769231	1.578740494873941	5	15	2	2	1.0
ssj192.1258.4561	2.5	1.5018502216015839	5	21	2	1	2.0
ssj142.949.3626	1.0	0.5493061443340547	2	5	1	1	1.0
ssj187.1237.4501	1.6666666666666667	0.9343602551820915	4	9	1	1	1.0
elexiswsd1.426.sl.131242	3.0	1.2951335827229133	5	14	1	1	1.0
elexiswsd1.1302.sl.132122	2.375	0.5212969236332861	5	21	1	1	1.0
ssj81.532.2017	3.3902439024390243	1.6088392414534265	10	48	6	4	1.5
ssj412.2284.8053	2.1666666666666665	1.4422185111881751	4	15	2	1	2.0
ssj226.1477.5386	2.111111111111111	1.7376922479577792	5	21	2	1	2.0
ssj384.2199.7795	2.8181818181818183	1.2025764755523276	7	33	2	1	2.0
ssj226.1502.5465	2.388888888888889	1.3790764773677349	5	22	3	3	1.0
ssj254.1634.5882	3.0	1.4067053583800182	4	16	3	1	3.0
ssj111.696.2624	2.185185185185185	1.6709368113178242	8	33	4	3	1.3333333333333333
ssj111.702.2644	2.6666666666666665	1.412916618379297	5	28	3	3	1.0
ssj131.826.3135	2.78125	1.95242080936145	7	40	7	6	1.1666666666666667
ssj45.271.1084	2.4583333333333335	1.7881555902843087	7	28	3	1	3.0
ssj364.2091.7414	2.967741935483871	1.8716455545726791	6	39	5	2	2.5
ssj304.1848.6540	2.263157894736842	1.695179123896016	6	22	2	1	2.0
ssj462.2525.8966	2.2222222222222223	1.1959843270643655	3	12	2	1	2.0
ssj141.911.3491	2.25	0.778096698957644	4	11	2	2	1.0
ssj35.207.841	2.3333333333333335	1.291035199120824	4	14	2	2	1.0
elexiswsd1.465.sl.131282	2.2	1.055982366692698	5	12	3	2	1.5
ssj328.1964.6987	2.6	1.6409669804176688	9	36	4	2	2.0
ssj326.1958.6973	3.0	1.8499646451502607	8	35	5	1	5.0
ssj348.2029.7194	2.142857142857143	1.0155339786978101	3	9	1	1	1.0
ssj142.960.3663	4.185185185185185	0.9095146608540984	6	31	4	2	2.0
elexiswsd1.994.sl.131813	2.3157894736842106	1.4371877910484496	5	21	1	1	1.0
ssj112.705.2653	4.222222222222222	0.2075568506119981	3	15	1	1	1.0
ssj315.1891.6741	3.3333333333333335	1.2374281569672494	4	14	1	1	1.0
ssj83.547.2081	3.2	0.011858263308657958	4	13	2	1	2.0
ssj404.2256.7963	3.625	0.24813351746672008	5	15	1	1	1.0
ssj455.2504.8821	4.529411764705882	1.0573071407276633	4	24	3	1	3.0
ssj437.2405.8447	4.970588235294118	0.15964207200116864	9	40	5	3	1.6666666666666667
elexiswsd1.666.sl.131484	1.6	1.1394342831883648	3	7	1	1	1.0
ssj61.373.1497	2.5	0.6727361832998177	2	7	1	1	1.0
ssj242.1583.5717	2.5925925925925926	1.8465526034541575	6	30	3	2	1.5
ssj284.1748.6220	3.4545454545454546	1.1582043858703552	3	13	1	1	1.0
ssj56.353.1424	4.513513513513513	1.3381038273894996	6	45	5	2	2.5
elexiswsd1.1369.sl.132191	2.5789473684210527	1.6761307171360569	5	26	1	1	1.0
ssj342.1997.7092	2.0	1.5890269151739727	4	14	1	1	1.0
ssj144.998.3766	3.25	1.215090875049377	6	30	4	2	2.0
elexiswsd1.1262.sl.132081	2.9375	0.3087354816496133	5	19	2	1	2.0
ssj34.196.798	2.1	1.3052349363816729	5	11	1	1	1.0
elexiswsd1.482.sl.131299	1.5	1.4389746189488037	6	13	2	1	2.0
ssj130.822.3087	1.7142857142857142	0.9832647181290245	4	10	2	1	2.0
ssj383.2185.7756	2.6	1.6268815419343206	9	39	2	1	2.0
ssj370.2117.7530	1.6	0.6812889172512874	4	8	2	2	1.0
ssj27.149.618	1.75	0.9382503488415728	3	6	1	1	1.0
ssj480.2593.9252	3.05	0.729298136437648	7	24	3	2	1.5
ssj364.2086.7400	3.8275862068965516	0.3414135436673768	7	32	3	2	1.5
elexiswsd1.1419.sl.132241	3.823529411764706	1.1151535170286049	6	25	1	1	1.0
ssj82.543.2066	2.8636363636363638	1.644721500142964	5	25	3	1	3.0
ssj153.1045.3919	1.8571428571428572	1.3268709406490897	3	9	1	1	1.0
ssj203.1361.4934	1.3333333333333333	0.9547712524422192	3	5	1	1	1.0
ssj255.1643.5914	3.4347826086956523	1.5762467963207032	5	31	5	2	2.5
elexiswsd1.300.sl.131116	2.9444444444444446	1.0584129038520702	4	21	2	1	2.0
ssj144.988.3733	2.0	0.5493061443340547	2	5	1	1	1.0
ssj139.890.3416	2.2916666666666665	2.0422222390202163	6	29	2	1	2.0
ssj81.526.1988	2.7	1.3093333199837622	7	23	2	1	2.0
ssj252.1611.5842	2.5625	0.7918846069353367	7	20	4	1	4.0
ssj126.805.3042	4.269230769230769	0.7269207500539439	5	32	5	4	1.25
ssj53.330.1341	2.8	0.32440568336994685	5	19	3	2	1.5
ssj155.1057.3948	1.6666666666666667	1.4836663995161465	4	10	2	1	2.0
ssj193.1285.4644	2.5	0.9525440772675292	4	8	1	1	1.0
ssj35.202.811	3.5714285714285716	1.665902215076932	6	31	1	1	1.0
ssj260.1658.5952	2.5925925925925926	0.6952600569571347	9	33	4	1	4.0
elexiswsd1.1482.sl.132307	1.5	0.8369882167858357	3	6	1	1	1.0
ssj115.716.2686	2.5	1.2747225854627857	3	12	1	1	1.0
ssj312.1877.6679	2.611111111111111	0.48541003513418834	6	21	3	2	1.5
ssj449.2463.8613	2.3333333333333335	0.048581874226823765	5	9	1	1	1.0
ssj156.1067.3983	3.3055555555555554	1.5691099891002924	7	39	3	2	1.5
ssj301.1831.6481	2.5714285714285716	1.179786012183828	6	17	1	1	1.0
ssj133.854.3276	2.2	0.7094087764127253	6	14	3	1	3.0
ssj456.2508.8861	3.0238095238095237	1.735272415494118	8	51	6	3	2.0
ssj284.1751.6230	2.2941176470588234	1.9057870347623072	5	21	2	1	2.0
ssj152.1038.3899	3.0	1.066754381475056	5	23	3	2	1.5
ssj153.1039.3907	3.9696969696969697	1.174282975215619	6	39	4	2	2.0
ssj69.434.1654	1.875	1.5624046579145667	7	20	1	1	1.0
ssj242.1583.5721	2.3214285714285716	1.628638451584219	8	35	2	1	2.0
ssj213.1413.5131	2.5238095238095237	1.4923714776470403	6	24	2	2	1.0
elexiswsd1.1079.sl.131898	2.0	0.20273255405408205	4	8	1	1	1.0
ssj276.1712.6088	1.5	1.4389746189488037	5	12	1	1	1.0
ssj157.1070.3992	2.6153846153846154	1.014210692136089	5	17	3	1	3.0
ssj315.1890.6732	1.6666666666666667	0.9343602551820915	4	8	1	1	1.0
ssj206.1386.5031	3.176470588235294	1.1567157041340772	5	20	3	3	1.0
elexiswsd1.846.sl.131664	1.875	1.3069918460315713	3	10	1	1	1.0
ssj139.885.3399	3.7948717948717947	1.8521552959814598	7	49	5	3	1.6666666666666667
elexiswsd1.1109.sl.131928	1.9	1.3141576165416782	5	12	1	1	1.0
ssj15.71.281	17.083333333333332	0.5559292336164898	5	88	1	1	1.0
ssj82.545.2075	1.0	0.5493061443340547	2	4	1	1	1.0
ssj10.41.193	2.5	1.0193097735797902	4	18	3	1	3.0
ssj144.990.3745	3.911764705882353	0.39919165870248846	5	41	6	3	2.0
ssj55.351.1419	2.823529411764706	1.0717661857363785	5	22	3	1	3.0
ssj24.115.488	3.4193548387096775	2.2930006689377644	7	39	6	3	2.0
ssj93.613.2325	2.357142857142857	1.357958167570435	5	22	2	1	2.0
ssj178.1203.4393	3.06	2.157125251557413	8	58	5	4	1.25
ssj455.2503.8801	3.235294117647059	0.9356340114117986	6	40	7	4	1.75
ssj103.666.2538	1.5	0.05889151782819164	2	4	1	1	1.0
ssj204.1373.4976	1.8	0.9100794718748765	3	7	1	1	1.0
elexiswsd1.1518.sl.132343	1.6666666666666667	0.7316277011280093	4	8	1	1	1.0
ssj130.820.3079	2.2222222222222223	1.7452904713984205	8	32	4	2	2.0
ssj30.185.744	2.0	1.3784201826358211	4	10	2	1	2.0
ssj134.878.3368	3.27027027027027	2.1661075500487534	7	46	7	2	3.5
ssj317.1893.6750	2.0	0.6931471805599453	3	8	1	1	1.0
ssj45.277.1123	1.6666666666666667	0.038480520568064065	3	6	1	1	1.0
elexiswsd1.366.sl.131182	2.8666666666666667	0.994022366519698	4	18	2	1	2.0
ssj76.493.1843	1.8181818181818181	1.1504167799776197	6	14	2	1	2.0
ssj455.2503.8812	2.769230769230769	1.930007352823797	6	34	3	2	1.5
ssj147.1017.3820	2.2	1.5141277326297753	8	24	3	1	3.0
ssj20.94.405	1.75	0.8266785731844679	2	6	1	1	1.0
ssj228.1512.5494	1.0	0.0	2	3	1	1	1.0
ssj221.1456.5277	1.4285714285714286	1.3094273111488697	4	9	1	1	1.0
ssj328.1968.7002	2.3333333333333335	1.479682314691558	8	25	3	2	1.5
ssj325.1930.6867	2.761904761904762	1.0556467903727702	8	28	2	1	2.0
ssj73.459.1728	3.239130434782609	2.1556224608162915	8	50	7	4	1.75
ssj346.2016.7156	2.0	1.0074515102711326	6	12	2	2	1.0
elexiswsd1.1164.sl.131983	2.0	1.4451858789480823	5	12	1	1	1.0
ssj201.1356.4904	2.3636363636363638	0.6853199614560463	4	16	2	2	1.0
ssj470.2548.9060	2.0	1.0074515102711326	5	7	1	1	1.0
ssj185.1229.4460	2.9583333333333335	1.858425969031708	6	28	2	1	2.0
ssj76.497.1861	2.0	1.545521226679158	5	17	1	1	1.0
ssj144.981.3720	2.3333333333333335	0.5978880185608786	4	11	1	1	1.0
ssj141.897.3434	1.9166666666666667	1.1411719030869054	5	14	1	1	1.0
ssj129.817.3073	1.8	0.7662384356489861	3	8	2	1	2.0
ssj445.2429.8523	2.1923076923076925	1.3933996835317277	8	31	6	2	3.0
ssj470.2549.9071	4.857142857142857	0.26092171075321874	4	17	2	1	2.0
ssj126.796.3020	3.4	0.5538985991225912	8	43	7	4	1.75
ssj20.93.399	2.0	1.0986122886681098	5	15	3	1	3.0
ssj142.962.3668	3.891891891891892	0.4465635693903359	8	48	7	2	3.5
ssj116.728.2740	2.5454545454545454	0.9577855795822973	3	14	2	2	1.0
ssj456.2509.8867	2.8947368421052633	1.5606178300142126	4	23	2	1	2.0
ssj417.2321.8181	3.7948717948717947	1.3028491516474048	9	48	5	3	1.6666666666666667
ssj363.2084.7389	3.227272727272727	1.4136045738360763	6	29	3	1	3.0
ssj5.20.70	3.68	0.3065251602532608	4	29	4	3	1.3333333333333333
ssj46.301.1220	3.0	1.620427365793488	6	28	4	2	2.0
elexiswsd1.63.sl.130877	2.1176470588235294	1.4710200338452644	6	20	3	2	1.5
ssj284.1750.6226	3.5714285714285716	0.2492955430488239	7	25	3	1	3.0
elexiswsd1.506.sl.131323	2.857142857142857	1.6237316408600566	6	18	2	1	2.0
ssj220.1450.5250	2.6	1.5498062020206915	5	28	2	1	2.0
ssj116.726.2735	2.9	1.1851940981727043	5	14	2	2	1.0
elexiswsd1.452.sl.131268	3.9047619047619047	1.7055856360000392	6	24	4	3	1.3333333333333333
ssj351.2048.7242	2.6153846153846154	1.563516836470144	7	32	1	1	1.0
elexiswsd1.1436.sl.132258	1.4	1.1613939001557827	3	7	1	1	1.0
ssj350.2045.7227	3.227272727272727	0.9231899473302133	4	26	3	2	1.5
ssj361.2082.7377	2.772727272727273	1.42156955047819	8	25	2	2	1.0
ssj413.2293.8088	2.111111111111111	0.6979714771178611	7	21	2	1	2.0
ssj341.1988.7064	2.3636363636363638	1.3784671420159917	5	13	1	1	1.0
elexiswsd1.1354.sl.132176	2.3636363636363638	0.33874637117607365	4	14	1	1	1.0
ssj220.1449.5246	2.25	0.9219377351835345	4	11	2	1	2.0
ssj15.65.268	2.0	1.3105194120562902	4	14	2	2	1.0
ssj40.243.973	1.6666666666666667	0.7316277011280093	3	8	1	1	1.0
ssj153.1040.3910	2.5625	1.1384581972153094	6	19	2	1	2.0
ssj290.1775.6302	3.15	1.3234187584671104	8	24	2	1	2.0
ssj156.1061.3962	2.4	1.315544579983041	6	23	3	2	1.5
ssj470.2553.9090	1.5	0.6342556627317537	3	6	1	1	1.0
ssj81.529.2003	3.0	1.0397207708399179	8	33	7	4	1.75
ssj46.300.1218	1.8	0.2169322913149312	3	7	1	1	1.0
ssj93.613.2324	1.875	1.5624046579145667	4	11	2	1	2.0
elexiswsd1.592.sl.131409	2.1	1.4490759726075635	6	12	1	1	1.0
ssj113.708.2660	2.4615384615384617	1.277567868006606	4	15	1	1	1.0
ssj300.1825.6467	2.2777777777777777	1.6617063409798574	5	20	3	2	1.5
elexiswsd1.1023.sl.131842	1.8571428571428572	0.903222010455488	3	9	1	1	1.0
ssj309.1862.6598	1.3333333333333333	0.8109302162163288	3	6	1	1	1.0
ssj78.511.1924	4.090909090909091	1.0326337443212363	4	13	1	1	1.0
ssj46.311.1266	3.6666666666666665	0.49247648509779424	3	13	2	1	2.0
ssj467.2537.9015	3.7142857142857144	2.070909468364006	7	35	4	2	2.0
ssj294.1796.6360	3.3684210526315788	1.7800366042517004	5	29	5	1	5.0
ssj88.583.2202	2.608695652173913	1.5818518361992806	6	30	4	3	1.3333333333333333
ssj301.1831.6479	1.7	1.1699704397689072	6	13	2	1	2.0
ssj327.1961.6980	2.4583333333333335	0.6895433016161988	7	28	3	2	1.5
elexiswsd1.1520.sl.132345	2.357142857142857	1.155225613516353	5	17	2	1	2.0
ssj133.867.3323	2.176470588235294	1.332049284000045	4	20	1	1	1.0
ssj377.2168.7698	3.6451612903225805	1.9458542068770903	6	42	8	4	2.0
ssj193.1268.4587	2.380952380952381	1.627715725684645	6	24	2	1	2.0
ssj27.147.596	1.5	1.2951335827229133	3	8	1	1	1.0
ssj288.1765.6273	2.375	1.0706030679673408	6	18	3	2	1.5
ssj193.1295.4679	3.85	0.9545119446943529	7	25	3	1	3.0
ssj144.1002.3779	1.5	0.2876820724517809	3	5	1	1	1.0
ssj154.1048.3929	2.1333333333333333	1.7952870352527739	5	18	2	1	2.0
ssj344.2008.7130	2.5384615384615383	1.4495287633939347	5	16	1	1	1.0
ssj170.1156.4233	3.0714285714285716	0.19738587872932548	5	17	2	2	1.0
elexiswsd1.491.sl.131308	2.611111111111111	1.381289769748216	4	21	2	2	1.0
ssj34.201.809	2.3636363636363638	0.8880525155101285	4	13	1	1	1.0
elexiswsd1.1371.sl.132193	3.272727272727273	1.3996183318613364	6	25	2	2	1.0
ssj38.234.940	2.5714285714285716	0.028493465686805247	3	9	2	2	1.0
ssj403.2251.7953	2.1818181818181817	0.9680952231836651	5	15	3	2	1.5
ssj384.2192.7778	4.214285714285714	1.5100968195279094	8	34	5	1	5.0
ssj3.9.31	2.5	1.2220423276338725	6	23	5	3	1.6666666666666667
ssj225.1470.5355	2.1739130434782608	1.8309390893054964	5	26	4	2	2.0
ssj116.728.2747	2.8	1.2202854179839744	5	18	2	1	2.0
ssj318.1895.6762	2.739130434782609	1.364825553719242	7	29	3	2	1.5
ssj115.717.2695	2.962962962962963	1.60144943517253	6	31	3	2	1.5
ssj45.280.1136	1.6666666666666667	0.038480520568064065	3	6	1	1	1.0
ssj297.1810.6411	1.7777777777777777	1.0725542880986028	5	12	2	1	2.0
ssj154.1051.3935	2.5	1.2220423276338725	5	24	4	3	1.3333333333333333
ssj331.1973.7008	1.9285714285714286	1.355896308978504	5	16	3	3	1.0
ssj28.171.693	2.0	1.3940464543878732	5	17	3	2	1.5
elexiswsd1.1500.sl.132325	3.2222222222222223	0.6216882165778003	5	12	1	1	1.0
ssj164.1127.4153	2.967741935483871	1.6021473042063357	7	36	2	2	1.0
ssj141.904.3463	2.6	1.2943933901376963	5	14	1	1	1.0
ssj343.2003.7107	2.9743589743589745	1.8930448245851277	7	44	6	3	2.0
ssj21.105.448	1.8	1.3155445799830408	4	10	2	1	2.0
elexiswsd1.11.sl.130824	1.8823529411764706	1.3333902576186525	8	20	2	1	2.0
ssj470.2556.9105	2.4	0.6223973994230957	4	14	3	2	1.5
ssj473.2563.9127	1.96	1.832373173805702	10	30	4	1	4.0
ssj40.241.963	2.888888888888889	1.0774610988227649	3	13	1	1	1.0
ssj133.868.3330	4.25	1.2498947902398554	10	51	6	2	3.0
ssj252.1625.5864	3.59375	0.4536717258363399	8	41	3	1	3.0
ssj205.1378.4991	2.125	1.0906679246805882	3	10	1	1	1.0
ssj204.1371.4973	1.4444444444444444	1.0774610988227649	6	10	1	1	1.0
ssj142.928.3547	1.3333333333333333	0.2616240718822739	3	5	1	1	1.0
ssj47.316.1282	3.4	0.967237885714825	6	26	3	2	1.5
elexiswsd1.108.sl.130924	1.7692307692307692	1.4050770008231006	7	16	2	1	2.0
ssj225.1469.5342	2.4761904761904763	1.8144875744028923	6	25	2	1	2.0
ssj472.2558.9120	5.459016393442623	1.925915414244098	7	72	3	3	1.0
ssj61.384.1528	4.538461538461538	0.2301134077134144	6	17	3	1	3.0
ssj458.2515.8908	1.5	0.8369882167858357	3	6	1	1	1.0
ssj68.427.1629	2.5714285714285716	1.068214236526723	3	9	1	1	1.0
ssj226.1501.5458	1.75	0.13353139262452263	4	8	1	1	1.0
ssj226.1482.5400	2.8333333333333335	2.104330694950999	6	35	3	1	3.0
ssj228.1513.5501	1.4285714285714286	1.5121598652029518	3	9	1	1	1.0
ssj179.1212.4419	3.2142857142857144	1.7998419376547325	8	48	4	1	4.0
ssj35.207.836	3.68	0.8558313045873158	5	30	3	2	1.5
ssj284.1748.6219	2.5238095238095237	0.5964917430330126	8	24	5	4	1.25
ssj451.2480.8704	2.5	0.22314355131420976	3	7	2	2	1.0
ssj77.505.1897	2.3125	1.2411123512753928	4	19	3	3	1.0
ssj451.2484.8716	2.0	0.9729550745276567	3	10	2	1	2.0
ssj133.861.3298	2.7	0.9627597297037895	4	13	2	2	1.0
elexiswsd1.894.sl.131713	2.6363636363636362	1.549075744018711	6	25	2	1	2.0
ssj223.1463.5309	2.608695652173913	1.413615717888674	6	27	3	2	1.5
ssj470.2552.9085	2.0588235294117645	1.4991909108119608	6	21	2	1	2.0
ssj407.2270.8015	1.7692307692307692	1.6078095548771831	5	15	3	3	1.0
ssj454.2499.8782	2.15	1.4255454751973695	7	23	4	2	2.0
ssj144.990.3744	1.7777777777777777	1.0725542880986028	5	12	1	1	1.0
ssj320.1906.6809	2.388888888888889	0.5743575211506846	8	21	2	1	2.0
elexiswsd1.1456.sl.132279	1.6666666666666667	1.189773067065087	3	8	1	1	1.0
elexiswsd1.864.sl.131682	2.7	1.54433513460663	5	24	1	1	1.0
ssj6.33.122	2.6	0.19578110146958644	4	15	2	1	2.0
ssj287.1759.6250	3.739130434782609	1.3475063163083265	5	26	2	2	1.0
ssj45.275.1102	2.3548387096774195	1.5536685461392734	11	36	4	1	4.0
elexiswsd1.915.sl.131734	2.0	1.0986122886681098	5	14	1	1	1.0
ssj46.291.1171	1.6	0.6812889172512874	3	7	1	1	1.0
ssj82.545.2078	1.3333333333333333	0.8109302162163288	2	5	1	1	1.0
ssj446.2434.8541	2.7142857142857144	0.32099983469650206	7	16	3	2	1.5
ssj5.17.60	2.0	1.3195286648076292	3	10	1	1	1.0
ssj75.471.1764	n/a	n/a	2	3	1	1	1.0
ssj316.1892.6744	3.625	1.707877985247353	6	46	4	2	2.0
ssj124.791.3003	1.8333333333333333	1.0944628872607622	4	8	1	1	1.0
ssj185.1230.4465	2.8	1.3641264542098648	7	24	2	1	2.0
elexiswsd1.22.sl.130835	2.9411764705882355	1.8100165002393982	6	22	1	1	1.0
ssj194.1303.4715	1.9285714285714286	1.4674680846356092	5	15	1	1	1.0
ssj399.2241.7913	2.5294117647058822	1.293338856607812	5	20	2	2	1.0
ssj249.1603.5828	2.1666666666666665	0.9274088025975961	3	8	1	1	1.0
ssj105.673.2557	n/a	n/a	1	1	1	1	1.0
ssj20.88.358	3.4	0.8233968494889347	6	24	3	1	3.0
ssj312.1877.6676	2.857142857142857	0.9628537208688969	4	17	2	1	2.0
ssj401.2246.7934	2.6666666666666665	1.013662770270411	3	13	1	1	1.0
elexiswsd1.1538.sl.132363	2.1666666666666665	0.1226898463805457	4	8	1	1	1.0
ssj289.1772.6298	1.75	1.781449825626687	5	13	1	1	1.0
ssj318.1898.6771	2.2916666666666665	1.9586951966886328	7	27	2	1	2.0
ssj17.74.286	1.4444444444444444	1.0774610988227649	6	10	1	1	1.0
ssj345.2015.7155	3.025	1.5422475917912137	7	45	4	3	1.3333333333333333
ssj98.633.2441	3.227272727272727	1.9416309109607333	5	26	3	1	3.0
ssj240.1579.5711	1.9166666666666667	0.9384393490328232	6	14	1	1	1.0
ssj172.1173.4281	3.142857142857143	0.1721772297753458	4	10	2	1	2.0
ssj371.2137.7599	2.5	1.1631508098056809	4	12	1	1	1.0
ssj367.2098.7438	3.7333333333333334	0.3832972011981386	6	18	2	1	2.0
ssj124.788.2984	2.5	0.5815754049028404	2	6	1	1	1.0
ssj422.2348.8268	3.0	1.777674030744707	4	27	4	2	2.0
elexiswsd1.639.sl.131456	3.473684210526316	0.77630987105729	6	26	1	1	1.0
ssj459.2517.8926	2.8095238095238093	0.8358198029593878	8	26	4	2	2.0
ssj242.1583.5723	2.2916666666666665	1.8583598489575572	7	28	6	2	3.0
ssj425.2365.8316	2.0833333333333335	1.7509374747077997	6	15	2	1	2.0
elexiswsd1.157.sl.130973	2.1666666666666665	0.815837026940491	5	15	2	2	1.0
ssj191.1242.4522	2.8	0.12167312931586473	4	13	1	1	1.0
ssj399.2241.7916	2.736842105263158	1.1585619307281787	5	23	3	2	1.5
ssj247.1598.5797	2.888888888888889	1.2801936528768472	5	14	4	2	2.0
ssj239.1577.5706	2.4	0.8251299534771779	4	16	1	1	1.0
ssj20.93.401	1.8888888888888888	1.1557707025080584	4	12	3	2	1.5
ssj223.1464.5310	2.8095238095238093	1.1823933932393602	6	26	5	4	1.25
ssj5.25.82	n/a	n/a	2	3	1	1	1.0
ssj413.2294.8090	1.6	0.8840214713053695	3	7	1	1	1.0
ssj415.2312.8142	1.6666666666666667	0.7316277011280093	3	8	1	1	1.0
ssj378.2170.7709	3.6666666666666665	2.1644959690088976	6	37	5	2	2.5
ssj226.1488.5414	2.5625	0.9946171609894188	5	19	3	2	1.5
ssj133.868.3327	3.097560975609756	2.008645692328639	7	50	4	2	2.0
elexiswsd1.763.sl.131581	2.347826086956522	1.4074044578893952	6	27	2	2	1.0
ssj144.965.3679	1.7142857142857142	1.2386775300120199	3	9	1	1	1.0
ssj450.2467.8629	3.5833333333333335	0.7708788152054882	4	14	2	2	1.0
ssj115.722.2706	2.3076923076923075	1.139373835090095	5	16	2	1	2.0
ssj422.2348.8274	2.5833333333333335	0.6399463604768267	5	16	3	2	1.5
ssj398.2237.7905	3.2285714285714286	1.2987814540817253	7	39	3	3	1.0
ssj426.2372.8338	2.076923076923077	1.2447343507479212	5	16	2	1	2.0
ssj116.740.2791	2.6923076923076925	0.9852231552628367	4	17	1	1	1.0
ssj215.1430.5185	1.75	0.9382503488415728	3	6	1	1	1.0
ssj82.540.2060	3.6923076923076925	2.093276277583044	7	43	2	2	1.0
ssj63.392.1551	2.9583333333333335	1.309119824697653	5	29	3	3	1.0
ssj351.2047.7231	3.05	1.971751461331648	8	46	3	1	3.0
ssj82.536.2039	3.391304347826087	0.34653249720413276	8	27	4	2	2.0
ssj193.1270.4598	1.8461538461538463	0.6693702058443592	6	16	2	1	2.0
elexiswsd1.551.sl.131368	1.6428571428571428	1.6278107347107886	5	16	1	1	1.0
ssj45.273.1090	1.7142857142857142	1.8202529349148604	5	17	2	1	2.0
ssj166.1142.4213	1.625	1.3589319112752674	4	10	1	1	1.0
ssj438.2408.8457	2.235294117647059	1.710846145026048	6	20	3	1	3.0
ssj453.2494.8767	3.0	1.1622819998564102	7	31	4	2	2.0
ssj450.2468.8638	1.75	0.9382503488415728	3	6	1	1	1.0
ssj59.360.1448	2.2941176470588234	1.6848706586227873	4	20	2	1	2.0
elexiswsd1.1226.sl.132045	1.0	0.6931471805599453	2	4	1	1	1.0
ssj161.1098.4076	2.5	1.68018769357095	4	21	1	1	1.0
elexiswsd1.1465.sl.132290	2.4615384615384617	1.0748353139525237	4	17	1	1	1.0
ssj63.389.1540	3.2142857142857144	1.3032160511495912	4	16	1	1	1.0
ssj220.1451.5258	1.3333333333333333	0.8109302162163288	3	5	1	1	1.0
ssj348.2027.7182	2.5384615384615383	1.3238715492534816	4	16	2	2	1.0
ssj156.1063.3967	2.8823529411764706	1.4566120066418071	5	20	2	1	2.0
ssj157.1071.4005	3.4347826086956523	1.3735142422666209	7	54	6	3	2.0
ssj71.447.1703	2.391304347826087	1.8472006851582765	6	27	3	2	1.5
ssj95.624.2385	1.3333333333333333	0.2616240718822739	4	5	1	1	1.0
ssj30.184.739	2.4615384615384617	0.3816881333925785	5	17	4	2	2.0
ssj459.2521.8949	2.3043478260869565	1.6288291449556302	6	28	3	1	3.0
ssj301.1834.6486	2.0	1.4311004404647343	5	17	2	1	2.0
ssj470.2555.9101	2.7142857142857144	0.6675734249764748	6	18	4	1	4.0
ssj474.2566.9143	2.5833333333333335	1.5758474489276226	4	14	1	1	1.0
ssj80.518.1964	3.0344827586206895	0.5736069305015046	10	39	5	2	2.5
ssj81.529.2000	3.0	0.22091637613951956	6	21	5	1	5.0
ssj402.2249.7938	1.625	1.1035190993922719	4	10	1	1	1.0
ssj433.2389.8386	2.3333333333333335	1.4026069747779288	5	18	2	1	2.0
ssj92.610.2305	2.0625	1.7020962927331096	6	18	1	1	1.0
ssj144.967.3685	2.0	1.1512925464970227	4	12	1	1	1.0
ssj18.81.314	2.8666666666666667	1.9299234549704936	6	38	3	2	1.5
ssj324.1917.6833	2.823529411764706	1.7326441057275381	5	21	1	1	1.0
elexiswsd1.1495.sl.132320	1.9166666666666667	0.9384393490328232	6	14	2	1	2.0
elexiswsd1.950.sl.131769	2.263157894736842	1.695179123896016	5	22	2	2	1.0
ssj161.1091.4059	1.5	0.8369882167858357	3	6	1	1	1.0
elexiswsd1.1344.sl.132165	2.5	1.5251102294190304	5	16	2	1	2.0
ssj5.20.71	2.7857142857142856	0.2950243482932416	5	18	3	1	3.0
ssj211.1399.5076	2.7777777777777777	0.8816799973531786	4	12	2	2	1.0
ssj237.1563.5662	1.8888888888888888	1.1557707025080584	4	11	2	2	1.0
ssj282.1741.6189	2.6666666666666665	0.464356625936356	4	12	2	1	2.0
ssj212.1401.5091	3.588235294117647	1.4214208306417813	5	22	2	1	2.0
ssj124.787.2978	3.04	1.3022993532330203	6	29	3	2	1.5
ssj73.460.1732	3.0	0.6931471805599453	3	14	1	1	1.0
ssj91.608.2289	2.3333333333333335	0.9444616088408514	4	16	2	1	2.0
ssj47.315.1276	2.0	1.6964145659958194	6	19	3	2	1.5
ssj412.2284.8054	3.2666666666666666	0.7195611478767434	5	18	2	2	1.0
ssj433.2389.8381	1.8571428571428572	1.2497956007354607	3	9	1	1	1.0
ssj309.1858.6588	2.3	1.2142631581759464	7	25	4	2	2.0
ssj204.1369.4971	2.4166666666666665	1.0532113252554718	6	14	1	1	1.0
ssj395.2233.7890	2.5625	1.3411907512693915	4	18	1	1	1.0
ssj383.2186.7763	2.875	1.4815342333675998	7	38	5	2	2.5
ssj53.333.1363	2.357142857142857	0.4620784329564077	6	18	2	1	2.0
elexiswsd1.791.sl.131609	2.25	1.61508491574348	5	19	2	1	2.0
ssj144.991.3746	2.4444444444444446	0.5513680029259856	5	13	2	1	2.0
elexiswsd1.785.sl.131603	2.090909090909091	1.3572284278824338	5	14	1	1	1.0
ssj302.1840.6499	2.1875	0.6035350218702582	6	19	2	2	1.0
ssj203.1362.4939	3.6	0.7662384356489861	7	25	3	2	1.5
ssj59.361.1461	3.2666666666666666	1.066134738156716	5	18	2	1	2.0
ssj46.293.1184	3.2222222222222223	0.27511462629782757	5	23	3	2	1.5
ssj375.2154.7652	2.8666666666666667	0.6474487762397253	5	18	2	1	2.0
ssj194.1309.4725	3.4705882352941178	1.491811236986234	4	21	2	2	1.0
ssj54.350.1416	n/a	n/a	2	3	1	1	1.0
ssj88.580.2194	3.4444444444444446	0.20842325179915527	6	27	1	1	1.0
ssj309.1861.6596	1.8571428571428572	1.393636636961351	6	16	2	2	1.0
ssj213.1414.5141	2.4285714285714284	1.328105204420754	4	17	2	1	2.0
ssj303.1842.6518	2.125	1.2589040429911946	4	12	1	1	1.0
ssj267.1697.6052	2.6363636363636362	1.472000404105082	6	25	1	1	1.0
ssj6.33.121	2.4444444444444446	0.20479441264601314	4	12	3	2	1.5
ssj437.2404.8444	1.6	0.6812889172512874	4	8	2	1	2.0
ssj352.2049.7244	3.3469387755102042	1.7775847901816595	8	56	4	2	2.0
ssj77.505.1899	2.2666666666666666	1.0850209213712088	5	19	3	2	1.5
ssj53.331.1349	3.15625	1.2766305179182758	8	36	5	2	2.5
ssj472.2558.9119	2.4545454545454546	0.994153223753172	8	26	2	1	2.0
ssj45.275.1111	2.409090909090909	1.3594189470452973	6	25	3	2	1.5
ssj125.793.3014	2.5294117647058822	1.8426450009418667	5	20	3	1	3.0
ssj98.629.2427	1.5	1.1835618070658083	3	8	1	1	1.0
ssj389.2223.7860	1.7777777777777777	1.4191278783785755	4	11	1	1	1.0
elexiswsd1.1426.sl.132248	1.5714285714285714	1.3256889070016495	4	9	1	1	1.0
ssj141.896.3432	2.7058823529411766	0.421178619595229	5	20	2	2	1.0
ssj383.2182.7741	2.04	1.4457942489120303	8	29	2	2	1.0
ssj462.2525.8965	2.6666666666666665	1.7272209480904839	6	18	2	1	2.0
ssj198.1324.4780	2.76	1.9137358975126713	7	31	4	1	4.0
ssj152.1038.3885	2.3333333333333335	1.0560333844979564	6	18	3	1	3.0
ssj296.1808.6401	3.5609756097560976	1.4826312129621528	7	48	4	2	2.0
ssj249.1602.5819	3.6363636363636362	1.8835853143743333	6	27	4	3	1.3333333333333333
elexiswsd1.1501.sl.132326	1.3333333333333333	0.9547712524422192	5	9	2	1	2.0
ssj385.2210.7827	1.7272727272727273	0.6524039300311153	6	13	4	1	4.0
ssj121.780.2966	1.875	1.3069918460315713	3	10	1	1	1.0
ssj47.317.1290	1.6	0.6812889172512874	4	8	1	1	1.0
ssj256.1645.5918	3.3333333333333335	0.6648620048157481	3	8	1	1	1.0
ssj203.1363.4945	2.6666666666666665	0.08494951839769874	3	9	2	1	2.0
ssj477.2578.9185	3.2	1.0867540253594516	4	12	1	1	1.0
ssj6.35.153	2.375	0.7240294776873683	3	11	1	1	1.0
elexiswsd1.723.sl.131541	2.0714285714285716	1.4871698990504414	6	17	2	1	2.0
ssj77.501.1875	2.142857142857143	0.7601211668148147	4	9	1	1	1.0
ssj142.953.3639	1.0	0.0	2	3	1	1	1.0
elexiswsd1.372.sl.131188	2.6923076923076925	0.8413821190369463	5	16	2	1	2.0
ssj383.2184.7752	1.5	0.2876820724517809	3	6	1	1	1.0
ssj268.1699.6058	1.8	0.7662384356489861	4	7	1	1	1.0
ssj98.634.2443	4.181818181818182	2.0181063478735934	5	39	3	2	1.5
ssj166.1135.4189	3.4	1.8196119318340376	5	24	2	1	2.0
elexiswsd1.297.sl.131113	2.25	1.5301353973457812	6	14	2	1	2.0
elexiswsd1.1455.sl.132278	1.875	1.215831067634594	4	10	1	1	1.0
ssj144.967.3686	2.0	1.2628643221541278	4	13	1	1	1.0
ssj434.2397.8415	2.5	1.1308815492368953	4	15	2	2	1.0
ssj336.1982.7039	2.5555555555555554	0.8534898306351248	4	11	3	2	1.5
ssj195.1320.4763	4.644444444444445	1.4662717713587783	8	51	4	2	2.0
ssj195.1315.4747	4.242424242424242	1.1989986542044435	6	39	4	2	2.0
ssj233.1547.5596	2.1578947368421053	1.8543789485423756	7	24	2	1	2.0
ssj118.761.2869	1.8571428571428572	0.3539158661214333	4	9	1	1	1.0
ssj45.276.1119	1.8333333333333333	0.9828911116036572	4	10	1	1	1.0
ssj141.898.3440	2.076923076923077	0.8981607604679486	6	16	2	1	2.0
ssj94.620.2354	1.6	1.1394342831883648	3	7	1	1	1.0
ssj367.2100.7465	4.410714285714286	2.3854252328269006	10	63	10	3	3.3333333333333335
ssj110.693.2617	1.5	1.4389746189488037	6	13	2	2	1.0
elexiswsd1.728.sl.131546	1.7692307692307692	1.2612359645972102	6	16	2	1	2.0
ssj351.2048.7238	2.230769230769231	1.4530832807334877	5	16	2	1	2.0
ssj135.881.3376	2.0526315789473686	1.792817593459932	7	23	1	1	1.0
ssj75.487.1822	2.0	0.0	3	6	1	1	1.0
elexiswsd1.1156.sl.131975	2.1176470588235294	1.3594482581881595	7	21	2	1	2.0
ssj131.826.3127	4.6875	0.18796856010333418	7	21	3	1	3.0
ssj142.937.3587	1.5	0.05889151782819164	2	4	1	1	1.0
ssj341.1990.7069	2.5	1.6857126116642427	7	32	5	1	5.0
elexiswsd1.33.sl.130846	2.642857142857143	1.3873888526185816	5	16	1	1	1.0
ssj451.2472.8663	1.9166666666666667	1.6315865295927685	5	15	3	1	3.0
ssj7.37.181	1.7777777777777777	1.0725542880986028	4	11	2	2	1.0
ssj350.2046.7228	3.125	2.038619547159581	7	37	3	1	3.0
elexiswsd1.1234.sl.132053	1.5	1.2951335827229133	3	8	1	1	1.0
elexiswsd1.369.sl.131185	2.0	1.138633642504878	5	16	2	2	1.0
ssj118.764.2884	2.4285714285714284	0.9815316141407815	3	9	2	2	1.0
ssj403.2252.7955	2.8421052631578947	1.1208216027453317	8	24	4	1	4.0
ssj204.1374.4982	1.9166666666666667	1.4877454933668781	5	16	1	1	1.0
ssj211.1400.5086	2.9523809523809526	0.9889554158740979	5	24	2	2	1.0
elexiswsd1.888.sl.131707	2.625	0.6239460191303857	4	11	2	2	1.0
ssj221.1457.5285	2.111111111111111	1.3911186576778065	3	11	1	1	1.0
ssj413.2303.8120	2.4285714285714284	0.08565187952675406	3	9	2	2	1.0
ssj400.2242.7923	1.7142857142857142	1.2386775300120199	3	9	1	1	1.0
ssj104.670.2547	2.0	0.5493061443340547	4	11	2	1	2.0
ssj21.98.418	2.1666666666666665	1.3651431712745459	6	15	1	1	1.0
elexiswsd1.816.sl.131634	1.6666666666666667	1.1370928092361738	5	11	1	1	1.0
ssj238.1572.5692	3.7708333333333335	1.8072521214951958	6	53	4	4	1.0
ssj118.753.2841	1.9166666666666667	1.3965847149699009	6	17	3	1	3.0
ssj347.2023.7172	6.380952380952381	1.2579707718081958	6	25	2	1	2.0
ssj230.1531.5549	2.25	1.2685113254635072	5	19	3	2	1.5
ssj451.2488.8735	2.0	1.0551066001732947	4	13	2	2	1.0
ssj246.1596.5784	3.4166666666666665	1.858227635034661	6	29	4	2	2.0
ssj171.1166.4259	1.8181818181818181	1.29425781620351	6	14	2	1	2.0
elexiswsd1.1196.sl.132015	1.9285714285714286	1.2120552727526137	6	16	1	1	1.0
ssj77.502.1882	2.8333333333333335	1.352291996562862	5	27	2	2	1.0
ssj282.1741.6193	3.75	0.2672710751916532	5	30	4	2	2.0
elexiswsd1.983.sl.131802	2.611111111111111	1.1785572156941337	5	22	1	1	1.0
ssj342.1997.7090	1.7777777777777777	1.4962032182922045	4	11	1	1	1.0
ssj459.2521.8954	2.6666666666666665	1.2690755821534065	4	11	1	1	1.0
ssj478.2581.9218	2.5	1.4429587037733922	5	20	3	2	1.5
elexiswsd1.556.sl.131373	2.0	1.3013448427221919	3	11	1	1	1.0
ssj421.2345.8253	2.142857142857143	0.9039622030407053	4	12	2	2	1.0
elexiswsd1.789.sl.131607	1.75	1.4875564931756278	5	14	2	2	1.0
ssj364.2085.7395	4.333333333333333	0.325422400434628	4	15	2	1	2.0
ssj142.955.3650	1.0	0.5493061443340547	2	5	1	1	1.0
ssj46.285.1143	2.727272727272727	0.5422191178153732	6	27	5	4	1.25
ssj325.1941.6908	1.4285714285714286	0.9628537208688969	5	9	1	1	1.0
ssj373.2140.7613	2.125	1.5284022933575379	5	20	3	2	1.5
ssj132.845.3242	3.357142857142857	1.809037083543907	7	49	5	2	2.5
ssj133.868.3326	5.62962962962963	1.0184870668283268	6	33	5	1	5.0
ssj196.1322.4768	2.0	0.0	3	6	1	1	1.0
elexiswsd1.1097.sl.131916	2.142857142857143	1.3094273111488697	8	26	3	1	3.0
ssj446.2440.8568	1.0	0.34657359027997275	3	4	1	1	1.0
ssj98.630.2437	2.8333333333333335	1.4434527749598391	5	32	5	4	1.25
ssj370.2126.7560	1.7857142857142858	1.2890163138887418	6	17	2	1	2.0
ssj20.88.343	2.0	0.5493061443340547	2	5	1	1	1.0
ssj131.839.3212	4.3428571428571425	0.655715161667817	7	42	5	3	1.6666666666666667
ssj231.1537.5560	2.0	0.1438410362258906	2	5	1	1	1.0
ssj186.1231.4471	2.823529411764706	1.8764851419534287	7	21	4	1	4.0
elexiswsd1.1338.sl.132159	2.1333333333333333	1.6360601696935066	5	20	2	1	2.0
ssj46.294.1190	2.7586206896551726	1.564796844919857	7	34	5	2	2.5
ssj82.539.2057	3.7941176470588234	2.0776468155647345	7	42	6	1	6.0
ssj243.1589.5759	3.823529411764706	0.9713124808027144	7	44	7	4	1.75
ssj325.1940.6905	1.4285714285714286	1.3094273111488697	4	9	1	1	1.0
ssj77.507.1915	2.7916666666666665	0.9089617164109249	8	29	5	2	2.5
ssj91.602.2273	1.6	1.02786250753126	3	9	1	1	1.0
ssj470.2549.9069	2.6315789473684212	2.026896682183226	7	23	2	1	2.0
ssj116.737.2784	2.3076923076923075	1.2509456107472	6	16	2	1	2.0
ssj157.1070.3993	3.0	0.6019864021629681	6	19	4	2	2.0
ssj18.86.341	1.0	0.0	2	2	1	1	1.0
ssj142.939.3594	1.0	0.5493061443340547	2	5	1	1	1.0
ssj300.1817.6435	2.076923076923077	1.1008933145220308	4	16	2	1	2.0
ssj75.475.1782	1.8	1.3682248378119541	4	12	1	1	1.0
ssj220.1451.5253	2.4285714285714284	0.08565187952675406	6	16	1	1	1.0
ssj121.780.2967	1.3333333333333333	0.2616240718822739	3	5	2	1	2.0
ssj193.1288.4654	1.0	0.5493061443340547	2	4	1	1	1.0
ssj456.2511.8894	3.3529411764705883	2.3165226008378275	8	40	2	1	2.0
ssj142.958.3658	3.2	1.1394342831883648	4	14	3	1	3.0
ssj477.2578.9191	2.142857142857143	0.9039622030407053	3	10	2	2	1.0
ssj445.2427.8509	2.4	0.0707497811368496	3	7	1	1	1.0
ssj77.507.1914	2.4285714285714284	0.8903708357438042	4	10	1	1	1.0
ssj202.1358.4916	2.24	1.3522681909012069	9	29	3	1	3.0
elexiswsd1.472.sl.131289	3.1666666666666665	1.409302479763244	4	15	1	1	1.0
elexiswsd1.44.sl.130858	1.8	0.7662384356489861	3	7	1	1	1.0
ssj214.1418.5159	29.27173913043478	1.1157282272380384	6	160	1	1	1.0
elexiswsd1.174.sl.130990	2.0526315789473686	1.3024029669540689	8	23	2	1	2.0
ssj130.824.3104	2.9130434782608696	1.0478548488368133	5	29	3	3	1.0
ssj70.441.1687	2.0714285714285716	1.284437344996359	5	17	2	1	2.0
ssj137.883.3387	2.75	1.5503810780231495	6	40	2	1	2.0
ssj292.1778.6314	3.8095238095238093	0.18475702191125287	6	27	4	4	1.0
ssj108.684.2591	2.4545454545454546	1.4522985896902496	5	25	2	2	1.0
ssj386.2218.7848	3.037037037037037	0.5370360517422405	6	30	2	2	1.0
elexiswsd1.186.sl.131002	3.0	1.6720194839111033	6	19	3	2	1.5
elexiswsd1.752.sl.131570	1.7142857142857142	1.3298383084089973	3	9	1	1	1.0
elexiswsd1.254.sl.000000	2.4166666666666665	1.3330192192231831	5	18	1	1	1.0
ssj186.1232.4478	2.8214285714285716	1.9483875776034136	4	32	4	4	1.0
ssj125.792.3004	1.5	0.05889151782819164	3	4	1	1	1.0
ssj107.678.2570	2.1666666666666665	1.3651431712745459	4	14	2	2	1.0
ssj133.868.3328	3.0	1.5677471079645748	5	27	3	2	1.5
elexiswsd1.1074.sl.131893	2.625	0.9705196094103583	4	19	3	3	1.0
elexiswsd1.1346.sl.132167	2.142857142857143	0.5573886127607325	5	9	1	1	1.0
ssj82.535.2031	2.473684210526316	1.7654585034387873	6	24	1	1	1.0
ssj59.361.1460	3.235294117647059	1.6287811919717439	5	20	1	1	1.0
ssj74.467.1752	2.875	2.0051937305078793	7	29	3	1	3.0
ssj163.1122.4141	3.8666666666666667	1.244085616000896	5	40	2	2	1.0
elexiswsd1.588.sl.131405	1.5714285714285714	1.3256889070016495	3	9	1	1	1.0
ssj161.1110.4100	2.391304347826087	1.0424817289412263	8	25	1	1	1.0
ssj373.2141.7616	2.9130434782608696	0.4985487045027584	6	26	2	2	1.0
ssj66.418.1604	2.8181818181818183	0.16285570471240954	4	14	1	1	1.0
ssj130.823.3092	2.5	0.22314355131420976	4	7	2	1	2.0
elexiswsd1.949.sl.131768	2.6	1.8248293704803276	5	24	3	2	1.5
ssj78.513.1929	1.875	0.41111211141754395	4	10	3	2	1.5
ssj223.1463.5305	3.090909090909091	1.6160036112605525	4	25	2	2	1.0
ssj337.1983.7045	2.272727272727273	0.37796708432935494	5	14	3	1	3.0
ssj142.951.3628	1.75	0.48010498290449527	5	11	1	1	1.0
elexiswsd1.1135.sl.131954	2.0	1.3940464543878732	5	15	1	1	1.0
ssj445.2427.8512	1.625	1.2473601356181625	5	10	2	1	2.0
ssj412.2291.8081	1.8	1.2566530621548493	4	13	4	2	2.0
ssj133.868.3333	2.5	0.9525440772675292	6	17	2	1	2.0
ssj142.953.3638	2.3333333333333335	0.5978880185608786	3	9	2	2	1.0
ssj161.1081.4038	3.9393939393939394	1.1819458479611882	6	37	4	2	2.0
ssj153.1046.3924	1.9230769230769231	1.601503285851761	5	16	2	1	2.0
ssj254.1636.5887	1.9090909090909092	1.2454676520340782	4	13	1	1	1.0
ssj117.746.2805	2.357142857142857	1.155225613516353	4	16	2	2	1.0
elexiswsd1.1466.sl.132291	3.789473684210526	1.6855135764127633	7	24	4	1	4.0
ssj119.773.2924	2.3333333333333335	1.1471941628949336	7	23	2	1	2.0
ssj315.1885.6710	1.5	0.49041462650586304	2	4	1	1	1.0
ssj20.89.365	2.1333333333333333	1.1456455431876433	5	18	3	2	1.5
ssj112.706.2654	2.8333333333333335	1.2407202209057568	7	31	3	1	3.0
ssj161.1085.4050	3.4722222222222223	1.351683626598914	8	39	3	2	1.5
ssj133.870.3340	2.25	1.1246702892376166	6	19	3	2	1.5
ssj206.1384.5020	3.861111111111111	1.4137595490811299	7	48	2	2	1.0
ssj313.1882.6702	1.8571428571428572	1.0470630466813786	3	10	1	1	1.0
ssj309.1860.6594	3.75	0.07930251508831938	5	16	1	1	1.0
ssj193.1293.4674	1.8181818181818181	0.6011106356435648	6	14	3	1	3.0
ssj302.1840.6502	2.0	1.3195286648076292	5	17	3	3	1.0
ssj131.826.3128	3.0526315789473686	0.35621545820324135	5	24	4	2	2.0
ssj182.1220.4438	1.5	0.8369882167858357	3	6	1	1	1.0
ssj71.443.1695	3.772727272727273	0.21772307224087584	5	30	1	1	1.0
ssj178.1202.4390	2.8333333333333335	1.0968791846798664	4	15	3	1	3.0
ssj31.188.761	1.875	1.3840671859452005	4	10	1	1	1.0
ssj388.2220.7852	1.75	1.1732521634644406	4	10	1	1	1.0
ssj287.1760.6253	2.238095238095238	1.2659421992091309	7	25	2	1	2.0
ssj456.2512.8901	2.3333333333333335	1.291035199120824	4	16	1	1	1.0
ssj226.1493.5431	2.3636363636363638	1.4373586598441834	6	14	1	1	1.0
ssj318.1894.6754	1.875	0.41111211141754395	5	11	2	1	2.0
elexiswsd1.81.sl.130895	1.8	1.3682248378119541	5	14	1	1	1.0
ssj433.2385.8374	2.8181818181818183	1.7518826198863824	6	25	2	1	2.0
ssj124.787.2983	2.6842105263157894	1.3807125706393626	6	23	3	1	3.0
ssj86.571.2169	3.0434782608695654	1.7742747466519948	5	32	2	2	1.0
ssj412.2284.8056	2.375	0.8678705139132589	4	10	2	2	1.0
ssj326.1952.6943	3.4444444444444446	1.706289388576151	4	21	2	1	2.0
ssj368.2102.7471	2.5555555555555554	0.9650616062922298	3	11	1	1	1.0
ssj204.1372.4975	1.7142857142857142	0.9832647181290245	4	9	1	1	1.0
ssj237.1564.5668	1.9166666666666667	0.9384393490328232	6	16	3	1	3.0
elexiswsd1.411.sl.131227	2.0	0.8523740461192127	6	14	1	1	1.0
ssj206.1388.5035	2.92	1.954460968182018	5	29	3	3	1.0
ssj199.1331.4811	3.3333333333333335	1.7045827756556662	6	24	2	2	1.0
ssj205.1378.4993	1.75	0.8266785731844679	5	11	2	2	1.0
ssj103.663.2534	2.0	1.1512925464970227	4	12	2	1	2.0
ssj417.2324.8187	3.7777777777777777	0.9207688878851906	4	13	1	1	1.0
ssj144.970.3695	1.9090909090909092	1.4482002060881605	4	13	1	1	1.0
ssj84.554.2106	3.04	1.3022993532330203	5	27	2	2	1.0
ssj370.2118.7536	2.8076923076923075	0.5966853658838319	7	32	7	3	2.3333333333333335
ssj141.898.3438	2.5	0.5815754049028404	2	6	1	1	1.0
ssj44.263.1047	3.0	2.317903577724991	7	37	4	1	4.0
ssj221.1459.5293	2.4166666666666665	1.6025174695895268	5	15	3	1	3.0
ssj44.263.1046	4.6521739130434785	1.6783309224339829	7	28	2	1	2.0
ssj299.1813.6421	1.875	0.7576857016975165	8	20	1	1	1.0
ssj3.7.24	2.7333333333333334	0.34850323494900726	5	18	2	1	2.0
ssj292.1781.6328	2.3529411764705883	1.1102467063044428	6	21	4	1	4.0
ssj481.2601.9264	2.1666666666666665	1.2213021350486557	7	22	3	2	1.5
ssj85.558.2126	3.388888888888889	1.696903262254156	6	23	2	1	2.0
ssj376.2163.7680	4.142857142857143	1.8926350071586058	6	32	2	1	2.0
ssj131.826.3145	2.25	0.5753641449035618	3	6	2	1	2.0
ssj118.767.2905	2.142857142857143	1.6560009014288424	5	20	3	2	1.5
elexiswsd1.1563.sl.132388	2.375	1.6199092123013958	6	21	2	2	1.0
ssj86.574.2184	2.533333333333333	1.1176363224868748	5	19	4	1	4.0
ssj348.2029.7193	1.75	1.02941112723855	4	10	2	2	1.0
elexiswsd1.1599.sl.132424	3.0	1.0797421246766863	4	16	2	1	2.0
ssj46.307.1251	1.5714285714285714	1.0702760951186543	5	10	3	3	1.0
elexiswsd1.811.sl.131629	2.7142857142857144	1.2939549092241587	5	17	2	1	2.0
ssj21.97.413	1.5	0.05889151782819164	2	4	2	1	2.0
ssj265.1680.6016	2.909090909090909	0.6804131507318841	5	13	1	1	1.0
ssj325.1929.6862	5.0	2.0391075901461084	6	48	1	1	1.0
ssj258.1653.5940	2.4761904761904763	1.4202588942207572	6	26	4	2	2.0
ssj260.1666.5982	1.7	1.5936193699625092	5	12	1	1	1.0
ssj356.2062.7291	2.625	1.5725060115733265	10	35	4	2	2.0
ssj233.1547.5598	3.121212121212121	1.3031795345300299	6	38	3	3	1.0
elexiswsd1.709.sl.131527	2.3333333333333335	1.291035199120824	4	15	2	2	1.0
ssj53.331.1352	2.9285714285714284	1.8740621967293212	6	34	5	3	1.6666666666666667
ssj210.1398.5071	1.8888888888888888	1.1557707025080584	6	11	1	1	1.0
elexiswsd1.286.sl.131102	2.3333333333333335	1.658019786660924	5	17	1	1	1.0
ssj236.1561.5644	1.5	0.9808292530117262	3	7	1	1	1.0
ssj252.1621.5858	1.7777777777777777	0.5232481437645479	6	13	3	1	3.0
ssj446.2435.8551	1.6923076923076923	1.3056877271680443	8	17	2	1	2.0
ssj234.1553.5618	3.1052631578947367	2.3693425301171507	7	44	4	2	2.0
ssj415.2314.8160	1.6666666666666667	0.587786664902119	3	8	1	1	1.0
ssj63.392.1546	2.7777777777777777	0.7701082216960736	4	12	2	2	1.0
ssj46.304.1223	2.2	0.9121413304668073	3	7	1	1	1.0
ssj186.1233.4484	5.5	0.3900792787747876	4	12	1	1	1.0
ssj115.718.2699	3.7777777777777777	0.9207688878851906	5	23	2	1	2.0
ssj223.1464.5322	2.6153846153846154	0.8703696559101987	4	17	2	2	1.0
ssj426.2373.8347	1.7	1.51654403004888	4	12	1	1	1.0
ssj459.2521.8952	3.1153846153846154	2.0382168790389423	5	31	3	2	1.5
ssj75.471.1765	2.0	0.9729550745276567	3	9	2	1	2.0
ssj214.1422.5165	2.2857142857142856	1.5914623802912713	8	25	3	2	1.5
ssj20.93.393	2.2	0.9121413304668073	4	13	2	1	2.0
ssj470.2552.9088	2.2142857142857144	0.8711723802177143	6	17	2	2	1.0
ssj118.765.2900	2.125	0.28594896846353784	4	10	2	2	1.0
ssj284.1748.6218	2.272727272727273	1.4765793729974646	3	14	2	1	2.0
ssj325.1928.6859	2.6285714285714286	1.784188589712737	8	40	4	2	2.0
ssj100.647.2478	1.8	1.0216512475319814	3	7	1	1	1.0
ssj115.721.2703	2.789473684210526	0.9956726995315938	6	22	2	1	2.0
ssj21.108.462	1.0	0.0	2	3	1	1	1.0
ssj350.2044.7226	3.577777777777778	1.7272016583391263	8	50	4	3	1.3333333333333333
ssj440.2412.8470	1.6666666666666667	0.038480520568064065	3	5	1	1	1.0
ssj406.2264.7985	3.740740740740741	1.0217819627251794	6	32	4	2	2.0
ssj254.1637.5889	2.2857142857142856	1.6917977280223466	4	18	3	1	3.0
ssj474.2566.9142	2.2857142857142856	1.465805166150818	5	16	1	1	1.0
ssj46.310.1265	1.5	0.05889151782819164	3	4	1	1	1.0
ssj426.2371.8335	3.185185185185185	1.3852877373670134	5	32	2	1	2.0
ssj276.1711.6083	1.8	1.1128120259289587	4	8	3	1	3.0
ssj129.816.3071	2.6333333333333333	1.7053032945538682	6	38	7	3	2.3333333333333335
ssj299.1812.6416	2.066666666666667	2.0143824582880594	6	21	4	1	4.0
ssj90.592.2236	5.875	1.0607741800377501	5	20	3	1	3.0
ssj193.1267.4582	2.0	0.0	3	6	1	1	1.0
ssj208.1396.5065	2.8076923076923075	0.9432589561638047	6	31	5	3	1.6666666666666667
ssj445.2430.8527	2.1666666666666665	1.3651431712745459	5	18	1	1	1.0
ssj54.350.1415	2.8444444444444446	1.7538432053498898	9	52	3	1	3.0
ssj133.858.3294	3.230769230769231	0.4563280081889094	6	31	4	3	1.3333333333333333
elexiswsd1.72.sl.130886	2.0	1.6479184330021646	7	22	2	1	2.0
ssj434.2396.8412	2.5454545454545454	0.2646383990223519	5	15	3	1	3.0
ssj133.868.3332	3.675675675675676	2.1873698982235217	6	43	5	2	2.5
elexiswsd1.256.sl.131072	2.2941176470588234	0.9328319602346504	6	20	2	1	2.0
ssj413.2302.8116	2.1	1.2140741579846956	4	13	2	2	1.0
elexiswsd1.282.sl.131098	2.7083333333333335	1.141999619960336	6	29	6	3	2.0
ssj424.2360.8299	2.0	1.0074515102711326	3	7	1	1	1.0
ssj310.1863.6605	1.6666666666666667	1.189773067065087	3	8	1	1	1.0
ssj121.777.2940	3.310344827586207	1.5852078421799844	4	34	2	2	1.0
ssj253.1627.5871	2.8518518518518516	2.0165565491809176	7	32	3	1	3.0
ssj34.201.810	2.2142857142857144	1.0739049342717963	8	17	2	1	2.0
ssj456.2507.8854	2.761904761904762	1.1994878265986604	5	26	4	3	1.3333333333333333
elexiswsd1.1077.sl.131896	2.85	1.346426877110464	7	30	1	1	1.0
ssj74.468.1757	4.090909090909091	0.20981958057276395	5	20	1	1	1.0
ssj144.993.3754	2.0	1.2101840643252146	5	11	1	1	1.0
ssj148.1019.3823	3.3	2.0671239306126417	8	47	3	1	3.0
ssj193.1287.4653	1.25	1.0193097735797902	3	7	1	1	1.0
ssj33.194.796	2.923076923076923	1.4087855128651048	4	17	2	1	2.0
elexiswsd1.459.sl.131275	2.25	1.0335095108406396	4	10	1	1	1.0
ssj131.826.3143	3.1666666666666665	0.7161552992032988	3	8	1	1	1.0
ssj44.262.1040	2.3	1.2913384980895757	3	12	1	1	1.0
ssj402.2249.7942	2.25	0.11778303565638346	3	7	2	2	1.0
ssj131.831.3184	3.3529411764705883	1.1026484828638015	5	22	3	1	3.0
ssj111.699.2636	3.4	0.6795558132630444	5	18	2	2	1.0
ssj53.331.1357	2.3076923076923075	1.4191817290578064	5	16	3	1	3.0
ssj256.1648.5929	2.142857142857143	0.9039622030407053	4	9	1	1	1.0
ssj21.100.425	1.0	0.34657359027997275	2	3	1	1	1.0
ssj358.2065.7307	3.1	0.01989043500592233	6	16	1	1	1.0
ssj238.1571.5689	2.769230769230769	1.415197644233218	4	15	2	2	1.0
ssj116.736.2777	2.3333333333333335	1.6053395288320111	4	21	3	2	1.5
ssj483.2603.9270	2.611111111111111	1.7678847138649567	5	20	1	1	1.0
ssj425.2362.8303	2.6538461538461537	1.2023444467690187	8	33	3	1	3.0
ssj40.243.971	2.8636363636363638	1.533149724485859	5	25	2	2	1.0
ssj252.1621.5857	2.0	1.354025100551105	3	12	1	1	1.0
ssj54.350.1410	2.3	1.358104194401837	6	25	2	1	2.0
ssj157.1070.3991	2.125	1.2589040429911946	4	10	1	1	1.0
ssj177.1197.4363	3.5	0.5916767585616002	3	13	2	2	1.0
ssj236.1562.5646	2.0833333333333335	0.5084841498137996	6	15	2	1	2.0
ssj212.1408.5112	2.8461538461538463	1.9847599042813209	8	46	3	2	1.5
ssj42.251.1003	1.0	0.34657359027997275	2	3	1	1	1.0
ssj107.679.2576	3.0357142857142856	0.9022290990524621	9	31	5	3	1.6666666666666667
ssj71.447.1704	3.0	0.3992538481088858	4	14	3	2	1.5
ssj76.493.1848	1.5	1.2951335827229133	3	8	1	1	1.0
ssj358.2069.7325	3.0	0.7201807911950832	8	23	2	2	1.0
ssj196.1322.4767	2.380952380952381	1.6944814219969064	6	28	2	1	2.0
ssj27.148.601	2.3333333333333335	0.5978880185608786	5	9	1	1	1.0
ssj226.1491.5426	1.5	0.2876820724517809	3	6	1	1	1.0
elexiswsd1.792.sl.131610	2.3529411764705883	1.6006613328103059	4	20	2	1	2.0
elexiswsd1.1565.sl.132390	2.3684210526315788	1.8524493038733412	4	22	2	1	2.0
elexiswsd1.717.sl.131535	2.090909090909091	1.5010694641083242	5	13	1	1	1.0
ssj144.970.3694	2.1818181818181817	1.51740136751772	5	13	1	1	1.0
elexiswsd1.1340.sl.132161	2.090909090909091	1.010654837602461	5	14	1	1	1.0
ssj54.338.1382	2.3	1.1231023797789692	4	12	2	2	1.0
ssj3.7.21	2.7777777777777777	1.3964897059437578	4	24	3	2	1.5
ssj139.893.3421	3.1470588235294117	0.9632855427423086	9	42	5	2	2.5
ssj76.496.1859	2.7096774193548385	2.136770679912514	8	37	5	1	5.0
ssj211.1399.5078	2.3	0.8676895678959738	4	13	3	1	3.0
ssj118.750.2824	1.8333333333333333	0.8390500753777668	3	10	2	1	2.0
ssj152.1038.3903	1.0	0.34657359027997275	2	3	1	1	1.0
ssj206.1385.5022	3.2857142857142856	1.281237144430816	5	33	2	2	1.0
elexiswsd1.1270.sl.132089	1.4	1.1613939001557827	3	7	1	1	1.0
elexiswsd1.565.sl.131382	1.9166666666666667	1.4877454933668781	4	14	1	1	1.0
ssj178.1209.4406	3.3125	1.228311940647468	4	19	2	2	1.0
ssj425.2365.8311	2.3125	1.3526841269324976	5	20	3	1	3.0
ssj76.500.1874	2.9375	1.4600280281466362	6	21	4	3	1.3333333333333333
ssj131.835.3197	2.0	1.039720770839918	3	9	2	1	2.0
ssj477.2577.9183	2.3	0.318383423561919	4	12	3	3	1.0
ssj236.1561.5639	2.0	1.0551066001732947	5	14	2	2	1.0
ssj225.1469.5346	3.4583333333333335	1.734534498845211	6	29	2	2	1.0
ssj234.1552.5613	3.888888888888889	0.636368539128943	8	22	3	1	3.0
ssj131.838.3203	1.0	0.5493061443340547	2	4	1	1	1.0
elexiswsd1.1600.sl.132425	2.0	0.9729550745276567	3	9	1	1	1.0
ssj251.1608.5837	2.230769230769231	1.519848977045749	5	16	1	1	1.0
ssj260.1658.5953	1.8	0.9100794718748765	3	7	1	1	1.0
elexiswsd1.772.sl.131590	2.2142857142857144	1.5643195607776597	6	20	2	1	2.0
ssj161.1099.4077	3.0476190476190474	1.930161792087174	7	26	3	1	3.0
elexiswsd1.1605.sl.132430	3.3333333333333335	1.214168149149803	4	15	2	1	2.0
ssj162.1113.4110	1.6666666666666667	0.9343602551820915	7	11	2	1	2.0
ssj131.827.3157	1.0	0.34657359027997275	2	3	1	1	1.0
ssj141.908.3479	3.423076923076923	0.3985084373000831	8	32	5	3	1.6666666666666667
ssj360.2080.7364	2.5833333333333335	1.838893996876012	6	30	4	2	2.0
ssj144.991.3747	2.764705882352941	0.7462460046542383	7	23	4	3	1.3333333333333333
ssj300.1824.6458	2.7096774193548385	2.192383497467626	8	36	4	2	2.0
ssj315.1890.6731	3.7777777777777777	1.089005006195797	5	21	2	2	1.0
ssj27.134.544	3.0625	0.26706278524904525	5	21	2	2	1.0
ssj255.1641.5906	2.3076923076923075	0.9955327988642046	5	18	4	2	2.0
elexiswsd1.722.sl.131540	1.2857142857142858	1.4147878268066958	4	9	1	1	1.0
ssj369.2109.7491	3.1	0.569196579339977	4	14	2	2	1.0
ssj226.1504.5478	2.7	1.1977615443266574	6	25	4	2	2.0
ssj217.1442.5231	2.8	0.6709792736499196	3	7	1	1	1.0
ssj464.2529.8985	1.9411764705882353	1.558031410834894	7	21	2	1	2.0
elexiswsd1.727.sl.131545	2.8095238095238093	1.5289669835193331	5	25	1	1	1.0
ssj284.1752.6233	3.0	1.3722089226365424	6	38	5	3	1.6666666666666667
ssj418.2332.8222	2.2941176470588234	1.6848706586227873	6	19	1	1	1.0
elexiswsd1.645.sl.131463	1.8	1.0216512475319814	3	7	1	1	1.0
ssj111.700.2637	2.0	1.3940464543878732	5	16	2	1	2.0
ssj12.49.228	2.8	1.3641264542098648	5	18	1	1	1.0
ssj193.1288.4657	2.1818181818181817	1.391744153377267	4	16	3	1	3.0
ssj21.100.427	1.3333333333333333	1.1575038064963012	4	9	1	1	1.0
ssj131.828.3160	2.142857142857143	1.3621075689777828	3	12	1	1	1.0
ssj389.2222.7858	2.0	0.8958797346140274	3	8	1	1	1.0
ssj295.1802.6384	1.5	0.05889151782819164	2	4	1	1	1.0
ssj110.690.2605	2.3461538461538463	1.1228445331388843	9	30	3	2	1.5
ssj184.1224.4446	3.7333333333333334	2.0669451161913757	8	35	4	1	4.0
elexiswsd1.654.sl.131472	1.5714285714285714	1.3256889070016495	4	9	1	1	1.0
ssj253.1628.5875	2.608695652173913	1.413615717888674	7	26	5	3	1.6666666666666667
ssj82.538.2048	5.5	1.2383039234866526	5	22	1	1	1.0
ssj360.2076.7352	3.411764705882353	2.3136246265625844	8	40	5	2	2.5
elexiswsd1.235.sl.131051	1.5	1.3274028432916989	5	10	1	1	1.0
ssj5.26.84	2.611111111111111	0.8319836254141612	5	21	3	3	1.0
ssj206.1384.5018	2.789473684210526	1.1395137357574843	6	25	2	1	2.0
ssj421.2344.8252	2.0	0.8958797346140274	3	8	1	1	1.0
ssj412.2284.8051	2.6153846153846154	1.5200111479753289	5	15	1	1	1.0
ssj116.741.2793	1.8333333333333333	1.1856236656577395	6	18	3	2	1.5
ssj28.169.680	2.076923076923077	1.356306126405026	5	16	1	1	1.0
ssj142.920.3519	2.8	1.017552863929892	6	14	2	1	2.0
ssj118.765.2894	2.8	0.6709792736499196	4	13	2	1	2.0
ssj456.2510.8882	2.2	1.1675541423498028	4	13	2	1	2.0
ssj142.925.3535	2.6363636363636362	1.269267850051	9	27	3	1	3.0
ssj10.41.192	3.3529411764705883	1.623375420277882	4	22	3	2	1.5
ssj116.724.2711	2.1666666666666665	0.9274088025975961	3	10	1	1	1.0
ssj187.1237.4492	4.170731707317073	2.076612976555966	6	53	3	3	1.0
ssj393.2227.7878	2.3333333333333335	0.9444616088408514	3	9	1	1	1.0
ssj161.1111.4102	2.3666666666666667	1.1856897857318902	8	33	2	1	2.0
ssj142.940.3596	2.25	0.43152310867767135	6	16	4	1	4.0
ssj46.290.1168	3.8333333333333335	0.5918657587528506	5	15	2	1	2.0
ssj83.547.2088	2.45	1.1510842565544148	8	24	4	2	2.0
ssj320.1903.6793	2.1	1.4490759726075635	8	23	2	1	2.0
elexiswsd1.60.sl.130874	3.0	1.0397207708399179	3	10	1	1	1.0
ssj161.1084.4048	2.857142857142857	1.5325708624630792	9	42	4	1	4.0
ssj379.2172.7712	1.5	0.6342556627317537	2	5	1	1	1.0
elexiswsd1.1334.sl.132155	2.142857142857143	0.9039622030407053	5	18	4	3	1.3333333333333333
ssj204.1367.4968	3.608695652173913	0.6309743063770993	5	29	6	4	1.5
ssj152.1032.3860	1.5	0.6342556627317537	2	5	1	1	1.0
ssj473.2564.9132	2.6551724137931036	1.4002855036859723	7	34	5	3	1.6666666666666667
ssj152.1037.3874	4.111111111111111	0.9273722782541048	6	45	4	3	1.3333333333333333
ssj130.823.3095	3.125	1.3981526244285487	5	21	3	2	1.5
ssj309.1859.6593	2.0	0.6608779199911599	4	9	2	1	2.0
ssj201.1349.4869	2.642857142857143	1.4989606282756864	6	18	1	1	1.0
elexiswsd1.787.sl.131605	2.3076923076923075	0.9955327988642046	5	16	1	1	1.0
ssj321.1910.6814	1.3333333333333333	0.6081976621622466	3	5	1	1	1.0
ssj198.1324.4782	3.9393939393939394	1.8224127706922202	5	39	5	1	5.0
ssj480.2598.9260	2.793103448275862	1.8077871368042953	5	35	4	3	1.3333333333333333
ssj66.415.1597	5.954545454545454	0.10793994711629493	6	36	1	1	1.0
ssj77.506.1910	2.4615384615384617	1.580635769791764	4	17	3	1	3.0
ssj230.1531.5546	1.8333333333333333	0.2897439310437119	4	8	1	1	1.0
ssj166.1140.4202	2.8181818181818183	1.660721841489405	5	25	2	2	1.0
ssj28.171.692	2.9047619047619047	1.6548574288110085	5	26	4	2	2.0
elexiswsd1.1484.sl.132309	1.6	0.8840214713053695	3	7	1	1	1.0
ssj425.2365.8312	3.066666666666667	0.9265810857241653	4	18	2	1	2.0
ssj152.1038.3900	2.7	1.3093333199837622	4	24	3	2	1.5
elexiswsd1.69.sl.130883	2.5833333333333335	1.5358260950908542	5	16	1	1	1.0
elexiswsd1.168.sl.130984	1.6666666666666667	1.2809338454620642	6	14	1	1	1.0
elexiswsd1.1350.sl.132171	1.9090909090909092	0.5523204714741328	6	14	1	1	1.0
ssj21.99.422	3.0833333333333335	0.9211610182548262	4	18	2	1	2.0
elexiswsd1.377.sl.131193	1.4	1.1613939001557827	3	7	1	1	1.0
ssj142.923.3526	4.205128205128205	1.0886232219302165	9	49	2	1	2.0
ssj280.1737.6163	2.076923076923077	0.8981607604679486	6	15	4	2	2.0
ssj451.2488.8738	2.3	1.0115306041218644	4	13	2	1	2.0
elexiswsd1.103.sl.130919	2.65	1.4962615713065213	5	23	2	1	2.0
elexiswsd1.604.sl.131421	2.772727272727273	1.6769823623611853	4	26	3	2	1.5
ssj26.127.524	2.0	0.6608779199911599	3	8	1	1	1.0
ssj33.194.793	4.230769230769231	0.7359705855738617	7	45	2	2	1.0
ssj27.149.614	1.5	0.05889151782819164	3	4	1	1	1.0
ssj415.2314.8162	1.8333333333333333	0.8390500753777668	3	11	2	1	2.0
elexiswsd1.222.sl.131038	1.625	1.3589319112752674	4	10	1	1	1.0
ssj13.54.240	3.4782608695652173	2.0843949515279236	6	51	3	2	1.5
ssj201.1348.4863	3.0	0.6019864021629681	2	7	1	1	1.0
elexiswsd1.480.sl.131297	1.9090909090909092	1.6509327601422423	4	13	1	1	1.0
ssj193.1280.4626	2.1333333333333333	0.5963393988535886	7	19	3	1	3.0
ssj324.1917.6835	2.8461538461538463	0.2365061235480805	4	16	2	1	2.0
ssj42.259.1036	2.1666666666666665	0.815837026940491	4	8	2	1	2.0
ssj193.1276.4612	2.7	0.15804077348673942	3	12	2	2	1.0
ssj367.2100.7459	3.357142857142857	1.5250450647409373	7	19	3	1	3.0
elexiswsd1.31.sl.130844	3.4615384615384617	1.3602902112296147	5	17	1	1	1.0
ssj216.1438.5209	2.466666666666667	0.7977309792890632	5	18	2	1	2.0
ssj233.1540.5577	3.8333333333333335	0.7034375344099557	5	16	3	1	3.0
ssj79.516.1949	3.1944444444444446	2.239784191755015	8	46	8	2	4.0
ssj139.889.3414	3.3548387096774195	1.9788093971695668	7	37	3	1	3.0
ssj61.378.1514	1.5	0.8369882167858357	3	6	1	1	1.0
ssj380.2174.7722	3.5	0.48010498290449527	6	25	1	1	1.0
ssj144.986.3730	2.6	1.7413023281487445	4	23	3	3	1.0
ssj222.1461.5298	2.2	1.1675541423498028	5	12	2	1	2.0
ssj162.1115.4116	2.7222222222222223	0.9930434830676752	6	21	3	2	1.5
ssj370.2125.7556	2.0	0.6931471805599453	4	10	2	2	1.0
ssj144.1001.3773	3.03125	2.372146656429447	10	38	3	1	3.0
ssj116.726.2726	1.6	1.1394342831883648	3	7	1	1	1.0
elexiswsd1.1376.sl.132198	2.3157894736842106	1.5283485694454269	5	22	2	1	2.0
ssj434.2392.8392	2.526315789473684	1.78791078273577	6	23	3	1	3.0
ssj163.1122.4145	2.8260869565217392	2.026720190775083	6	31	2	1	2.0
ssj118.749.2819	3.0	0.4236489301936017	3	8	1	1	1.0
ssj366.2094.7428	2.6315789473684212	1.4005151979355421	5	25	4	3	1.3333333333333333
ssj162.1112.4106	2.877551020408163	1.693689513004822	10	56	5	2	2.5
ssj144.984.3725	2.0	1.1512925464970227	4	16	2	1	2.0
ssj292.1778.6311	2.625	1.5198257537444133	7	28	6	4	1.5
elexiswsd1.497.sl.131314	2.3846153846153846	1.1065840122671042	5	16	3	2	1.5
elexiswsd1.28.sl.130841	1.7894736842105263	1.9300187149734171	7	22	2	1	2.0
ssj216.1435.5196	2.5714285714285716	1.7613614170866685	8	32	4	1	4.0
ssj437.2404.8438	2.1818181818181817	0.9680952231836651	5	17	3	1	3.0
ssj258.1653.5942	3.4166666666666665	1.333316572785322	5	30	4	3	1.3333333333333333
elexiswsd1.58.sl.130872	2.0	1.2824746787307684	4	15	1	1	1.0
ssj90.595.2244	2.5	0.9525440772675292	4	8	1	1	1.0
ssj3.11.42	2.793103448275862	1.003068180587245	8	37	3	1	3.0
ssj63.396.1561	1.9	1.2025858408845735	4	11	1	1	1.0
ssj222.1461.5296	2.5714285714285716	1.4736793446348877	5	19	1	1	1.0
ssj375.2154.7644	2.5	0.9525440772675292	3	8	1	1	1.0
ssj8.39.186	2.125	1.1818287030775654	3	11	2	1	2.0
elexiswsd1.473.sl.131290	2.0	0.8958797346140274	3	8	1	1	1.0
ssj212.1408.5110	3.037037037037037	1.9536427237703484	6	30	2	1	2.0
elexiswsd1.1081.sl.131900	2.8125	1.1569395498064023	7	20	2	1	2.0
ssj325.1928.6861	2.1538461538461537	1.064525670351156	4	16	2	2	1.0
ssj156.1060.3956	1.875	1.3069918460315713	4	10	1	1	1.0
ssj252.1618.5851	4.048780487804878	1.0076764560339733	8	50	2	2	1.0
ssj47.316.1281	3.242424242424242	1.7708801441369995	6	41	7	5	1.4
ssj417.2329.8215	2.272727272727273	0.37796708432935494	5	14	2	2	1.0
ssj118.759.2861	2.7857142857142856	1.2679794228208983	4	17	2	2	1.0
ssj139.887.3406	2.411764705882353	0.8828215396599891	6	20	2	2	1.0
ssj285.1754.6236	2.6666666666666665	1.2690755821534065	4	17	3	2	1.5
ssj95.625.2394	4.15625	0.8575608703118909	5	37	4	3	1.3333333333333333
ssj384.2203.7806	1.9230769230769231	1.3216953918840497	6	16	1	1	1.0
ssj5.24.79	2.3125	1.3526841269324976	5	19	2	1	2.0
ssj76.499.1872	1.625	0.9007865453381898	4	10	1	1	1.0
ssj179.1211.4417	2.0	1.6193392260821902	7	20	2	1	2.0
ssj118.762.2878	2.142857142857143	0.7601211668148147	4	10	2	1	2.0
elexiswsd1.964.sl.131783	1.9090909090909092	0.5523204714741328	6	14	2	1	2.0
ssj152.1035.3870	1.0	0.0	2	3	1	1	1.0
ssj219.1446.5240	2.227272727272727	1.5494623381438974	6	26	2	1	2.0
ssj131.830.3179	2.5	0.5815754049028404	2	7	1	1	1.0
ssj308.1856.6572	2.1818181818181817	1.5700816253466332	4	13	1	1	1.0
ssj409.2273.8025	1.7692307692307692	1.5166487764802057	6	16	2	1	2.0
ssj234.1550.5606	3.6	1.6621181702630135	7	25	3	1	3.0
ssj40.243.972	3.0	1.4866297088509661	5	25	2	1	2.0
ssj42.255.1015	2.9767441860465116	1.5944888658377767	10	51	8	3	2.6666666666666665
ssj131.825.3120	4.12	1.2333055199125833	6	35	6	3	2.0
ssj85.558.2128	2.3157894736842106	1.6721896056713175	5	22	2	1	2.0
ssj86.571.2171	3.4516129032258065	1.517872743105731	8	35	1	1	1.0
ssj141.907.3477	2.3636363636363638	1.3784671420159917	4	14	2	1	2.0
ssj85.561.2134	2.7333333333333334	1.447115523617117	4	17	1	1	1.0
elexiswsd1.754.sl.131572	1.875	1.1042592919774892	4	10	1	1	1.0
ssj12.51.232	1.5	0.49041462650586304	2	4	1	1	1.0
ssj133.857.3288	2.68	1.9060957966421033	6	29	2	2	1.0
ssj142.955.3649	1.5	0.05889151782819164	2	4	1	1	1.0
ssj455.2503.8799	2.0833333333333335	0.8550577400937722	7	18	2	1	2.0
ssj417.2329.8208	2.0	1.528178447685213	7	21	4	2	2.0
ssj47.315.1273	2.25	1.61508491574348	6	19	1	1	1.0
elexiswsd1.550.sl.131367	1.8888888888888888	0.46262352194811296	5	11	1	1	1.0
ssj149.1023.3837	2.6	0.19578110146958644	5	16	1	1	1.0
ssj88.582.2198	3.210526315789474	1.8036507413533447	6	46	5	3	1.6666666666666667
ssj152.1038.3891	3.5384615384615383	0.8235015959202603	4	16	2	2	1.0
ssj30.186.750	2.4074074074074074	2.291629247972568	7	34	4	1	4.0
ssj161.1101.4080	2.607142857142857	1.4009945046743602	8	35	4	2	2.0
ssj142.948.3620	1.7142857142857142	1.2386775300120199	3	10	1	1	1.0
ssj124.789.2996	2.6785714285714284	1.4855376079435458	7	32	4	2	2.0
ssj44.263.1053	2.4166666666666665	1.2559438793095539	5	15	3	1	3.0
ssj370.2117.7532	1.75	0.8266785731844679	2	6	1	1	1.0
ssj21.97.412	2.0	0.5493061443340547	2	6	1	1	1.0
ssj142.924.3531	2.4545454545454546	1.1968857778072541	4	14	2	1	2.0
ssj47.321.1316	3.0	0.6019864021629681	2	7	1	1	1.0
elexiswsd1.914.sl.131733	2.0	0.8291140383017661	3	9	1	1	1.0
ssj54.346.1401	2.0	0.8291140383017661	3	10	1	1	1.0
ssj78.515.1944	3.7	1.634719196074899	5	24	2	1	2.0
ssj247.1598.5792	3.225	1.222812921143287	7	48	4	3	1.3333333333333333
ssj88.588.2216	2.272727272727273	0.37796708432935494	5	14	2	1	2.0
ssj177.1196.4353	2.875	0.6768152771505496	5	12	2	1	2.0
ssj319.1901.6786	2.8666666666666667	1.7174818579878608	5	20	1	1	1.0
ssj13.55.243	2.5	1.517476493353636	7	30	3	2	1.5
ssj304.1848.6541	2.4545454545454546	1.3407268140331448	5	15	1	1	1.0
ssj306.1851.6554	2.5714285714285716	0.3750670559667778	5	18	3	2	1.5
ssj133.869.3338	2.3333333333333335	1.0560333844979564	4	13	2	1	2.0
ssj21.108.465	3.0	0.6790617420765971	2	9	1	1	1.0
ssj247.1598.5796	3.027027027027027	1.7964902863393517	6	46	5	4	1.25
ssj250.1605.5831	2.6666666666666665	0.464356625936356	4	14	1	1	1.0
ssj203.1361.4932	2.857142857142857	1.6560009014288422	5	18	2	1	2.0
elexiswsd1.1281.sl.132100	2.8260869565217392	1.0781601983321423	6	28	4	2	2.0
ssj106.674.2560	2.0	1.252762968495368	3	9	1	1	1.0
ssj18.84.319	3.4074074074074074	1.6644200468514534	6	33	3	2	1.5
ssj433.2391.8391	2.0625	1.2116816662272465	6	19	1	1	1.0
ssj173.1185.4329	1.6	0.3347153269713146	4	7	1	1	1.0
ssj3.9.38	2.9285714285714284	0.24501392771858022	5	17	3	2	1.5
ssj233.1542.5583	4.148148148148148	0.9184036082713445	6	33	2	2	1.0
ssj278.1723.6116	2.7333333333333334	1.6680318997566366	4	17	1	1	1.0
ssj415.2315.8170	1.9	0.5094386603246281	6	13	2	1	2.0
elexiswsd1.1181.sl.132000	2.357142857142857	1.4350335074840643	4	16	1	1	1.0
ssj455.2504.8818	4.029411764705882	2.2263458944482712	8	44	2	1	2.0
ssj156.1063.3969	2.75	1.382144959712543	5	25	5	4	1.25
elexiswsd1.1552.sl.132377	2.0	1.039720770839918	4	11	2	2	1.0
ssj415.2313.8152	1.7142857142857142	1.2386775300120199	3	9	1	1	1.0
ssj79.517.1955	3.4761904761904763	1.7985854342984549	7	25	2	1	2.0
ssj95.622.2376	1.9166666666666667	1.4877454933668781	5	16	3	2	1.5
ssj238.1569.5685	2.6	0.7450872458036413	5	20	1	1	1.0
ssj281.1739.6174	3.16	2.1594645756663575	9	59	6	3	2.0
elexiswsd1.128.sl.130944	1.8	1.3682248378119541	4	12	1	1	1.0
ssj27.149.622	3.1333333333333333	0.9050748805032018	7	18	1	1	1.0
ssj27.147.595	3.2	0.3347153269713146	6	25	1	1	1.0
ssj310.1873.6642	2.823529411764706	0.7251925954564059	6	21	1	1	1.0
ssj358.2064.7304	1.8888888888888888	1.3585032565621407	4	11	2	1	2.0
ssj397.2236.7903	2.9655172413793105	0.5965964487262031	9	35	3	1	3.0
ssj101.652.2491	4.029411764705882	1.937306969060692	7	39	3	2	1.5
ssj233.1539.5567	3.107142857142857	0.5323986466082221	8	33	4	1	4.0
ssj428.2377.8355	3.8461538461538463	1.9298930540462962	6	34	2	1	2.0
ssj141.899.3444	1.0	0.6931471805599453	2	4	1	1	1.0
ssj48.322.1319	4.419354838709677	1.1268796155136218	6	37	2	2	1.0
elexiswsd1.82.sl.130896	2.473684210526316	1.2596580475995474	6	22	2	2	1.0
ssj318.1898.6772	3.627450980392157	1.7759949126762735	8	61	8	3	2.6666666666666665
ssj116.728.2738	2.7	0.15804077348673942	4	12	2	2	1.0
elexiswsd1.1017.sl.131836	2.9375	1.7253421536777214	5	20	1	1	1.0
ssj118.750.2822	1.8333333333333333	0.8390500753777668	4	10	1	1	1.0
elexiswsd1.955.sl.131774	2.4285714285714284	1.5835180163037494	5	17	1	1	1.0
ssj36.210.856	2.789473684210526	1.3422462898115664	5	23	3	2	1.5
ssj90.591.2226	2.5294117647058822	1.293338856607812	6	20	3	2	1.5
ssj80.525.1980	3.210526315789474	0.652358194856322	6	24	5	3	1.6666666666666667
ssj440.2412.8469	2.6666666666666665	1.2163953243244932	4	11	1	1	1.0
ssj451.2485.8723	2.0	0.8047189562170503	3	7	2	1	2.0
ssj115.720.2702	3.2666666666666666	1.3692026399418737	3	18	1	1	1.0
elexiswsd1.36.sl.130850	2.1	1.3052349363816729	3	12	1	1	1.0
ssj101.652.2492	3.9545454545454546	1.5569499225027807	5	25	1	1	1.0
ssj277.1719.6104	2.5625	1.485031787495282	4	18	2	2	1.0
ssj121.775.2929	2.1666666666666665	1.2739823928775686	4	16	2	2	1.0
ssj315.1885.6707	2.2	0.01626159585277994	3	7	1	1	1.0
ssj35.205.816	3.375	0.9219377351835344	4	10	1	1	1.0
ssj20.92.390	2.5	1.6456912578274745	6	28	4	2	2.0
ssj178.1206.4399	2.625	1.3941685396039603	6	19	2	1	2.0
ssj6.34.136	n/a	n/a	2	2	1	1	1.0
elexiswsd1.713.sl.131531	2.125	1.7311348474116202	7	27	2	2	1.0
ssj260.1662.5976	2.933333333333333	1.3764979564031636	7	20	2	1	2.0
elexiswsd1.755.sl.131573	2.0833333333333335	1.31320310603085	4	14	1	1	1.0
ssj27.143.577	1.875	0.41111211141754395	5	11	1	1	1.0
ssj59.358.1434	1.6666666666666667	1.2809338454620642	3	9	1	1	1.0
elexiswsd1.1150.sl.131969	1.75	1.2848239391215455	3	10	1	1	1.0
elexiswsd1.541.sl.131358	3.3684210526315788	1.0624943416070391	5	22	3	3	1.0
ssj384.2195.7782	1.0	0.5493061443340547	2	4	1	1	1.0
ssj201.1344.4851	2.3636363636363638	1.3117014457037304	4	13	2	1	2.0
ssj27.140.561	2.5714285714285716	0.5777996100208601	5	10	1	1	1.0
ssj63.392.1550	2.8823529411764706	1.253879452587725	5	20	2	1	2.0
ssj177.1196.4357	2.9523809523809526	1.911868761123263	6	27	3	1	3.0
ssj45.278.1128	2.0	0.0	3	7	1	1	1.0
ssj15.67.272	2.7027027027027026	1.909818971646355	10	43	5	2	2.5
ssj354.2055.7264	2.9130434782608696	1.7410020293967585	4	25	2	2	1.0
ssj149.1023.3838	1.7142857142857142	1.3298383084089973	3	9	1	1	1.0
ssj317.1893.6748	4.410256410256411	0.3478479923810166	7	55	6	3	2.0
ssj34.197.800	3.1379310344827585	1.5130393129905177	5	34	3	3	1.0
ssj161.1087.4054	3.357142857142857	0.455011982992802	5	18	1	1	1.0
ssj288.1766.6280	2.6666666666666665	1.3013448427221919	5	14	1	1	1.0
ssj245.1595.5780	2.4285714285714284	1.5308377584748363	4	17	2	2	1.0
elexiswsd1.333.sl.131149	2.4545454545454546	1.499953679592412	4	13	1	1	1.0
ssj161.1106.4092	2.9210526315789473	1.8454613269453541	8	43	4	3	1.3333333333333333
ssj22.110.474	n/a	n/a	2	2	1	1	1.0
ssj33.193.785	2.260869565217391	1.9032901518093202	6	25	2	2	1.0
elexiswsd1.1612.sl.132437	2.4444444444444446	0.20479441264601314	5	12	2	1	2.0
ssj142.939.3591	1.0	0.6931471805599453	2	4	1	1	1.0
ssj355.2059.7279	2.375	0.8678705139132589	4	12	4	3	1.3333333333333333
ssj161.1095.4069	4.424242424242424	2.0243349827994646	6	41	4	1	4.0
ssj288.1765.6274	3.259259259259259	1.6653661209274724	7	33	6	4	1.5
ssj5.30.93	5.684210526315789	0.2654727583745588	5	24	3	1	3.0
ssj318.1899.6776	3.375	0.9219377351835344	8	29	4	2	2.0
ssj312.1877.6659	3.78125	1.5541058550998716	7	36	3	1	3.0
ssj69.438.1671	2.1818181818181817	1.3146688134636377	5	14	1	1	1.0
ssj233.1540.5575	2.25	0.6869359205606668	3	6	1	1	1.0
ssj83.547.2087	2.7777777777777777	0.07696104113612832	4	12	2	1	2.0
ssj226.1481.5398	3.0535714285714284	2.688123448828119	11	64	4	2	2.0
elexiswsd1.46.sl.130860	1.9090909090909092	1.1016266158081875	5	14	2	1	2.0
ssj205.1380.5006	2.5	0.6727361832998177	4	15	2	2	1.0
ssj445.2428.8515	2.4	0.7339691750802004	3	9	1	1	1.0
ssj116.729.2751	2.6363636363636362	0.9226942597710271	4	13	2	2	1.0
elexiswsd1.851.sl.131669	1.7142857142857142	0.7805321640749423	5	10	2	1	2.0
ssj383.2185.7755	2.5	0.7843079589569226	4	13	2	1	2.0
ssj63.393.1555	3.4782608695652173	1.563668014113843	5	28	2	2	1.0
ssj228.1514.5504	2.4210526315789473	1.281164252820511	5	22	2	2	1.0
ssj407.2267.8003	3.1818181818181817	1.0812156185480601	5	14	1	1	1.0
ssj157.1071.4000	1.6923076923076923	1.4495287633939344	6	15	1	1	1.0
ssj177.1196.4350	3.4545454545454546	1.4044426284192524	5	25	3	2	1.5
ssj6.35.171	3.107142857142857	1.9186930077281128	6	35	5	3	1.6666666666666667
ssj157.1071.3998	1.0	0.34657359027997275	2	3	1	1	1.0
ssj28.165.665	2.6842105263157894	1.5834451246934447	5	22	3	3	1.0
ssj152.1038.3901	2.142857142857143	1.2505357933206778	3	9	1	1	1.0
elexiswsd1.1547.sl.132372	2.076923076923077	1.356306126405026	5	16	1	1	1.0
ssj20.91.378	3.4	0.5538985991225912	2	8	1	1	1.0
elexiswsd1.41.sl.130855	2.176470588235294	1.6786228742800178	6	19	1	1	1.0
ssj425.2361.8302	3.1538461538461537	0.13385196948799735	4	17	3	2	1.5
ssj169.1155.4232	2.3	1.0115306041218644	6	24	1	1	1.0
ssj205.1380.5008	2.8333333333333335	1.4834741287966073	4	16	2	1	2.0
ssj364.2092.7418	2.9473684210526314	1.7108354428221408	5	22	2	1	2.0
ssj192.1263.4573	2.0	1.6044127445073497	4	12	1	1	1.0
ssj116.734.2769	2.5	0.4700036292457356	6	20	5	4	1.25
ssj268.1699.6059	2.45	1.4976578468343873	6	23	3	2	1.5
elexiswsd1.1195.sl.132014	2.0	1.0074515102711326	3	8	1	1	1.0
ssj27.146.588	3.933333333333333	0.8804175923616232	6	38	1	1	1.0
ssj119.769.2912	3.2857142857142856	0.9346635541508432	6	11	1	1	1.0
ssj465.2534.9006	1.0	0.0	2	2	1	1	1.0
ssj449.2463.8611	2.272727272727273	1.1826860405464052	5	14	2	1	2.0
ssj80.525.1978	3.142857142857143	1.0702760951186543	5	18	1	1	1.0
ssj45.279.1130	1.5	0.05889151782819164	2	4	1	1	1.0
ssj414.2311.8140	9.345454545454546	0.11535010267351388	6	62	5	3	1.6666666666666667
ssj477.2579.9211	2.0	1.6193392260821902	6	21	2	1	2.0
ssj59.358.1438	2.0	0.0	4	9	2	1	2.0
ssj300.1817.6434	3.25	1.886958248399924	7	24	2	1	2.0
ssj142.940.3599	2.5833333333333335	1.5758474489276226	7	16	2	1	2.0
elexiswsd1.904.sl.131723	3.1818181818181817	1.3610235125157717	5	15	2	1	2.0
ssj478.2583.9224	3.15	1.9394905991134268	8	25	5	1	5.0
ssj59.361.1453	2.857142857142857	0.07686704997102099	3	10	2	1	2.0
ssj20.92.388	1.3333333333333333	1.3013448427221919	3	8	1	1	1.0
ssj393.2230.7882	2.6	1.2355018723095044	3	12	1	1	1.0
ssj156.1065.3976	2.772727272727273	1.5654105867040804	6	26	4	2	2.0
ssj69.434.1656	2.25	1.2685113254635072	5	19	1	1	1.0
ssj172.1176.4291	1.9166666666666667	1.3965847149699009	5	15	2	1	2.0
ssj412.2285.8065	2.8620689655172415	1.9861282377342182	6	34	3	3	1.0
ssj142.945.3611	1.0	0.5493061443340547	2	5	1	1	1.0
ssj424.2359.8295	1.0	0.6931471805599453	2	4	1	1	1.0
ssj191.1251.4544	2.3	1.358104194401837	6	24	2	1	2.0
ssj351.2048.7237	2.0	1.6479184330021646	5	21	3	2	1.5
ssj363.2084.7385	2.4285714285714284	1.5835180163037494	4	18	3	1	3.0
elexiswsd1.1251.sl.132070	2.2857142857142856	0.14627650134318887	4	10	2	1	2.0
ssj417.2322.8184	4.3090909090909095	2.4785401421675206	11	62	1	1	1.0
ssj193.1292.4672	2.0	0.8958797346140274	4	11	3	2	1.5
ssj221.1458.5288	2.375	0.5212969236332861	3	10	1	1	1.0
ssj44.268.1077	3.272727272727273	0.5626301150755006	4	16	3	3	1.0
ssj277.1717.6101	2.5238095238095237	1.289638923592958	5	24	1	1	1.0
ssj82.538.2054	3.3636363636363638	1.1848726329525165	4	13	2	1	2.0
elexiswsd1.770.sl.131588	2.45	1.1510842565544148	6	24	2	2	1.0
ssj75.473.1773	1.7142857142857142	1.4069136483226263	3	10	1	1	1.0
ssj226.1500.5451	3.772727272727273	0.21772307224087584	5	29	6	4	1.5
ssj94.620.2355	1.5	0.49041462650586304	2	4	1	1	1.0
ssj157.1071.4004	2.0833333333333335	1.201631330373745	5	16	2	1	2.0
ssj86.574.2183	1.8	1.5364609561225604	5	13	2	1	2.0
ssj212.1403.5098	3.52	1.7050020233751997	6	28	1	1	1.0
ssj370.2117.7529	1.0	0.34657359027997275	2	3	1	1	1.0
ssj20.91.376	2.8947368421052633	0.4093252835171898	6	24	4	2	2.0
ssj100.644.2472	3.4814814814814814	2.0841084317297267	7	31	4	1	4.0
ssj303.1844.6530	2.4375	1.3000403934470757	6	20	3	1	3.0
ssj111.702.2643	3.0	1.3274028432916989	4	19	2	1	2.0
ssj90.592.2232	2.4210526315789473	1.6277378431004836	4	24	2	2	1.0
ssj385.2210.7831	1.5555555555555556	1.349926716949016	4	11	1	1	1.0
ssj437.2405.8445	2.111111111111111	1.0445450673978338	4	11	1	1	1.0
ssj226.1486.5409	3.8	0.8237429900358153	7	31	3	2	1.5
ssj100.641.2465	3.566666666666667	1.9268333748083222	6	36	1	1	1.0
ssj366.2097.7433	2.4285714285714284	1.5835180163037494	5	16	1	1	1.0
elexiswsd1.1366.sl.132188	2.4375	1.7777961159607938	5	20	1	1	1.0
ssj172.1176.4292	3.4375	0.15154989812720093	5	20	3	2	1.5
ssj226.1501.5456	1.5	0.05889151782819164	3	4	2	2	1.0
ssj142.916.3503	2.142857142857143	0.5573886127607325	6	19	2	1	2.0
ssj193.1286.4649	2.0	0.8958797346140274	3	8	1	1	1.0
elexiswsd1.70.sl.130884	2.230769230769231	1.4530832807334877	4	15	2	2	1.0
ssj104.670.2549	2.0714285714285716	1.3960091206534642	5	16	3	3	1.0
ssj443.2419.8498	3.25	2.345972424286272	12	37	3	2	1.5
ssj46.287.1150	3.3684210526315788	0.6043489756699615	8	24	5	2	2.5
ssj6.34.146	1.8	0.7662384356489861	3	8	2	1	2.0
ssj438.2406.8451	2.75	1.4298000496147054	14	51	8	2	4.0
ssj341.1986.7056	2.269230769230769	1.7054870977405312	8	31	5	2	2.5
ssj177.1196.4354	2.6923076923076925	1.6116046395105206	4	19	3	2	1.5
ssj27.147.597	2.789473684210526	0.44636655519753904	6	24	2	2	1.0
ssj412.2285.8059	2.25	0.6869359205606668	3	6	1	1	1.0
elexiswsd1.1179.sl.131998	2.272727272727273	0.7245406746093277	4	13	2	2	1.0
ssj238.1567.5680	2.357142857142857	1.2667973891734579	4	17	2	1	2.0
ssj38.234.942	3.2857142857142856	1.6522058167955045	7	24	1	1	1.0
ssj315.1890.6734	3.074074074074074	1.218061871769841	5	31	4	2	2.0
ssj117.744.2799	2.25	0.9219377351835345	3	12	2	2	1.0
ssj130.823.3100	2.0	1.0986122886681098	3	8	1	1	1.0
ssj407.2269.8011	2.5454545454545454	1.0693573552394022	5	15	5	2	2.5
ssj300.1825.6463	2.423076923076923	1.7837308514806085	7	30	4	3	1.3333333333333333
ssj24.115.484	3.196078431372549	2.190282609399617	9	60	5	1	5.0
ssj184.1228.4458	2.272727272727273	1.6974957491369844	5	25	2	2	1.0
ssj46.310.1263	3.066666666666667	0.5800074954441927	5	21	4	2	2.0
ssj27.158.649	1.6153846153846154	1.4960487790288273	8	16	1	1	1.0
ssj414.2308.8130	4.166666666666667	0.4417184535015384	5	52	9	4	2.25
ssj20.93.398	3.0	0.2876820724517809	3	11	2	1	2.0
ssj142.958.3659	1.0	0.0	2	3	1	1	1.0
ssj459.2521.8947	3.3	1.6579687688556661	5	24	2	1	2.0
ssj451.2484.8717	1.3333333333333333	0.9547712524422192	3	5	1	1	1.0
ssj483.2603.9271	3.28125	1.9309378651619573	5	38	1	1	1.0
ssj25.125.518	1.8571428571428572	0.903222010455488	4	10	2	2	1.0
ssj71.449.1707	2.1	0.9586613461017003	5	15	3	2	1.5
ssj302.1840.6495	2.125	1.5284022933575379	6	18	1	1	1.0
elexiswsd1.1377.sl.132199	2.076923076923077	1.2447343507479212	6	16	2	1	2.0
ssj142.962.3671	2.0	0.4581453659370775	6	13	3	1	3.0
ssj206.1384.5021	3.0434782608695654	1.1478932624043108	6	27	2	2	1.0
ssj21.102.433	2.125	0.28594896846353784	4	10	2	2	1.0
ssj34.201.807	2.75	1.573641085840596	5	21	3	1	3.0
ssj370.2126.7559	3.4545454545454546	1.1105492959681929	4	13	1	1	1.0
ssj28.170.687	1.8888888888888888	1.5023442927880308	8	21	2	1	2.0
ssj133.858.3293	3.642857142857143	1.178052908195585	3	17	2	2	1.0
ssj415.2313.8150	1.625	1.2473601356181625	4	10	1	1	1.0
ssj51.325.1323	2.8333333333333335	1.9786734808105457	5	33	3	2	1.5
ssj443.2424.8505	2.5	2.34768822693712	9	42	5	2	2.5
ssj44.264.1055	3.611111111111111	0.9658893231656601	5	21	2	2	1.0
ssj235.1559.5633	2.235294117647059	1.3053810369178838	5	20	2	1	2.0
ssj69.437.1669	3.0	1.1512925464970227	5	18	2	1	2.0
ssj38.233.938	2.1333333333333333	0.5963393988535886	8	20	4	1	4.0
ssj144.972.3700	2.111111111111111	1.0445450673978338	5	12	1	1	1.0
ssj66.415.1596	5.538461538461538	0.08266849254377763	7	35	1	1	1.0
ssj12.44.197	2.0	1.1756876285817388	4	8	1	1	1.0
ssj192.1262.4570	2.5	1.2079568891505246	4	12	1	1	1.0
ssj186.1233.4482	1.0	0.0	2	3	1	1	1.0
ssj178.1206.4401	3.1875	1.4695107755293462	3	19	1	1	1.0
ssj422.2346.8256	4.136363636363637	1.4797292740717287	6	30	5	1	5.0
ssj401.2246.7933	5.5476190476190474	2.0122520072115058	9	57	3	1	3.0
ssj78.509.1919	3.0606060606060606	1.828588461757646	7	42	2	1	2.0
ssj152.1038.3890	3.45	0.6060654960136999	5	22	2	2	1.0
elexiswsd1.1553.sl.132378	1.6666666666666667	1.5363466573450595	5	16	4	3	1.3333333333333333
ssj463.2528.8978	2.909090909090909	1.1708277772377473	5	29	6	5	1.2
ssj90.591.2230	1.25	1.0193097735797902	3	7	1	1	1.0
elexiswsd1.1166.sl.131985	1.3333333333333333	0.2616240718822739	4	5	1	1	1.0
ssj45.275.1110	2.5	1.3336141032909774	4	21	2	1	2.0
ssj236.1561.5641	2.6	1.2943933901376963	3	14	1	1	1.0
ssj42.247.989	2.0	1.1989476363991853	4	14	2	1	2.0
ssj142.957.3655	3.1791044776119404	0.945746763377024	10	79	11	5	2.2
ssj453.2496.8776	3.2127659574468086	1.9568892021493487	7	56	4	1	4.0
ssj294.1797.6368	4.411764705882353	0.2789054928279863	5	22	4	2	2.0
ssj215.1427.5173	2.4693877551020407	1.9378196361832265	13	58	5	2	2.5
elexiswsd1.1126.sl.131945	2.7333333333333334	1.447115523617117	6	18	2	2	1.0
ssj224.1466.5333	1.3333333333333333	0.8109302162163288	2	5	1	1	1.0
ssj68.426.1625	3.0	1.1167961107535471	6	25	3	2	1.5
ssj301.1836.6489	1.0	0.8958797346140274	3	4	1	1	1.0
ssj152.1038.3897	1.9411764705882353	1.6491921892318713	6	19	2	2	1.0
ssj451.2469.8649	1.5	0.2876820724517809	4	6	1	1	1.0
ssj213.1412.5123	2.7777777777777777	1.2282535876331513	4	13	1	1	1.0
ssj110.691.2607	2.8461538461538463	1.1323858581621082	4	16	1	1	1.0
ssj348.2028.7184	2.0	0.5493061443340547	2	5	1	1	1.0
ssj192.1256.4555	3.4482758620689653	1.5970661054886426	6	35	4	3	1.3333333333333333
ssj46.290.1164	2.6	0.7450872458036413	3	7	1	1	1.0
ssj122.781.2968	2.861111111111111	1.4336966000144746	7	44	7	4	1.75
ssj59.359.1447	2.6944444444444446	1.6052863853978323	9	43	5	2	2.5
ssj78.514.1942	3.15625	1.3882022935753806	7	35	5	4	1.25
ssj6.35.174	2.5789473684210527	0.8714117609190066	6	24	5	2	2.5
ssj367.2100.7467	4.684210526315789	1.4258882357945162	4	25	2	1	2.0
ssj353.2054.7261	2.6315789473684212	1.0539416076555694	5	22	2	2	1.0
ssj463.2526.8968	2.588235294117647	1.819655482717168	5	20	2	1	2.0
ssj259.1655.5948	9.277777777777779	0.4358625852925355	5	61	1	1	1.0
ssj250.1606.5832	2.4375	1.5939337258981352	5	21	1	1	1.0
ssj274.1707.6075	2.823529411764706	0.3786190051764331	5	21	3	2	1.5
ssj126.804.3040	1.3333333333333333	0.8109302162163288	2	5	1	1	1.0
ssj59.358.1443	2.111111111111111	1.0445450673978338	4	12	2	1	2.0
ssj152.1035.3872	2.6818181818181817	1.3637451923488046	7	27	6	2	3.0
ssj351.2048.7236	2.375	1.4942519981609428	6	19	2	1	2.0
ssj206.1389.5038	3.210526315789474	1.4570771510733722	7	46	4	3	1.3333333333333333
ssj417.2327.8198	4.333333333333333	0.7490713306282297	7	24	2	1	2.0
ssj156.1065.3977	1.25	1.0193097735797902	3	6	1	1	1.0
ssj300.1821.6451	2.111111111111111	0.3513978868378886	5	11	1	1	1.0
ssj214.1415.5147	n/a	n/a	2	3	1	1	1.0
ssj161.1106.4090	3.857142857142857	0.5189080921926684	4	29	5	5	1.0
elexiswsd1.408.sl.131224	2.869565217391304	0.8601601721472717	6	30	4	2	2.0
ssj35.206.821	1.5	0.7458274383888585	2	6	1	1	1.0
ssj310.1863.6603	2.625	1.0475949493239876	3	10	1	1	1.0
ssj484.2604.9273	3.0555555555555554	1.8260905883887717	6	43	5	3	1.6666666666666667
ssj72.456.1720	2.740740740740741	1.7383024944704335	7	32	5	3	1.6666666666666667
ssj450.2468.8632	1.8571428571428572	0.903222010455488	4	10	1	1	1.0
ssj168.1147.4222	2.0	1.0845268501847616	3	8	2	1	2.0
ssj75.474.1775	2.5789473684210527	1.074144314973089	6	23	4	2	2.0
ssj367.2100.7457	1.8888888888888888	1.3585032565621407	3	11	1	1	1.0
ssj25.125.517	1.5	0.49041462650586304	2	4	1	1	1.0
ssj41.246.981	1.5	1.1835618070658083	4	11	2	1	2.0
ssj186.1232.4473	1.6666666666666667	1.078201291407982	3	8	1	1	1.0
ssj476.2575.9175	2.4642857142857144	1.5689192168825967	9	32	2	1	2.0
ssj184.1223.4444	2.466666666666667	1.255876345226141	5	18	2	1	2.0
ssj289.1769.6292	2.1818181818181817	1.1119362594095554	4	12	1	1	1.0
ssj476.2574.9171	2.0	1.8187930798631928	6	22	2	1	2.0
elexiswsd1.1380.sl.132202	1.7647058823529411	1.3979287787562238	7	19	1	1	1.0
ssj260.1667.5986	3.142857142857143	1.2730086491727366	6	26	3	3	1.0
ssj141.899.3443	3.2	0.6812889172512874	5	13	1	1	1.0
ssj200.1339.4837	2.142857142857143	0.5573886127607325	6	17	3	2	1.5
ssj152.1038.3883	2.6315789473684212	1.7470887882155146	5	23	3	1	3.0
ssj282.1741.6187	2.5833333333333335	1.0980917264139043	3	15	2	2	1.0
elexiswsd1.841.sl.131659	1.4285714285714286	1.4209990868059745	4	9	1	1	1.0
ssj347.2024.7177	2.9047619047619047	1.7383844711425915	5	24	2	2	1.0
elexiswsd1.326.sl.131142	1.7142857142857142	0.9832647181290245	3	9	1	1	1.0
ssj86.571.2173	3.3617021276595747	1.2619325138721758	8	56	3	2	1.5
ssj47.317.1299	2.0	0.5493061443340547	2	5	1	1	1.0
ssj267.1694.6046	2.142857142857143	0.5573886127607325	6	17	1	1	1.0
ssj53.331.1360	3.064516129032258	1.879578593857947	7	37	6	4	1.5
elexiswsd1.577.sl.131394	3.1333333333333333	0.9050748805032018	4	20	3	1	3.0
ssj215.1427.5172	2.5	1.4059047176965311	9	33	4	1	4.0
ssj133.864.3308	10.432432432432432	0.7029928243955059	5	58	2	2	1.0
ssj144.992.3750	2.933333333333333	0.2778856677350541	6	20	2	2	1.0
ssj469.2544.9033	2.5555555555555554	0.8534898306351248	3	13	1	1	1.0
ssj186.1232.4476	1.6	1.02786250753126	3	7	1	1	1.0
elexiswsd1.558.sl.131375	2.5625	0.44531101665536404	6	19	2	1	2.0
ssj118.750.2823	2.0	0.0	3	6	1	1	1.0
ssj367.2099.7452	2.9130434782608696	1.3032676607198086	5	27	4	2	2.0
ssj75.485.1811	2.6315789473684212	1.0539416076555694	6	26	4	3	1.3333333333333333
ssj111.698.2630	2.967741935483871	1.3223394102386243	5	38	4	2	2.0
ssj226.1477.5384	3.3043478260869565	2.3285194863214667	8	54	2	1	2.0
ssj76.495.1853	2.8666666666666667	0.3008751859597527	5	19	5	3	1.6666666666666667
ssj111.698.2633	1.8571428571428572	0.7004894564014058	4	9	1	1	1.0
ssj46.303.1222	2.1818181818181817	0.4187890788496102	5	13	1	1	1.0
ssj86.578.2190	2.8333333333333335	0.14557414021413373	3	9	1	1	1.0
ssj294.1794.6358	2.8181818181818183	0.8560028852723548	4	15	2	1	2.0
elexiswsd1.839.sl.131657	2.3333333333333335	1.7892019188946697	7	19	2	1	2.0
ssj293.1785.6339	2.2	1.5385228147144914	4	19	4	3	1.3333333333333333
ssj59.358.1442	2.2142857142857144	1.5643195607776597	5	19	4	2	2.0
ssj469.2547.9056	3.1	0.569196579339977	4	19	4	3	1.3333333333333333
ssj353.2053.7257	2.625	1.114360645636249	4	12	3	1	3.0
ssj370.2116.7522	2.3333333333333335	0.29799171605314895	3	6	1	1	1.0
ssj188.1238.4506	3.56	0.8889835119042163	9	30	4	1	4.0
ssj226.1505.5480	3.3333333333333335	0.6546666599918812	3	7	1	1	1.0
ssj451.2486.8728	2.6666666666666665	0.37319584753937896	5	17	1	1	1.0
ssj101.650.2484	2.625	1.5725060115733265	4	20	2	1	2.0
ssj308.1856.6573	2.3	1.7635693025100014	6	23	2	2	1.0
ssj144.966.3683	3.1818181818181817	1.7743627991080055	5	25	2	1	2.0
ssj312.1877.6669	3.1666666666666665	0.2925063690096969	5	22	5	4	1.25
ssj18.76.300	3.6744186046511627	2.459805198360158	8	48	4	2	2.0
ssj256.1646.5920	2.5	1.5251102294190304	7	25	3	2	1.5
elexiswsd1.821.sl.131639	1.75	1.453060057432152	4	10	1	1	1.0
ssj284.1744.6198	1.0	0.34657359027997275	2	3	1	1	1.0
ssj88.581.2197	2.823529411764706	0.3786190051764331	5	22	2	2	1.0
ssj318.1898.6773	3.0	1.5455212266791578	5	21	2	2	1.0
ssj46.300.1216	2.5	0.6727361832998177	3	8	2	2	1.0
ssj455.2503.8808	2.125	0.8352551127975925	4	12	1	1	1.0
ssj116.734.2767	2.8823529411764706	0.9073058623077525	5	21	3	3	1.0
ssj288.1767.6283	2.7142857142857144	0.32099983469650206	5	20	3	2	1.5
ssj83.547.2082	3.625	0.8504787712013895	4	10	1	1	1.0
ssj152.1038.3893	3.4166666666666665	1.3678130085287978	5	16	2	1	2.0
ssj369.2111.7497	3.1666666666666665	0.7161552992032988	3	8	1	1	1.0
ssj320.1906.6804	2.1538461538461537	1.5549402968570192	4	15	2	2	1.0
ssj274.1707.6074	1.6666666666666667	0.038480520568064065	3	5	1	1	1.0
elexiswsd1.1453.sl.132275	1.8888888888888888	1.0119296662821677	4	11	1	1	1.0
ssj178.1208.4404	1.7777777777777777	1.0725542880986028	4	10	1	1	1.0
elexiswsd1.665.sl.131483	2.3076923076923075	1.68867997942415	4	17	1	1	1.0
elexiswsd1.702.sl.131520	2.85	1.2552660987134865	7	25	3	2	1.5
ssj385.2211.7835	1.5	0.49041462650586304	2	4	1	1	1.0
ssj53.331.1350	2.2857142857142856	0.14627650134318887	4	10	2	1	2.0
ssj414.2306.8126	3.0	0.5850356263251273	7	35	6	2	3.0
elexiswsd1.899.sl.131718	1.9	1.4823937348522849	4	12	1	1	1.0
ssj216.1434.5192	2.8636363636363638	0.8400025439259137	7	26	3	1	3.0
ssj414.2306.8125	4.090909090909091	0.13675400970720877	5	14	3	1	3.0
ssj141.906.3472	2.0	0.9729550745276567	4	10	2	1	2.0
ssj45.272.1087	2.4	1.4271163556401458	3	14	1	1	1.0
ssj142.949.3624	1.0	0.5493061443340547	2	5	1	1	1.0
ssj299.1815.6428	3.0	1.2138741179740258	8	39	4	3	1.3333333333333333
ssj255.1641.5902	2.0833333333333335	0.5084841498137996	5	14	1	1	1.0
ssj238.1565.5674	2.142857142857143	1.45326834737476	5	17	2	1	2.0
elexiswsd1.486.sl.131303	3.0555555555555554	1.0213716321717214	6	22	1	1	1.0
ssj234.1552.5614	2.5	1.433949451022053	7	26	4	1	4.0
ssj36.212.867	3.135135135135135	1.8140792243569948	6	41	3	2	1.5
ssj142.918.3513	3.0833333333333335	1.908201531265831	5	28	4	2	2.0
ssj161.1106.4091	2.0	1.3940464543878732	5	16	2	1	2.0
ssj164.1130.4159	2.769230769230769	1.852932012910168	7	33	4	2	2.0
ssj85.558.2127	2.4651162790697674	2.3323861799793817	12	47	3	1	3.0
ssj477.2579.9199	3.0	0.6342556627317537	5	11	1	1	1.0
ssj242.1585.5738	2.9411764705882355	1.7240913717760686	6	39	7	4	1.75
ssj129.814.3067	2.3333333333333335	1.781449825626687	8	26	2	1	2.0
ssj230.1535.5556	2.8	1.7107000444898375	5	23	5	2	2.5
ssj349.2031.7197	2.4347826086956523	1.3710368137185205	7	26	2	1	2.0
elexiswsd1.997.sl.131816	1.9230769230769231	1.3216953918840497	6	16	1	1	1.0
elexiswsd1.936.sl.131755	2.263157894736842	1.8067508995531212	5	22	2	2	1.0
ssj121.779.2942	2.5	1.2747225854627857	4	22	2	2	1.0
ssj74.467.1754	2.727272727272727	0.5422191178153732	6	28	4	2	2.0
ssj327.1959.6975	2.896551724137931	1.9026016248671658	8	33	4	2	2.0
ssj4.15.48	2.3333333333333335	1.7491805650579015	4	17	1	1	1.0
ssj35.207.838	2.466666666666667	1.8051824895601956	4	20	3	1	3.0
ssj294.1796.6366	2.210526315789474	1.8779364868654775	6	23	4	2	2.0
elexiswsd1.1183.sl.132002	2.375	0.5212969236332861	6	19	2	2	1.0
ssj35.207.827	3.5535714285714284	1.5494416675952816	9	67	9	4	2.25
elexiswsd1.643.sl.131460	3.85	1.5038180890284079	6	22	1	1	1.0
ssj201.1353.4883	2.3636363636363638	0.33874637117607365	5	14	1	1	1.0
ssj193.1298.4692	1.3333333333333333	0.9547712524422192	3	5	1	1	1.0
ssj88.584.2203	2.888888888888889	0.037740327982847086	4	13	1	1	1.0
ssj118.756.2854	2.625	0.9705196094103583	3	13	2	1	2.0
ssj434.2395.8404	3.4814814814814814	1.3734155912641464	6	33	2	2	1.0
ssj450.2468.8640	2.3333333333333335	0.5978880185608786	3	9	1	1	1.0
ssj220.1450.5251	2.9	1.2378743560016174	5	23	2	2	1.0
ssj95.624.2382	2.0	0.8047189562170503	3	8	2	2	1.0
ssj33.193.784	2.76	1.398926188922092	5	28	2	2	1.0
ssj306.1851.6555	1.8	0.9100794718748765	6	13	2	1	2.0
elexiswsd1.1546.sl.132371	2.611111111111111	1.1785572156941337	6	20	2	2	1.0
ssj7.38.184	3.04	1.046886541350025	5	30	4	4	1.0
ssj364.2085.7396	2.8666666666666667	1.105594142176803	6	20	2	2	1.0
ssj13.52.238	3.5555555555555554	1.0725542880986028	7	32	4	2	2.0
ssj260.1667.5989	2.0	1.0551066001732947	4	14	3	2	1.5
ssj166.1140.4203	2.8125	1.3251756681170088	5	19	1	1	1.0
ssj69.430.1639	4.166666666666667	1.6597766963108225	4	28	1	1	1.0
ssj343.2003.7115	2.64	0.6386589952758756	8	29	4	2	2.0
ssj152.1032.3861	1.8888888888888888	0.46262352194811296	5	13	3	2	1.5
ssj75.480.1803	3.111111111111111	1.4614984926061207	4	22	3	2	1.5
ssj82.535.2033	n/a	n/a	2	3	1	1	1.0
elexiswsd1.555.sl.131372	2.0	1.0986122886681098	4	11	1	1	1.0
ssj24.120.507	2.1818181818181817	1.2235080350666605	5	14	3	2	1.5
ssj374.2153.7643	2.888888888888889	0.037740327982847086	4	12	2	2	1.0
ssj288.1764.6270	1.0	0.34657359027997275	2	3	1	1	1.0
ssj214.1424.5168	2.25	1.2685113254635072	5	18	1	1	1.0
ssj223.1464.5311	2.5833333333333335	0.6399463604768267	5	16	3	2	1.5
elexiswsd1.64.sl.130878	2.0	0.589327498170823	6	15	1	1	1.0
elexiswsd1.817.sl.131635	4.576923076923077	0.801168494480639	8	31	3	1	3.0
ssj54.345.1396	2.4	1.629848909694228	8	34	3	1	3.0
ssj141.909.3482	2.823529411764706	0.7251925954564059	5	20	3	3	1.0
ssj450.2466.8624	1.8	0.9100794718748765	3	7	1	1	1.0
ssj47.317.1295	2.230769230769231	1.4530832807334877	4	17	4	1	4.0
ssj161.1088.4056	3.75	0.8692574773546214	5	21	3	1	3.0
ssj312.1876.6656	2.7857142857142856	1.3936366369613513	4	17	1	1	1.0
ssj385.2209.7825	1.9	0.5094386603246281	5	13	2	1	2.0
ssj201.1348.4866	2.6666666666666665	0.9547712524422192	5	16	4	2	2.0
ssj6.32.105	2.3333333333333335	0.5067272401639015	3	6	1	1	1.0
ssj6.32.112	1.5	0.05889151782819164	3	4	1	1	1.0
elexiswsd1.1005.sl.131824	2.9	1.4728761706244853	4	24	1	1	1.0
ssj144.971.3697	1.5555555555555556	1.349926716949016	5	11	1	1	1.0
ssj205.1379.5003	1.25	0.8165772195257083	4	6	1	1	1.0
ssj208.1396.5064	2.3846153846153846	1.3093165663211865	5	16	1	1	1.0
ssj5.23.77	2.2222222222222223	0.6466781827303106	8	21	3	2	1.5
ssj162.1117.4121	4.083333333333333	1.4245665917453467	5	29	2	2	1.0
elexiswsd1.737.sl.131555	2.625	0.7677870553562762	5	10	1	1	1.0
ssj217.1443.5235	3.896551724137931	2.0718097070006105	9	34	3	1	3.0
ssj75.480.1800	1.75	0.8266785731844679	2	6	1	1	1.0
elexiswsd1.1060.sl.131879	1.9230769230769231	1.601503285851761	5	15	1	1	1.0
ssj142.926.3540	n/a	n/a	2	2	1	1	1.0
ssj42.252.1005	1.6666666666666667	1.2809338454620642	4	11	1	1	1.0
ssj426.2370.8333	2.8	1.2729656758128876	6	28	3	3	1.0
ssj382.2177.7732	1.3333333333333333	0.6081976621622466	3	5	1	1	1.0
ssj156.1060.3955	2.3043478260869565	1.426096590901548	9	28	2	1	2.0
elexiswsd1.1210.sl.132029	2.25	1.0335095108406396	3	10	1	1	1.0
ssj21.107.458	2.8214285714285716	1.1781650571298392	6	32	5	4	1.25
ssj95.621.2370	1.5	0.49041462650586304	2	4	1	1	1.0
ssj142.926.3539	1.9090909090909092	1.7036130179711557	5	13	1	1	1.0
ssj326.1955.6958	1.4285714285714286	1.3094273111488697	4	9	1	1	1.0
elexiswsd1.389.sl.131205	2.1538461538461537	1.7141671624162866	5	15	1	1	1.0
elexiswsd1.877.sl.131696	2.5833333333333335	0.842678914530909	5	14	1	1	1.0
ssj75.481.1807	2.3333333333333335	1.1471941628949336	4	11	1	1	1.0
ssj216.1435.5199	2.1818181818181817	1.2235080350666605	4	15	1	1	1.0
ssj447.2448.8576	2.4	0.6223973994230957	6	13	1	1	1.0
ssj78.513.1935	2.1666666666666665	1.1624106172204636	4	15	3	2	1.5
ssj467.2537.9016	2.652173913043478	1.8348207846144136	6	30	4	1	4.0
ssj80.524.1976	2.8076923076923075	1.7956330022830171	7	29	1	1	1.0
ssj386.2218.7846	2.727272727272727	1.1686006020630573	4	13	1	1	1.0
ssj72.454.1716	2.838709677419355	1.7133647630894309	7	36	3	1	3.0
ssj85.561.2137	2.142857142857143	1.7086811592577553	5	18	3	1	3.0
ssj212.1406.5104	3.5	1.829945958620342	6	31	2	2	1.0
ssj142.916.3502	1.6666666666666667	0.038480520568064065	3	5	1	1	1.0
ssj171.1167.4260	2.2857142857142856	1.2975690478402115	4	18	2	2	1.0
ssj381.2175.7725	2.736842105263158	0.46541475016823336	5	23	1	1	1.0
ssj384.2202.7805	1.8	1.5709573918660364	6	18	1	1	1.0
ssj296.1809.6410	4.680327868852459	2.2126674579949794	9	151	11	6	1.8333333333333333
ssj20.93.392	4.818181818181818	0.9460796604530634	4	15	2	1	2.0
ssj28.167.674	2.4285714285714284	1.328105204420754	4	16	3	2	1.5
ssj412.2288.8073	3.1578947368421053	1.2181936411415875	5	24	4	4	1.0
ssj389.2221.7856	2.2	1.1675541423498028	4	15	1	1	1.0
elexiswsd1.451.sl.131267	1.0	0.6931471805599453	2	4	1	1	1.0
ssj66.419.1606	3.0	0.1438410362258904	7	16	1	1	1.0
ssj459.2516.8914	3.6666666666666665	1.846501585648899	5	41	4	3	1.3333333333333333
ssj84.555.2113	2.6129032258064515	1.3058377963893355	8	34	2	1	2.0
ssj133.869.3336	3.1538461538461537	1.520146330607888	4	17	3	1	3.0
ssj75.476.1785	1.6	1.1394342831883648	3	7	1	1	1.0
elexiswsd1.830.sl.131648	1.9090909090909092	1.357039427691183	5	14	2	1	2.0
ssj410.2277.8036	3.1714285714285713	1.9775169914728914	5	37	2	2	1.0
ssj35.205.818	3.0	0.6931471805599453	9	42	6	3	2.0
ssj4.15.53	2.235294117647059	1.3053810369178838	6	20	2	1	2.0
ssj437.2405.8449	4.095238095238095	0.917155316548677	8	26	4	1	4.0
ssj251.1608.5836	1.5	0.9808292530117262	5	10	1	1	1.0
ssj124.790.2999	2.5625	0.7918846069353367	6	19	2	1	2.0
ssj142.928.3546	1.6923076923076923	0.7563815828339893	7	15	1	1	1.0
ssj116.726.2728	2.6	0.9478197998577236	6	18	3	2	1.5
ssj284.1746.6216	2.0	0.11157177565710491	4	8	2	2	1.0
ssj3.7.25	2.7777777777777777	1.777559731967206	6	24	1	1	1.0
ssj118.759.2860	2.25	1.2017456291512458	4	10	1	1	1.0
ssj327.1960.6976	4.076923076923077	1.852753981930897	6	30	1	1	1.0
ssj70.439.1677	1.0	0.34657359027997275	2	3	1	1	1.0
ssj279.1734.6144	2.9166666666666665	1.4915405780002162	6	16	3	2	1.5
ssj5.28.89	3.3846153846153846	1.3056877271680443	5	31	4	2	2.0
ssj42.252.1008	3.0	0.7702225204735745	6	26	6	4	1.5
elexiswsd1.1067.sl.131886	2.1	1.6518085266616456	6	23	2	1	2.0
ssj46.292.1178	2.0	0.8958797346140274	4	11	1	1	1.0
ssj369.2106.7482	2.3333333333333335	0.9444616088408514	3	12	3	2	1.5
ssj44.263.1044	4.344827586206897	0.9078090185881783	7	35	2	1	2.0
elexiswsd1.1028.sl.131847	1.8181818181818181	1.4969903702575924	10	26	3	1	3.0
ssj457.2514.8906	3.282051282051282	1.616267279802509	6	45	3	2	1.5
ssj208.1394.5058	3.0	0.12565721414045306	4	12	4	2	2.0
ssj76.491.1839	2.5294117647058822	1.687567536789947	5	19	2	2	1.0
ssj142.940.3600	2.6153846153846154	0.6676371018561162	4	17	2	1	2.0
elexiswsd1.1548.sl.132373	1.75	0.48010498290449527	3	6	1	1	1.0
ssj469.2546.9037	1.5833333333333333	1.4760681760755052	7	15	1	1	1.0
ssj392.2226.7875	2.625	1.7407421298839327	5	19	1	1	1.0
ssj370.2127.7563	1.5	0.6342556627317537	3	7	2	1	2.0
ssj6.34.132	2.125	0.8352551127975925	4	10	1	1	1.0
ssj193.1295.4680	2.076923076923077	1.2447343507479212	5	15	1	1	1.0
ssj46.312.1267	2.0588235294117645	1.387619135154856	7	21	3	2	1.5
ssj203.1361.4925	2.72	0.6088060321261943	6	30	6	4	1.5
ssj75.481.1805	1.0	0.34657359027997275	2	3	1	1	1.0
ssj29.173.703	3.8	2.475351476686791	10	74	10	3	3.3333333333333335
ssj118.763.2879	1.8	1.2566530621548493	3	10	2	1	2.0
ssj24.120.510	2.25	1.7510517734853008	4	16	2	1	2.0
ssj124.789.2993	2.761904761904762	2.0518618727178732	8	48	3	2	1.5
elexiswsd1.560.sl.131377	2.6666666666666665	1.5629689146044659	7	32	5	4	1.25
ssj118.763.2880	1.6666666666666667	1.189773067065087	3	10	1	1	1.0
ssj18.86.334	2.5714285714285716	0.9243732003008327	5	16	1	1	1.0
elexiswsd1.1434.sl.132256	3.0526315789473686	1.1609344144202915	4	23	3	2	1.5
ssj27.136.549	3.2857142857142856	0.2166289923461797	5	9	1	1	1.0
ssj451.2481.8705	1.5	0.6342556627317537	3	7	2	1	2.0
ssj424.2358.8291	2.111111111111111	0.3513978868378886	5	12	3	2	1.5
ssj342.1995.7084	3.210526315789474	1.1105035607933995	6	23	1	1	1.0
elexiswsd1.1351.sl.132172	2.6	1.2355018723095044	4	23	2	1	2.0
ssj252.1626.5868	2.0833333333333335	1.201631330373745	4	14	2	2	1.0
ssj164.1130.4160	2.259259259259259	1.5260286153931277	9	34	6	1	6.0
ssj267.1689.6035	3.0	0.9050543039481258	4	14	2	2	1.0
ssj385.2206.7813	2.642857142857143	1.4462803704467733	4	19	2	2	1.0
elexiswsd1.612.sl.131429	2.9285714285714284	0.794320072052635	5	17	1	1	1.0
ssj206.1386.5030	3.5	1.8545410807157279	8	56	9	6	1.5
elexiswsd1.248.sl.000000	2.875	1.746848358898685	6	20	1	1	1.0
ssj413.2294.8091	3.130434782608696	0.9758813492117241	8	28	4	2	2.0
ssj121.777.2936	1.8	1.5364609561225604	5	12	3	2	1.5
ssj451.2479.8700	2.2222222222222223	0.300104592450338	4	12	3	2	1.5
ssj470.2553.9092	3.0344827586206895	1.26675411106145	5	38	4	3	1.3333333333333333
ssj192.1260.4563	2.6470588235294117	1.5944500728110274	5	21	1	1	1.0
ssj212.1402.5096	2.5555555555555554	1.4027959749691796	4	22	2	2	1.0
ssj370.2119.7542	1.8571428571428572	0.903222010455488	4	10	2	2	1.0
elexiswsd1.1580.sl.132405	1.875	1.1042592919774892	4	11	2	1	2.0
ssj242.1585.5741	4.375	1.341488281775047	6	46	5	3	1.6666666666666667
ssj415.2316.8172	2.230769230769231	1.578740494873941	5	18	2	1	2.0
ssj44.265.1061	2.0	1.8121704664881826	5	19	1	1	1.0
ssj215.1431.5186	2.0	1.2628643221541278	4	14	3	1	3.0
ssj116.724.2710	1.75	1.2848239391215455	4	11	2	1	2.0
ssj44.263.1048	3.142857142857143	1.7311540151098141	6	40	4	3	1.3333333333333333
ssj194.1304.4716	3.4166666666666665	1.2962625867084612	5	14	1	1	1.0
ssj139.888.3407	2.272727272727273	1.2738468189433825	8	27	4	2	2.0
elexiswsd1.147.sl.130963	2.2	1.055982366692698	4	12	1	1	1.0
ssj198.1324.4786	3.2142857142857144	1.0478032392665955	4	17	2	1	2.0
ssj85.565.2151	1.8333333333333333	0.6363175213236846	4	9	1	1	1.0
ssj459.2516.8919	4.523809523809524	0.012906764984593646	5	27	5	3	1.6666666666666667
ssj388.2220.7853	1.4	0.81482030987581	4	7	1	1	1.0
ssj383.2180.7738	n/a	n/a	2	3	1	1	1.0
ssj61.379.1519	2.2222222222222223	0.9932517730102833	3	11	2	2	1.0
ssj470.2548.9062	2.25	1.2362420648947214	5	15	2	2	1.0
ssj451.2475.8676	1.0	0.34657359027997275	2	3	1	1	1.0
ssj335.1980.7031	2.0	1.2101840643252146	5	11	2	1	2.0
elexiswsd1.155.sl.130971	2.1875	0.9501086121502309	6	21	3	2	1.5
ssj267.1685.6028	3.4615384615384617	1.5386276831989807	5	34	2	2	1.0
ssj33.193.786	3.588235294117647	1.611165641494233	5	24	4	2	2.0
ssj375.2157.7662	2.0	0.8047189562170503	3	6	1	1	1.0
ssj71.450.1708	4.285714285714286	0.21081502248076	6	18	2	1	2.0
ssj372.2138.7605	2.272727272727273	1.3509221588570117	4	13	1	1	1.0
ssj350.2042.7222	2.4545454545454546	1.499953679592412	6	15	1	1	1.0
ssj344.2010.7141	4.157894736842105	1.086931387122557	4	23	2	2	1.0
elexiswsd1.781.sl.131599	2.2222222222222223	1.4513971389473608	6	20	2	2	1.0
ssj54.345.1398	3.0952380952380953	1.1971153429065473	6	24	4	2	2.0
ssj131.826.3141	1.8333333333333333	0.9828911116036572	4	9	2	2	1.0
ssj3.4.17	2.1666666666666665	0.9274088025975961	3	8	1	1	1.0
ssj132.842.3231	11.474576271186441	0.05479151677372324	5	90	1	1	1.0
ssj295.1799.6374	2.4285714285714284	1.4396769800778588	8	25	3	1	3.0
ssj64.401.1567	1.875	0.9604182557515986	4	12	1	1	1.0
ssj471.2557.9111	1.7142857142857142	1.3298383084089973	3	9	1	1	1.0
elexiswsd1.1016.sl.131835	2.75	0.23085241321552022	6	15	2	1	2.0
ssj193.1280.4627	3.0	0.12565721414045306	3	10	2	1	2.0
ssj193.1302.4704	2.2222222222222223	1.1048235486673883	4	12	2	1	2.0
elexiswsd1.688.sl.131506	2.210526315789474	1.3721360310262378	6	24	2	1	2.0
elexiswsd1.419.sl.131235	1.9333333333333333	1.734500242506759	5	17	1	1	1.0
ssj27.136.548	2.8518518518518516	0.5999498771528098	7	33	3	3	1.0
ssj221.1457.5287	4.071428571428571	0.720253682805388	3	17	2	2	1.0
ssj412.2287.8071	3.48	1.4610179073158271	5	27	2	2	1.0
ssj141.905.3470	2.888888888888889	0.8424592841998972	5	12	1	1	1.0
ssj193.1302.4713	2.75	1.8725595862184063	7	21	3	2	1.5
elexiswsd1.349.sl.131165	1.8333333333333333	0.8390500753777668	4	9	1	1	1.0
elexiswsd1.47.sl.130861	2.761904761904762	1.0556467903727702	5	28	5	3	1.6666666666666667
ssj46.296.1197	2.9473684210526314	0.39130677801451164	5	23	4	2	2.0
ssj142.943.3608	1.8461538461538463	1.9118235307383598	10	30	2	1	2.0
ssj280.1737.6161	2.0	0.9729550745276567	3	9	1	1	1.0
ssj478.2582.9223	2.2222222222222223	1.4513971389473608	5	22	2	1	2.0
ssj139.886.3402	3.5806451612903225	1.592743151912408	6	39	3	2	1.5
ssj98.628.2423	3.6153846153846154	0.6904236150421917	5	16	2	2	1.0
ssj192.1262.4572	2.0	0.3465735902799726	3	5	1	1	1.0
ssj324.1921.6844	2.0	0.6931471805599453	4	11	2	1	2.0
elexiswsd1.1247.sl.132066	2.2	0.3628351861327527	3	7	1	1	1.0
ssj144.973.3705	4.375	1.5853398849476152	5	30	3	2	1.5
ssj144.1006.3793	5.333333333333333	0.8880055561299579	9	54	9	4	2.25
elexiswsd1.1229.sl.132048	2.0	1.3784201826358211	4	11	1	1	1.0
ssj227.1508.5484	2.0625	1.8613231582923768	5	19	2	1	2.0
ssj421.2344.8249	2.3636363636363638	1.3117014457037304	4	15	2	1	2.0
ssj412.2292.8082	2.6363636363636362	0.9226942597710271	4	14	2	1	2.0
ssj369.2111.7495	2.1666666666666665	1.0185695809945732	3	10	2	1	2.0
ssj291.1776.6304	2.5652173913043477	1.5986589545156618	7	26	3	2	1.5
ssj469.2543.9027	2.7916666666666665	1.1116942704650072	7	29	5	1	5.0
ssj303.1842.6514	2.6363636363636362	1.472000404105082	4	15	2	2	1.0
ssj311.1874.6644	2.896551724137931	1.4248459023534477	6	32	2	2	1.0
ssj27.148.598	3.2	0.19087429074542417	5	9	1	1	1.0
elexiswsd1.1271.sl.132090	2.0	0.8523740461192127	5	15	3	1	3.0
ssj75.476.1792	2.0	0.8958797346140274	3	8	1	1	1.0
ssj303.1847.6534	3.1	0.36646402528589495	3	14	3	2	1.5
ssj214.1417.5155	3.6315789473684212	0.8756991447123466	6	24	3	2	1.5
ssj88.582.2199	5.023809523809524	1.971639896191559	9	58	5	1	5.0
ssj367.2100.7468	4.294117647058823	0.6525077554958784	5	20	2	2	1.0
ssj21.107.453	1.8888888888888888	1.0119296662821677	4	12	2	2	1.0
ssj425.2363.8306	2.3333333333333335	1.1998744207238468	6	19	4	2	2.0
ssj27.142.571	2.6875	0.9469891120001643	6	21	1	1	1.0
ssj82.542.2064	2.4285714285714284	1.125372650366672	6	17	2	1	2.0
ssj476.2574.9174	2.5454545454545454	1.507091723916352	6	26	3	2	1.5
ssj31.188.762	2.375	1.2733356220214231	4	10	1	1	1.0
ssj230.1530.5539	2.6923076923076925	1.0967949309199416	4	16	3	1	3.0
ssj318.1895.6757	2.3529411764705883	1.2540877425303332	4	20	2	2	1.0
ssj296.1807.6400	2.590909090909091	2.010119084231032	6	24	1	1	1.0
ssj27.161.658	2.2222222222222223	1.4513971389473608	5	11	1	1	1.0
ssj201.1344.4853	2.888888888888889	1.5356064647598426	4	21	2	2	1.0
ssj53.330.1348	2.230769230769231	1.3760079408198587	5	16	2	1	2.0
ssj426.2372.8341	2.0555555555555554	1.7643604950399407	5	21	2	2	1.0
elexiswsd1.698.sl.131516	2.764705882352941	0.7462460046542383	5	21	4	2	2.0
ssj451.2469.8645	1.4285714285714286	1.3094273111488697	3	9	2	2	1.0
ssj326.1955.6959	2.0	0.5493061443340547	7	16	4	1	4.0
ssj114.712.2673	n/a	n/a	2	3	1	1	1.0
elexiswsd1.1038.sl.131857	2.6153846153846154	1.014210692136089	4	16	1	1	1.0
elexiswsd1.1203.sl.132022	1.75	1.2848239391215455	3	10	1	1	1.0
ssj243.1591.5768	2.3125	1.0972713150495021	6	19	2	1	2.0
ssj44.262.1039	3.066666666666667	1.5529625699718494	4	17	1	1	1.0
ssj99.637.2453	3.4166666666666665	1.5593091346568506	6	29	3	2	1.5
ssj63.390.1541	3.111111111111111	1.114924902326148	3	13	1	1	1.0
ssj170.1157.4234	2.125	1.3256697393034558	5	17	2	2	1.0
ssj455.2503.8807	3.0384615384615383	1.0670030988992567	8	34	3	2	1.5
ssj82.544.2070	1.75	0.9382503488415728	3	6	1	1	1.0
ssj102.657.2509	2.0	0.9729550745276567	3	9	1	1	1.0
ssj233.1546.5594	2.411764705882353	1.3409669055970665	5	20	2	1	2.0
ssj383.2185.7754	1.8	0.7662384356489861	2	7	1	1	1.0
ssj133.862.3301	2.84	2.1333809682255604	5	30	5	3	1.6666666666666667
ssj195.1316.4753	2.533333333333333	0.42448914192692944	8	19	3	1	3.0
ssj312.1876.6657	2.0	1.0986122886681098	5	15	1	1	1.0
ssj445.2431.8531	2.0	1.0074515102711326	4	12	2	2	1.0
ssj71.444.1699	1.6	1.3744360978112327	6	12	2	1	2.0
ssj199.1333.4817	2.0	0.5493061443340547	2	5	1	1	1.0
ssj198.1324.4774	2.923076923076923	0.9029850570258646	4	17	3	2	1.5
ssj237.1564.5666	2.6363636363636362	1.269267850051	5	27	4	2	2.0
ssj375.2156.7658	3.4	2.383844557742933	6	47	4	1	4.0
ssj27.156.638	3.566666666666667	1.4686880088712448	5	37	1	1	1.0
elexiswsd1.68.sl.130882	2.7058823529411766	0.970484763929284	5	21	3	2	1.5
ssj364.2092.7421	3.5	0.6160718406463163	4	19	3	1	3.0
ssj27.129.532	1.7	0.967237885714825	5	13	2	2	1.0
elexiswsd1.1589.sl.132414	1.6666666666666667	1.078201291407982	3	8	1	1	1.0
ssj21.104.445	1.5	0.49041462650586304	2	4	1	1	1.0
elexiswsd1.357.sl.131173	2.6666666666666665	0.37319584753937896	4	18	4	4	1.0
ssj287.1762.6260	2.7	1.0539205081007668	3	13	2	2	1.0
ssj407.2267.8006	2.5294117647058822	1.8749142615106522	7	21	3	1	3.0
ssj174.1189.4333	2.1875	0.9501086121502309	6	22	3	2	1.5
ssj292.1778.6312	2.0	1.3195286648076292	4	10	1	1	1.0
ssj226.1489.5419	1.5	0.2876820724517809	3	6	1	1	1.0
ssj448.2453.8585	2.076923076923077	1.2447343507479212	5	17	4	2	2.0
ssj342.2001.7100	2.2142857142857144	1.3293177461547918	6	17	2	1	2.0
ssj163.1119.4127	2.3636363636363638	0.33874637117607365	6	14	2	1	2.0
ssj145.1010.3807	2.0	0.20273255405408205	3	8	2	2	1.0
ssj12.50.231	4.454545454545454	0.6009023457009569	8	52	2	1	2.0
elexiswsd1.952.sl.131771	2.5714285714285716	0.028493465686805247	4	10	2	1	2.0
ssj300.1820.6449	2.409090909090909	1.7648840551534617	6	26	3	2	1.5
ssj64.401.1566	1.8333333333333333	0.9828911116036572	4	8	1	1	1.0
ssj29.178.721	3.0833333333333335	0.9211610182548262	4	16	2	1	2.0
ssj97.627.2406	1.6666666666666667	0.7316277011280093	3	5	1	1	1.0
ssj354.2056.7269	1.9230769230769231	0.9751218016040769	6	16	2	1	2.0
elexiswsd1.1397.sl.132219	1.8666666666666667	1.6257505260921385	5	17	2	2	1.0
ssj477.2580.9213	2.4285714285714284	1.1842641681948636	3	10	2	1	2.0
ssj114.713.2674	4.647058823529412	0.22694575389727528	8	41	4	3	1.3333333333333333
ssj69.436.1664	2.3076923076923075	1.4191817290578064	5	15	2	1	2.0
ssj141.902.3458	2.0	0.5493061443340547	2	5	1	1	1.0
ssj199.1335.4825	3.411764705882353	1.9222449569377682	8	43	6	1	6.0
ssj412.2289.8077	2.8947368421052633	1.2140442397342397	5	22	3	2	1.5
ssj360.2074.7338	4.174603174603175	2.6979849894961903	10	77	8	1	8.0
ssj211.1399.5074	n/a	n/a	2	2	1	1	1.0
ssj441.2417.8490	3.5945945945945947	1.971213619692665	7	47	3	1	3.0
ssj405.2260.7973	2.888888888888889	1.1363526166509568	4	12	1	1	1.0
ssj343.2002.7106	2.358974358974359	1.6667010727053746	11	44	5	1	5.0
ssj460.2522.8961	2.5	0.23500181462286784	4	12	1	1	1.0
ssj161.1093.4065	2.8823529411764706	1.330954792501354	4	22	2	1	2.0
ssj47.320.1310	2.0	0.6608779199911599	3	11	2	2	1.0
ssj156.1065.3974	5.153846153846154	0.5386111514153665	5	33	4	2	2.0
ssj449.2461.8607	2.466666666666667	1.6501050254082759	4	19	3	2	1.5
ssj35.208.843	2.4	0.8251299534771779	3	7	1	1	1.0
elexiswsd1.438.sl.131254	2.0	0.8958797346140274	3	8	1	1	1.0
ssj27.134.541	2.625	0.07463987479633095	6	13	2	2	1.0
ssj46.298.1206	2.25	1.2685113254635072	6	21	2	1	2.0
ssj133.854.3281	2.5416666666666665	1.9386815600793756	6	29	3	1	3.0
ssj133.873.3346	2.4444444444444446	1.1777494871736698	4	14	1	1	1.0
ssj29.178.722	3.3333333333333335	0.8431994767851143	7	38	7	2	3.5
ssj198.1326.4793	2.3333333333333335	1.658019786660924	5	18	1	1	1.0
ssj296.1807.6398	2.9166666666666665	1.414465238086587	7	43	3	1	3.0
ssj27.133.540	3.111111111111111	0.8595120904431527	5	22	1	1	1.0
elexiswsd1.1322.sl.132143	1.8	1.2566530621548493	4	12	1	1	1.0
elexiswsd1.1190.sl.132009	2.739130434782609	1.7113991439992147	6	29	3	1	3.0
ssj435.2400.8426	2.2222222222222223	0.300104592450338	5	12	2	1	2.0
ssj406.2266.8000	4.642857142857143	1.3064599433889623	5	22	2	1	2.0
ssj46.284.1141	2.5	0.8165772195257083	3	11	2	1	2.0
ssj260.1665.5980	2.0	1.0986122886681098	4	12	2	1	2.0
ssj133.869.3337	3.25	0.4103719188323266	7	29	5	3	1.6666666666666667
ssj53.333.1364	1.2	1.1717035437571504	4	7	1	1	1.0
ssj6.35.170	2.6785714285714284	1.4855376079435458	7	34	6	4	1.5
ssj84.554.2104	4.5	0.12497087223446682	6	31	3	1	3.0
ssj22.109.468	2.1666666666666665	1.2213021350486557	8	25	4	1	4.0
ssj433.2391.8389	2.272727272727273	0.37796708432935494	5	15	2	1	2.0
ssj42.257.1021	1.4166666666666667	1.6988655868428346	6	14	1	1	1.0
ssj6.34.134	1.75	0.48010498290449527	3	6	1	1	1.0
elexiswsd1.1352.sl.132173	2.5	1.0963851134934195	4	10	1	1	1.0
elexiswsd1.1540.sl.132365	2.0	1.4451858789480823	8	25	5	2	2.5
ssj203.1366.4962	2.6666666666666665	1.5629689146044659	7	33	4	3	1.3333333333333333
elexiswsd1.239.sl.131055	2.3157894736842106	1.4371877910484496	6	23	1	1	1.0
ssj294.1796.6365	3.5357142857142856	0.9524930594622708	7	34	7	5	1.4
ssj446.2447.8575	2.8333333333333335	1.2996117387339488	4	17	2	1	2.0
elexiswsd1.1325.sl.132146	2.823529411764706	1.6210723300704333	4	20	2	1	2.0
ssj447.2449.8578	3.1153846153846154	1.9378815313078668	6	32	5	2	2.5
elexiswsd1.429.sl.131245	1.9411764705882353	1.6491921892318713	7	20	1	1	1.0
ssj409.2275.8034	3.8627450980392157	1.9340633851561293	6	59	6	4	1.5
elexiswsd1.1537.sl.132362	2.1666666666666665	0.6719959907146005	3	9	2	1	2.0
ssj421.2345.8254	1.0	0.34657359027997275	2	3	1	1	1.0
elexiswsd1.982.sl.131801	1.5	1.4389746189488037	4	10	1	1	1.0
ssj111.696.2626	1.6923076923076923	1.6522613174480167	7	15	1	1	1.0
ssj6.35.167	3.2666666666666666	1.9890480834058815	6	36	5	3	1.6666666666666667
ssj422.2347.8264	3.142857142857143	1.3256889070016495	8	43	7	4	1.75
ssj404.2257.7965	1.0	0.34657359027997275	2	3	1	1	1.0
ssj284.1746.6214	2.3636363636363638	1.031893551736019	5	14	2	2	1.0
ssj193.1302.4708	2.0	0.6608779199911599	3	8	1	1	1.0
ssj115.716.2690	3.526315789473684	0.21196584935869475	7	25	3	2	1.5
ssj206.1389.5039	2.875	1.7165360479904674	7	37	2	2	1.0
ssj75.488.1828	3.2222222222222223	1.2480697008254844	4	15	3	1	3.0
ssj27.149.621	3.727272727272727	0.5764180230531932	5	14	2	2	1.0
ssj76.498.1866	2.230769230769231	1.1732753867657764	5	17	3	1	3.0
ssj452.2489.8747	2.3043478260869565	1.7726701811815206	5	27	3	3	1.0
elexiswsd1.188.sl.131004	2.3529411764705883	1.8434152407011561	5	20	1	1	1.0
ssj325.1946.6919	2.8	1.8222718201469426	7	34	4	2	2.0
ssj215.1432.5188	2.7	1.0539205081007668	5	22	3	2	1.5
ssj417.2329.8209	2.3125	1.2411123512753928	6	20	3	1	3.0
ssj414.2309.8134	3.1176470588235294	0.27952810253220234	5	20	3	2	1.5
ssj419.2335.8228	5.470588235294118	0.28277947706893186	5	30	1	1	1.0
ssj75.472.1771	1.25	1.2747225854627857	4	6	1	1	1.0
ssj217.1441.5220	2.6923076923076925	1.5745506534336597	5	17	3	1	3.0
ssj116.728.2748	2.3846153846153846	1.3093165663211865	4	16	3	2	1.5
ssj304.1848.6548	2.3333333333333335	1.5708430930885353	7	23	3	1	3.0
elexiswsd1.1170.sl.131989	1.7777777777777777	1.2163953243244932	5	12	2	1	2.0
ssj138.884.3390	3.4054054054054053	2.2637428770080956	9	43	3	1	3.0
ssj226.1477.5387	1.5	0.8369882167858357	4	9	1	1	1.0
elexiswsd1.283.sl.131099	1.5	0.8369882167858357	3	6	1	1	1.0
ssj144.965.3678	11.25	0.11778303565638346	3	34	1	1	1.0
ssj402.2249.7940	2.923076923076923	0.2098378764659193	5	17	3	1	3.0
ssj474.2565.9136	2.0869565217391304	1.9306526016539434	8	26	1	1	1.0
ssj235.1560.5638	2.4074074074074074	1.4625152096708018	9	32	3	1	3.0
ssj88.587.2209	2.0	1.3195286648076292	3	10	1	1	1.0
ssj118.757.2857	1.75	0.6828375369585774	3	8	2	1	2.0
elexiswsd1.298.sl.131114	2.1	1.2140741579846956	4	13	1	1	1.0
ssj199.1334.4821	2.5625	1.1384581972153094	7	20	2	1	2.0
ssj321.1908.6812	2.0	1.0551066001732947	5	14	2	1	2.0
ssj178.1202.4391	1.7142857142857142	1.127105754354915	5	9	1	1	1.0
ssj261.1669.5992	3.0588235294117645	0.9917234780628422	5	20	3	2	1.5
ssj459.2519.8939	3.441860465116279	1.843535536175414	9	49	5	2	2.5
ssj85.561.2133	2.6363636363636362	1.472000404105082	7	25	2	1	2.0
ssj27.158.647	2.4705882352941178	1.0614565421350106	5	20	2	2	1.0
elexiswsd1.628.sl.131445	2.2857142857142856	1.1859972721831067	5	17	3	1	3.0
ssj373.2142.7620	2.2777777777777777	1.8644388950339394	6	23	3	1	3.0
ssj161.1100.4078	2.75	1.0355713694325706	6	15	3	1	3.0
ssj326.1955.6963	2.7777777777777777	1.2759086775353137	4	12	2	1	2.0
ssj153.1044.3918	2.111111111111111	1.2472776214519161	3	10	1	1	1.0
ssj328.1963.6984	3.8484848484848486	0.9498804000751839	9	38	4	1	4.0
ssj414.2310.8135	2.0	1.252762968495368	4	9	2	1	2.0
elexiswsd1.1055.sl.131874	2.2941176470588234	1.390977326171728	5	21	3	2	1.5
ssj211.1399.5077	2.95	1.770086066976372	5	26	3	2	1.5
ssj413.2301.8115	3.225806451612903	1.3505295769566783	6	36	6	4	1.5
ssj294.1794.6357	2.1538461538461537	1.2083667065770465	6	17	3	1	3.0
ssj284.1749.6224	1.7777777777777777	0.5232481437645479	6	12	2	1	2.0
ssj448.2451.8580	2.4444444444444446	0.5513680029259856	9	27	1	1	1.0
ssj177.1193.4340	2.7333333333333334	0.34850323494900726	6	18	1	1	1.0
ssj170.1158.4236	3.4838709677419355	0.8154231698834724	7	36	3	2	1.5
ssj365.2093.7424	2.5454545454545454	1.3043591698622699	3	13	1	1	1.0
ssj68.427.1630	2.4545454545454546	1.3407268140331448	8	25	5	2	2.5
elexiswsd1.1470.sl.132295	2.230769230769231	0.8267017964858037	5	16	1	1	1.0
ssj85.558.2130	n/a	n/a	2	3	1	1	1.0
ssj426.2372.8342	1.7333333333333334	1.3532849079658877	7	18	2	1	2.0
ssj307.1854.6568	2.4	1.451511437724862	5	17	2	1	2.0
ssj450.2466.8627	2.769230769230769	1.6179301982873	4	17	3	1	3.0
ssj312.1879.6694	5.928571428571429	1.933491258017313	7	51	5	2	2.5
ssj93.618.2347	2.1176470588235294	1.4710200338452644	7	20	2	1	2.0
ssj469.2547.9042	2.0	1.3862943611198906	7	19	2	1	2.0
ssj298.1811.6413	4.608695652173913	1.426096590901548	7	53	8	7	1.1428571428571428
ssj69.438.1672	3.625	1.6551977274184397	8	44	4	2	2.0
ssj165.1132.4170	2.8421052631578947	0.4276744221853865	8	24	1	1	1.0
ssj141.895.3426	3.0625	0.26706278524904525	5	21	3	2	1.5
ssj455.2505.8827	2.75	0.7801585575495751	4	17	2	1	2.0
ssj370.2128.7571	1.75	0.9382503488415728	3	6	1	1	1.0
ssj268.1701.6063	2.0	0.5493061443340547	2	5	1	1	1.0
ssj341.1991.7072	5.138888888888889	0.15492258260584016	8	57	1	1	1.0
ssj412.2288.8075	3.12	1.570217199280819	6	32	3	1	3.0
ssj18.86.339	2.8484848484848486	1.5061855161467668	8	36	1	1	1.0
ssj133.852.3268	4.923076923076923	0.035114543112605756	7	35	5	4	1.25
ssj370.2122.7547	1.6666666666666667	0.38505411084803665	3	6	1	1	1.0
ssj370.2113.7509	2.36	1.3000824377306368	6	31	6	2	3.0
ssj463.2526.8970	2.5	1.6086372717506134	4	15	2	1	2.0
ssj93.616.2333	2.6363636363636362	0.5761206694910547	4	13	3	3	1.0
ssj142.941.3603	1.0	0.5493061443340547	2	5	1	1	1.0
ssj36.212.861	3.3333333333333335	0.44394562867622855	6	13	1	1	1.0
ssj29.178.718	5.255813953488372	0.22126517426805775	7	54	6	2	3.0
ssj28.165.668	2.5588235294117645	1.3729388126037132	8	40	6	4	1.5
ssj413.2295.8093	2.411764705882353	0.5362479493800165	5	21	3	1	3.0
ssj142.937.3586	1.0	0.5493061443340547	2	5	1	1	1.0
ssj27.148.603	1.5	0.05889151782819164	3	4	1	1	1.0
ssj168.1145.4219	2.739130434782609	1.2532537780621371	6	28	4	2	2.0
ssj320.1904.6794	2.6666666666666665	2.217635574596347	9	26	1	1	1.0
ssj90.594.2243	2.0	1.3784201826358211	4	12	1	1	1.0
ssj343.2003.7111	2.272727272727273	1.0711142648893002	4	14	1	1	1.0
ssj353.2053.7258	2.2	1.055982366692698	4	12	2	1	2.0
ssj355.2059.7277	1.25	1.0193097735797902	3	6	1	1	1.0
ssj325.1934.6881	2.5555555555555554	1.056222384689207	3	11	1	1	1.0
ssj193.1281.4630	1.8333333333333333	0.2897439310437119	4	8	1	1	1.0
ssj94.620.2361	1.0	0.34657359027997275	2	3	1	1	1.0
ssj76.497.1862	n/a	n/a	2	2	1	1	1.0
ssj69.434.1653	2.1538461538461537	1.4881746005447578	5	18	1	1	1.0
ssj296.1806.6393	2.923076923076923	0.9029850570258646	9	31	5	1	5.0
elexiswsd1.1349.sl.132170	1.8888888888888888	1.1557707025080584	4	11	1	1	1.0
ssj199.1333.4818	1.75	0.13353139262452263	4	8	1	1	1.0
ssj95.625.2395	3.6470588235294117	2.2610186905472602	7	40	4	1	4.0
ssj303.1843.6524	2.9565217391304346	1.1768807992775632	7	27	5	2	2.5
ssj193.1297.4688	3.2083333333333335	1.1164225042281797	6	29	7	4	1.75
ssj476.2576.9179	2.32	1.572589682972932	7	28	4	2	2.0
ssj280.1736.6154	3.0952380952380953	0.7389699769694701	5	25	6	4	1.5
ssj166.1136.4194	2.210526315789474	1.651943924993949	7	23	3	1	3.0
ssj287.1762.6262	2.5	1.0193097735797902	4	15	2	2	1.0
ssj135.881.3379	4.0	0.5796184552422724	7	23	4	2	2.0
ssj470.2554.9095	3.3469387755102042	1.5425829755587916	7	57	3	3	1.0
ssj40.244.975	2.409090909090909	1.3594189470452973	5	25	2	2	1.0
ssj27.140.559	4.424242424242424	0.26115472049138405	7	45	3	3	1.0
ssj59.367.1475	2.5	1.7572630334845791	7	35	4	4	1.0
ssj144.997.3761	1.6666666666666667	0.587786664902119	3	6	1	1	1.0
ssj31.189.769	2.8181818181818183	0.9675746609294597	4	15	1	1	1.0
ssj28.169.682	2.4545454545454546	0.6475796334731995	4	14	2	1	2.0
ssj445.2429.8522	1.8571428571428572	1.5963691910154334	5	16	2	2	1.0
ssj246.1596.5786	2.375	1.2144441041932315	5	19	2	1	2.0
ssj233.1539.5569	3.1176470588235294	0.27952810253220234	7	22	2	2	1.0
ssj296.1808.6404	3.0126582278481013	2.782499795860135	10	91	12	3	4.0
ssj149.1026.3843	2.6363636363636362	0.9226942597710271	3	14	2	2	1.0
ssj111.696.2623	1.4666666666666666	1.6641800288549446	10	17	1	1	1.0
elexiswsd1.783.sl.131601	2.5384615384615383	1.70494157527693	5	17	2	1	2.0
ssj449.2458.8596	2.0	0.9729550745276567	3	10	2	1	2.0
ssj142.934.3575	2.8421052631578947	2.056722691196127	7	46	6	2	3.0
ssj459.2519.8931	3.2580645161290325	1.2290074704464051	5	35	4	3	1.3333333333333333
ssj325.1929.6863	2.48	0.7011793522572096	7	28	2	1	2.0
ssj226.1490.5421	2.6	0.1507924888103862	4	8	2	2	1.0
ssj480.2588.9241	1.2	1.1717035437571504	4	7	1	1	1.0
ssj76.490.1838	3.5185185185185186	1.2857581420199804	7	34	4	2	2.0
ssj115.718.2696	3.6666666666666665	1.421925871130636	6	26	3	1	3.0
ssj277.1722.6112	3.689655172413793	1.5294074570148277	5	35	4	4	1.0
elexiswsd1.1083.sl.131902	2.0	1.3940464543878732	5	17	2	1	2.0
elexiswsd1.907.sl.131726	3.9	0.9892636297606074	4	12	1	1	1.0
ssj126.796.3019	2.2	0.5655677401868349	5	18	3	3	1.0
ssj443.2423.8503	2.892857142857143	1.2970047911503124	8	32	4	1	4.0
ssj226.1480.5396	2.3333333333333335	0.29799171605314895	4	6	1	1	1.0
ssj124.785.2975	3.0555555555555554	0.877530595945831	4	21	2	2	1.0
ssj239.1573.5694	3.0	0.10033534773107555	5	14	2	1	2.0
ssj20.96.409	3.0	0.7201807911950832	6	22	2	1	2.0
ssj73.462.1740	2.3333333333333335	0.3951554645067964	4	10	1	1	1.0
elexiswsd1.1439.sl.132261	2.1666666666666665	0.9274088025975961	3	8	2	2	1.0
ssj312.1879.6693	3.44	2.003014710059534	6	29	3	2	1.5
ssj24.118.496	3.2222222222222223	1.7473341158810478	5	21	2	1	2.0
ssj195.1316.4751	4.055555555555555	1.6128453036604309	6	24	2	1	2.0
ssj130.823.3091	2.0	0.6608779199911599	3	8	2	2	1.0
ssj227.1508.5486	2.75	1.2909841813155656	7	23	3	2	1.5
ssj172.1181.4311	2.0	1.8747520379651856	5	20	2	2	1.0
ssj384.2188.7769	2.4444444444444446	1.356086959143036	8	22	3	1	3.0
ssj198.1326.4794	2.0	0.0	3	6	1	1	1.0
ssj12.47.216	2.0	0.34657359027997275	5	11	2	1	2.0
ssj172.1178.4299	3.4705882352941178	1.5585769332984951	3	19	1	1	1.0
ssj306.1852.6564	2.0	1.2824746787307684	5	16	2	1	2.0
elexiswsd1.224.sl.131040	2.7222222222222223	0.790310929013593	6	24	1	1	1.0
ssj294.1793.6355	2.2222222222222223	0.9932517730102833	4	14	2	1	2.0
ssj78.510.1922	2.0	1.416606672028108	7	21	2	1	2.0
ssj481.2600.9262	1.8461538461538463	1.015943796124332	7	16	2	1	2.0
elexiswsd1.265.sl.131081	2.6153846153846154	2.053931462976007	6	33	3	1	3.0
ssj455.2503.8806	1.3333333333333333	0.6081976621622466	3	5	1	1	1.0
ssj455.2503.8811	3.1333333333333333	0.21192769994325655	6	21	2	1	2.0
ssj116.737.2783	2.272727272727273	0.37796708432935494	5	14	2	1	2.0
ssj142.933.3573	2.8	0.4682467195958374	6	24	3	1	3.0
ssj295.1803.6387	2.3	1.4696759700589417	7	25	2	1	2.0
ssj177.1196.4351	2.8125	0.6987941838693248	4	18	2	2	1.0
ssj178.1202.4389	2.2	0.9121413304668073	3	7	1	1	1.0
ssj144.973.3706	2.962962962962963	1.8442033430633804	7	31	4	1	4.0
ssj172.1176.4294	3.2	0.9610968112189986	8	41	6	1	6.0
ssj475.2570.9156	2.111111111111111	0.6979714771178611	6	11	1	1	1.0
ssj112.706.2655	3.4615384615384617	0.8454805026390354	5	18	1	1	1.0
ssj38.225.909	2.8260869565217392	1.6801466004951102	6	32	6	2	3.0
ssj144.988.3732	1.8333333333333333	0.9828911116036572	4	8	1	1	1.0
ssj119.768.2911	3.75	0.6286086594223741	4	9	1	1	1.0
ssj133.858.3289	2.0	0.20273255405408205	3	8	1	1	1.0
ssj450.2468.8639	1.75	0.8266785731844679	2	6	1	1	1.0
ssj28.170.686	1.5	1.0397207708399179	4	8	1	1	1.0
ssj276.1711.6084	1.8	1.1128120259289587	5	14	1	1	1.0
ssj277.1722.6113	3.696969696969697	1.9386064342434595	6	39	4	2	2.0
ssj303.1843.6523	2.85	0.4505471424964364	6	25	4	2	2.0
ssj79.517.1960	2.88	0.8982212085662186	6	29	5	2	2.5
ssj370.2127.7562	3.761904761904762	1.786362719292086	5	31	3	1	3.0
ssj226.1482.5399	2.24	1.6988417811811793	6	28	3	2	1.5
ssj147.1015.3818	2.5714285714285716	0.9243732003008327	3	9	1	1	1.0
elexiswsd1.467.sl.131284	1.8333333333333333	1.0944628872607622	3	8	1	1	1.0
ssj223.1464.5315	1.5714285714285714	1.0702760951186543	4	9	1	1	1.0
ssj77.505.1898	2.6666666666666665	1.615649172433379	7	17	2	1	2.0
elexiswsd1.159.sl.130975	2.391304347826087	1.9383614635552537	6	27	2	1	2.0
elexiswsd1.1360.sl.132182	2.8421052631578947	1.8998939117686067	6	25	3	1	3.0
ssj130.824.3109	1.9411764705882353	1.4464596351777892	7	19	2	1	2.0
ssj226.1475.5373	3.909090909090909	0.5287899740639387	3	14	2	1	2.0
ssj177.1198.4372	2.4444444444444446	0.754100556980068	4	12	2	2	1.0
ssj171.1165.4257	3.0	2.018593074191076	9	38	2	1	2.0
elexiswsd1.499.sl.131316	3.125	0.9988987763196628	6	27	2	2	1.0
ssj27.148.609	2.2	0.5655677401868349	5	8	1	1	1.0
ssj102.656.2502	2.0	0.0	3	5	1	1	1.0
ssj116.734.2761	2.8	0.6709792736499196	3	7	1	1	1.0
ssj102.654.2499	1.7142857142857142	1.2386775300120199	3	9	1	1	1.0
elexiswsd1.1613.sl.132438	2.769230769230769	1.5463797764669633	5	17	2	1	2.0
elexiswsd1.1526.sl.132351	2.0	0.11157177565710491	4	8	2	1	2.0
ssj118.747.2814	3.3636363636363638	0.6790721771132766	3	14	2	2	1.0
ssj212.1405.5103	2.4285714285714284	2.0612737388174676	7	32	3	1	3.0
ssj310.1871.6635	4.0	0.752038698388137	5	28	3	2	1.5
ssj149.1023.3836	2.1	1.1025023823275908	8	25	3	1	3.0
elexiswsd1.1551.sl.132376	2.761904761904762	0.5063406460387151	8	25	3	1	3.0
ssj306.1851.6556	2.6	0.7450872458036413	5	19	3	1	3.0
ssj233.1540.5572	1.8	1.6032266524348218	5	13	1	1	1.0
elexiswsd1.1415.sl.132237	2.3636363636363638	1.3784671420159917	4	13	1	1	1.0
ssj47.321.1318	2.4	0.9689709897030683	4	16	2	1	2.0
ssj186.1231.4468	2.2857142857142856	0.9509954575602391	4	9	2	1	2.0
ssj27.141.565	1.75	0.48010498290449527	3	6	1	1	1.0
ssj309.1858.6586	2.2222222222222223	0.9932517730102833	4	12	2	1	2.0
ssj310.1863.6606	1.0	0.6931471805599453	2	4	1	1	1.0
ssj18.75.293	1.2857142857142858	1.2709467905808054	5	9	1	1	1.0
ssj451.2471.8657	1.75	0.9382503488415728	3	6	1	1	1.0
ssj486.2609.9283	2.8181818181818183	1.8634543955434872	7	37	2	2	1.0
ssj376.2161.7672	3.15	1.9182107919040285	7	25	4	1	4.0
ssj289.1771.6297	n/a	n/a	2	3	1	1	1.0
ssj133.853.3270	5.181818181818182	0.44620835863699426	3	19	1	1	1.0
ssj78.513.1936	3.4545454545454546	0.9989775203110881	7	25	2	2	1.0
ssj221.1457.5283	2.4545454545454546	0.6475796334731995	5	15	2	1	2.0
ssj141.905.3466	2.3076923076923075	0.9955327988642046	4	17	2	2	1.0
ssj15.70.278	3.142857142857143	0.37712891455870895	8	27	2	1	2.0
ssj410.2280.8041	3.260869565217391	0.3857532103574141	6	33	4	1	4.0
ssj382.2176.7728	3.1052631578947367	1.312076099371598	5	22	2	1	2.0
ssj44.263.1051	1.8571428571428572	0.3539158661214333	5	10	2	1	2.0
ssj389.2223.7865	1.625	1.2473601356181625	4	10	1	1	1.0
ssj73.461.1734	2.0	1.7406200446678457	5	17	1	1	1.0
ssj27.158.646	2.3684210526315788	1.5829510535069977	6	22	2	1	2.0
ssj27.146.593	3.1818181818181817	0.5908009920421969	5	15	2	2	1.0
ssj149.1022.3833	3.6470588235294117	0.12268563103923256	6	25	2	1	2.0
ssj401.2245.7928	2.0	1.242453324894	4	11	1	1	1.0
ssj480.2593.9250	1.5	1.1835618070658083	5	10	1	1	1.0
ssj451.2486.8732	3.1538461538461537	0.13385196948799735	6	17	3	1	3.0
elexiswsd1.1133.sl.131952	2.2142857142857144	1.420478524551769	5	18	3	2	1.5
ssj114.712.2672	1.3333333333333333	0.8109302162163288	2	5	1	1	1.0
ssj166.1142.4214	1.5	0.2876820724517809	3	6	1	1	1.0
ssj133.865.3311	3.4166666666666665	1.9493884134316382	6	40	3	2	1.5
ssj451.2469.8642	2.1666666666666665	1.0956449209082024	3	8	1	1	1.0
ssj27.148.610	3.0625	0.26706278524904525	6	21	4	4	1.0
ssj277.1717.6099	2.48	1.900126988656395	6	31	3	1	3.0
ssj193.1296.4683	2.0	1.242453324894	4	10	1	1	1.0
ssj276.1710.6078	1.3333333333333333	0.2616240718822739	3	5	1	1	1.0
ssj21.103.441	2.0	0.6931471805599453	3	8	2	2	1.0
ssj46.304.1225	2.7	2.0268755826284233	6	24	2	2	1.0
ssj327.1961.6979	2.95	1.5673535129222897	7	24	3	1	3.0
ssj81.530.2005	2.375	1.2144441041932315	6	19	2	1	2.0
elexiswsd1.799.sl.131617	2.230769230769231	0.48012820620583097	6	17	3	1	3.0
ssj366.2096.7432	2.259259259259259	1.5260286153931277	9	34	4	1	4.0
ssj177.1197.4367	2.75	2.266788266400541	8	38	6	3	2.0
ssj77.506.1907	3.5483870967741935	0.7970740312152759	7	36	3	1	3.0
ssj313.1882.6703	1.3333333333333333	1.3013448427221919	4	8	1	1	1.0
ssj279.1732.6137	2.4545454545454546	1.2739611177208834	5	13	2	1	2.0
ssj300.1825.6465	2.586206896551724	2.1500623034715085	8	32	1	1	1.0
elexiswsd1.739.sl.131557	2.7	1.7035620001658973	7	23	2	1	2.0
ssj93.611.2311	2.55	1.1110789219407156	5	25	5	2	2.5
ssj455.2505.8823	4.8	1.451511437724862	8	24	3	1	3.0
ssj17.73.284	2.6	1.4382344263635867	6	19	3	2	1.5
ssj38.227.916	4.619047619047619	1.5598197860463268	6	27	2	1	2.0
ssj451.2471.8658	2.0	0.1438410362258906	2	5	1	1	1.0
ssj265.1682.6021	2.8846153846153846	1.6682689821640224	5	31	4	2	2.0
ssj310.1865.6609	2.761904761904762	0.8529142363186878	5	24	4	4	1.0
ssj423.2351.8279	2.5555555555555554	0.5069162403551519	4	11	1	1	1.0
ssj142.946.3616	1.5	0.05889151782819164	2	4	1	1	1.0
ssj16.72.282	3.2222222222222223	1.2110157147486234	5	14	1	1	1.0
ssj463.2526.8969	2.7	0.15804077348673942	4	12	2	2	1.0
ssj75.480.1801	2.1818181818181817	1.391744153377267	5	14	1	1	1.0
ssj144.973.3707	3.710526315789474	1.7500726741054105	10	46	6	2	3.0
ssj114.711.2666	2.3076923076923075	1.4859474253700677	5	15	1	1	1.0
ssj96.626.2403	3.393939393939394	2.0717836975837836	6	37	2	2	1.0
ssj250.1606.5833	2.75	1.4298000496147054	3	14	1	1	1.0
ssj102.658.2514	2.0	0.1438410362258906	3	5	1	1	1.0
ssj469.2547.9047	2.5454545454545454	0.8139445433564068	4	16	3	2	1.5
ssj82.536.2036	3.25	1.6016858191661176	5	24	2	2	1.0
ssj242.1585.5739	2.357142857142857	1.661026069355593	4	17	3	2	1.5
ssj81.527.1990	2.5	1.554530479430497	5	17	2	1	2.0
ssj142.926.3536	1.0	0.34657359027997275	2	3	1	1	1.0
ssj172.1178.4298	4.625	1.7411984592028213	9	30	4	1	4.0
ssj193.1267.4583	1.625	0.9007865453381898	5	12	2	2	1.0
ssj38.221.901	2.230769230769231	1.1732753867657764	5	16	2	1	2.0
ssj192.1257.4559	2.875	1.1349606430876271	4	19	2	2	1.0
ssj478.2581.9220	2.3076923076923075	1.2509456107472	4	15	2	2	1.0
ssj422.2346.8259	2.7	1.655906910263735	6	25	4	2	2.0
ssj34.197.801	3.696969696969697	1.480461068306382	7	38	4	2	2.0
ssj142.925.3533	3.8378378378378377	2.1084682443672405	7	45	7	6	1.1666666666666667
ssj184.1226.4450	2.35	1.1927569529549826	7	24	2	2	1.0
elexiswsd1.1410.sl.132232	3.1578947368421053	1.4736064530245827	5	22	2	2	1.0
ssj116.726.2724	1.5454545454545454	1.3129357094753946	6	13	2	1	2.0
ssj75.473.1772	2.0	0.9729550745276567	3	9	2	1	2.0
ssj252.1622.5861	1.4	0.81482030987581	8	11	1	1	1.0
elexiswsd1.109.sl.130925	2.142857142857143	1.2505357933206778	3	9	1	1	1.0
ssj187.1236.4490	5.53125	1.4087484827456513	5	45	3	2	1.5
ssj144.964.3677	2.1666666666666665	1.2739823928775686	4	14	2	2	1.0
elexiswsd1.1337.sl.132158	2.5625	1.8316053777752546	4	19	2	1	2.0
elexiswsd1.1198.sl.132017	1.6666666666666667	1.2809338454620642	5	13	1	1	1.0
ssj15.70.277	2.8620689655172415	0.632103137183113	6	35	5	3	1.6666666666666667
ssj31.189.768	2.5555555555555554	0.7096487944092343	4	12	2	2	1.0
ssj215.1427.5174	2.34375	1.854070815190936	8	37	5	2	2.5
elexiswsd1.1587.sl.132412	2.2142857142857144	1.723546426336927	5	17	3	1	3.0
ssj6.32.111	2.5	0.5815754049028404	2	6	1	1	1.0
ssj277.1715.6097	2.125	1.3256697393034558	7	20	3	1	3.0
ssj326.1952.6949	1.6923076923076923	1.3056877271680443	6	17	2	1	2.0
elexiswsd1.1236.sl.132055	3.5555555555555554	0.16989903679539742	5	12	2	1	2.0
ssj126.804.3038	2.0	0.0	3	6	2	2	1.0
ssj384.2187.7766	1.6666666666666667	0.38505411084803665	3	6	2	1	2.0
elexiswsd1.163.sl.130979	2.05	1.3293324879607336	8	24	1	1	1.0
ssj156.1066.3978	3.7636363636363637	2.4111489359832006	9	60	1	1	1.0
elexiswsd1.1041.sl.131860	2.8333333333333335	1.352291996562862	5	16	1	1	1.0
elexiswsd1.822.sl.131640	2.2857142857142856	0.9509954575602391	3	9	1	1	1.0
ssj44.267.1070	1.8	0.9100794718748765	5	13	2	2	1.0
ssj175.1191.4337	3.3793103448275863	1.7855049311167686	6	35	2	2	1.0
elexiswsd1.229.sl.131045	3.230769230769231	1.526361089937045	5	18	2	1	2.0
ssj325.1940.6903	2.0	1.3940464543878732	5	15	1	1	1.0
ssj200.1340.4840	1.875	1.215831067634594	3	10	1	1	1.0
ssj406.2264.7990	2.892857142857143	1.9233862753979964	5	34	4	2	2.0
ssj446.2432.8534	1.8333333333333333	0.8390500753777668	3	8	1	1	1.0
ssj35.207.842	2.5	0.4700036292457356	4	11	2	2	1.0
ssj470.2550.9073	4.125	1.067840630001356	5	29	3	2	1.5
ssj280.1737.6162	2.8	0.81482030987581	4	9	1	1	1.0
ssj132.841.3223	2.7	2.0936412789406846	11	48	5	2	2.5
ssj26.127.523	2.6666666666666665	0.464356625936356	3	10	1	1	1.0
ssj153.1040.3911	2.260869565217391	1.9032901518093202	5	26	2	2	1.0
ssj53.336.1375	2.5555555555555554	1.2589549387432892	7	33	5	2	2.5
elexiswsd1.116.sl.130932	1.8823529411764706	1.8238048841245156	5	19	1	1	1.0
ssj384.2203.7808	2.5	1.9455018191020355	7	23	4	1	4.0
ssj76.495.1851	2.066666666666667	1.6678088680080867	6	18	3	1	3.0
ssj144.971.3698	2.3076923076923075	1.4191817290578064	4	16	1	1	1.0
ssj213.1414.5139	1.5	1.2951335827229133	3	8	1	1	1.0
ssj30.184.738	1.8333333333333333	0.8390500753777668	4	9	3	2	1.5
ssj309.1858.6587	2.0	0.34657359027997275	3	7	2	1	2.0
ssj117.744.2797	2.1666666666666665	1.3651431712745459	9	22	3	2	1.5
ssj325.1945.6914	2.736842105263158	1.6643623865674186	6	21	1	1	1.0
ssj21.104.442	2.0	0.5493061443340547	2	5	1	1	1.0
ssj117.745.2801	1.875	0.9604182557515986	4	11	2	1	2.0
ssj440.2416.8488	2.75	0.028119859161438072	4	10	2	1	2.0
ssj81.532.2021	2.7777777777777777	1.3964897059437578	5	23	2	1	2.0
ssj59.361.1451	2.0	1.354025100551105	5	13	1	1	1.0
elexiswsd1.274.sl.131090	2.0	1.242453324894	5	16	3	1	3.0
ssj170.1162.4246	3.0	0.8369882167858357	6	31	2	1	2.0
ssj116.735.2775	2.4545454545454546	0.994153223753172	4	14	2	2	1.0
ssj342.2001.7101	2.2857142857142856	1.1859972721831067	5	16	2	1	2.0
ssj287.1763.6266	2.5714285714285716	0.028493465686805247	4	9	1	1	1.0
ssj230.1525.5528	2.8823529411764706	1.0511468985336427	5	21	3	2	1.5
ssj451.2471.8661	1.4285714285714286	1.165586274922979	5	9	1	1	1.0
elexiswsd1.1085.sl.131904	3.111111111111111	0.51293850016318	4	11	2	1	2.0
ssj42.247.988	2.4444444444444446	0.8979415932059585	3	12	2	1	2.0
ssj367.2098.7447	3.6	1.4271163556401456	5	19	2	1	2.0
ssj116.726.2725	1.5	1.0397207708399179	4	8	1	1	1.0
ssj369.2105.7480	2.533333333333333	1.7069638206576978	6	19	3	1	3.0
ssj426.2371.8337	3.4444444444444446	0.7577293961332102	6	23	3	1	3.0
ssj265.1682.6023	2.4615384615384617	0.728261723672551	5	17	3	1	3.0
ssj226.1473.5365	2.5	0.5815754049028404	4	14	2	1	2.0
elexiswsd1.706.sl.131524	2.8	1.7695915623180292	8	19	1	1	1.0
ssj191.1250.4541	2.772727272727273	2.1917920709517644	7	30	3	1	3.0
ssj252.1620.5854	2.5454545454545454	1.2375934735500085	4	15	2	1	2.0
ssj6.35.161	1.4	0.4682467195958374	4	7	1	1	1.0
ssj310.1867.6623	1.8461538461538463	1.4740891620614096	5	15	1	1	1.0
ssj459.2519.8929	2.9565217391304346	1.0330397630516728	5	27	2	2	1.0
ssj243.1587.5749	3.0588235294117645	0.8478824418369517	5	20	2	2	1.0
ssj76.493.1841	2.9565217391304346	1.1768807992775632	6	27	2	1	2.0
ssj328.1967.6996	3.5454545454545454	2.020474898015728	7	64	3	1	3.0
elexiswsd1.348.sl.131164	2.2222222222222223	1.4513971389473608	7	22	3	1	3.0
ssj412.2285.8058	1.3333333333333333	0.8109302162163288	2	5	1	1	1.0
ssj178.1210.4411	2.423076923076923	1.2933162249747454	8	31	3	2	1.5
ssj243.1587.5751	3.0555555555555554	0.32822445161177605	6	23	5	1	5.0
ssj118.767.2907	1.8	0.7662384356489861	3	7	1	1	1.0
ssj480.2588.9239	3.0833333333333335	0.11644206203777598	5	17	3	2	1.5
ssj249.1600.5811	4.529411764705882	2.0157684468186936	8	40	3	1	3.0
ssj415.2313.8151	3.125	0.4495926319856079	3	11	2	1	2.0
ssj360.2074.7339	2.3125	1.2411123512753928	5	21	2	1	2.0
ssj142.936.3583	1.0	0.0	2	3	1	1	1.0
ssj144.1009.3805	2.5555555555555554	1.2589549387432892	4	12	1	1	1.0
ssj144.1008.3800	2.1666666666666665	0.815837026940491	3	9	2	1	2.0
ssj131.825.3117	3.5	1.3913705468518995	5	29	3	2	1.5
elexiswsd1.446.sl.131262	3.5	1.6313975294015182	4	23	1	1	1.0
ssj6.33.128	2.142857142857143	0.9039622030407053	3	9	1	1	1.0
ssj364.2086.7399	2.4166666666666665	1.5113566911925493	5	15	3	1	3.0
ssj6.34.137	1.5	0.05889151782819164	3	4	1	1	1.0
elexiswsd1.617.sl.131434	1.9	1.3141576165416782	4	12	1	1	1.0
ssj449.2462.8608	2.3	1.2913384980895757	4	13	2	2	1.0
ssj445.2429.8517	1.75	0.13353139262452263	3	6	1	1	1.0
ssj292.1779.6319	3.4864864864864864	0.9031380548846372	7	46	6	6	1.0
ssj342.1992.7075	2.4444444444444446	0.20479441264601314	4	11	1	1	1.0
ssj75.471.1767	1.3333333333333333	0.8109302162163288	2	5	1	1	1.0
ssj124.789.2988	2.1875	0.6035350218702582	7	19	3	2	1.5
ssj32.192.778	2.3529411764705883	1.8033938868643882	10	40	5	2	2.5
elexiswsd1.370.sl.131186	2.2	1.055982366692698	3	12	1	1	1.0
ssj77.507.1913	2.272727272727273	0.9272732286634099	4	13	2	1	2.0
ssj132.845.3240	2.2	0.8209805520698301	3	9	1	1	1.0
ssj384.2193.7779	2.1363636363636362	1.4795632588873606	8	26	3	1	3.0
ssj226.1475.5376	2.6470588235294117	0.44315752631400435	6	19	3	2	1.5
ssj382.2176.7729	n/a	n/a	2	3	1	1	1.0
ssj456.2509.8875	2.066666666666667	1.432807053385219	6	19	2	1	2.0
ssj324.1921.6843	1.8	0.9100794718748765	4	12	2	2	1.0
ssj178.1199.4378	1.9	1.4053183949386556	3	11	1	1	1.0
ssj455.2501.8790	3.9649122807017543	0.990615492759512	10	75	8	3	2.6666666666666665
ssj170.1163.4253	2.7857142857142856	0.2950243482932416	7	23	1	1	1.0
ssj198.1325.4790	1.5	0.49041462650586304	2	4	1	1	1.0
ssj152.1031.3858	1.8	1.2566530621548493	5	12	1	1	1.0
elexiswsd1.1269.sl.132088	2.1538461538461537	1.064525670351156	5	16	2	1	2.0
ssj260.1661.5969	2.7777777777777777	1.8687205103641833	7	23	2	1	2.0
ssj114.713.2675	2.823529411764706	1.2744987397904606	7	39	4	2	2.0
ssj425.2367.8322	2.3333333333333335	0.29799171605314895	3	6	2	2	1.0
ssj61.370.1486	3.1666666666666665	1.7468668172918775	7	41	5	2	2.5
elexiswsd1.543.sl.131360	2.125	1.2589040429911946	3	10	1	1	1.0
ssj191.1246.4531	2.0	0.5493061443340547	2	5	1	1	1.0
ssj65.410.1583	3.4210526315789473	0.2422711988540237	5	22	1	1	1.0
ssj404.2257.7967	3.6666666666666665	0.34863544887190384	5	14	1	1	1.0
elexiswsd1.824.sl.131642	1.7	1.5936193699625092	5	12	1	1	1.0
elexiswsd1.935.sl.131754	2.1176470588235294	1.706021848468132	5	20	2	1	2.0
elexiswsd1.1411.sl.132233	2.0	0.6263814842476839	4	10	2	1	2.0
ssj141.906.3475	2.1818181818181817	1.1119362594095554	4	14	2	1	2.0
elexiswsd1.973.sl.131792	2.0	1.242453324894	5	15	2	1	2.0
ssj464.2529.8988	3.4545454545454546	0.508562893805225	5	15	1	1	1.0
ssj74.466.1751	4.730769230769231	1.2739080880589908	8	32	4	2	2.0
ssj69.432.1647	2.6315789473684212	1.7470887882155146	4	22	2	1	2.0
ssj470.2554.9098	1.7142857142857142	1.3298383084089973	3	9	1	1	1.0
ssj18.86.336	2.1052631578947367	1.5324979708527746	5	21	1	1	1.0
ssj287.1763.6264	6.708333333333333	1.3517786356250574	5	30	2	1	2.0
ssj242.1583.5725	2.375	1.2144441041932315	5	18	2	2	1.0
ssj36.213.880	1.0	0.34657359027997275	2	5	1	1	1.0
ssj233.1541.5581	2.3529411764705883	1.365659518187438	6	22	1	1	1.0
ssj360.2075.7347	4.791666666666667	1.4084429782785588	10	57	7	3	2.3333333333333335
ssj42.252.1009	2.6666666666666665	1.3602363605503838	5	32	4	4	1.0
ssj284.1746.6210	1.5	0.8369882167858357	3	6	1	1	1.0
ssj6.34.147	2.4545454545454546	1.620534708000856	6	27	4	3	1.3333333333333333
ssj18.85.323	2.5833333333333335	1.993971461027932	6	28	2	2	1.0
ssj61.380.1521	2.0	1.039720770839918	4	11	2	1	2.0
ssj142.953.3640	1.0	0.5493061443340547	2	5	1	1	1.0
ssj142.915.3498	3.1481481481481484	2.068851150480752	8	34	3	1	3.0
ssj15.65.267	2.2222222222222223	1.5425579173443382	6	21	6	3	2.0
ssj391.2225.7872	2.5	0.7843079589569226	3	11	1	1	1.0
ssj69.431.1643	2.914285714285714	2.6836711382405634	15	82	5	2	2.5
ssj415.2314.8168	2.769230769230769	0.9570522782961405	4	17	3	2	1.5
ssj242.1585.5740	2.4634146341463414	2.3092626837663075	9	47	8	3	2.6666666666666665
ssj29.180.725	3.2941176470588234	1.641074997377283	5	19	1	1	1.0
elexiswsd1.786.sl.131604	2.473684210526316	1.1158170113736567	5	24	2	1	2.0
ssj267.1686.6029	2.0	0.9729550745276567	5	9	1	1	1.0
ssj197.1323.4771	4.479166666666667	0.7827370785141461	8	56	4	4	1.0
ssj412.2286.8069	3.0	0.752038698388137	3	6	1	1	1.0
elexiswsd1.1140.sl.131959	2.3846153846153846	1.3093165663211865	4	16	2	1	2.0
ssj412.2285.8057	2.7666666666666666	0.6829554646966353	7	34	4	3	1.3333333333333333
ssj77.506.1902	3.1	1.5421516538676336	8	34	4	2	2.0
elexiswsd1.98.sl.130914	1.7777777777777777	1.2163953243244932	4	11	1	1	1.0
ssj465.2535.9009	1.6	1.4860078734683375	5	12	2	1	2.0
ssj478.2583.9226	2.8666666666666667	2.145314913016721	7	37	4	1	4.0
elexiswsd1.1165.sl.131984	2.235294117647059	1.4169528125749884	6	21	3	2	1.5
ssj122.781.2969	2.5185185185185186	1.4173947743903321	8	31	4	2	2.0
ssj203.1364.4948	2.4444444444444446	1.558819513197118	8	31	3	2	1.5
ssj35.209.850	1.5	0.05889151782819164	2	4	1	1	1.0
ssj130.823.3097	1.5	0.05889151782819164	3	4	1	1	1.0
ssj446.2432.8536	1.6666666666666667	0.038480520568064065	3	5	1	1	1.0
ssj163.1121.4139	2.272727272727273	0.37796708432935494	6	13	1	1	1.0
ssj260.1660.5966	2.2222222222222223	0.6466781827303106	8	23	3	1	3.0
ssj11.42.194	2.1	0.7559287920476182	5	14	3	3	1.0
elexiswsd1.1404.sl.132226	2.1	0.4093552017676455	4	12	2	2	1.0
ssj268.1701.6064	2.48	1.597059086871237	6	31	5	5	1.0
ssj364.2089.7409	3.9285714285714284	1.367859481218525	4	22	3	2	1.5
ssj220.1452.5270	n/a	n/a	2	3	1	1	1.0
ssj132.844.3237	3.4473684210526314	1.73247446288545	8	47	3	2	1.5
ssj414.2305.8123	2.6923076923076925	1.7372618536509736	6	31	2	1	2.0
elexiswsd1.923.sl.131742	2.4285714285714284	1.6311731062059118	4	16	1	1	1.0
ssj310.1869.6632	2.357142857142857	1.661026069355593	5	19	4	2	2.0
ssj286.1756.6242	2.5	1.365883363859763	4	16	4	2	2.0
ssj106.677.2567	2.5714285714285716	1.9845049684008782	8	40	6	3	2.0
ssj193.1266.4579	1.8333333333333333	1.0944628872607622	3	8	1	1	1.0
ssj470.2552.9086	2.1666666666666665	1.6682110730597037	4	15	2	1	2.0
ssj300.1823.6454	2.7241379310344827	1.8804435289118748	7	34	2	1	2.0
ssj478.2581.9219	2.5454545454545454	0.6112119893023246	8	26	4	2	2.0
ssj118.764.2882	3.1818181818181817	0.5908009920421969	4	14	2	1	2.0
ssj157.1071.4001	2.2666666666666666	1.778168101931154	4	19	2	1	2.0
ssj292.1778.6310	3.2222222222222223	1.3737269149659372	5	31	5	3	1.6666666666666667
ssj93.616.2334	3.6842105263157894	1.3194557731973244	5	29	3	1	3.0
ssj141.911.3487	2.5	1.5686159179138452	4	22	2	2	1.0
elexiswsd1.716.sl.131534	2.8333333333333335	0.8941466306257843	4	15	2	1	2.0
elexiswsd1.1313.sl.132134	2.263157894736842	1.628413427583755	5	22	2	2	1.0
ssj118.753.2839	2.4	1.0278625075312602	4	10	3	1	3.0
ssj260.1666.5983	3.263157894736842	1.7347099626526514	5	26	3	2	1.5
elexiswsd1.1044.sl.131863	2.0	1.2628643221541278	4	12	1	1	1.0
ssj42.252.1006	2.238095238095238	0.7166360548750759	7	25	3	1	3.0
ssj267.1695.6049	2.2	0.7094087764127253	4	12	2	2	1.0
ssj5.17.61	2.272727272727273	1.6204204092233552	6	14	4	2	2.0
ssj360.2075.7345	3.943661971830986	2.789451717665933	8	81	4	2	2.0
ssj280.1735.6151	2.5384615384615383	1.3906372455657428	4	15	2	1	2.0
ssj42.249.994	6.017543859649122	1.0315654108029355	10	67	8	4	2.0
ssj44.265.1059	1.6666666666666667	1.1370928092361738	4	11	1	1	1.0
ssj186.1232.4479	1.2	0.9689709897030683	4	7	1	1	1.0
ssj215.1425.5170	3.324324324324324	1.9237211784015484	8	46	8	4	2.0
elexiswsd1.138.sl.130954	1.7333333333333334	1.4971259441917784	6	18	1	1	1.0
ssj27.129.534	2.4444444444444446	1.8338426816567541	5	23	2	1	2.0
ssj325.1948.6928	1.7142857142857142	0.4339585737949698	6	10	3	1	3.0
ssj193.1269.4592	2.8421052631578947	0.9769805665194412	7	23	4	2	2.0
ssj446.2437.8559	2.5	0.02041099726012762	4	11	1	1	1.0
ssj455.2506.8838	3.0	1.2039728043259361	7	26	4	2	2.0
ssj474.2568.9153	3.864406779661017	1.582840271518166	7	70	5	3	1.6666666666666667
elexiswsd1.882.sl.131701	3.25	1.1035190993922719	7	30	3	1	3.0
ssj421.2341.8242	1.5	1.0397207708399179	4	9	2	2	1.0
ssj15.71.279	3.7142857142857144	1.505208412618456	6	45	1	1	1.0
ssj24.120.502	2.411764705882353	1.509203023907673	6	20	2	1	2.0
ssj47.318.1303	3.5	0.5596157879354227	3	9	1	1	1.0
ssj311.1874.6643	2.6	0.7450872458036413	8	35	5	3	1.6666666666666667
ssj220.1452.5263	2.4545454545454546	0.30100604319322677	6	17	1	1	1.0
ssj469.2543.9026	2.32	1.572589682972932	7	30	4	2	2.0
ssj46.306.1236	2.24	1.6076810027842021	10	30	4	2	2.0
ssj46.298.1208	2.625	1.317093199690331	8	37	4	3	1.3333333333333333
ssj203.1364.4950	2.5	0.5815754049028404	2	6	1	1	1.0
ssj63.393.1553	4.911764705882353	0.8646941550674323	7	49	2	1	2.0
ssj457.2513.8904	5.454545454545454	0.19564552753540052	6	31	1	1	1.0
ssj111.695.2621	4.703703703703703	1.7090061249820028	8	35	2	1	2.0
ssj12.48.222	2.6666666666666665	0.9547712524422192	5	15	2	1	2.0
ssj144.995.3757	2.125	0.28594896846353784	5	11	2	1	2.0
ssj5.19.66	1.875	1.3840671859452005	3	10	1	1	1.0
ssj129.815.3070	1.9166666666666667	0.5918657587528506	6	15	1	1	1.0
ssj440.2410.8462	2.7142857142857144	1.6405284995041314	7	32	3	1	3.0
ssj73.460.1731	4.282608695652174	1.9049442449437364	7	53	5	2	2.5
elexiswsd1.931.sl.131750	2.1578947368421053	1.2523925463794077	6	21	3	2	1.5
ssj100.647.2479	2.0	0.5493061443340547	2	5	1	1	1.0
ssj115.719.2701	2.7	1.8241430285743414	5	25	2	2	1.0
ssj425.2366.8318	3.5641025641025643	1.6594808247318873	6	46	5	3	1.6666666666666667
ssj91.602.2274	2.230769230769231	1.1732753867657764	5	16	1	1	1.0
ssj463.2527.8973	2.3333333333333335	1.3114461963809516	5	19	2	1	2.0
ssj384.2204.7810	1.3333333333333333	1.1575038064963012	4	8	1	1	1.0
ssj38.236.946	2.6875	1.0908301482260547	5	21	4	3	1.3333333333333333
elexiswsd1.242.sl.000000	2.2857142857142856	1.6441426381201842	4	18	2	1	2.0
ssj260.1661.5972	2.0833333333333335	0.8550577400937722	6	16	3	1	3.0
elexiswsd1.397.sl.131213	2.7142857142857144	1.2168795693105294	5	24	2	2	1.0
ssj53.327.1335	2.625	1.0475949493239876	4	10	1	1	1.0
ssj160.1076.4021	2.1666666666666665	0.1226898463805457	3	9	2	1	2.0
ssj437.2403.8436	2.8095238095238093	1.2939651688964653	5	24	3	2	1.5
ssj37.217.893	3.03125	2.1217590124732024	7	40	5	3	1.6666666666666667
ssj239.1576.5704	3.25	0.13893422550172813	4	15	1	1	1.0
ssj76.500.1873	2.0	1.5040773967762742	5	11	1	1	1.0
ssj133.863.3305	2.310344827586207	1.650970081805795	7	35	4	1	4.0
ssj477.2578.9184	3.5217391304347827	1.8066583059982813	5	29	3	1	3.0
ssj407.2270.8013	2.3529411764705883	1.4568202965844153	4	20	2	1	2.0
elexiswsd1.615.sl.131432	2.380952380952381	1.4594796073740386	6	26	4	1	4.0
ssj449.2458.8595	2.272727272727273	1.0711142648893002	5	14	1	1	1.0
ssj1.1.2	2.8333333333333335	0.14557414021413373	3	8	1	1	1.0
ssj27.149.616	1.875	1.1042592919774892	4	10	2	2	1.0
ssj42.249.993	1.6	1.5771686518653147	4	12	1	1	1.0
ssj64.397.1562	3.5555555555555554	0.16989903679539742	4	13	1	1	1.0
ssj301.1830.6474	1.7857142857142858	1.2890163138887418	8	18	1	1	1.0
ssj384.2202.7804	2.0714285714285716	1.4871698990504414	6	16	3	2	1.5
ssj398.2239.7908	2.4838709677419355	2.3526966115531933	7	36	3	1	3.0
ssj191.1245.4525	2.5714285714285716	0.3750670559667778	4	12	3	3	1.0
ssj467.2539.9019	3.72	1.6152429089566744	6	62	4	4	1.0
ssj265.1681.6019	3.3333333333333335	0.7316277011280093	3	15	2	2	1.0
ssj133.858.3295	3.238095238095238	1.6668046162166572	5	27	3	1	3.0
elexiswsd1.119.sl.130935	1.9166666666666667	1.2850129393127958	5	14	1	1	1.0
ssj446.2440.8567	2.769230769230769	1.4628527341353803	5	17	1	1	1.0
ssj326.1950.6936	2.0	1.354025100551105	5	15	2	1	2.0
elexiswsd1.567.sl.131384	2.357142857142857	1.155225613516353	5	18	2	1	2.0
ssj216.1438.5212	2.2142857142857144	1.0739049342717963	5	17	2	1	2.0
ssj25.124.516	4.0588235294117645	0.36228710176703754	6	20	2	2	1.0
ssj310.1871.6634	2.4705882352941178	1.7110980342001412	4	21	2	1	2.0
ssj249.1602.5817	2.0	1.3195286648076292	3	10	1	1	1.0
ssj75.476.1789	2.3181818181818183	1.947191372207148	5	26	4	2	2.0
ssj342.1993.7080	2.4285714285714284	2.0212523849806994	7	25	4	1	4.0
elexiswsd1.379.sl.131195	1.5555555555555556	1.552659271003098	4	11	1	1	1.0
ssj69.429.1638	1.75	0.48010498290449527	3	7	1	1	1.0
ssj69.437.1665	2.85	0.797120732776409	7	25	4	3	1.3333333333333333
elexiswsd1.1066.sl.131885	2.2857142857142856	0.14627650134318887	5	9	1	1	1.0
ssj27.134.543	3.588235294117647	0.6882522962450678	5	23	2	2	1.0
ssj243.1586.5747	3.5	0.9626454309262887	8	34	3	2	1.5
ssj234.1552.5617	2.7222222222222223	1.54234962740173	5	21	2	1	2.0
ssj375.2156.7657	3.121212121212121	1.3031795345300299	8	42	5	2	2.5
ssj45.273.1092	3.227272727272727	0.9231899473302133	6	26	3	1	3.0
ssj22.109.467	3.0	1.503391054870288	4	19	2	1	2.0
ssj420.2338.8232	4.526315789473684	1.002031943336071	11	45	2	1	2.0
ssj142.929.3550	2.0	0.0	3	6	1	1	1.0
ssj54.350.1411	2.142857142857143	1.5303436872883893	4	17	2	2	1.0
ssj277.1719.6105	2.3448275862068964	1.727315774417632	10	36	4	2	2.0
ssj280.1737.6159	2.6666666666666665	0.5414319658499853	7	25	3	1	3.0
ssj107.678.2574	4.25	0.2044656580423253	6	17	3	1	3.0
elexiswsd1.141.sl.130957	1.625	1.1035190993922719	4	10	1	1	1.0
ssj165.1131.4165	2.107142857142857	2.203244000087855	7	30	2	2	1.0
ssj406.2261.7975	3.5384615384615383	0.01878263970321005	4	16	2	1	2.0
ssj312.1876.6650	2.0714285714285716	1.284437344996359	5	17	2	2	1.0
ssj228.1512.5493	1.3333333333333333	0.6081976621622466	3	5	2	2	1.0
ssj247.1597.5791	3.0	0.7331685343967136	4	16	2	1	2.0
ssj264.1676.6007	2.0	1.2101840643252146	4	12	1	1	1.0
ssj18.82.316	3.923076923076923	1.1145460398671647	4	15	1	1	1.0
ssj6.34.150	2.3333333333333335	0.5978880185608786	5	9	1	1	1.0
elexiswsd1.721.sl.131539	3.3461538461538463	1.966757915056797	5	31	2	1	2.0
ssj116.728.2750	2.0	0.0	3	6	1	1	1.0
ssj243.1589.5758	2.272727272727273	1.1826860405464052	4	14	2	1	2.0
ssj22.110.471	2.263157894736842	1.204764497390153	5	22	4	3	1.3333333333333333
ssj464.2529.8987	7.72093023255814	0.8763859754637731	9	51	6	3	2.0
ssj82.545.2076	2.5	0.5815754049028404	2	6	1	1	1.0
ssj77.506.1905	3.2758620689655173	1.1902140339391154	6	33	5	4	1.25
ssj260.1667.5988	3.1538461538461537	0.48042555976796997	7	32	4	1	4.0
ssj120.774.2928	3.2857142857142856	0.2166289923461797	5	15	1	1	1.0
ssj2.2.9	1.8333333333333333	1.5321972559377122	8	21	2	1	2.0
ssj193.1290.4662	2.0	1.242453324894	4	13	3	1	3.0
ssj214.1417.5152	3.1052631578947367	1.5815743497379413	5	24	4	3	1.3333333333333333
ssj35.206.820	3.4285714285714284	1.828005028182843	8	44	3	1	3.0
ssj131.827.3151	1.3333333333333333	0.9547712524422192	3	5	1	1	1.0
ssj225.1467.5337	3.230769230769231	1.2610469644059596	7	31	2	1	2.0
ssj220.1452.5260	2.5555555555555554	0.1603426500751795	6	18	1	1	1.0
ssj325.1949.6935	2.0	0.8047189562170503	5	12	3	2	1.5
ssj78.513.1931	3.2	0.3347153269713146	5	14	2	2	1.0
elexiswsd1.1202.sl.132021	1.75	1.3759847175185227	3	10	1	1	1.0
elexiswsd1.1460.sl.132285	1.4	1.1613939001557827	3	7	1	1	1.0
ssj193.1276.4613	1.6666666666666667	1.189773067065087	3	8	1	1	1.0
ssj171.1164.4255	3.0	1.4837806982936472	8	29	3	1	3.0
elexiswsd1.1249.sl.132068	1.8	1.6621181702630135	7	18	2	1	2.0
ssj18.75.291	2.0625	1.0089491121731642	6	18	2	1	2.0
ssj131.827.3149	1.75	1.02941112723855	4	10	2	2	1.0
ssj11.43.195	2.6153846153846154	1.014210692136089	7	36	5	5	1.0
elexiswsd1.1483.sl.132308	1.3333333333333333	1.412916618379297	3	8	1	1	1.0
ssj214.1417.5156	n/a	n/a	2	3	1	1	1.0
ssj172.1178.4300	2.3333333333333335	1.0215369487544805	4	8	1	1	1.0
ssj90.596.2255	2.761904761904762	1.4792957205663717	5	29	2	1	2.0
ssj303.1842.6516	5.2	1.1505523539118057	5	21	2	1	2.0
ssj144.969.3690	4.25	0.9123304527112218	6	40	2	2	1.0
ssj102.660.2528	2.0	1.5567576546051873	3	13	2	1	2.0
ssj302.1840.6501	2.0555555555555554	1.529358680417073	6	21	2	1	2.0
ssj187.1234.4486	3.5384615384615383	0.3653562299831827	5	17	3	2	1.5
ssj68.423.1611	12.289473684210526	0.34337642779934585	7	154	1	1	1.0
ssj184.1226.4452	2.5454545454545454	1.7098242779704342	5	25	3	2	1.5
ssj321.1909.6813	2.1818181818181817	1.2235080350666605	4	14	2	1	2.0
ssj193.1288.4659	2.0	1.039720770839918	3	9	2	1	2.0
ssj33.193.789	2.6470588235294117	0.9924636706480594	6	21	3	2	1.5
ssj301.1833.6484	1.8888888888888888	1.0119296662821677	5	12	2	1	2.0
ssj296.1808.6405	2.6857142857142855	1.7626823844917734	8	42	3	1	3.0
ssj325.1935.6886	2.727272727272727	0.7449516718694553	4	14	2	2	1.0
ssj142.958.3657	1.0	0.0	2	3	1	1	1.0
ssj8.39.189	2.5	0.5815754049028404	3	6	1	1	1.0
ssj90.597.2257	2.933333333333333	2.3250579488461045	9	54	6	3	2.0
ssj37.216.892	2.588235294117647	0.8122039724460356	6	25	2	2	1.0
ssj440.2410.8466	n/a	n/a	2	3	1	1	1.0
ssj107.678.2569	3.9347826086956523	2.2105673185554187	8	56	4	3	1.3333333333333333
ssj199.1331.4809	3.0714285714285716	0.19738587872932548	5	18	3	2	1.5
ssj223.1464.5326	1.7	1.1699704397689072	5	13	3	2	1.5
ssj45.279.1131	3.0	0.29389333245105953	2	7	1	1	1.0
ssj444.2425.8506	2.761904761904762	1.3110596022557652	6	27	3	2	1.5
elexiswsd1.1043.sl.131862	2.4	1.0278625075312602	5	18	3	2	1.5
ssj77.505.1894	3.1818181818181817	1.8859345747651104	5	27	3	1	3.0
ssj118.765.2886	2.625	1.4609342359162216	4	20	2	1	2.0
ssj164.1124.4148	1.375	1.5259859959384336	5	10	1	1	1.0
ssj85.561.2140	2.388888888888889	1.470237255764712	5	21	2	2	1.0
ssj320.1905.6796	2.1666666666666665	1.6682110730597037	5	14	1	1	1.0
elexiswsd1.193.sl.131009	3.608695652173913	1.8066619349588382	4	28	3	2	1.5
ssj195.1320.4764	2.72	1.6485268029661124	8	30	6	2	3.0
ssj141.909.3481	2.0	1.4852072327848507	5	18	3	2	1.5
ssj353.2054.7262	1.8333333333333333	1.7349298099917945	7	21	2	1	2.0
ssj160.1078.4028	2.0	1.3195286648076292	4	10	1	1	1.0
ssj91.606.2284	2.4375	1.3000403934470757	6	21	4	2	2.0
ssj195.1316.4749	3.761904761904762	0.5439093943980857	9	26	2	1	2.0
ssj258.1653.5944	2.8823529411764706	0.3579997179736975	5	21	3	1	3.0
ssj46.300.1217	1.5	1.092401028668831	3	6	1	1	1.0
ssj193.1287.4651	1.6	1.02786250753126	3	8	1	1	1.0
ssj172.1174.4282	2.8333333333333335	1.7900263652398116	4	28	2	2	1.0
ssj20.91.385	1.5	1.2951335827229133	3	8	1	1	1.0
ssj21.103.438	2.0	1.6479184330021646	4	16	3	1	3.0
ssj474.2567.9151	2.85	1.549159431164546	7	26	3	2	1.5
ssj165.1133.4174	2.5	1.8829202476250322	6	21	1	1	1.0
ssj369.2109.7490	1.75	0.48010498290449527	4	8	2	2	1.0
ssj318.1895.6764	4.153846153846154	0.14156001037196936	5	20	1	1	1.0
elexiswsd1.594.sl.131411	2.3333333333333335	2.095754155337874	7	29	4	2	2.0
ssj71.444.1697	1.0	0.34657359027997275	2	4	1	1	1.0
ssj318.1894.6755	3.272727272727273	1.332852635549075	5	28	3	2	1.5
ssj156.1059.3954	4.470588235294118	0.2656602660779657	6	20	2	1	2.0
elexiswsd1.902.sl.131721	2.2222222222222223	0.9932517730102833	7	21	2	1	2.0
ssj133.862.3303	3.5	1.2657133327114465	3	21	2	1	2.0
ssj226.1491.5424	5.653333333333333	0.7730723053524805	9	93	3	2	1.5
elexiswsd1.533.sl.131350	2.85	1.1436943230563816	6	25	1	1	1.0
ssj451.2486.8731	1.6	1.02786250753126	3	7	1	1	1.0
ssj301.1832.6482	2.588235294117647	1.4385854566937195	5	20	1	1	1.0
ssj312.1877.6674	1.5	0.05889151782819164	2	4	1	1	1.0
elexiswsd1.195.sl.131011	3.0	1.83035428857362	7	30	5	2	2.5
ssj100.642.2468	3.411764705882353	1.4718516842686733	6	26	4	2	2.0
ssj5.27.86	2.8333333333333335	1.0968791846798664	4	22	2	2	1.0
ssj459.2519.8934	2.227272727272727	1.2940495262609022	6	25	2	2	1.0
ssj124.787.2981	2.4782608695652173	1.4649090122762245	5	26	3	3	1.0
ssj82.539.2059	2.2	0.9121413304668073	3	7	1	1	1.0
elexiswsd1.521.sl.131338	2.6666666666666665	1.2345791464099305	5	16	1	1	1.0
ssj383.2178.7735	2.2	1.4025559569726707	3	12	1	1	1.0
ssj293.1784.6335	1.9090909090909092	1.357039427691183	4	13	1	1	1.0
ssj102.659.2519	3.423076923076923	0.9478145816341381	5	33	6	4	1.5
elexiswsd1.609.sl.131426	2.0	1.1989476363991853	4	14	2	2	1.0
ssj288.1764.6268	1.5	0.05889151782819164	2	4	1	1	1.0
elexiswsd1.97.sl.130913	2.6842105263157894	1.5834451246934447	5	26	2	1	2.0
ssj294.1788.6345	2.5	0.23500181462286784	4	13	1	1	1.0
ssj451.2482.8710	2.0	0.6608779199911599	2	7	1	1	1.0
ssj134.878.3366	2.8666666666666667	1.1967549205737802	4	17	2	2	1.0
ssj116.740.2790	2.125	0.8352551127975925	5	12	2	1	2.0
ssj54.348.1405	2.736842105263158	1.43836982469589	6	24	2	1	2.0
ssj201.1357.4913	3.6792452830188678	1.0290119020444086	9	65	10	4	2.5
ssj195.1318.4759	1.7894736842105263	1.4396040884675543	10	22	3	1	3.0
elexiswsd1.454.sl.131270	1.6	1.1394342831883648	3	7	1	1	1.0
ssj40.240.962	4.222222222222222	0.3417492937220567	4	15	2	1	2.0
ssj47.321.1317	2.5625	1.8316053777752546	5	19	2	1	2.0
ssj129.814.3068	3.0476190476190474	1.880120062808683	6	23	1	1	1.0
ssj328.1963.6986	2.1904761904761907	1.711097334623696	6	24	3	2	1.5
ssj72.458.1724	3.3125	1.2872034584756598	4	19	2	2	1.0
ssj193.1288.4656	1.0	0.34657359027997275	2	3	1	1	1.0
elexiswsd1.1396.sl.132218	2.764705882352941	1.8162790864023737	7	21	2	1	2.0
elexiswsd1.1364.sl.132186	3.142857142857143	1.3256889070016495	5	16	1	1	1.0
ssj198.1324.4784	1.8888888888888888	1.5023442927880308	4	13	1	1	1.0
ssj59.358.1444	1.8888888888888888	1.2673424781651632	3	13	1	1	1.0
elexiswsd1.483.sl.131300	1.5555555555555556	1.6965003072289884	5	11	1	1	1.0
ssj303.1842.6512	1.8888888888888888	1.3585032565621407	4	11	1	1	1.0
ssj370.2129.7578	2.090909090909091	1.010654837602461	4	14	3	2	1.5
ssj172.1181.4312	2.923076923076923	0.2098378764659193	5	18	1	1	1.0
ssj220.1452.5268	2.0	0.3465735902799726	4	7	1	1	1.0
ssj184.1222.4440	2.5428571428571427	2.230680083621871	8	43	7	1	7.0
ssj142.954.3644	2.2222222222222223	0.8494107367843928	4	12	2	2	1.0
ssj402.2250.7950	2.4	1.1717035437571504	4	14	2	1	2.0
ssj312.1877.6673	1.7142857142857142	1.127105754354915	4	9	2	2	1.0
ssj27.141.569	2.2142857142857144	1.420478524551769	5	17	2	2	1.0
ssj102.654.2497	3.8333333333333335	1.5277668472036465	5	29	2	2	1.0
ssj46.309.1260	2.1666666666666665	1.2739823928775686	4	14	1	1	1.0
ssj124.789.2998	2.25	0.43152310867767135	5	15	3	3	1.0
ssj366.2097.7435	2.0	1.6661022550876021	5	18	2	1	2.0
ssj226.1481.5397	2.1875	1.2966822024302034	6	19	2	1	2.0
ssj362.2083.7380	2.230769230769231	1.284847162422881	5	17	2	1	2.0
elexiswsd1.1615.sl.132440	2.466666666666667	1.6501050254082759	4	18	2	1	2.0
ssj111.701.2641	3.03125	2.3408864779387804	6	39	3	2	1.5
elexiswsd1.861.sl.131679	1.8	1.7391935101766427	5	18	1	1	1.0
ssj70.441.1690	6.107142857142857	0.1433567912398539	10	34	3	2	1.5
ssj38.236.947	2.8095238095238093	1.03855235701347	7	26	5	2	2.5
ssj35.208.844	2.909090909090909	2.045427704642377	7	26	3	1	3.0
ssj118.750.2827	2.9	1.2378743560016174	6	25	3	1	3.0
ssj253.1631.5878	3.1666666666666665	1.3722484936863832	5	17	2	1	2.0
ssj12.46.209	2.6666666666666665	1.2690755821534065	5	23	4	2	2.0
ssj407.2270.8014	1.5	0.8369882167858357	4	7	1	1	1.0
ssj451.2485.8725	2.0	0.3465735902799726	3	5	1	1	1.0
elexiswsd1.1345.sl.132166	1.7777777777777777	1.2163953243244932	4	12	2	1	2.0
ssj172.1176.4286	2.142857142857143	1.3621075689777828	5	18	3	1	3.0
ssj177.1196.4361	2.375	1.8037716023640544	6	21	2	2	1.0
ssj369.2104.7476	1.5	0.8369882167858357	3	6	1	1	1.0
ssj12.46.206	2.0	1.0551066001732947	5	14	2	1	2.0
ssj141.896.3429	1.5	0.05889151782819164	3	4	1	1	1.0
ssj325.1926.6856	3.1666666666666665	0.7829209955155599	7	31	1	1	1.0
ssj168.1146.4220	3.533333333333333	1.4458084886522984	5	19	2	2	1.0
ssj66.417.1603	3.5	0.5596157879354227	4	10	1	1	1.0
ssj29.178.719	4.074074074074074	0.9364221137740226	6	33	5	2	2.5
ssj415.2313.8147	2.142857142857143	1.2505357933206778	5	17	3	2	1.5
ssj141.901.3450	1.5	0.2876820724517809	4	6	1	1	1.0
ssj76.495.1854	3.9	1.2881821301384178	4	25	3	1	3.0
ssj142.940.3598	2.9210526315789473	1.5515679944942946	7	44	4	1	4.0
ssj153.1043.3916	3.263157894736842	2.2651459429952827	7	45	4	1	4.0
ssj426.2370.8330	2.6785714285714284	1.4855376079435458	7	34	1	1	1.0
ssj53.328.1336	1.9090909090909092	1.4482002060881605	5	12	1	1	1.0
ssj133.856.3286	3.375	1.3211915832924204	4	20	2	2	1.0
ssj292.1778.6309	2.576923076923077	1.375599368201202	6	31	5	4	1.25
ssj142.937.3585	1.0	0.6931471805599453	2	4	1	1	1.0
ssj309.1857.6576	2.2142857142857144	1.3293177461547918	5	17	3	2	1.5
elexiswsd1.1157.sl.131976	2.0	0.5493061443340547	4	8	1	1	1.0
ssj28.169.683	2.1875	1.4082539780873085	6	21	2	1	2.0
ssj70.441.1688	1.6666666666666667	1.189773067065087	3	8	1	1	1.0
ssj166.1139.4201	2.769230769230769	0.81321124207025	5	16	4	1	4.0
elexiswsd1.678.sl.131496	1.6666666666666667	1.189773067065087	3	8	1	1	1.0
elexiswsd1.820.sl.131638	1.4285714285714286	1.3094273111488697	4	9	1	1	1.0
ssj84.555.2109	2.8048780487804876	1.518573152253157	10	46	3	2	1.5
ssj29.180.726	2.5555555555555554	1.808261083077344	8	31	5	2	2.5
ssj144.1008.3798	1.0	0.0	2	3	1	1	1.0
ssj144.995.3758	2.2222222222222223	0.300104592450338	5	12	2	1	2.0
ssj452.2491.8758	1.3333333333333333	0.2616240718822739	4	5	1	1	1.0
ssj287.1759.6249	3.892857142857143	1.8048250198106577	6	36	3	1	3.0
ssj86.572.2179	2.8983050847457625	2.0732548980240293	10	68	5	3	1.6666666666666667
ssj367.2100.7456	6.0	1.321508865415678	8	24	1	1	1.0
elexiswsd1.1508.sl.132333	1.7142857142857142	1.2386775300120199	3	9	1	1	1.0
ssj152.1038.3898	3.3448275862068964	1.2809517226933786	6	38	5	2	2.5
ssj46.306.1235	3.4285714285714284	0.087384983514997	3	12	2	1	2.0
ssj13.60.250	3.7555555555555555	0.5800950197324063	9	53	5	3	1.6666666666666667
elexiswsd1.1258.sl.132077	2.2	1.6052885110267527	6	23	2	1	2.0
ssj215.1429.5182	2.1666666666666665	0.1226898463805457	3	9	2	1	2.0
elexiswsd1.1509.sl.132334	1.4	1.017552863929892	4	7	2	1	2.0
ssj131.830.3177	2.0	0.752038698388137	3	8	2	1	2.0
ssj277.1715.6096	2.4285714285714284	1.328105204420754	7	18	2	1	2.0
ssj52.326.1331	3.5	0.2451031682816275	4	24	3	2	1.5
ssj124.790.3000	3.5625	0.1158318155251217	6	21	2	1	2.0
ssj158.1073.4012	5.4	0.9100794718748765	5	23	1	1	1.0
ssj206.1389.5040	3.7241379310344827	1.3417675923831478	6	46	4	4	1.0
ssj226.1474.5367	1.9285714285714286	1.7024698992584768	4	16	1	1	1.0
ssj195.1316.4748	1.6	1.4860078734683375	5	12	1	1	1.0
ssj324.1925.6853	2.4285714285714284	1.1842641681948636	4	11	2	1	2.0
elexiswsd1.513.sl.131330	2.0555555555555554	1.6975947987276794	5	21	1	1	1.0
ssj454.2499.8783	2.526315789473684	1.0947636021758247	7	24	4	2	2.0
ssj446.2435.8546	3.3333333333333335	0.587786664902119	5	13	1	1	1.0
ssj130.823.3098	1.5714285714285714	1.0702760951186543	4	10	2	2	1.0
ssj61.371.1490	2.6666666666666665	1.177914803756429	4	18	4	3	1.3333333333333333
ssj186.1231.4470	1.8333333333333333	0.9828911116036572	3	9	2	2	1.0
ssj3.9.35	2.0	1.0986122886681098	5	16	3	1	3.0
ssj230.1525.5526	3.074074074074074	1.4207944258239231	5	31	3	2	1.5
elexiswsd1.409.sl.131225	2.111111111111111	0.3513978868378886	5	11	1	1	1.0
ssj193.1294.4675	2.625	1.0475949493239876	3	11	1	1	1.0
ssj157.1072.4010	2.6	0.5423546917495591	6	26	4	1	4.0
ssj84.549.2090	2.2666666666666666	0.5357147770371538	6	18	1	1	1.0
elexiswsd1.293.sl.131109	1.8333333333333333	1.2626990055713687	4	8	1	1	1.0
ssj294.1786.6341	2.4285714285714284	0.9815316141407815	5	18	5	4	1.25
ssj161.1101.4081	1.9230769230769231	1.601503285851761	5	15	1	1	1.0
ssj280.1738.6170	2.5	1.2747225854627857	5	18	3	2	1.5
ssj44.262.1041	2.1333333333333333	1.492219133467616	5	17	2	2	1.0
ssj370.2119.7541	2.0	0.5493061443340547	2	5	1	1	1.0
ssj186.1232.4477	3.1875	1.6436641226634543	5	19	2	1	2.0
ssj165.1133.4178	2.3157894736842106	1.9519974996390286	7	23	2	1	2.0
ssj69.433.1650	2.78125	1.749688255307368	5	40	3	3	1.0
ssj221.1458.5290	3.5	2.1337772193323996	9	56	5	3	1.6666666666666667
ssj450.2468.8636	2.1	0.9586613461017003	4	12	1	1	1.0
ssj451.2488.8744	2.8666666666666667	0.3008751859597527	5	18	3	2	1.5
ssj411.2283.8048	1.3333333333333333	0.6081976621622466	3	5	1	1	1.0
ssj91.602.2268	2.5	0.6727361832998177	3	12	2	1	2.0
ssj464.2530.8989	2.869565217391304	1.8998809429871895	6	26	2	2	1.0
ssj267.1695.6047	2.1	1.3823102762953023	4	12	1	1	1.0
ssj84.551.2094	1.4	1.1613939001557827	3	7	1	1	1.0
elexiswsd1.361.sl.131177	2.7857142857142856	1.681318709413132	5	19	2	1	2.0
elexiswsd1.295.sl.131111	2.142857142857143	1.2505357933206778	6	19	3	2	1.5
ssj324.1917.6834	2.0	1.3195286648076292	4	11	2	1	2.0
elexiswsd1.1458.sl.132283	1.7777777777777777	0.8698217340445206	5	12	1	1	1.0
ssj47.317.1298	2.923076923076923	1.5293665412735487	5	34	5	1	5.0
ssj299.1814.6423	2.4	0.0707497811368496	3	8	1	1	1.0
ssj12.49.226	2.6875	1.0908301482260547	4	18	2	2	1.0
ssj41.246.979	2.2	0.3628351861327527	3	7	1	1	1.0
elexiswsd1.269.sl.131085	1.5555555555555556	1.2060856807231253	5	12	2	1	2.0
ssj71.453.1714	3.0	0.6342556627317537	5	23	3	2	1.5
elexiswsd1.304.sl.131120	2.736842105263158	1.0147208945022883	7	25	2	2	1.0
ssj46.293.1181	2.375	0.7240294776873683	5	10	1	1	1.0
ssj141.902.3459	2.1	0.4093552017676455	5	13	2	1	2.0
ssj72.454.1715	2.864864864864865	1.8515500635223792	7	43	4	1	4.0
ssj46.297.1200	2.090909090909091	1.4343037677960628	4	13	1	1	1.0
ssj260.1667.5987	2.1333333333333333	1.6949516875216981	5	20	3	2	1.5
ssj144.998.3764	3.3636363636363638	1.3399500971044362	8	42	3	2	1.5
ssj95.621.2372	1.8571428571428572	1.0470630466813786	4	10	2	2	1.0
ssj6.31.100	3.769230769230769	0.30217732836165107	7	37	5	3	1.6666666666666667
ssj56.353.1423	4.44	0.9235024922070172	7	30	3	1	3.0
ssj257.1652.5939	2.5128205128205128	0.9103749905238978	12	47	7	2	3.5
ssj82.538.2050	2.9285714285714284	1.5645425925262095	7	35	4	2	2.0
ssj227.1508.5485	2.2666666666666666	1.5086698515648103	6	18	2	1	2.0
ssj417.2325.8193	3.652173913043478	0.8217306693844658	9	31	4	1	4.0
ssj6.32.115	2.0	0.0	3	6	1	1	1.0
ssj354.2055.7267	2.125	1.3256697393034558	6	18	3	2	1.5
ssj370.2114.7510	3.2	0.011858263308657958	4	14	3	1	3.0
ssj47.321.1313	2.230769230769231	1.3760079408198587	3	15	1	1	1.0
elexiswsd1.1000.sl.131819	2.0476190476190474	1.7785386154192289	6	24	4	2	2.0
ssj199.1335.4828	3.2222222222222223	1.8641415414718006	7	42	5	1	5.0
ssj94.620.2357	2.25	0.11778303565638346	3	7	2	1	2.0
ssj104.672.2551	2.4166666666666665	0.7066377349754991	5	16	2	1	2.0
ssj312.1876.6651	1.9444444444444444	1.5849285315718835	7	21	3	2	1.5
ssj144.993.3751	2.619047619047619	1.6580627600207734	6	25	3	1	3.0
ssj302.1840.6508	1.4285714285714286	0.6162801305889243	5	9	1	1	1.0
ssj236.1562.5649	2.0	1.0074515102711326	5	13	2	1	2.0
ssj310.1865.6613	2.8181818181818183	0.5094292949923823	7	25	4	2	2.0
elexiswsd1.1289.sl.132108	2.5625	1.1384581972153094	4	20	2	2	1.0
ssj178.1210.4413	3.473684210526316	0.77630987105729	7	24	3	2	1.5
ssj142.929.3553	3.7037037037037037	1.0317322935783475	13	64	10	6	1.6666666666666667
ssj88.585.2207	2.576923076923077	1.8813998240404424	6	36	4	2	2.0
elexiswsd1.1279.sl.132098	2.5	0.5815754049028404	2	6	1	1	1.0
ssj442.2418.8494	3.0454545454545454	1.7513997254541371	4	24	1	1	1.0
ssj214.1423.5166	3.4545454545454546	0.508562893805225	7	49	1	1	1.0
ssj215.1433.5190	2.1666666666666665	0.46926343666051834	5	16	1	1	1.0
ssj201.1355.4897	3.0	1.1938714506671761	5	17	2	1	2.0
ssj323.1916.6832	4.194444444444445	2.0908665222691036	9	42	6	1	6.0
ssj66.414.1592	2.5	0.326162593019845	5	14	1	1	1.0
ssj82.539.2056	3.5454545454545454	1.0845738095649322	6	27	4	1	4.0
ssj277.1718.6102	2.3076923076923075	1.68867997942415	5	15	1	1	1.0
ssj192.1257.4558	2.466666666666667	1.3470371236231182	4	17	2	2	1.0
ssj473.2563.9128	3.511627906976744	1.5204000713394468	7	50	4	3	1.3333333333333333
ssj212.1401.5090	2.25	1.885883556959852	7	25	2	1	2.0
ssj47.316.1283	3.0	1.02563533235657	4	18	2	2	1.0
ssj467.2539.9021	2.4615384615384617	2.2004812132557716	8	31	1	1	1.0
elexiswsd1.1153.sl.131972	2.4705882352941178	1.551871168640874	4	20	2	2	1.0
ssj142.954.3642	1.7333333333333334	1.6086977198488834	6	17	1	1	1.0
ssj156.1062.3965	3.3333333333333335	1.2374281569672494	10	39	5	2	2.5
ssj115.722.2707	1.6	0.3347153269713146	4	7	1	1	1.0
elexiswsd1.1266.sl.132085	2.066666666666667	1.432807053385219	5	18	1	1	1.0
elexiswsd1.1163.sl.131982	2.0	1.2628643221541278	4	12	1	1	1.0
ssj71.443.1694	1.3333333333333333	0.8109302162163288	2	5	1	1	1.0
ssj78.515.1945	2.176470588235294	1.44362105965715	6	19	1	1	1.0
elexiswsd1.850.sl.131668	2.2	1.3357902606604093	3	12	1	1	1.0
elexiswsd1.630.sl.131447	2.238095238095238	1.999110733605844	5	24	3	2	1.5
ssj325.1933.6877	2.6	1.2355018723095044	4	23	3	3	1.0
ssj259.1654.5946	2.3181818181818183	1.8560305938101707	5	27	5	2	2.5
ssj47.319.1309	2.6578947368421053	1.6459776789653695	7	43	3	3	1.0
ssj46.286.1149	3.923076923076923	1.2696235040190842	7	44	4	2	2.0
ssj91.603.2278	3.235294117647059	1.0472057870689033	5	30	1	1	1.0
elexiswsd1.1268.sl.132087	1.7272727272727273	1.2017100743651703	6	13	2	1	2.0
ssj422.2348.8275	2.8461538461538463	0.2365061235480805	5	17	4	2	2.0
ssj38.229.922	1.5	1.0397207708399179	4	8	2	1	2.0
ssj455.2501.8788	3.5789473684210527	0.1971507635735541	5	24	3	2	1.5
ssj24.118.498	2.5	1.7278427834731125	6	23	1	1	1.0
ssj451.2478.8699	2.2857142857142856	1.0421562359572163	3	9	1	1	1.0
ssj369.2108.7489	1.75	0.8266785731844679	2	6	1	1	1.0
ssj267.1693.6044	1.8421052631578947	1.5544575878201925	8	22	1	1	1.0
ssj190.1240.4515	1.5555555555555556	1.003353126669043	6	12	3	1	3.0
ssj370.2136.7596	2.2857142857142856	1.465805166150818	6	18	2	1	2.0
ssj226.1478.5391	3.0	2.052697199204343	8	48	6	3	2.0
ssj440.2410.8464	2.5833333333333335	1.444665316693877	8	28	4	1	4.0
ssj21.103.437	2.25	0.5753641449035618	4	11	2	1	2.0
ssj480.2595.9255	6.6	0.6808295694927512	3	17	1	1	1.0
ssj12.48.223	4.157894736842105	1.592731842961797	5	23	2	1	2.0
ssj68.427.1631	2.625	1.2259324212933538	3	11	1	1	1.0
ssj13.61.255	4.469387755102041	0.4486587173494391	8	79	1	1	1.0
ssj121.780.2960	2.6363636363636362	1.269267850051	4	13	2	1	2.0
ssj343.2004.7123	2.875	1.4288539755386864	5	19	2	1	2.0
elexiswsd1.503.sl.131320	2.625	1.2259324212933538	6	19	3	2	1.5
ssj233.1544.5586	2.3043478260869565	1.8315616990097123	7	26	2	1	2.0
ssj77.505.1895	1.4	1.1613939001557827	3	7	1	1	1.0
ssj93.619.2350	2.066666666666667	1.1773942415022236	6	18	3	2	1.5
elexiswsd1.852.sl.131670	2.2	1.5385228147144914	4	18	2	1	2.0
ssj373.2139.7609	1.8928571428571428	1.8327338079277342	10	32	2	2	1.0
ssj42.257.1028	1.9	0.8560122506046008	6	13	2	1	2.0
ssj364.2090.7410	2.55	1.7130653241036837	4	24	3	1	3.0
ssj469.2547.9052	3.45	1.805013132412885	5	25	2	1	2.0
ssj102.657.2510	3.5833333333333335	0.3127334492684105	6	17	3	2	1.5
ssj61.375.1500	2.2857142857142856	1.2975690478402115	4	11	3	1	3.0
ssj310.1866.6618	3.28	1.7411231548456776	4	30	2	2	1.0
ssj213.1411.5121	3.8484848484848486	1.0937214363010743	6	41	2	2	1.0
ssj53.335.1370	2.230769230769231	1.284847162422881	6	15	2	2	1.0
ssj428.2376.8353	2.111111111111111	1.3243529613655454	3	11	1	1	1.0
ssj201.1342.4845	2.142857142857143	1.5303436872883893	4	17	2	2	1.0
elexiswsd1.512.sl.131329	2.272727272727273	1.5769147207285403	4	15	2	1	2.0
ssj315.1885.6715	2.5	0.5288951470739273	7	22	3	3	1.0
ssj132.843.3235	2.4285714285714284	1.2369444260237767	5	17	3	1	3.0
ssj13.60.253	3.7333333333333334	0.7298707914781112	4	20	2	2	1.0
ssj423.2349.8276	2.2666666666666666	1.2288619575970992	5	20	1	1	1.0
ssj312.1876.6653	3.0	0.0	5	14	1	1	1.0
ssj349.2035.7209	2.0	1.2101840643252146	5	17	2	2	1.0
ssj256.1649.5931	2.619047619047619	1.9760571433807717	7	25	2	1	2.0
ssj101.648.2481	3.473684210526316	1.0317226829402852	5	26	1	1	1.0
ssj77.506.1908	3.4615384615384617	0.936641281036013	5	17	1	1	1.0
ssj230.1525.5525	1.8	0.9100794718748765	3	7	1	1	1.0
ssj193.1277.4616	2.4	0.6223973994230957	5	9	1	1	1.0
ssj91.607.2286	4.0	0.8047189562170503	4	12	1	1	1.0
ssj5.25.81	2.642857142857143	1.6301427605094319	5	16	1	1	1.0
ssj358.2066.7309	2.4444444444444446	0.5513680029259856	3	11	2	2	1.0
ssj21.104.446	1.5	1.2951335827229133	3	9	1	1	1.0
ssj446.2433.8539	4.4	1.1007884460375414	8	31	5	2	2.5
ssj451.2477.8689	1.9	1.4053183949386556	4	13	2	2	1.0
ssj282.1741.6195	3.75	2.632437739662702	14	82	12	3	4.0
ssj131.825.3114	2.6666666666666665	1.7594902086592696	6	36	3	2	1.5
ssj225.1469.5348	2.25	1.1246702892376166	6	19	2	1	2.0
ssj6.34.130	1.5	0.49041462650586304	2	4	1	1	1.0
ssj88.588.2213	2.5294117647058822	1.293338856607812	5	20	4	1	4.0
ssj198.1324.4779	2.8823529411764706	1.5092922644707205	7	42	7	2	3.5
elexiswsd1.970.sl.131789	1.9333333333333333	1.4994984278838914	7	19	2	1	2.0
ssj204.1375.4983	3.45	1.7573580425107225	9	46	4	2	2.0
ssj195.1317.4754	2.25	0.778096698957644	5	16	1	1	1.0
elexiswsd1.805.sl.131623	1.4	1.1613939001557827	3	7	1	1	1.0
ssj213.1412.5128	3.5714285714285716	0.3000106012852309	4	10	2	1	2.0
ssj226.1475.5372	3.1333333333333333	1.8780299550308583	7	36	4	2	2.0
elexiswsd1.1333.sl.132154	1.8181818181818181	1.5740657101712214	5	14	1	1	1.0
ssj470.2555.9103	2.769230769230769	1.1597848323502227	4	16	2	1	2.0
ssj42.258.1033	3.3333333333333335	1.189773067065087	5	21	3	3	1.0
ssj469.2547.9053	1.8571428571428572	1.1586348223384833	4	11	2	1	2.0
ssj102.657.2507	3.0526315789473686	1.6757441230108705	4	22	1	1	1.0
ssj277.1721.6110	2.9411764705882355	0.6843706009361508	4	21	1	1	1.0
ssj134.878.3367	2.5555555555555554	1.9521021193032344	8	37	7	4	1.75
ssj256.1650.5933	2.1875	1.152841166204313	6	19	3	2	1.5
ssj84.555.2114	2.5294117647058822	0.8351934906707345	5	21	4	2	2.0
elexiswsd1.1472.sl.132297	2.0	1.0845268501847616	4	9	1	1	1.0
ssj144.990.3742	2.125	0.6325225587435105	4	11	2	1	2.0
ssj299.1813.6419	3.5531914893617023	1.350374770708278	7	52	3	2	1.5
ssj156.1069.3986	2.642857142857143	1.4462803704467733	4	17	1	1	1.0
ssj198.1326.4796	1.8	0.7662384356489861	3	7	1	1	1.0
ssj433.2388.8379	1.8	0.5635058815949039	4	7	2	1	2.0
elexiswsd1.1242.sl.132061	2.2857142857142856	1.5914623802912713	5	16	1	1	1.0
ssj3.7.20	2.642857142857143	1.6301427605094319	5	18	2	1	2.0
ssj424.2356.8285	3.4	1.1699704397689072	5	25	4	1	4.0
ssj201.1356.4900	3.257142857142857	2.1190848627013366	7	43	5	2	2.5
ssj6.35.172	3.6666666666666665	1.8735351962840372	7	34	4	2	2.0
ssj193.1293.4673	2.0833333333333335	1.31320310603085	5	15	3	1	3.0
ssj21.107.460	3.4444444444444446	0.4111558058532377	5	32	5	4	1.25
ssj77.507.1912	2.4	1.3744360978112327	4	13	3	1	3.0
ssj118.756.2853	2.25	1.0335095108406396	3	10	1	1	1.0
ssj45.274.1099	3.1315789473684212	1.023829336758022	7	44	6	3	2.0
ssj424.2356.8284	2.857142857142857	1.589235205116581	4	17	1	1	1.0
ssj451.2478.8694	2.2857142857142856	0.8394236819031342	3	10	1	1	1.0
elexiswsd1.974.sl.131793	2.076923076923077	1.6501994588560858	4	15	1	1	1.0
ssj86.569.2163	2.8666666666666667	0.3008751859597527	6	20	4	2	2.0
ssj138.884.3392	3.909090909090909	1.0780961183979936	5	39	5	3	1.6666666666666667
ssj360.2080.7367	3.0	0.8369882167858357	6	20	3	1	3.0
ssj208.1393.5050	2.6944444444444446	1.6052863853978323	6	42	5	3	1.6666666666666667
elexiswsd1.1545.sl.132370	2.111111111111111	1.2472776214519161	7	21	3	2	1.5
elexiswsd1.1418.sl.132240	2.1818181818181817	1.5700816253466332	5	13	1	1	1.0
ssj116.739.2786	3.0	0.8958797346140275	3	10	1	1	1.0
elexiswsd1.998.sl.131817	2.0	0.5493061443340547	3	8	2	2	1.0
elexiswsd1.610.sl.131427	1.9090909090909092	1.4482002060881605	4	13	1	1	1.0
ssj326.1950.6939	2.625	1.114360645636249	8	37	4	2	2.0
ssj13.54.241	2.6666666666666665	1.1575038064963012	7	23	3	2	1.5
ssj358.2067.7317	1.8	1.3682248378119541	4	13	2	2	1.0
ssj114.712.2669	2.0	0.6931471805599453	3	7	2	2	1.0
ssj29.178.715	2.4	0.6223973994230957	4	13	2	2	1.0
elexiswsd1.457.sl.131273	2.3529411764705883	1.2540877425303332	6	21	3	1	3.0
elexiswsd1.495.sl.131312	2.533333333333333	1.6234367783261145	4	20	2	1	2.0
ssj320.1906.6801	1.875	1.9089782481945392	6	18	1	1	1.0
ssj81.527.1992	1.7272727272727273	1.3455511105910607	5	14	2	1	2.0
ssj130.822.3086	1.8125	1.8901995420413076	6	18	1	1	1.0
ssj131.833.3194	2.1666666666666665	0.815837026940491	4	16	2	2	1.0
ssj193.1268.4591	2.769230769230769	1.4628527341353803	5	15	1	1	1.0
ssj267.1695.6048	2.1818181818181817	1.3146688134636377	4	14	1	1	1.0
ssj134.879.3369	2.2857142857142856	1.1859972721831067	5	18	3	1	3.0
elexiswsd1.351.sl.131167	2.076923076923077	1.750534806587161	7	17	1	1	1.0
ssj107.678.2572	2.533333333333333	1.5757816884239522	6	17	1	1	1.0
ssj445.2430.8525	2.35	1.1927569529549826	7	25	2	1	2.0
ssj203.1364.4949	2.5454545454545454	0.9577855795822973	5	16	2	1	2.0
ssj161.1108.4094	2.3	1.2142631581759464	10	36	3	2	1.5
ssj238.1569.5683	1.3333333333333333	0.6081976621622466	3	5	1	1	1.0
ssj131.838.3207	2.111111111111111	1.2472776214519161	4	14	3	1	3.0
ssj106.674.2561	2.1875	1.4082539780873085	5	20	2	2	1.0
ssj476.2574.9172	1.75	1.453060057432152	4	10	1	1	1.0
ssj42.249.997	1.9	1.4053183949386556	4	13	2	2	1.0
ssj217.1439.5214	2.8421052631578947	1.6266220585845717	5	20	1	1	1.0
elexiswsd1.516.sl.131333	2.1333333333333333	1.1456455431876433	8	18	2	1	2.0
ssj46.306.1248	2.0	1.0986122886681098	5	14	2	2	1.0
ssj300.1824.6459	2.2142857142857144	1.6232110786058513	5	17	2	1	2.0
ssj172.1176.4295	2.5384615384615383	1.5022090212228476	6	31	3	2	1.5
ssj349.2032.7199	1.5714285714285714	1.3256889070016495	4	9	1	1	1.0
ssj193.1273.4607	2.8461538461538463	1.9371048143791583	7	32	5	1	5.0
ssj130.824.3111	2.3333333333333335	1.5464480110038192	4	14	1	1	1.0
ssj451.2477.8690	1.6666666666666667	1.078201291407982	3	8	1	1	1.0
ssj302.1840.6506	3.0	1.2824746787307686	4	15	1	1	1.0
ssj45.272.1089	2.5555555555555554	1.056222384689207	3	11	1	1	1.0
ssj302.1840.6504	2.6666666666666665	1.1575038064963012	3	11	1	1	1.0
ssj126.811.3061	1.5	0.49041462650586304	2	4	1	1	1.0
elexiswsd1.1492.sl.132317	3.176470588235294	0.9539831500799951	5	20	2	2	1.0
ssj456.2510.8878	3.0	1.1512925464970227	6	35	4	2	2.0
ssj142.955.3647	1.0	0.6931471805599453	2	4	1	1	1.0
ssj126.811.3059	2.642857142857143	0.34766808177866354	4	17	2	2	1.0
ssj24.115.483	3.3333333333333335	1.0459320308391966	7	35	5	4	1.25
elexiswsd1.383.sl.131199	1.3333333333333333	0.8109302162163288	2	5	1	1	1.0
ssj440.2414.8477	3.8421052631578947	1.5124933887211602	8	45	2	1	2.0
elexiswsd1.549.sl.131366	2.2857142857142856	1.5914623802912713	5	17	4	1	4.0
elexiswsd1.1450.sl.132272	2.2857142857142856	1.0421562359572163	3	9	1	1	1.0
ssj18.86.335	3.2857142857142856	1.372397922827793	6	48	3	2	1.5
ssj344.2008.7134	n/a	n/a	2	3	1	1	1.0
ssj126.802.3034	n/a	n/a	2	2	1	1	1.0
ssj276.1711.6082	1.7142857142857142	1.127105754354915	3	9	1	1	1.0
ssj463.2526.8972	1.7272727272727273	0.6524039300311153	7	13	2	1	2.0
ssj78.510.1923	2.8333333333333335	1.9786734808105457	6	34	7	2	3.5
ssj292.1779.6320	3.212121212121212	0.5813222480876532	10	38	5	2	2.5
ssj227.1508.5483	2.0833333333333335	1.4814392243414563	4	15	2	2	1.0
ssj61.377.1509	2.380952380952381	1.550640385771016	6	25	4	2	2.0
ssj177.1198.4377	3.3636363636363638	0.6790721771132766	4	16	3	2	1.5
ssj75.485.1816	2.8260869565217392	1.501809128525744	4	28	3	1	3.0
ssj40.243.970	3.6	1.355565933819809	4	19	1	1	1.0
ssj76.490.1836	2.4285714285714284	1.7335703125289186	5	25	3	1	3.0
elexiswsd1.276.sl.131092	2.933333333333333	0.2778856677350541	6	18	2	1	2.0
ssj145.1011.3810	1.2	1.1717035437571504	4	7	1	1	1.0
ssj358.2064.7303	2.5	0.7843079589569226	3	12	1	1	1.0
ssj40.238.953	n/a	n/a	2	3	1	1	1.0
elexiswsd1.1461.sl.132286	1.5	1.5505463946059086	5	12	1	1	1.0
ssj336.1982.7038	3.0	1.6479184330021646	5	31	2	2	1.0
elexiswsd1.719.sl.131537	3.25	0.9007865453381898	5	23	1	1	1.0
ssj63.387.1533	4.5	0.2591028655318067	6	42	4	3	1.3333333333333333
elexiswsd1.456.sl.131272	2.0	0.0	3	6	1	1	1.0
ssj260.1659.5962	3.1875	0.9202046311952914	4	19	2	1	2.0
ssj45.275.1108	1.875	0.41111211141754395	5	10	3	2	1.5
ssj116.726.2730	3.074074074074074	1.6235269798780054	5	31	5	3	1.6666666666666667
ssj40.239.954	2.875	1.0822803852587137	8	27	2	1	2.0
elexiswsd1.793.sl.131611	1.4285714285714286	0.6162801305889243	5	9	1	1	1.0
ssj59.358.1437	2.25	0.9219377351835345	3	11	2	2	1.0
ssj131.825.3122	2.75	1.5503810780231495	6	33	6	4	1.5
ssj121.780.2965	4.32	1.0420622447921088	5	32	8	7	1.1428571428571428
ssj411.2282.8045	2.5384615384615383	1.155635430942875	4	16	1	1	1.0
ssj469.2547.9048	3.0	0.7702225204735745	5	19	4	2	2.0
ssj301.1838.6492	2.0	1.528178447685213	6	21	5	2	2.5
ssj172.1176.4289	2.8260869565217392	0.87542764427806	5	28	4	1	4.0
ssj132.845.3241	4.4	1.432868267880888	6	24	1	1	1.0
ssj20.89.360	2.0	1.4016801904532676	4	13	1	1	1.0
ssj61.372.1492	2.3636363636363638	0.33874637117607365	6	15	4	2	2.0
ssj254.1635.5883	2.75	1.0010749336890945	4	10	2	1	2.0
ssj126.801.3029	2.0	1.5622825726984797	5	16	3	3	1.0
ssj20.88.344	2.7142857142857144	0.8703059790305571	7	18	2	1	2.0
ssj142.939.3593	1.5	0.05889151782819164	2	4	1	1	1.0
ssj425.2365.8313	2.25	1.6739764335716716	4	19	1	1	1.0
ssj365.2093.7425	2.619047619047619	0.5594504713526636	7	24	3	3	1.0
ssj178.1200.4381	2.6666666666666665	1.3461509220670356	5	24	2	2	1.0
ssj135.881.3377	2.7333333333333334	1.1532221911660576	5	20	5	3	1.6666666666666667
ssj61.375.1501	3.6	1.1528333797657269	4	15	3	1	3.0
ssj478.2583.9225	4.190476190476191	1.5873129788839233	5	25	2	1	2.0
ssj370.2116.7526	1.8333333333333333	0.6363175213236846	4	9	2	1	2.0
ssj116.728.2745	2.7142857142857144	1.1257187909135524	4	17	2	1	2.0
ssj222.1461.5300	1.3333333333333333	1.1575038064963012	4	8	2	1	2.0
ssj333.1976.7021	3.1176470588235294	0.8288342468662573	5	21	3	2	1.5
ssj166.1142.4209	3.2857142857142856	1.3288922343329783	4	18	1	1	1.0
ssj228.1517.5508	3.5555555555555554	1.1841260637557076	4	16	1	1	1.0
ssj287.1762.6259	2.272727272727273	0.9272732286634099	4	14	2	1	2.0
ssj21.108.464	1.5	0.49041462650586304	2	4	1	1	1.0
ssj90.595.2246	1.6666666666666667	1.5363466573450595	5	14	1	1	1.0
ssj301.1831.6478	2.0454545454545454	0.829901190267154	8	25	3	2	1.5
ssj117.746.2808	2.5	0.7843079589569226	4	12	2	2	1.0
ssj40.240.958	1.9230769230769231	1.5244279459381318	5	15	1	1	1.0
ssj186.1231.4467	1.9090909090909092	1.7036130179711557	6	13	1	1	1.0
ssj239.1575.5702	1.7272727272727273	1.625359004558772	5	13	2	1	2.0
ssj117.745.2803	2.0	0.8291140383017661	3	9	2	2	1.0
ssj46.302.1221	2.5625	1.3411907512693915	5	19	2	2	1.0
ssj451.2488.8743	2.111111111111111	0.3513978868378886	4	11	1	1	1.0
ssj15.66.269	4.243243243243243	0.3601310636180286	5	42	4	3	1.3333333333333333
ssj47.320.1311	2.7142857142857144	1.496687463278241	7	29	5	1	5.0
elexiswsd1.878.sl.131697	2.0	0.8958797346140274	3	8	1	1	1.0
ssj27.141.567	1.75	0.9382503488415728	3	6	1	1	1.0
ssj215.1433.5189	3.0	0.4054651081081644	3	9	1	1	1.0
ssj3.8.28	2.380952380952381	1.6944814219969064	6	25	3	1	3.0
elexiswsd1.5.sl.130818	2.0	1.3195286648076292	6	17	2	1	2.0
ssj374.2147.7628	1.736842105263158	1.7248698635002304	7	22	2	1	2.0
ssj104.669.2544	1.8	1.6032266524348218	5	12	1	1	1.0
ssj455.2503.8816	2.1538461538461537	1.4110992606311288	5	16	2	1	2.0
ssj53.331.1354	2.210526315789474	1.8302813969633152	5	22	1	1	1.0
ssj77.506.1903	2.4	1.0805427653601731	3	12	1	1	1.0
ssj413.2298.8108	1.8333333333333333	0.8390500753777668	4	9	3	2	1.5
ssj349.2037.7213	1.9411764705882353	1.6491921892318713	5	19	2	2	1.0
elexiswsd1.1339.sl.132160	2.0	1.354025100551105	7	18	4	2	2.0
ssj72.458.1723	1.8333333333333333	0.9828911116036572	3	8	1	1	1.0
ssj86.573.2181	1.9285714285714286	1.0093227186985314	7	17	2	1	2.0
ssj471.2557.9109	2.076923076923077	1.2447343507479212	5	16	2	1	2.0
ssj68.427.1632	3.3684210526315788	2.1022151124469572	9	45	7	2	3.5
elexiswsd1.336.sl.131152	2.4285714285714284	1.4719462406466446	4	18	2	2	1.0
ssj413.2303.8119	2.0	1.0845268501847616	4	9	1	1	1.0
ssj451.2475.8677	1.6666666666666667	1.189773067065087	3	8	2	1	2.0
ssj98.629.2435	1.8888888888888888	0.8091971122280857	4	12	2	2	1.0
ssj192.1260.4565	2.3846153846153846	1.5120491203752686	4	19	1	1	1.0
elexiswsd1.1571.sl.132396	2.076923076923077	1.356306126405026	4	15	2	2	1.0
ssj380.2174.7720	3.6666666666666665	0.2897439310437119	4	15	3	2	1.5
elexiswsd1.1244.sl.132063	2.5384615384615383	0.6974900650057976	4	16	3	3	1.0
ssj130.822.3088	2.772727272727273	1.218836996424108	7	26	2	1	2.0
ssj115.716.2689	2.875	0.8795478312046316	5	19	2	2	1.0
ssj20.91.383	2.7142857142857144	0.8703059790305571	5	20	3	2	1.5
ssj20.88.350	2.5384615384615383	1.04406365528577	6	16	2	1	2.0
ssj21.102.434	2.7222222222222223	1.1368845192935657	6	24	4	2	2.0
ssj15.64.263	4.375	2.2828539054919377	7	48	6	4	1.5
ssj42.250.998	2.4565217391304346	1.9885293505489587	14	54	4	3	1.3333333333333333
ssj86.572.2177	3.1578947368421053	1.0154610870875054	11	43	4	2	2.0
ssj203.1362.4937	2.3636363636363638	0.33874637117607365	6	14	2	1	2.0
ssj36.213.878	1.0	0.34657359027997275	2	3	1	1	1.0
ssj412.2284.8049	2.230769230769231	0.8267017964858037	5	18	1	1	1.0
ssj193.1269.4595	2.0	1.0845268501847616	3	10	2	1	2.0
ssj460.2522.8956	1.7272727272727273	1.4571228862481655	6	14	3	1	3.0
ssj75.476.1795	2.8	0.32440568336994685	5	19	3	1	3.0
ssj414.2305.8124	2.9	0.9824615441186221	6	25	3	2	1.5
ssj144.966.3681	1.9411764705882353	1.0998860448978165	9	21	2	1	2.0
ssj417.2329.8216	2.25	0.43152310867767135	4	14	2	2	1.0
ssj373.2144.7624	1.7	1.5936193699625092	4	12	1	1	1.0
ssj438.2407.8455	2.3636363636363638	1.4900389176730966	4	13	1	1	1.0
ssj95.622.2378	1.4	1.1613939001557827	3	7	1	1	1.0
ssj46.295.1192	2.0	1.3013448427221919	4	11	2	1	2.0
ssj315.1891.6737	2.5384615384615383	1.593369799619825	5	15	1	1	1.0
ssj132.841.3228	2.590909090909091	1.3982313684199739	9	25	3	1	3.0
ssj31.188.763	1.7	1.4253832516519027	4	12	2	2	1.0
ssj44.263.1049	2.0	2.067583278371178	8	29	3	1	3.0
ssj47.321.1315	2.1818181818181817	1.2235080350666605	3	14	2	1	2.0
ssj455.2501.8791	2.2857142857142856	0.9509954575602391	3	9	1	1	1.0
ssj27.128.530	2.3333333333333335	1.6053395288320111	7	18	1	1	1.0
ssj156.1058.3949	2.5	0.6727361832998177	4	15	2	1	2.0
ssj38.230.928	2.25	0.778096698957644	3	8	1	1	1.0
ssj21.101.428	2.6923076923076925	0.8413821190369463	4	20	4	2	2.0
ssj63.394.1558	3.533333333333333	1.4113120529088226	4	19	1	1	1.0
elexiswsd1.420.sl.131236	2.0555555555555554	1.529358680417073	7	21	2	1	2.0
elexiswsd1.1192.sl.132011	1.875	1.3069918460315713	3	10	1	1	1.0
elexiswsd1.1201.sl.132020	2.2142857142857144	0.5245987899377417	5	17	2	1	2.0
ssj42.247.986	3.5384615384615383	1.4639685186512925	6	44	4	3	1.3333333333333333
ssj238.1565.5672	2.625	0.9705196094103583	5	19	2	2	1.0
ssj18.86.340	3.380952380952381	1.8019699163208145	7	49	3	2	1.5
ssj334.1977.7024	2.5	1.7124569541397356	5	29	3	3	1.0
ssj144.990.3740	2.142857142857143	1.0155339786978101	3	11	2	1	2.0
elexiswsd1.662.sl.131480	2.727272727272727	1.3469380740324235	4	15	1	1	1.0
ssj326.1958.6972	3.1842105263157894	1.0071622842728103	11	45	3	1	3.0
ssj110.690.2603	3.0454545454545454	1.125018241206453	5	27	3	3	1.0
ssj193.1291.4667	2.2222222222222223	1.2730596669779946	6	12	2	1	2.0
ssj98.628.2412	1.0	0.34657359027997275	2	3	1	1	1.0
ssj144.990.3739	3.0	0.6931471805599453	4	10	1	1	1.0
ssj230.1534.5555	1.8571428571428572	1.1586348223384833	3	9	1	1	1.0
ssj301.1827.6471	5.461538461538462	1.4535789682926739	6	50	2	1	2.0
ssj233.1545.5587	2.769230769230769	1.415197644233218	6	31	4	3	1.3333333333333333
ssj201.1345.4857	2.0	0.0	3	6	1	1	1.0
ssj364.2087.7403	3.090909090909091	0.41705597486136714	6	28	6	3	2.0
ssj383.2184.7751	2.2857142857142856	1.2975690478402115	5	19	1	1	1.0
ssj42.256.1019	3.0	1.426315714956659	4	14	1	1	1.0
elexiswsd1.469.sl.131286	2.5	0.23500181462286784	4	12	2	2	1.0
ssj24.119.499	2.4545454545454546	1.7461919221413091	5	25	2	1	2.0
elexiswsd1.1290.sl.132109	2.45	1.1510842565544148	7	25	5	2	2.5
ssj121.777.2935	1.0	0.34657359027997275	2	3	1	1	1.0
ssj280.1735.6150	2.375	0.17472333335331355	5	11	3	1	3.0
ssj73.459.1727	2.8095238095238093	1.9344320916274975	5	24	3	1	3.0
ssj480.2587.9238	2.9285714285714284	1.9111161828061822	7	33	3	2	1.5
ssj303.1844.6528	2.4210526315789473	0.9345906625405384	7	25	2	1	2.0
ssj46.306.1243	2.8	0.4682467195958374	4	13	2	1	2.0
ssj142.930.3558	2.2857142857142856	1.0421562359572163	3	10	2	1	2.0
elexiswsd1.562.sl.131379	3.5	1.140982902895655	4	14	1	1	1.0
ssj321.1910.6817	3.3076923076923075	0.4327975107787154	6	16	3	1	3.0
ssj255.1642.5911	1.5	1.0397207708399179	4	8	2	2	1.0
ssj417.2323.8186	2.2222222222222223	1.7452904713984205	9	30	2	1	2.0
ssj94.620.2356	1.5	0.49041462650586304	2	4	1	1	1.0
ssj472.2559.9123	2.142857142857143	1.1066947570947876	3	9	1	1	1.0
ssj178.1202.4388	1.875	1.7974064725374346	5	18	1	1	1.0
ssj31.188.765	2.076923076923077	1.1008933145220308	5	16	3	2	1.5
ssj413.2297.8102	3.1486486486486487	1.005059186240554	12	83	13	8	1.625
ssj446.2435.8548	2.1052631578947367	1.9702323395297248	6	22	2	1	2.0
ssj144.983.3722	3.0	0.8958797346140275	5	21	2	2	1.0
ssj255.1640.5897	2.6	1.2355018723095044	4	12	1	1	1.0
ssj348.2030.7195	1.5	1.092401028668831	3	7	1	1	1.0
ssj414.2309.8132	2.0	0.8958797346140274	3	8	1	1	1.0
ssj3.9.32	3.0526315789473686	1.1609344144202915	5	24	5	4	1.25
ssj326.1951.6942	2.263157894736842	1.5513380876701257	6	24	2	1	2.0
ssj198.1326.4792	2.0	0.5493061443340547	2	5	1	1	1.0
ssj338.1984.7049	n/a	n/a	2	3	1	1	1.0
elexiswsd1.490.sl.131307	1.9333333333333333	1.6677345461944977	5	17	1	1	1.0
elexiswsd1.751.sl.131569	2.4210526315789473	1.3927360284776158	6	22	3	2	1.5
ssj22.111.475	3.888888888888889	0.2595111954850846	4	16	1	1	1.0
ssj383.2185.7753	2.85	1.2552660987134865	5	26	2	2	1.0
ssj370.2112.7505	2.5428571428571427	2.086839047395981	7	40	6	4	1.5
ssj213.1413.5133	3.6	1.4994069700456993	5	23	3	1	3.0
ssj28.170.688	2.2	1.808021065080835	7	23	1	1	1.0
ssj116.725.2716	1.2	1.1717035437571504	4	8	1	1	1.0
elexiswsd1.1405.sl.132227	2.1	1.3823102762953023	4	12	1	1	1.0
ssj415.2313.8145	2.5714285714285716	0.9243732003008327	3	9	1	1	1.0
ssj451.2475.8680	1.75	0.8266785731844679	2	6	1	1	1.0
ssj310.1872.6641	3.1944444444444446	1.6033013538485716	6	41	5	4	1.25
ssj286.1756.6239	3.888888888888889	1.6093236136565996	6	22	2	1	2.0
elexiswsd1.34.sl.130848	2.230769230769231	1.3760079408198587	5	15	1	1	1.0
ssj142.945.3610	1.0	0.6931471805599453	2	4	1	1	1.0
ssj163.1119.4131	2.1875	1.4082539780873085	5	18	1	1	1.0
ssj476.2575.9176	2.1	1.1025023823275908	5	12	1	1	1.0
ssj413.2298.8104	3.6923076923076925	0.02377697471558602	5	20	5	5	1.0
ssj53.335.1368	2.6153846153846154	1.014210692136089	7	16	2	2	1.0
ssj66.416.1600	3.0	1.7223412468009471	9	52	2	2	1.0
ssj366.2097.7437	n/a	n/a	2	3	1	1	1.0
ssj118.760.2863	1.3333333333333333	0.8109302162163288	2	5	1	1	1.0
ssj42.249.996	1.8666666666666667	1.4230179720380565	6	18	2	1	2.0
ssj450.2468.8633	1.6666666666666667	1.2809338454620642	3	8	1	1	1.0
ssj242.1583.5724	3.4545454545454546	1.0578690381392797	5	16	3	1	3.0
elexiswsd1.1370.sl.132192	2.8	1.7877753844034665	5	22	1	1	1.0
ssj65.410.1584	2.71875	1.2820018798790607	8	37	4	2	2.0
ssj13.60.251	2.0	0.6263814842476839	4	10	2	2	1.0
elexiswsd1.800.sl.131618	2.2666666666666666	1.0850209213712088	5	18	2	1	2.0
ssj226.1489.5418	2.142857142857143	1.9436829738806232	10	33	4	2	2.0
ssj455.2503.8800	2.3076923076923075	0.44622665453014976	5	16	3	1	3.0
ssj194.1304.4717	3.2142857142857144	1.5382178657724588	7	35	5	1	5.0
elexiswsd1.197.sl.131013	1.5	0.8369882167858357	3	6	1	1	1.0
ssj175.1190.4335	3.382978723404255	1.2556233446789113	7	56	5	2	2.5
elexiswsd1.865.sl.131683	2.1666666666666665	0.1226898463805457	3	9	2	1	2.0
ssj184.1227.4453	2.6956521739130435	1.380825895065683	6	27	3	2	1.5
elexiswsd1.152.sl.130968	2.6923076923076925	1.0967949309199416	6	17	1	1	1.0
ssj344.2011.7144	2.2	1.8607013229097482	6	23	2	1	2.0
ssj349.2032.7201	1.625	1.3589319112752674	4	10	1	1	1.0
ssj32.191.775	2.0714285714285716	1.4871698990504414	4	17	2	2	1.0
ssj278.1724.6117	2.2857142857142856	1.2975690478402115	5	18	2	1	2.0
elexiswsd1.1402.sl.132224	5.428571428571429	0.6353041644076891	6	26	3	2	1.5
elexiswsd1.156.sl.130972	2.5	0.6727361832998177	7	15	2	1	2.0
ssj184.1228.4457	2.6153846153846154	1.2169432461901712	7	30	3	1	3.0
ssj161.1097.4073	3.0	1.9459101490553135	6	27	4	2	2.0
ssj45.276.1118	2.375	1.5610176944732042	6	19	2	1	2.0
ssj27.149.620	1.625	1.1035190993922719	5	10	1	1	1.0
elexiswsd1.1507.sl.132332	1.3333333333333333	0.8109302162163288	2	5	1	1	1.0
ssj131.831.3182	1.0	0.34657359027997275	2	3	1	1	1.0
ssj138.884.3398	2.5217391304347827	1.5386780479613327	8	27	3	1	3.0
ssj469.2547.9059	2.0357142857142856	2.154203133827441	9	34	5	2	2.5
ssj109.687.2596	3.0	1.7187825129165153	5	23	2	2	1.0
elexiswsd1.324.sl.131140	2.5625	0.9946171609894188	5	19	2	1	2.0
ssj30.186.752	4.1	1.05983423759439	4	25	2	2	1.0
ssj70.439.1676	2.1	1.9983821169416183	7	24	3	1	3.0
ssj12.47.214	2.0	1.1756876285817388	3	11	1	1	1.0
ssj80.518.1963	2.15625	1.6576445301622758	10	36	4	2	2.0
ssj409.2275.8033	3.4313725490196076	2.255213694024686	6	60	6	5	1.2
elexiswsd1.880.sl.131699	1.8333333333333333	1.0944628872607622	4	10	1	1	1.0
ssj309.1859.6592	2.8461538461538463	0.7858122678821354	4	16	2	2	1.0
ssj201.1354.4892	2.8461538461538463	1.2762268943879984	5	18	2	1	2.0
ssj318.1897.6768	3.7209302325581395	1.9529207194264073	6	51	3	2	1.5
ssj141.904.3462	2.0	0.0	3	6	1	1	1.0
ssj133.864.3309	3.1785714285714284	1.3143893517477163	5	34	3	3	1.0
ssj295.1801.6381	2.9285714285714284	1.5274886064493485	4	16	1	1	1.0
ssj133.866.3319	2.8333333333333335	1.352291996562862	6	28	4	2	2.0
elexiswsd1.100.sl.130916	3.4	1.3727029938229895	4	20	2	1	2.0
ssj225.1470.5354	2.6666666666666665	0.2616240718822739	6	15	2	2	1.0
ssj77.502.1881	2.8846153846153846	0.9162302837758852	6	30	4	3	1.3333333333333333
ssj452.2491.8752	1.0	0.0	2	3	1	1	1.0
elexiswsd1.644.sl.131462	1.8	1.4593856162089314	4	12	1	1	1.0
ssj131.826.3140	2.8	1.017552863929892	4	13	2	2	1.0
ssj367.2100.7463	2.111111111111111	1.156116843054939	4	11	1	1	1.0
ssj88.586.2208	2.1818181818181817	0.9680952231836651	4	15	2	2	1.0
ssj257.1652.5937	4.6875	2.006761639966527	8	41	2	1	2.0
ssj12.47.212	2.1	0.9586613461017003	5	16	1	1	1.0
ssj230.1530.5538	3.9285714285714284	1.2337274879211855	5	18	1	1	1.0
elexiswsd1.1328.sl.132149	2.9375	0.655309071929586	5	19	3	1	3.0
elexiswsd1.1239.sl.132058	2.7058823529411766	0.7677522098752018	5	21	2	1	2.0
ssj451.2488.8740	2.1666666666666665	0.815837026940491	3	9	2	1	2.0
ssj93.612.2319	2.625	0.9705196094103583	3	11	1	1	1.0
ssj47.319.1304	1.6666666666666667	1.189773067065087	3	8	2	2	1.0
ssj187.1237.4495	2.590909090909091	1.286659592762869	5	25	2	2	1.0
ssj409.2274.8029	2.1176470588235294	1.3594482581881595	5	22	1	1	1.0
ssj75.487.1821	1.25	1.1631508098056809	3	6	1	1	1.0
ssj154.1052.3938	1.8888888888888888	1.5023442927880308	3	11	1	1	1.0
ssj477.2580.9217	2.75	1.2038074877431768	5	16	3	2	1.5
ssj70.439.1674	3.0	1.6072107372594102	7	36	4	3	1.3333333333333333
ssj260.1665.5981	2.526315789473684	1.2386046384017153	6	22	4	2	2.0
ssj320.1906.6799	2.272727272727273	1.1826860405464052	5	14	1	1	1.0
elexiswsd1.579.sl.131396	2.7777777777777777	0.9728407757501558	6	23	3	2	1.5
elexiswsd1.921.sl.131740	2.3125	1.520920245243104	4	18	1	1	1.0
ssj305.1849.6549	3.269230769230769	1.8611002225700148	5	34	1	1	1.0
ssj364.2088.7406	3.310344827586207	1.5852078421799844	7	34	4	3	1.3333333333333333
ssj126.807.3045	1.0	0.6931471805599453	2	4	1	1	1.0
ssj118.765.2889	2.0	1.3195286648076292	6	17	3	2	1.5
ssj358.2069.7326	2.272727272727273	0.9272732286634099	5	14	1	1	1.0
ssj25.126.520	2.8	1.2729656758128876	5	16	2	2	1.0
ssj161.1084.4046	2.5454545454545454	0.8139445433564068	4	13	1	1	1.0
elexiswsd1.1476.sl.132301	2.2777777777777777	1.4267045263569895	6	22	2	1	2.0
elexiswsd1.149.sl.130965	2.3333333333333335	0.8006205726149609	4	12	2	1	2.0
ssj132.841.3227	1.375	1.2705731840554382	5	10	1	1	1.0
ssj18.85.325	3.3076923076923075	1.7868226113298205	6	30	4	2	2.0
ssj95.624.2389	1.7142857142857142	0.4339585737949698	5	9	2	2	1.0
ssj108.684.2589	2.125	1.3256697393034558	3	11	2	1	2.0
elexiswsd1.1573.sl.132398	2.142857142857143	1.2505357933206778	5	17	1	1	1.0
ssj141.903.3461	3.2941176470588234	1.6107626864690656	6	22	4	1	4.0
ssj221.1457.5286	4.583333333333333	0.26933293378358447	6	18	5	1	5.0
ssj220.1451.5257	2.0	0.0	4	9	1	1	1.0
ssj191.1254.4551	2.6	0.7450872458036413	3	7	1	1	1.0
elexiswsd1.803.sl.131621	1.25	1.0193097735797902	3	6	1	1	1.0
ssj421.2340.8240	2.5	0.12343003896576299	3	11	2	1	2.0
ssj177.1198.4374	3.125	0.9988987763196628	8	34	3	1	3.0
ssj118.750.2828	3.2	0.35843185358863067	3	9	2	2	1.0
ssj33.193.788	3.3333333333333335	0.7905192189562011	5	21	3	1	3.0
ssj288.1764.6271	1.5	0.49041462650586304	2	4	1	1	1.0
ssj118.754.2845	1.8	0.7662384356489861	3	7	1	1	1.0
ssj170.1163.4252	2.0	0.1438410362258906	4	8	1	1	1.0
ssj358.2064.7300	2.6315789473684212	1.3093544195385647	7	22	2	1	2.0
ssj194.1305.4718	3.1	1.171182981502945	5	25	4	4	1.0
ssj300.1822.6452	2.888888888888889	0.9336200625968746	6	23	1	1	1.0
ssj28.168.675	1.625	1.2473601356181625	4	10	1	1	1.0
ssj456.2508.8864	2.375	1.5287484339044184	6	28	3	1	3.0
elexiswsd1.553.sl.131370	2.0714285714285716	1.4871698990504414	5	17	2	1	2.0
ssj102.655.2501	4.487179487179487	1.9966587503585573	8	52	5	1	5.0
ssj367.2099.7455	1.5714285714285714	1.416849685398627	3	9	1	1	1.0
ssj4.15.54	3.45	0.9526390862936723	7	22	3	2	1.5
elexiswsd1.1504.sl.132329	2.2	0.01626159585277994	3	7	1	1	1.0
ssj46.287.1156	2.0	1.0074515102711326	3	7	1	1	1.0
ssj193.1270.4597	1.8461538461538463	1.642325280372016	6	16	1	1	1.0
ssj288.1766.6281	1.8	1.1128120259289587	3	7	1	1	1.0
ssj152.1038.3895	1.7777777777777777	1.327967099981598	3	11	1	1	1.0
ssj329.1971.7005	1.8095238095238095	1.733916453075799	10	27	3	1	3.0
ssj27.142.574	2.2	0.5655677401868349	5	8	1	1	1.0
elexiswsd1.1554.sl.132379	2.2777777777777777	1.171291714473994	7	21	2	1	2.0
ssj153.1042.3915	3.0	1.8581392141510253	8	41	5	2	2.5
ssj385.2212.7837	3.0555555555555554	0.877530595945831	5	24	3	2	1.5
elexiswsd1.814.sl.131632	1.8	1.4593856162089314	4	12	1	1	1.0
elexiswsd1.75.sl.130889	1.6666666666666667	1.7713484719679273	5	14	1	1	1.0
ssj47.313.1269	2.8125	1.1569395498064023	6	18	1	1	1.0
ssj159.1074.4017	1.5	1.0397207708399179	3	8	1	1	1.0
ssj312.1877.6686	2.4444444444444446	1.9053931034770908	5	25	4	2	2.0
ssj141.903.3460	2.75	0.3746934494414107	9	21	3	2	1.5
ssj243.1590.5764	2.0833333333333335	1.0577902941478545	4	15	2	2	1.0
ssj370.2116.7523	1.5	0.8369882167858357	3	6	1	1	1.0
ssj294.1797.6369	2.6666666666666665	1.927726326969876	6	30	6	1	6.0
ssj304.1848.6538	2.9	1.8497620718126753	5	24	4	1	4.0
ssj126.809.3050	6.377777777777778	0.05051151889585848	5	56	9	8	1.125
ssj161.1092.4062	2.375	1.7202445600324714	5	20	4	1	4.0
ssj193.1277.4618	4.769230769230769	0.27971034885278645	6	23	4	3	1.3333333333333333
elexiswsd1.507.sl.131324	2.375	1.3260158798503363	4	12	1	1	1.0
ssj144.997.3762	3.0	0.12565721414045306	3	13	1	1	1.0
ssj185.1230.4462	2.5714285714285716	0.7216406462467505	4	9	2	1	2.0
ssj45.277.1120	3.0	0.5493061443340549	2	6	1	1	1.0
ssj46.309.1259	2.0	1.354025100551105	5	14	1	1	1.0
ssj191.1246.4529	3.0	0.6931471805599453	4	15	2	1	2.0
ssj300.1817.6439	2.0	1.6570930023362627	9	26	4	1	4.0
ssj193.1288.4658	1.5	0.8369882167858357	3	6	1	1	1.0
ssj467.2540.9022	6.487804878048781	0.013138208725237523	9	86	1	1	1.0
ssj133.867.3322	2.3333333333333335	0.29799171605314895	3	6	1	1	1.0
ssj91.606.2282	2.2	0.9121413304668073	4	13	2	1	2.0
ssj225.1471.5360	2.1875	1.8459883467642584	5	18	1	1	1.0
ssj206.1383.5015	3.574074074074074	1.5255048371585762	8	69	6	4	1.5
ssj84.555.2115	2.0	0.9547712524422192	5	12	1	1	1.0
ssj142.951.3631	1.0	0.0	2	3	1	1	1.0
ssj358.2066.7310	1.625	1.3589319112752674	4	10	1	1	1.0
ssj459.2517.8921	1.5454545454545454	1.6595092997553673	5	13	1	1	1.0
elexiswsd1.1363.sl.132185	2.9523809523809526	1.4126043460676994	4	25	3	2	1.5
ssj320.1906.6803	2.857142857142857	0.2697065403089516	6	17	2	1	2.0
ssj193.1296.4684	1.5	0.9808292530117262	3	7	1	1	1.0
elexiswsd1.267.sl.131083	2.8666666666666667	1.6549002865108577	7	19	2	1	2.0
ssj94.620.2352	1.0	0.34657359027997275	2	3	1	1	1.0
ssj157.1072.4011	2.4444444444444446	1.4037420490451984	5	13	1	1	1.0
ssj179.1211.4416	2.6842105263157894	1.901439508053443	6	23	2	1	2.0
ssj21.104.443	2.5	0.23500181462286784	4	6	1	1	1.0
ssj98.629.2424	n/a	n/a	2	2	1	1	1.0
ssj406.2264.7989	2.5238095238095237	1.5694468175606693	6	23	1	1	1.0
ssj312.1877.6670	3.0625	1.3067835560889633	4	20	5	4	1.25
ssj300.1818.6441	2.2	1.1675541423498028	3	12	2	2	1.0
elexiswsd1.1432.sl.132254	2.875	0.33024168687057687	6	22	5	3	1.6666666666666667
ssj131.832.3191	2.375	0.7240294776873683	3	11	2	2	1.0
ssj45.278.1126	3.6666666666666665	0.14590289481782148	3	14	1	1	1.0
ssj5.29.92	2.6666666666666665	1.9622227627133517	6	27	3	1	3.0
ssj480.2588.9240	3.533333333333333	1.4113120529088226	6	22	2	1	2.0
ssj294.1791.6353	1.3333333333333333	0.6081976621622466	3	6	1	1	1.0
ssj31.188.764	1.8888888888888888	1.0119296662821677	4	11	2	2	1.0
ssj116.726.2722	1.5	1.2951335827229133	4	8	2	1	2.0
ssj144.982.3721	3.0	0.49041462650586304	7	19	1	1	1.0
ssj77.507.1916	2.0555555555555554	1.529358680417073	8	22	6	2	3.0
ssj145.1010.3806	1.5	0.49041462650586304	2	4	1	1	1.0
elexiswsd1.947.sl.131766	2.1875	0.6035350218702582	5	19	2	1	2.0
ssj449.2464.8619	1.8181818181818181	1.1504167799776197	5	14	2	2	1.0
ssj162.1118.4126	2.176470588235294	1.1882082477741547	5	20	2	1	2.0
ssj384.2187.7767	3.0	0.4469089380110482	5	14	2	1	2.0
ssj116.728.2743	2.3333333333333335	0.9444616088408514	3	8	1	1	1.0
ssj375.2157.7663	2.0	1.242453324894	4	12	3	1	3.0
elexiswsd1.1288.sl.132107	2.357142857142857	1.5606907216245174	5	17	1	1	1.0
ssj23.113.480	1.75	1.3759847175185227	6	14	2	2	1.0
ssj152.1038.3889	2.730769230769231	1.1737710743249625	8	32	5	1	5.0
ssj30.184.742	2.05	1.584745299843729	9	23	4	2	2.0
ssj377.2169.7700	3.92	0.24334625863172918	6	29	4	2	2.0
ssj300.1826.6468	2.739130434782609	0.9066801877821644	6	27	1	1	1.0
ssj38.227.918	3.066666666666667	0.5800074954441927	5	21	6	2	3.0
elexiswsd1.928.sl.131747	2.764705882352941	1.7536975149253704	5	22	2	1	2.0
elexiswsd1.1481.sl.132306	2.7	0.8511879540466848	3	13	2	1	2.0
ssj46.306.1242	1.8333333333333333	0.9828911116036572	8	17	4	1	4.0
ssj31.188.760	2.4285714285714284	0.6349580238608088	4	9	1	1	1.0
ssj35.207.825	2.1666666666666665	1.8232885372116236	7	22	1	1	1.0
ssj145.1011.3812	2.090909090909091	1.010654837602461	4	14	2	2	1.0
elexiswsd1.1567.sl.132392	2.7083333333333335	1.691305764294391	8	28	3	1	3.0
ssj375.2154.7650	2.875	0.8795478312046316	5	21	4	3	1.3333333333333333
ssj277.1719.6103	2.5	1.4247748816879549	6	21	3	2	1.5
elexiswsd1.670.sl.131488	2.0	0.34657359027997275	5	11	1	1	1.0
ssj193.1282.4634	2.8	0.6709792736499196	3	13	1	1	1.0
elexiswsd1.264.sl.131080	2.125	1.0906679246805882	3	10	1	1	1.0
ssj326.1953.6953	1.8333333333333333	1.5321972559377122	8	21	2	1	2.0
ssj160.1077.4026	2.0	1.242453324894	3	11	2	1	2.0
ssj385.2206.7812	2.1052631578947367	1.6236587492497518	7	22	2	1	2.0
ssj24.120.509	2.4482758620689653	1.481411048498341	8	33	5	3	1.6666666666666667
ssj59.362.1462	1.5	1.530135397345781	4	10	1	1	1.0
ssj203.1364.4953	1.875	0.9604182557515986	5	11	3	1	3.0
ssj107.683.2588	2.6153846153846154	0.8703696559101987	4	15	2	2	1.0
ssj443.2420.8500	2.64	1.5345387298899031	6	29	3	2	1.5
ssj44.268.1073	2.2857142857142856	1.0421562359572163	3	9	1	1	1.0
ssj315.1890.6735	2.1666666666666665	1.0956449209082024	3	8	1	1	1.0
ssj142.914.3495	2.3	1.2142631581759464	3	13	1	1	1.0
ssj376.2161.7674	2.8095238095238093	1.03855235701347	8	25	3	1	3.0
ssj217.1442.5232	2.6923076923076925	1.3317967455428092	8	31	4	2	2.0
ssj142.941.3604	1.5	0.05889151782819164	2	4	1	1	1.0
ssj480.2590.9247	2.1052631578947367	1.8790715611327473	5	24	2	1	2.0
ssj198.1324.4777	4.85	0.08111256817239623	6	27	3	1	3.0
elexiswsd1.773.sl.131591	2.4166666666666665	1.2559438793095539	5	15	2	1	2.0
ssj203.1366.4958	3.4583333333333335	1.3879609085652385	6	31	4	1	4.0
ssj33.193.787	2.32	1.7408258012835385	6	34	3	2	1.5
elexiswsd1.1306.sl.132126	1.5	0.49041462650586304	5	8	1	1	1.0
ssj456.2507.8852	2.4761904761904763	1.5114196726177347	6	26	1	1	1.0
ssj247.1598.5806	2.6875	1.2935627022801368	4	18	2	1	2.0
ssj131.828.3162	n/a	n/a	2	2	1	1	1.0
ssj161.1086.4051	1.0	0.34657359027997275	2	3	1	1	1.0
ssj203.1361.4933	2.0	1.1512925464970227	5	13	2	2	1.0
ssj193.1277.4617	2.25	0.11778303565638346	4	9	1	1	1.0
ssj261.1669.5993	2.9411764705882355	1.489089557153201	5	20	2	1	2.0
ssj141.899.3441	2.2666666666666666	1.4315945116511812	6	19	4	2	2.0
ssj124.787.2977	3.3529411764705883	1.4057163846489593	5	21	2	2	1.0
elexiswsd1.977.sl.131796	2.4166666666666665	1.6795928095031558	7	16	2	1	2.0
ssj114.712.2671	2.0	0.8047189562170503	3	8	2	2	1.0
ssj71.447.1705	2.25	0.22879055462358922	4	11	2	1	2.0
ssj90.591.2231	3.0526315789473686	0.7027890484832139	6	24	4	3	1.3333333333333333
ssj451.2478.8695	1.8	0.2169322913149312	3	7	1	1	1.0
ssj20.91.370	2.6666666666666665	1.890672340893015	5	27	2	2	1.0
ssj142.928.3545	1.4	1.017552863929892	3	7	1	1	1.0
ssj374.2148.7631	3.3333333333333335	1.7713484719679273	8	60	5	3	1.6666666666666667
ssj81.527.1991	2.0	1.242453324894	5	15	2	1	2.0
elexiswsd1.1232.sl.132051	2.230769230769231	1.284847162422881	4	16	2	1	2.0
ssj291.1776.6303	1.75	0.48010498290449527	3	6	1	1	1.0
ssj47.317.1294	2.2142857142857144	1.217745970497687	4	17	2	2	1.0
ssj75.487.1820	1.875	1.1042592919774892	4	11	2	1	2.0
ssj256.1649.5930	2.6666666666666665	1.2690755821534065	5	23	3	3	1.0
ssj111.703.2645	3.0	1.3862943611198906	8	45	7	3	2.3333333333333335
ssj226.1501.5462	2.111111111111111	0.6979714771178611	5	13	4	1	4.0
ssj6.33.129	2.411764705882353	1.509203023907673	6	22	3	3	1.0
ssj28.170.685	1.6923076923076923	1.5611005390510393	5	15	1	1	1.0
ssj421.2339.8237	2.125	0.28594896846353784	4	11	2	1	2.0
ssj133.849.3257	2.4482758620689653	2.030717192832396	7	36	5	2	2.5
ssj47.316.1286	2.35	1.1927569529549826	6	24	5	3	1.6666666666666667
ssj144.983.3723	3.6666666666666665	0.9982769409370342	5	38	5	5	1.0
ssj242.1583.5718	2.3636363636363638	1.2346261057901013	3	14	2	1	2.0
elexiswsd1.1323.sl.132144	2.25	1.1246702892376166	4	10	1	1	1.0
elexiswsd1.774.sl.131592	2.7222222222222223	1.1368845192935657	7	25	2	2	1.0
ssj98.634.2444	3.7857142857142856	1.2307474057647663	3	16	1	1	1.0
ssj107.679.2575	1.9583333333333333	1.6100803243718051	11	26	2	1	2.0
ssj144.1007.3795	2.5	0.5815754049028404	2	6	1	1	1.0
ssj280.1738.6167	4.125	0.7212670397213833	4	10	1	1	1.0
ssj228.1511.5491	1.9166666666666667	1.2850129393127958	4	13	1	1	1.0
ssj343.2003.7109	3.5	1.5119515752603436	6	43	6	2	3.0
ssj334.1977.7023	2.642857142857143	2.080536033178527	6	34	5	1	5.0
elexiswsd1.136.sl.130952	1.8181818181818181	1.1504167799776197	6	13	1	1	1.0
ssj265.1679.6014	2.25	0.9219377351835345	3	11	3	2	1.5
ssj27.137.551	4.555555555555555	0.07116161042000621	5	23	1	1	1.0
ssj476.2576.9182	2.6315789473684212	0.8512090536014871	6	22	3	1	3.0
ssj193.1302.4707	2.5454545454545454	0.9577855795822973	3	13	2	2	1.0
ssj30.185.745	2.2857142857142856	0.9509954575602391	3	9	1	1	1.0
ssj455.2501.8789	1.75	0.9382503488415728	3	6	1	1	1.0
ssj349.2036.7211	1.0	0.34657359027997275	3	4	1	1	1.0
ssj82.544.2071	3.8636363636363638	1.78293933872113	6	27	2	1	2.0
ssj349.2035.7207	2.96	1.5639694149380494	5	29	6	6	1.0
ssj102.658.2512	2.4166666666666665	1.0532113252554718	4	14	1	1	1.0
ssj441.2417.8491	2.6470588235294117	1.941023663091	6	40	1	1	1.0
ssj369.2111.7499	3.6538461538461537	1.0264150959916274	5	31	4	2	2.0
ssj238.1570.5687	3.9	2.0929010863554676	6	57	7	5	1.4
ssj100.644.2471	5.545454545454546	0.7684437237550129	4	15	2	2	1.0
ssj477.2579.9197	2.8333333333333335	0.20099945006583894	4	14	2	2	1.0
ssj280.1736.6156	3.7586206896551726	0.9089020070846221	8	37	6	3	2.0
ssj337.1983.7046	1.25	1.1631508098056809	3	6	1	1	1.0
ssj412.2292.8085	4.038461538461538	0.926331637434645	5	32	4	2	2.0
ssj47.316.1287	3.1724137931034484	1.0784613122647257	9	40	4	1	4.0
ssj45.275.1100	3.2666666666666666	1.6154408824907707	5	19	2	1	2.0
ssj31.190.773	2.0	0.6263814842476839	4	9	2	2	1.0
ssj15.68.275	2.272727272727273	0.7245406746093277	4	14	1	1	1.0
ssj459.2520.8944	3.769230769230769	2.002776019192729	6	45	6	5	1.2
elexiswsd1.585.sl.131402	1.9333333333333333	1.5906592062808687	6	16	2	2	1.0
elexiswsd1.1413.sl.132235	1.5	0.8369882167858357	3	6	1	1	1.0
ssj343.2003.7117	2.3333333333333335	1.479682314691558	4	17	2	2	1.0
ssj300.1823.6456	2.782608695652174	1.0936643848681076	8	29	5	1	5.0
ssj144.973.3702	2.764705882352941	1.0928195949342108	5	21	2	1	2.0
ssj208.1396.5062	2.05	1.8786386322947886	6	23	2	1	2.0
ssj130.821.3083	3.72	0.6422878344290178	8	66	5	3	1.6666666666666667
elexiswsd1.765.sl.131583	3.142857142857143	0.9264350588927638	5	10	1	1	1.0
elexiswsd1.916.sl.131735	1.6666666666666667	1.3925056211191693	4	11	1	1	1.0
ssj6.34.149	3.0	0.6019864021629681	2	7	1	1	1.0
ssj455.2504.8817	2.25	0.9219377351835345	4	12	2	2	1.0
ssj310.1866.6620	1.75	0.48010498290449527	3	6	1	1	1.0
elexiswsd1.449.sl.131265	2.5	1.0963851134934195	6	10	1	1	1.0
ssj126.794.3016	2.3636363636363638	1.5811996960700738	8	27	4	3	1.3333333333333333
ssj160.1079.4030	2.5	1.0193097735797902	4	16	2	1	2.0
ssj201.1354.4887	2.0833333333333335	1.404363884427827	4	15	2	2	1.0
ssj144.989.3738	2.0	0.8047189562170503	6	16	2	1	2.0
ssj18.75.296	2.6666666666666665	0.7197694378193515	4	18	2	2	1.0
ssj166.1136.4193	3.0588235294117645	1.3382970683428148	7	39	3	1	3.0
ssj401.2246.7929	3.25	0.5542129550582172	4	12	2	1	2.0
ssj29.181.728	1.3333333333333333	0.9547712524422192	3	5	1	1	1.0
elexiswsd1.843.sl.131661	2.176470588235294	1.5347818380541272	8	20	2	1	2.0
ssj217.1440.5217	2.380952380952381	1.627715725684645	7	24	2	1	2.0
ssj168.1144.4218	2.5714285714285716	1.179786012183828	6	18	3	1	3.0
ssj112.705.2651	4.478260869565218	0.6178184799981435	9	34	3	1	3.0
ssj44.262.1042	3.5	1.02941112723855	5	29	4	2	2.0
ssj172.1181.4316	2.1538461538461537	1.613831814685211	5	15	1	1	1.0
ssj455.2504.8820	2.823529411764706	0.3786190051764331	5	19	2	2	1.0
ssj449.2464.8616	1.875	1.1042592919774892	4	11	2	2	1.0
ssj191.1245.4526	2.3333333333333335	0.9444616088408514	3	11	1	1	1.0
elexiswsd1.581.sl.131398	2.8823529411764706	1.253879452587725	7	21	1	1	1.0
ssj81.532.2018	2.0	0.8958797346140274	3	8	2	2	1.0
elexiswsd1.1422.sl.132244	2.2857142857142856	1.1859972721831067	5	9	1	1	1.0
ssj86.570.2167	2.4615384615384617	1.7679824945124691	6	31	2	1	2.0
ssj432.2382.8367	2.769230769230769	1.7090909766842777	7	29	2	2	1.0
elexiswsd1.1284.sl.132103	1.8	1.2566530621548493	4	12	1	1	1.0
ssj4.16.56	2.75	1.382144959712543	6	28	5	5	1.0
ssj84.551.2093	3.2093023255813953	1.4076936689430843	8	49	4	4	1.0
ssj217.1443.5237	3.0	1.269486935529138	7	22	2	2	1.0
elexiswsd1.532.sl.131349	2.0833333333333335	1.201631330373745	4	14	2	2	1.0
ssj216.1438.5210	2.066666666666667	1.7267003858362784	5	18	2	1	2.0
ssj81.527.1994	1.9230769230769231	1.4332671675411546	5	16	1	1	1.0
ssj455.2506.8849	2.5238095238095237	1.1457978873670676	8	25	5	3	1.6666666666666667
ssj101.650.2485	2.6842105263157894	0.8314064263053076	6	24	4	2	2.0
ssj373.2146.7627	3.2666666666666666	1.066134738156716	5	34	3	3	1.0
elexiswsd1.1479.sl.132304	1.5714285714285714	1.0702760951186543	4	9	1	1	1.0
ssj82.544.2069	2.625	1.5725060115733265	4	20	2	2	1.0
elexiswsd1.1560.sl.132385	2.4545454545454546	0.30100604319322677	5	14	2	1	2.0
ssj132.840.3220	2.5	1.68018769357095	5	23	2	1	2.0
ssj114.714.2676	2.0625	1.6353305964208484	5	19	2	1	2.0
ssj425.2365.8315	2.125	1.3256697393034558	6	19	2	2	1.0
ssj412.2285.8060	2.5384615384615383	1.3238715492534816	4	15	2	2	1.0
ssj92.610.2303	3.4	0.13024966892898937	6	18	2	1	2.0
ssj432.2383.8371	1.6666666666666667	1.1370928092361738	5	11	1	1	1.0
elexiswsd1.584.sl.131401	2.625	0.9705196094103583	5	20	3	1	3.0
ssj85.563.2145	2.9473684210526314	1.8079134500426195	6	21	1	1	1.0
elexiswsd1.1428.sl.132250	2.0476190476190474	1.3548896852256271	7	24	3	2	1.5
ssj12.45.203	2.607142857142857	1.5125662803314648	8	36	2	1	2.0
ssj45.271.1083	2.6956521739130435	1.4719866734626603	6	29	3	3	1.0
ssj375.2154.7647	2.25	0.6869359205606668	3	6	1	1	1.0
ssj384.2188.7768	2.3636363636363638	1.031893551736019	4	14	3	1	3.0
ssj433.2389.8383	1.9285714285714286	1.7024698992584768	5	17	2	1	2.0
elexiswsd1.487.sl.131304	2.176470588235294	1.332049284000045	5	20	2	2	1.0
ssj284.1746.6212	2.8260869565217392	1.0781601983321423	7	28	4	2	2.0
ssj132.847.3250	3.066666666666667	1.6786197841123023	5	21	4	2	2.0
ssj133.854.3279	2.5	1.3761930074611308	4	17	2	2	1.0
ssj370.2128.7573	2.6363636363636362	1.269267850051	6	25	3	3	1.0
ssj15.69.276	3.642857142857143	1.4433670337266702	5	19	2	1	2.0
ssj18.81.313	4.137931034482759	1.808973228876823	7	63	4	3	1.3333333333333333
ssj325.1934.6880	1.6	1.1394342831883648	3	7	1	1	1.0
ssj422.2347.8266	2.3	0.318383423561919	4	12	1	1	1.0
elexiswsd1.476.sl.131293	2.3529411764705883	1.365659518187438	5	21	2	1	2.0
ssj455.2505.8828	2.0	1.354025100551105	4	12	1	1	1.0
ssj132.846.3246	2.1666666666666665	0.1226898463805457	4	8	2	1	2.0
ssj121.780.2954	1.5	0.49041462650586304	2	4	1	1	1.0
ssj80.525.1985	2.0	1.242453324894	3	11	1	1	1.0
ssj90.599.2259	2.5294117647058822	1.3844996350047893	4	22	3	1	3.0
ssj226.1477.5388	1.5	0.2876820724517809	3	6	1	1	1.0
ssj284.1745.6206	3.6363636363636362	1.1069110914828049	4	16	3	1	3.0
elexiswsd1.323.sl.131139	3.0	1.2909494578876548	4	20	2	2	1.0
ssj456.2510.8890	2.2857142857142856	1.2975690478402115	4	17	2	1	2.0
ssj383.2178.7733	3.25	1.1035190993922719	5	37	4	3	1.3333333333333333
ssj477.2578.9190	2.388888888888889	1.9606518822705752	6	23	2	1	2.0
ssj90.593.2239	1.875	1.5097244000856536	4	11	3	1	3.0
ssj20.95.407	2.0	1.1756876285817388	5	9	1	1	1.0
ssj115.717.2694	3.9130434782608696	1.0993113881774867	5	26	2	1	2.0
ssj45.275.1109	2.4	1.7210096880912054	4	20	4	2	2.0
ssj407.2270.8018	2.3846153846153846	1.5120491203752686	5	18	3	1	3.0
ssj456.2510.8884	2.090909090909091	1.559960981936516	4	13	1	1	1.0
ssj436.2401.8429	3.4545454545454546	0.6524039300311153	6	16	4	2	2.0
ssj469.2543.9028	2.764705882352941	1.8162790864023737	6	22	3	1	3.0
ssj424.2358.8290	2.4	0.8251299534771779	4	15	2	2	1.0
elexiswsd1.363.sl.131179	2.2	0.3628351861327527	3	7	1	1	1.0
ssj226.1490.5420	2.0	0.0	3	5	1	1	1.0
ssj326.1956.6966	2.090909090909091	0.8079222835483788	4	13	1	1	1.0
ssj132.847.3252	2.764705882352941	1.0928195949342108	4	22	2	2	1.0
ssj75.470.1762	1.5	0.49041462650586304	2	4	1	1	1.0
ssj131.826.3131	2.0	0.0	3	6	1	1	1.0
ssj364.2085.7394	2.142857142857143	0.9039622030407053	6	18	4	3	1.3333333333333333
ssj402.2250.7945	2.6666666666666665	1.5244883940364018	5	19	2	2	1.0
ssj22.112.477	4.375	0.8062675759243402	4	13	1	1	1.0
ssj286.1756.6243	3.230769230769231	0.6590605622429916	5	17	4	2	2.0
ssj111.699.2635	2.975	1.9966490129533752	8	47	4	2	2.0
ssj412.2284.8050	2.6842105263157894	1.3807125706393626	6	24	2	1	2.0
ssj98.631.2438	2.411764705882353	1.2293951299399617	6	20	2	1	2.0
ssj111.695.2622	2.8421052631578947	1.8442810942134944	6	23	3	1	3.0
ssj350.2044.7225	3.0	1.3351549365596813	6	31	4	2	2.0
ssj260.1662.5975	2.1538461538461537	0.8617931162970739	5	18	2	1	2.0
ssj138.884.3397	2.3125	1.6465774593835572	5	20	4	1	4.0
ssj408.2271.8023	3.2857142857142856	1.974384324990761	7	34	3	1	3.0
ssj142.933.3572	3.4285714285714284	0.8921039397320473	10	44	7	4	1.75
ssj223.1464.5317	1.75	1.453060057432152	5	12	1	1	1.0
ssj27.146.591	2.75	1.2038074877431768	5	16	2	2	1.0
ssj38.229.923	3.027027027027027	1.8491705441682649	6	44	7	3	2.3333333333333335
elexiswsd1.1082.sl.131901	2.25	1.404478183205328	5	15	2	1	2.0
ssj82.536.2038	2.789473684210526	1.6453141915967242	5	22	2	2	1.0
ssj233.1548.5601	1.5	0.49041462650586304	2	3	1	1	1.0
ssj373.2140.7611	3.5454545454545454	2.0281086340811223	7	41	6	1	6.0
elexiswsd1.62.sl.130876	2.625	1.3941685396039603	4	18	2	2	1.0
ssj234.1557.5627	3.3157894736842106	1.6598181034780186	13	45	4	1	4.0
ssj36.212.862	3.076923076923077	1.3098371285753914	9	36	3	1	3.0
ssj25.125.519	1.5	0.8369882167858357	3	6	1	1	1.0
elexiswsd1.804.sl.131622	2.235294117647059	1.3053810369178838	5	19	2	2	1.0
ssj47.319.1307	2.56	1.820723200439652	5	31	4	3	1.3333333333333333
ssj417.2324.8191	3.111111111111111	1.4088182347772074	6	32	4	2	2.0
ssj81.529.2002	2.0	1.3195286648076292	3	11	2	1	2.0
elexiswsd1.708.sl.131526	1.6666666666666667	1.189773067065087	3	8	1	1	1.0
ssj88.588.2215	2.142857142857143	0.21081502248076	4	10	2	1	2.0
ssj35.209.854	1.8333333333333333	0.8390500753777668	3	9	2	1	2.0
ssj204.1375.4985	2.625	1.5198257537444133	4	18	2	2	1.0
ssj92.610.2304	1.8181818181818181	1.29425781620351	5	13	1	1	1.0
ssj38.225.908	4.44	1.8357771382325399	8	33	3	1	3.0
ssj199.1336.4829	3.3846153846153846	1.1618466909421536	5	18	3	1	3.0
ssj400.2242.7919	2.0833333333333335	1.0577902941478545	5	15	2	2	1.0
ssj473.2564.9134	2.1	0.9586613461017003	6	16	2	1	2.0
ssj85.562.2144	1.9166666666666667	1.3965847149699009	4	15	2	1	2.0
elexiswsd1.171.sl.130987	1.7777777777777777	1.2163953243244932	4	11	1	1	1.0
ssj75.475.1781	3.076923076923077	0.5051181723583413	4	16	2	1	2.0
elexiswsd1.1321.sl.132142	2.1	0.9586613461017003	4	15	2	1	2.0
ssj193.1277.4619	3.2	1.2706164154221102	4	15	2	1	2.0
ssj325.1948.6926	3.1	0.7130376155658676	7	27	2	1	2.0
ssj198.1324.4783	2.607142857142857	1.8064596127825243	6	36	4	3	1.3333333333333333
ssj233.1545.5588	1.5	1.1835618070658083	5	11	1	1	1.0
ssj376.2164.7682	2.5625	1.3411907512693915	5	20	2	1	2.0
ssj172.1172.4272	2.0	0.3465735902799726	3	4	1	1	1.0
ssj206.1385.5024	4.634615384615385	1.5406809330495956	7	61	4	4	1.0
ssj377.2167.7687	2.789473684210526	0.9956726995315938	4	23	3	3	1.0
ssj18.75.297	1.875	1.1042592919774892	4	11	3	1	3.0
ssj133.848.3254	3.0714285714285716	0.19738587872932548	5	17	2	2	1.0
ssj378.2170.7704	3.4651162790697674	1.3310010481548298	8	50	4	3	1.3333333333333333
elexiswsd1.1073.sl.131892	2.111111111111111	1.5026904333349114	4	12	2	1	2.0
ssj294.1788.6347	2.0	0.8047189562170503	3	6	1	1	1.0
ssj81.530.2007	4.484848484848484	0.5941226587155781	11	79	9	5	1.8
ssj18.86.331	3.1463414634146343	1.4036928762547347	8	48	2	1	2.0
ssj161.1092.4063	2.48	1.900126988656395	7	26	4	2	2.0
ssj282.1741.6186	2.0	0.6608779199911599	4	8	1	1	1.0
ssj380.2174.7719	2.1666666666666665	0.46926343666051834	3	8	1	1	1.0
elexiswsd1.1309.sl.132129	2.3333333333333335	1.2242695028085626	3	11	1	1	1.0
ssj201.1348.4862	2.0714285714285716	0.9378637547163864	7	18	3	2	1.5
ssj373.2140.7612	2.6666666666666665	0.8109302162163288	4	17	3	1	3.0
elexiswsd1.673.sl.131491	2.0625	1.3555227024531369	8	20	2	1	2.0
ssj46.285.1144	2.4166666666666665	0.7066377349754991	6	16	3	1	3.0
ssj325.1948.6925	1.6666666666666667	0.9343602551820915	3	9	1	1	1.0
ssj98.629.2428	2.375	1.4171766582473135	6	18	2	1	2.0
elexiswsd1.945.sl.131764	2.1538461538461537	1.4881746005447578	5	16	2	1	2.0
ssj456.2512.8897	4.870967741935484	0.13370096991279487	7	39	3	2	1.5
ssj452.2493.8763	2.7916666666666665	1.9789947981590603	5	28	2	1	2.0
ssj77.502.1880	2.526315789473684	1.2386046384017153	6	22	3	2	1.5
ssj12.50.229	3.0161290322580645	2.27912162552068	10	68	5	2	2.5
ssj118.760.2864	2.2	0.9121413304668073	3	7	1	1	1.0
ssj384.2202.7803	1.5	1.1835618070658083	4	8	1	1	1.0
ssj142.947.3618	4.6	0.3747637569980263	5	14	2	1	2.0
ssj205.1380.5007	3.272727272727273	0.35989756102141846	4	14	2	2	1.0
ssj21.100.426	1.8	0.5635058815949039	3	7	1	1	1.0
elexiswsd1.857.sl.131675	2.6875	1.7517080682172146	5	19	3	1	3.0
elexiswsd1.664.sl.131482	2.4375	1.4682765117576821	4	19	2	1	2.0
ssj12.51.233	3.5675675675675675	0.8801485366599385	6	45	5	2	2.5
ssj449.2457.8593	1.8	0.9100794718748765	3	7	2	2	1.0
ssj6.32.110	3.2857142857142856	0.33267715198787506	4	11	2	1	2.0
elexiswsd1.307.sl.131123	2.4545454545454546	1.620534708000856	5	26	3	2	1.5
elexiswsd1.1617.sl.132442	2.4210526315789473	1.281164252820511	6	22	3	2	1.5
ssj147.1013.3814	3.7	1.634719196074899	5	26	3	1	3.0
ssj252.1614.5845	2.0	1.0074515102711326	4	7	1	1	1.0
ssj465.2535.9007	2.0	0.11157177565710491	3	8	2	1	2.0
ssj201.1353.4882	2.5	0.7843079589569226	4	13	2	1	2.0
ssj92.610.2302	2.2857142857142856	1.2975690478402115	5	19	3	2	1.5
ssj6.35.159	2.1666666666666665	0.1226898463805457	3	9	2	1	2.0
ssj144.975.3711	8.012658227848101	0.10370135655635603	10	111	1	1	1.0
ssj310.1863.6602	1.875	1.1042592919774892	4	10	1	1	1.0
ssj6.34.148	2.230769230769231	1.1732753867657764	5	17	3	3	1.0
ssj402.2249.7943	1.0	0.0	2	3	1	1	1.0
ssj47.313.1270	2.142857142857143	1.45326834737476	5	16	1	1	1.0
ssj74.466.1750	4.0625	0.3310694037440075	6	39	6	4	1.5
ssj243.1589.5760	3.04	0.49758039701597007	8	29	5	4	1.25
ssj38.231.929	2.6153846153846154	1.6750886121272486	5	16	3	1	3.0
ssj144.985.3728	2.4	0.8251299534771779	4	13	2	1	2.0
ssj479.2584.9231	2.9166666666666665	0.17201191319258682	4	15	3	2	1.5
ssj82.534.2029	2.125	1.1818287030775654	6	19	3	1	3.0
ssj206.1384.5019	2.8846153846153846	1.5426117680235694	5	30	2	2	1.0
ssj268.1699.6060	2.5625	1.8316053777752546	9	37	3	2	1.5
ssj234.1555.5625	2.4444444444444446	0.754100556980068	9	32	6	2	3.0
ssj93.618.2344	2.4	1.3744360978112327	5	18	2	1	2.0
ssj115.717.2693	1.6666666666666667	1.078201291407982	3	8	1	1	1.0
ssj255.1640.5899	2.55	1.5347278521343175	4	26	1	1	1.0
ssj370.2115.7517	4.181818181818182	1.0506761914392293	3	14	1	1	1.0
elexiswsd1.161.sl.130977	2.2777777777777777	1.9760106706910443	4	21	2	1	2.0
ssj184.1223.4443	2.9	1.406110474312224	9	23	3	1	3.0
ssj18.75.292	1.8888888888888888	1.3585032565621407	4	13	1	1	1.0
ssj206.1389.5042	4.071428571428571	1.0668272730853607	5	36	3	3	1.0
ssj445.2430.8526	2.3	1.4696759700589417	7	24	2	1	2.0
ssj423.2350.8277	1.9375	1.2742020232085804	7	19	2	1	2.0
ssj358.2066.7313	2.0714285714285716	1.284437344996359	5	16	1	1	1.0
ssj208.1395.5061	2.6666666666666665	2.121449628272619	9	53	4	2	2.0
ssj144.969.3692	1.4	1.017552863929892	4	7	1	1	1.0
ssj142.932.3568	3.0869565217391304	1.3364411814664365	5	28	4	2	2.0
ssj142.936.3581	1.0	0.0	2	3	1	1	1.0
ssj195.1320.4765	2.3043478260869565	1.5376683665586528	6	30	2	2	1.0
ssj203.1360.4924	2.9375	1.1134544378666635	6	22	1	1	1.0
ssj299.1815.6427	2.2	0.9121413304668073	3	7	1	1	1.0
ssj6.34.152	2.625	0.8793588310133812	3	11	2	1	2.0
ssj418.2332.8223	3.0	1.3195286648076292	5	22	3	2	1.5
elexiswsd1.1105.sl.131924	2.1	1.5079674904357552	5	12	1	1	1.0
ssj299.1815.6429	2.75	1.0355713694325706	5	25	4	2	2.0
ssj93.612.2316	3.388888888888889	0.917830953230881	6	22	1	1	1.0
ssj116.735.2773	2.5	0.5815754049028404	2	6	1	1	1.0
ssj73.459.1730	n/a	n/a	2	3	1	1	1.0
ssj102.657.2508	3.2857142857142856	1.7189715131077656	6	31	3	2	1.5
ssj144.964.3676	2.7241379310344827	1.3746430730726347	8	35	2	1	2.0
ssj226.1472.5361	6.166666666666667	0.11855975258509172	7	36	4	2	2.0
ssj36.214.886	2.0833333333333335	0.5084841498137996	5	14	1	1	1.0
ssj192.1260.4564	2.6153846153846154	1.8189296483531392	6	31	4	3	1.3333333333333333
elexiswsd1.292.sl.131108	2.5833333333333335	1.5758474489276226	6	17	1	1	1.0
elexiswsd1.1177.sl.131996	2.272727272727273	1.6204204092233552	4	14	2	1	2.0
ssj3.7.22	2.090909090909091	1.4343037677960628	4	13	1	1	1.0
ssj214.1417.5153	1.3333333333333333	0.6081976621622466	3	5	1	1	1.0
ssj315.1890.6733	3.2941176470588234	1.264189096189093	6	20	2	1	2.0
ssj301.1831.6480	1.75	1.02941112723855	7	15	2	1	2.0
ssj367.2098.7439	2.903225806451613	2.2802194054081952	7	37	2	1	2.0
elexiswsd1.246.sl.000000	4.5	1.092401028668831	5	16	2	1	2.0
ssj242.1583.5726	2.411764705882353	0.5362479493800165	6	19	3	2	1.5
ssj46.286.1147	2.230769230769231	1.6790758426050163	5	15	1	1	1.0
elexiswsd1.661.sl.131479	2.5714285714285716	1.068214236526723	3	9	1	1	1.0
ssj294.1790.6350	2.0	0.8291140383017661	3	9	1	1	1.0
elexiswsd1.1488.sl.132313	2.090909090909091	1.1544958738283515	4	15	3	1	3.0
ssj35.207.830	3.185185185185185	1.182555183312931	7	33	4	3	1.3333333333333333
elexiswsd1.436.sl.131252	2.1333333333333333	1.4010583550706388	4	18	2	2	1.0
ssj440.2414.8483	1.9333333333333333	1.244085616000896	7	19	4	1	4.0
ssj359.2072.7335	3.3043478260869565	1.894769202469105	7	28	6	2	3.0
ssj484.2606.9276	1.0	0.0	2	3	1	1	1.0
ssj325.1930.6865	1.4444444444444444	1.2801936528768472	5	11	2	1	2.0
ssj36.215.887	2.1818181818181817	1.2235080350666605	4	13	1	1	1.0
elexiswsd1.801.sl.131619	2.5384615384615383	1.04406365528577	5	16	3	2	1.5
ssj192.1256.4556	2.56	1.016004244222602	6	28	3	2	1.5
ssj242.1585.5745	2.4210526315789473	1.6866293609286753	6	22	2	1	2.0
ssj312.1876.6652	2.0952380952380953	1.75554909719453	7	25	2	2	1.0
ssj470.2554.9099	3.142857142857143	1.0702760951186543	4	19	2	2	1.0
ssj168.1150.4227	2.3461538461538463	1.1228445331388843	11	29	2	1	2.0
ssj328.1963.6985	2.8	1.2202854179839744	7	35	4	2	2.0
ssj370.2129.7576	1.5	1.0397207708399179	4	8	1	1	1.0
ssj3.4.15	2.857142857142857	1.0217452386970887	7	29	4	2	2.0
ssj139.888.3411	3.0689655172413794	1.1116135195816261	7	36	5	4	1.25
elexiswsd1.809.sl.131627	2.0	1.3940464543878732	6	16	2	1	2.0
ssj208.1394.5057	2.3333333333333335	0.5978880185608786	3	9	2	1	2.0
ssj82.538.2052	3.5925925925925926	1.4676566091712204	6	33	3	2	1.5
ssj349.2036.7212	2.0	0.20273255405408205	3	8	2	2	1.0
elexiswsd1.598.sl.131415	2.2	0.01626159585277994	3	7	1	1	1.0
ssj166.1138.4200	3.0	2.0759572070217893	5	29	4	1	4.0
ssj449.2461.8604	4.7272727272727275	0.19490533495018322	4	19	1	1	1.0
elexiswsd1.496.sl.131313	2.2222222222222223	1.339825363290256	3	11	1	1	1.0
ssj73.461.1737	1.8181818181818181	1.4058295918606152	5	14	2	1	2.0
elexiswsd1.1582.sl.132407	2.1052631578947367	1.2770851589697794	7	22	2	1	2.0
ssj455.2505.8832	2.8214285714285716	1.4335778690128345	7	33	3	2	1.5
ssj464.2529.8979	2.769230769230769	1.3625173864043048	6	18	2	1	2.0
elexiswsd1.539.sl.131356	3.1052631578947367	1.0322682054038868	4	22	1	1	1.0
ssj221.1458.5289	2.142857142857143	1.2505357933206778	6	17	2	2	1.0
ssj73.463.1743	2.4814814814814814	1.634942414229555	6	31	2	1	2.0
ssj141.901.3454	2.111111111111111	1.156116843054939	4	11	1	1	1.0
ssj255.1641.5908	3.5	0.3362639466786047	5	27	3	2	1.5
ssj211.1400.5087	2.75	1.657168128172179	6	20	2	1	2.0
ssj242.1585.5744	2.9545454545454546	1.5018971809817545	11	53	7	4	1.75
ssj312.1877.6677	1.5555555555555556	1.4614984926061207	4	11	1	1	1.0
ssj193.1271.4603	1.3333333333333333	0.6081976621622466	2	5	1	1	1.0
ssj29.177.711	2.2857142857142856	1.5003016018942936	7	24	2	2	1.0
ssj111.698.2631	1.8333333333333333	1.1856236656577395	3	8	1	1	1.0
ssj142.961.3664	2.292682926829268	1.5763694621205129	13	48	5	2	2.5
ssj296.1806.6395	2.074074074074074	1.8913586827990012	8	31	3	1	3.0
ssj53.337.1377	3.0	0.6496414920651304	8	40	6	3	2.0
ssj112.707.2659	6.1875	0.11306937755913675	4	28	1	1	1.0
ssj434.2395.8406	2.7777777777777777	1.049916115663785	3	11	1	1	1.0
ssj42.257.1029	n/a	n/a	2	2	1	1	1.0
ssj344.2011.7143	2.9310344827586206	1.30143966904934	6	33	2	1	2.0
ssj424.2355.8283	4.0	0.40546510810816444	6	14	2	1	2.0
ssj82.537.2043	3.4074074074074074	1.6644200468514534	5	32	3	1	3.0
ssj310.1866.6622	2.5714285714285716	1.617520380860778	5	19	2	1	2.0
ssj61.377.1507	2.111111111111111	0.3513978868378886	5	11	2	2	1.0
ssj199.1331.4810	3.272727272727273	0.9092037053554732	5	27	3	2	1.5
ssj126.805.3041	3.0625	0.26706278524904525	8	20	2	1	2.0
ssj54.339.1383	3.1904761904761907	2.3181025399082413	10	47	3	1	3.0
ssj409.2275.8030	3.736842105263158	1.3529262281075307	5	22	2	1	2.0
ssj81.531.2012	2.272727272727273	1.1826860405464052	3	14	2	2	1.0
ssj64.406.1572	1.875	1.3840671859452005	5	10	1	1	1.0
ssj103.667.2541	2.5454545454545454	1.5841670638299812	4	19	4	1	4.0
elexiswsd1.498.sl.131315	1.25	1.1631508098056809	3	6	1	1	1.0
ssj451.2478.8693	2.923076923076923	1.59613223758581	6	17	2	1	2.0
ssj384.2191.7776	2.3333333333333335	1.291035199120824	5	14	2	2	1.0
ssj27.150.625	2.7058823529411766	1.775203720146334	5	20	3	2	1.5
ssj130.823.3102	2.2	1.1675541423498028	3	13	2	1	2.0
ssj144.993.3753	4.24	0.8580218237501792	5	31	3	2	1.5
ssj102.660.2526	3.066666666666667	1.2063889796918768	4	21	2	2	1.0
ssj228.1514.5503	2.4166666666666665	0.9093702890295814	4	15	3	2	1.5
elexiswsd1.1160.sl.131979	2.8333333333333335	1.2996117387339488	4	21	2	2	1.0
elexiswsd1.919.sl.131738	2.409090909090909	1.5621515010993794	6	25	3	2	1.5
ssj84.556.2117	1.4	1.017552863929892	3	7	1	1	1.0
ssj288.1768.6288	3.0	0.10033534773107555	4	14	2	1	2.0
ssj375.2154.7646	2.111111111111111	1.5938512117318888	6	21	3	2	1.5
ssj166.1142.4210	2.2857142857142856	1.5914623802912713	5	17	1	1	1.0
ssj479.2584.9228	2.2857142857142856	1.0421562359572163	3	12	2	2	1.0
ssj362.2083.7383	3.3658536585365852	0.6431044148992571	10	52	6	3	2.0
ssj247.1598.5794	2.972972972972973	1.4090436837338658	7	42	6	3	2.0
ssj404.2255.7960	2.951219512195122	1.467714735019666	9	48	8	5	1.6
elexiswsd1.714.sl.131532	1.9285714285714286	1.355896308978504	6	17	2	1	2.0
ssj6.35.168	3.0714285714285716	1.3486784252263484	6	33	5	3	1.6666666666666667
ssj36.213.873	2.2	1.3357902606604093	3	12	1	1	1.0
ssj1.1.1	2.111111111111111	1.5938512117318888	7	24	4	2	2.0
ssj355.2058.7273	2.076923076923077	1.356306126405026	5	16	2	2	1.0
ssj406.2266.7995	2.9473684210526314	2.2601415871561956	12	68	9	3	3.0
ssj53.337.1378	2.814814814814815	0.9595955490001352	7	31	3	3	1.0
ssj99.639.2459	2.6363636363636362	1.3808396257081046	6	27	6	2	3.0
ssj192.1261.4568	3.2580645161290325	1.5088153644141165	6	37	5	2	2.5
ssj284.1744.6199	1.8571428571428572	0.3539158661214333	4	10	1	1	1.0
ssj343.2005.7125	2.9696969696969697	1.2091000078632033	8	40	1	1	1.0
ssj131.826.3147	3.3636363636363638	0.958880071080988	4	15	2	1	2.0
ssj201.1357.4909	1.5	0.2876820724517809	3	5	1	1	1.0
elexiswsd1.1474.sl.132299	2.0	1.3195286648076292	3	10	1	1	1.0
elexiswsd1.920.sl.131739	1.5	1.0397207708399179	4	8	1	1	1.0
ssj177.1195.4347	2.2	0.9121413304668073	5	19	3	2	1.5
ssj111.698.2634	2.1666666666666665	1.5089842075004363	4	14	1	1	1.0
ssj445.2429.8519	2.1333333333333333	1.6949516875216981	5	17	2	2	1.0
ssj282.1741.6190	2.7	0.8511879540466848	4	14	2	1	2.0
ssj110.689.2601	3.5714285714285716	0.739710169554687	4	9	1	1	1.0
ssj3.7.23	2.0	1.3195286648076292	3	10	1	1	1.0
ssj80.523.1973	3.260869565217391	0.935059354691469	6	29	3	2	1.5
ssj300.1826.6469	3.8983050847457625	1.4829458131524338	9	66	4	2	2.0
ssj38.231.930	3.0952380952380953	0.7389699769694701	6	24	3	2	1.5
ssj411.2282.8046	1.5714285714285714	1.214117131344545	3	9	1	1	1.0
ssj18.83.318	2.6153846153846154	1.014210692136089	4	16	2	2	1.0
ssj157.1070.3988	1.4285714285714286	1.165586274922979	5	9	1	1	1.0
ssj29.174.704	3.0714285714285716	2.1918779020114627	9	36	3	1	3.0
elexiswsd1.1525.sl.132350	2.176470588235294	1.8813554283341	6	19	1	1	1.0
ssj482.2602.9269	3.3846153846153846	1.4495287633939344	4	20	2	2	1.0
ssj36.213.872	2.25	0.6869359205606668	3	6	1	1	1.0
ssj142.954.3643	1.9	1.2025858408845735	5	13	2	1	2.0
ssj358.2067.7316	1.5	0.8369882167858357	3	6	1	1	1.0
elexiswsd1.96.sl.130912	3.076923076923077	1.357492218477554	5	15	1	1	1.0
ssj27.148.600	2.272727272727273	1.1826860405464052	4	14	1	1	1.0
ssj193.1300.4699	1.0	0.34657359027997275	2	3	1	1	1.0
ssj34.199.804	2.0652173913043477	2.2288059739730195	18	51	3	1	3.0
ssj193.1271.4600	2.76	1.398926188922092	8	30	5	1	5.0
ssj191.1249.4536	2.0	1.545521226679158	4	17	3	2	1.5
ssj225.1469.5344	3.08	1.8385334159997224	6	28	3	1	3.0
ssj172.1173.4273	2.0	1.242453324894	5	15	2	1	2.0
elexiswsd1.655.sl.131473	1.8333333333333333	0.9828911116036572	4	9	1	1	1.0
ssj147.1015.3817	2.0	0.8958797346140274	3	11	2	2	1.0
ssj438.2406.8454	3.391304347826087	1.6660611620117622	5	28	4	2	2.0
ssj114.714.2681	1.6	0.6812889172512874	3	7	1	1	1.0
ssj425.2367.8323	2.1666666666666665	0.46926343666051834	3	8	1	1	1.0
ssj144.973.3701	4.051282051282051	1.237466392384553	7	50	5	5	1.0
ssj325.1930.6871	2.2857142857142856	1.5914623802912713	6	24	4	3	1.3333333333333333
ssj1.1.7	2.5833333333333335	1.1892525048108817	4	15	2	1	2.0
elexiswsd1.954.sl.131773	2.0	1.8220717801362725	5	20	2	2	1.0
ssj1.1.4	2.0	0.20273255405408205	3	8	2	2	1.0
ssj28.169.679	1.8888888888888888	1.613916068445136	6	20	1	1	1.0
ssj82.544.2073	1.6666666666666667	1.2809338454620642	5	11	1	1	1.0
ssj194.1310.4730	1.0	0.0	2	2	1	1	1.0
ssj166.1141.4206	2.8181818181818183	0.7121618490464644	4	14	2	1	2.0
ssj126.807.3047	2.1	1.1025023823275908	4	14	3	2	1.5
ssj265.1679.6013	3.0384615384615383	1.4135766891792292	5	30	3	3	1.0
ssj116.740.2792	2.8181818181818183	1.4453303834431779	4	15	1	1	1.0
ssj451.2488.8741	3.0	0.8047189562170503	7	18	2	1	2.0
ssj29.178.720	2.9310344827586206	1.5812475630170513	9	36	3	1	3.0
ssj139.888.3409	2.0555555555555554	1.529358680417073	6	22	1	1	1.0
elexiswsd1.756.sl.131574	1.7692307692307692	1.5166487764802057	5	15	1	1	1.0
ssj293.1784.6336	2.125	1.1818287030775654	3	10	1	1	1.0
ssj279.1729.6123	3.125	0.24686007793152578	5	19	2	2	1.0
ssj263.1673.6001	2.727272727272727	1.5151741923430297	5	25	3	2	1.5
ssj193.1296.4682	2.8	0.7480546135635487	3	12	2	2	1.0
ssj88.582.2200	3.966666666666667	1.4739651258787265	6	36	3	2	1.5
ssj30.183.735	2.5	1.1631508098056809	6	22	3	1	3.0
ssj414.2310.8139	2.0	1.0986122886681098	3	8	1	1	1.0
ssj315.1885.6708	1.625	1.1035190993922719	4	11	2	1	2.0
ssj75.477.1796	1.8	0.9100794718748765	3	7	1	1	1.0
ssj44.267.1067	3.2758620689655173	0.8436404436591429	9	36	5	2	2.5
ssj364.2087.7402	2.5	0.5815754049028404	2	6	1	1	1.0
ssj144.985.3727	2.5555555555555554	0.5069162403551519	6	24	5	3	1.6666666666666667
ssj82.545.2077	2.0	0.34657359027997275	3	7	2	1	2.0
ssj46.296.1195	2.0	1.3013448427221919	3	14	2	2	1.0
elexiswsd1.315.sl.131131	2.6666666666666665	1.4373117004640128	5	21	1	1	1.0
elexiswsd1.1112.sl.131931	1.6666666666666667	0.38505411084803665	4	8	1	1	1.0
ssj27.155.637	3.0303030303030303	1.188897300545684	7	41	3	3	1.0
ssj373.2144.7623	3.409090909090909	1.3587963373410814	6	27	2	1	2.0
ssj6.36.175	3.8333333333333335	0.7945983128069328	3	13	2	2	1.0
ssj221.1456.5280	1.5	0.49041462650586304	2	4	1	1	1.0
elexiswsd1.430.sl.131246	2.411764705882353	1.8557766141876457	4	19	1	1	1.0
ssj451.2484.8719	2.4	0.275823809143123	3	8	2	1	2.0
ssj166.1138.4197	1.5714285714285714	1.0702760951186543	3	9	1	1	1.0
ssj252.1624.5863	2.6551724137931036	1.256444467460082	7	35	5	3	1.6666666666666667
ssj370.2130.7581	2.0	0.5493061443340547	3	8	1	1	1.0
ssj243.1591.5769	3.0	1.8009340385621533	5	28	3	1	3.0
ssj201.1347.4859	3.111111111111111	1.8992328612830707	6	43	4	2	2.0
ssj226.1504.5476	2.7222222222222223	1.54234962740173	5	22	2	1	2.0
ssj82.543.2067	2.6842105263157894	1.2895517922423851	8	24	5	2	2.5
ssj366.2097.7436	1.1666666666666667	1.4348762353467144	4	8	1	1	1.0
ssj225.1468.5340	2.0	1.0074515102711326	5	13	2	1	2.0
ssj61.379.1518	1.8	0.2169322913149312	4	7	1	1	1.0
ssj68.424.1617	2.3684210526315788	1.5058757135933685	5	23	3	2	1.5
ssj154.1052.3943	2.739130434782609	1.9767132695303	7	27	4	1	4.0
ssj142.922.3523	2.6	0.8889282820295318	8	24	5	2	2.5
ssj402.2248.7937	2.576923076923077	1.375599368201202	6	30	4	3	1.3333333333333333
ssj121.780.2959	3.3	1.1086626245216114	3	13	1	1	1.0
elexiswsd1.218.sl.131034	3.0	0.6019864021629681	2	7	1	1	1.0
ssj226.1476.5383	2.0	1.46559687620821	5	17	3	3	1.0
ssj310.1867.6628	2.7222222222222223	1.5950298852306433	5	21	1	1	1.0
ssj449.2459.8597	3.0555555555555554	1.2241041862258037	6	22	3	1	3.0
ssj71.450.1711	2.8333333333333335	0.20099945006583894	3	9	2	1	2.0
ssj228.1522.5520	2.0	1.354025100551105	4	15	2	2	1.0
elexiswsd1.191.sl.131007	2.0625	1.2116816662272465	5	19	2	1	2.0
ssj216.1436.5203	n/a	n/a	2	3	1	1	1.0
ssj85.564.2148	2.6470588235294117	0.44315752631400435	5	22	4	2	2.0
ssj36.215.889	2.6666666666666665	1.5440987506130424	5	16	3	2	1.5
elexiswsd1.321.sl.131137	2.4705882352941178	1.408030132414983	4	19	1	1	1.0
ssj223.1464.5323	2.0	0.34657359027997275	5	11	1	1	1.0
ssj370.2122.7549	2.4285714285714284	1.4719462406466446	4	19	2	1	2.0
ssj459.2521.8948	3.3333333333333335	1.9277263269698757	6	26	1	1	1.0
ssj156.1064.3972	2.9565217391304346	1.9289194976657003	5	26	3	1	3.0
ssj27.140.558	2.6153846153846154	0.8703696559101987	5	18	1	1	1.0
ssj81.529.1999	3.0	1.1835618070658083	5	19	4	2	2.0
elexiswsd1.1233.sl.132052	1.8	1.2566530621548493	4	14	4	2	2.0
ssj292.1779.6317	3.8035714285714284	1.6496904449209555	10	67	7	4	1.75
ssj433.2390.8388	1.6666666666666667	1.5363466573450595	6	14	1	1	1.0
ssj342.2001.7104	1.7272727272727273	1.2017100743651703	6	15	2	1	2.0
ssj93.619.2348	1.7142857142857142	1.2386775300120199	3	9	1	1	1.0
ssj131.826.3137	2.1666666666666665	0.9274088025975961	3	8	1	1	1.0
ssj15.64.261	2.6451612903225805	1.293567703797521	8	36	4	2	2.0
ssj160.1078.4027	3.5	0.5596157879354227	4	10	1	1	1.0
ssj440.2415.8487	1.0	0.0	2	3	1	1	1.0
ssj203.1361.4935	1.8333333333333333	1.0944628872607622	3	9	2	2	1.0
ssj91.606.2281	3.0	1.4166066720281079	6	21	4	2	2.0
elexiswsd1.729.sl.131547	2.1818181818181817	1.2235080350666605	4	13	1	1	1.0
ssj168.1150.4226	2.4761904761904763	1.5114196726177347	7	28	4	2	2.0
ssj277.1722.6115	2.7142857142857144	1.4196121233646117	4	18	1	1	1.0
ssj136.882.3385	1.6	1.5771686518653147	5	12	1	1	1.0
elexiswsd1.228.sl.131044	2.0	0.8047189562170503	4	12	2	2	1.0
ssj120.774.2927	3.5	1.4062970284267402	4	18	2	2	1.0
ssj226.1499.5447	3.259259259259259	1.7859471493359167	6	32	1	1	1.0
ssj156.1060.3958	2.0	1.7482537807332401	6	14	1	1	1.0
ssj226.1483.5401	2.7916666666666665	1.3671070823480027	6	27	2	1	2.0
ssj331.1973.7011	2.090909090909091	0.8079222835483788	6	15	3	1	3.0
ssj426.2370.8334	2.5	1.8484238118815566	7	34	4	4	1.0
ssj220.1448.5244	2.1578947368421053	1.6760414765730096	7	21	3	2	1.5
ssj46.287.1153	1.95	1.1766103544813127	10	24	5	1	5.0
ssj182.1220.4437	1.7142857142857142	1.2386775300120199	4	9	2	1	2.0
elexiswsd1.1391.sl.132213	2.0	1.0074515102711326	4	9	1	1	1.0
elexiswsd1.17.sl.130830	2.076923076923077	1.2447343507479212	5	16	2	1	2.0
elexiswsd1.202.sl.131018	2.2142857142857144	1.3293177461547918	5	18	3	3	1.0
ssj82.538.2047	3.1379310344827585	2.0379503752398564	6	36	3	1	3.0
ssj344.2009.7138	1.8888888888888888	1.4355785964757697	4	11	1	1	1.0
elexiswsd1.388.sl.131204	3.6153846153846154	1.9917684577643837	7	30	4	3	1.3333333333333333
elexiswsd1.106.sl.130922	2.5714285714285716	0.9243732003008327	3	9	1	1	1.0
ssj195.1318.4758	2.3529411764705883	1.6006613328103059	6	21	3	1	3.0
elexiswsd1.1194.sl.132013	2.0	1.242453324894	5	19	2	2	1.0
ssj61.372.1493	1.5	0.49041462650586304	5	8	2	2	1.0
ssj256.1647.5923	2.764705882352941	0.39967241437426554	7	24	4	2	2.0
ssj126.810.3051	3.0	0.4469089380110482	4	26	4	4	1.0
elexiswsd1.871.sl.131690	1.4	1.1613939001557827	3	7	1	1	1.0
ssj344.2009.7139	2.55	1.4576525122206883	5	23	2	1	2.0
ssj242.1583.5720	4.0	0.40546510810816444	5	14	2	2	1.0
ssj443.2424.8504	5.0	1.915189508193818	6	43	3	1	3.0
ssj45.278.1125	1.75	0.13353139262452263	3	7	1	1	1.0
ssj226.1473.5363	2.8636363636363638	1.533149724485859	6	28	3	1	3.0
ssj470.2551.9082	2.392857142857143	1.4867613264317852	8	33	5	3	1.6666666666666667
ssj433.2391.8390	2.782608695652174	1.5173133150617093	6	28	2	2	1.0
ssj85.561.2139	2.6153846153846154	1.563516836470144	4	16	2	1	2.0
ssj213.1414.5138	1.6	1.02786250753126	3	7	1	1	1.0
ssj152.1038.3884	1.8888888888888888	1.3585032565621407	4	11	1	1	1.0
ssj354.2055.7266	2.6666666666666665	1.0663430280993242	5	14	3	2	1.5
ssj287.1762.6257	3.142857142857143	0.37712891455870895	5	24	3	3	1.0
ssj68.424.1614	3.3333333333333335	1.2809338454620642	6	32	4	1	4.0
ssj116.734.2763	2.0	0.5493061443340547	2	5	1	1	1.0
ssj350.2042.7220	5.5	1.2653375341217905	6	27	3	2	1.5
ssj325.1937.6890	3.5142857142857142	1.8033124155924714	5	39	4	2	2.0
ssj152.1035.3871	2.761904761904762	0.5063406460387151	5	27	6	2	3.0
ssj469.2547.9044	2.5555555555555554	0.7096487944092343	4	12	2	2	1.0
ssj44.268.1071	2.7083333333333335	1.3974124318433314	6	28	3	2	1.5
ssj3.4.14	2.5714285714285716	0.3750670559667778	4	10	2	2	1.0
elexiswsd1.758.sl.131576	2.75	0.7801585575495751	5	15	2	1	2.0
ssj142.929.3549	1.0	0.0	2	3	1	1	1.0
ssj367.2098.7443	3.4	1.2470457796825365	6	40	3	1	3.0
elexiswsd1.1585.sl.132410	1.875	0.41111211141754395	5	10	1	1	1.0
ssj133.872.3344	2.75	0.4862652250985156	6	25	4	3	1.3333333333333333
ssj243.1587.5750	2.8620689655172415	1.181409281517168	8	37	4	2	2.0
ssj95.623.2379	3.238095238095238	0.3472759514090277	5	25	2	1	2.0
elexiswsd1.999.sl.131818	2.0	1.7005986908310777	7	23	1	1	1.0
elexiswsd1.1175.sl.131994	2.0	1.3013448427221919	4	11	1	1	1.0
ssj5.30.96	3.189189189189189	1.68541301534059	9	43	6	2	3.0
ssj46.308.1255	1.9090909090909092	1.1016266158081875	5	14	2	1	2.0
ssj225.1469.5353	2.6	1.2355018723095044	5	23	3	2	1.5
ssj59.358.1436	2.6666666666666665	0.08494951839769874	3	9	2	1	2.0
ssj166.1142.4211	2.3703703703703702	1.3341783599808767	7	31	3	2	1.5
elexiswsd1.627.sl.131444	2.1	1.5606477482646683	4	13	2	1	2.0
ssj118.747.2815	2.1818181818181817	1.1119362594095554	4	13	2	2	1.0
ssj165.1133.4177	2.875	2.3058635461612904	7	40	5	2	2.5
ssj360.2080.7362	2.2916666666666665	1.5644665165064977	6	27	4	3	1.3333333333333333
elexiswsd1.1384.sl.132206	1.2	1.4271163556401458	4	7	1	1	1.0
ssj455.2506.8844	2.5714285714285716	0.7216406462467505	4	17	1	1	1.0
ssj377.2167.7688	2.1538461538461537	0.5152195260171013	7	17	1	1	1.0
ssj289.1770.6294	2.25	1.380083101120612	5	11	2	1	2.0
ssj376.2162.7676	2.3333333333333335	1.7491805650579015	5	21	4	1	4.0
ssj281.1739.6173	1.9230769230769231	1.4332671675411546	5	17	1	1	1.0
ssj141.900.3446	2.9411764705882355	1.4364092993242876	5	22	3	1	3.0
ssj380.2174.7724	3.0588235294117645	1.1944560321169244	7	21	3	1	3.0
ssj131.829.3172	2.388888888888889	1.77330515754987	6	23	5	1	5.0
ssj12.46.204	3.3333333333333335	0.587786664902119	6	15	2	1	2.0
elexiswsd1.623.sl.131440	2.625	1.317093199690331	8	28	5	1	5.0
ssj42.258.1032	2.9565217391304346	2.0931715311517185	8	28	3	1	3.0
ssj471.2557.9113	1.6111111111111112	1.772980763074823	9	21	2	1	2.0
ssj469.2543.9030	3.8	1.3618127064438408	4	26	3	3	1.0
ssj340.1985.7050	3.6666666666666665	0.8390500753777668	4	24	3	2	1.5
ssj95.621.2371	2.3333333333333335	1.0883026450667417	5	15	4	2	2.0
ssj54.343.1393	2.823529411764706	1.4183397760163512	5	19	2	2	1.0
ssj115.718.2698	2.9722222222222223	2.1190562452503667	7	44	7	3	2.3333333333333335
ssj46.305.1230	2.875	1.1349606430876271	4	12	3	1	3.0
ssj469.2547.9057	3.9411764705882355	0.9410071313073854	7	22	3	1	3.0
ssj193.1289.4661	1.875	1.4508328822574619	3	10	1	1	1.0
ssj161.1088.4055	1.4	1.1613939001557827	6	12	1	1	1.0
ssj18.75.298	1.2	1.1717035437571504	4	7	1	1	1.0
ssj5.20.73	4.84	0.03252319170556006	8	32	5	2	2.5
ssj6.32.114	4.703703703703703	1.072523287075559	6	34	5	3	1.6666666666666667
ssj456.2510.8883	2.642857142857143	1.5901214066726637	8	33	3	2	1.5
ssj119.773.2926	4.2	0.7236595314788327	6	35	2	1	2.0
ssj142.918.3506	1.6	1.02786250753126	3	7	1	1	1.0
ssj46.306.1246	2.2222222222222223	0.300104592450338	4	12	2	2	1.0
elexiswsd1.663.sl.131481	2.727272727272727	0.8887927080953458	4	15	1	1	1.0
ssj160.1077.4025	2.466666666666667	1.4908781598490086	6	19	6	2	3.0
ssj20.88.353	1.8	1.1128120259289587	5	13	2	1	2.0
ssj270.1703.6066	2.4285714285714284	0.7787990600866994	3	10	2	2	1.0
ssj63.394.1556	3.5853658536585367	1.6196462841176433	9	50	5	2	2.5
ssj352.2050.7249	2.5	0.23500181462286784	4	12	2	2	1.0
elexiswsd1.757.sl.131575	2.0833333333333335	1.0577902941478545	5	15	2	1	2.0
ssj38.230.927	2.142857142857143	1.3621075689777828	4	12	2	1	2.0
ssj116.735.2774	2.5	1.2220423276338725	4	15	2	2	1.0
ssj360.2075.7348	n/a	n/a	2	3	1	1	1.0
ssj287.1763.6265	2.7142857142857144	0.32099983469650206	7	20	4	3	1.3333333333333333
elexiswsd1.676.sl.131494	1.0	1.242453324894	3	6	1	1	1.0
ssj44.264.1058	n/a	n/a	2	3	1	1	1.0
ssj379.2172.7713	1.3333333333333333	0.6081976621622466	3	5	1	1	1.0
ssj27.159.653	1.5	0.6342556627317537	3	6	1	1	1.0
ssj84.555.2110	2.380952380952381	1.8060531976540113	6	25	2	1	2.0
ssj100.640.2461	2.1	1.6518085266616456	6	23	1	1	1.0
ssj101.650.2486	2.6666666666666665	1.412916618379297	6	28	3	1	3.0
elexiswsd1.1253.sl.132072	2.5454545454545454	1.1605181336363795	5	13	1	1	1.0
ssj76.498.1867	3.1818181818181817	1.0812156185480601	6	26	3	1	3.0
ssj228.1516.5507	3.6666666666666665	0.749976839796206	4	8	1	1	1.0
ssj186.1231.4469	2.888888888888889	1.7038425830704491	5	22	3	2	1.5
ssj417.2329.8214	2.5384615384615383	1.2467962093398526	4	16	2	2	1.0
ssj277.1714.6092	1.6	1.3744360978112327	5	12	1	1	1.0
ssj178.1201.4386	3.129032258064516	1.1255759725583914	8	38	7	3	2.3333333333333335
ssj215.1429.5180	1.875	1.3069918460315713	3	10	1	1	1.0
ssj249.1603.5826	1.6666666666666667	0.038480520568064065	3	5	1	1	1.0
ssj295.1803.6386	3.3333333333333335	1.3209551992988324	8	47	5	2	2.5
ssj15.65.265	1.9444444444444444	1.75316464988249	6	20	1	1	1.0
elexiswsd1.87.sl.130902	1.7142857142857142	0.9832647181290245	4	9	1	1	1.0
ssj449.2461.8605	2.272727272727273	1.2738468189433825	8	26	3	2	1.5
ssj40.240.960	1.5	0.8369882167858357	3	6	1	1	1.0
ssj376.2165.7685	2.0833333333333335	1.4814392243414563	4	14	2	2	1.0
ssj13.52.235	3.09375	1.7547765505620228	7	36	3	2	1.5
ssj226.1476.5382	1.9090909090909092	1.7036130179711557	8	25	2	1	2.0
ssj287.1757.6247	2.0	1.583791265240325	5	22	2	2	1.0
ssj243.1591.5767	2.0	0.8523740461192127	7	14	1	1	1.0
elexiswsd1.922.sl.131741	3.0	1.815860520136994	5	24	2	1	2.0
ssj36.212.863	2.857142857142857	1.2426616148366083	5	18	1	1	1.0
ssj182.1217.4433	2.6666666666666665	1.412916618379297	3	15	1	1	1.0
ssj198.1326.4797	2.8857142857142857	2.071926675943966	6	40	2	1	2.0
ssj471.2557.9110	2.6	0.7450872458036413	3	7	1	1	1.0
ssj451.2479.8701	2.4545454545454546	0.994153223753172	4	15	2	2	1.0
ssj312.1876.6649	1.7	1.4253832516519027	3	12	1	1	1.0
ssj68.424.1612	1.3333333333333333	1.3013448427221919	3	8	1	1	1.0
ssj27.157.641	3.2857142857142856	0.12994459793379293	6	11	2	1	2.0
ssj133.866.3316	3.6346153846153846	2.631028711867812	10	64	9	5	1.8
ssj59.358.1440	1.5	0.05889151782819164	3	6	1	1	1.0
ssj141.913.3494	2.210526315789474	1.3721360310262378	6	23	3	2	1.5
elexiswsd1.358.sl.131174	1.7142857142857142	1.3298383084089973	3	9	1	1	1.0
ssj92.609.2295	3.0	2.098183088307206	6	31	1	1	1.0
ssj46.291.1176	2.0	1.4311004404647343	5	14	3	1	3.0
elexiswsd1.376.sl.131192	2.0	1.5567576546051873	5	17	1	1	1.0
elexiswsd1.442.sl.131258	2.2857142857142856	1.6441426381201842	5	19	2	1	2.0
ssj302.1840.6494	2.076923076923077	1.356306126405026	4	15	1	1	1.0
ssj116.727.2736	2.2666666666666666	1.6343270657052635	5	22	4	2	2.0
ssj359.2072.7334	2.7777777777777777	1.1166818119760462	6	23	5	3	1.6666666666666667
ssj231.1537.5564	n/a	n/a	2	2	1	1	1.0
ssj130.823.3101	1.8333333333333333	0.6363175213236846	4	9	2	1	2.0
ssj459.2520.8945	2.9166666666666665	1.2117326840325047	7	29	4	3	1.3333333333333333
ssj201.1357.4911	4.0	1.4787555303668967	5	26	4	3	1.3333333333333333
ssj463.2526.8971	2.4705882352941178	1.316869354018006	5	21	4	3	1.3333333333333333
ssj178.1202.4392	2.0	1.2101840643252146	5	17	2	2	1.0
ssj279.1729.6125	2.8125	1.0453677741492975	5	18	3	2	1.5
elexiswsd1.479.sl.131296	2.111111111111111	1.2472776214519161	4	12	1	1	1.0
ssj130.821.3081	1.6	0.6812889172512874	3	8	2	2	1.0
elexiswsd1.1444.sl.132266	1.8	0.9100794718748765	3	7	1	1	1.0
elexiswsd1.1361.sl.132183	1.8823529411764706	1.7570391878122542	5	19	1	1	1.0
ssj27.146.592	2.0	1.3013448427221919	3	11	1	1	1.0
ssj166.1141.4208	2.4	1.1717035437571504	3	13	2	2	1.0
ssj378.2170.7706	2.1666666666666665	1.7117167615545186	7	22	1	1	1.0
ssj425.2366.8319	2.375	1.4171766582473135	5	18	1	1	1.0
ssj426.2372.8339	2.210526315789474	1.3721360310262378	7	25	5	2	2.5
ssj45.275.1114	2.2	1.7168602866838576	4	18	2	1	2.0
ssj116.734.2770	3.0	0.6496414920651304	3	14	2	1	2.0
ssj304.1848.6535	1.75	1.02941112723855	3	7	1	1	1.0
elexiswsd1.1171.sl.131990	1.8	1.2566530621548493	5	12	1	1	1.0
ssj27.162.660	2.5454545454545454	1.8536653141963249	5	27	4	3	1.3333333333333333
ssj36.212.866	2.238095238095238	1.2659421992091309	9	30	4	3	1.3333333333333333
ssj437.2404.8440	2.56	1.016004244222602	7	29	2	1	2.0
elexiswsd1.1117.sl.131936	2.4166666666666665	1.642538823426295	4	15	2	1	2.0
ssj35.203.812	2.0	1.3013448427221919	4	11	1	1	1.0
ssj126.800.3024	2.75	1.819879328389493	6	32	6	2	3.0
ssj400.2242.7922	2.6666666666666665	0.464356625936356	5	9	1	1	1.0
ssj284.1746.6211	1.0	0.34657359027997275	2	3	1	1	1.0
ssj203.1366.4960	2.0	1.0986122886681098	4	11	1	1	1.0
ssj108.685.2593	1.5	0.49041462650586304	2	4	1	1	1.0
ssj325.1943.6912	2.6	1.7413023281487445	7	24	2	1	2.0
ssj440.2413.8476	2.4	1.1717035437571504	4	13	3	2	1.5
ssj276.1710.6079	2.3333333333333335	1.3499267169490157	3	13	1	1	1.0
ssj471.2557.9108	2.8666666666666667	1.620403850767382	6	35	3	2	1.5
elexiswsd1.1147.sl.131966	2.8333333333333335	1.3766870786475778	5	22	2	1	2.0
ssj320.1906.6798	2.6666666666666665	0.8109302162163288	2	8	1	1	1.0
ssj82.538.2045	3.933333333333333	1.3708322188674862	5	17	1	1	1.0
ssj383.2182.7743	2.5555555555555554	1.8609413409062572	7	22	3	2	1.5
ssj169.1153.4230	2.533333333333333	1.6669424668209296	7	35	3	2	1.5
ssj480.2588.9244	1.8	1.6621181702630135	4	13	2	1	2.0
ssj246.1596.5787	3.869565217391304	0.21460495416158468	6	27	4	3	1.3333333333333333
ssj152.1034.3866	2.357142857142857	0.8086520232363803	6	18	3	3	1.0
ssj470.2551.9078	2.8666666666666667	1.5433285108537529	4	17	1	1	1.0
ssj94.620.2363	1.5	0.6342556627317537	4	7	1	1	1.0
ssj292.1778.6306	1.625	1.3589319112752674	4	10	1	1	1.0
elexiswsd1.724.sl.131542	1.6666666666666667	1.4836663995161465	10	22	3	1	3.0
ssj312.1877.6658	2.125	1.3845612571316472	5	10	1	1	1.0
ssj4.16.57	3.769230769230769	0.7603226942987287	4	20	1	1	1.0
ssj424.2360.8298	3.4166666666666665	0.5630940523117476	3	16	2	2	1.0
elexiswsd1.175.sl.130991	2.0	1.3784201826358211	4	11	1	1	1.0
ssj328.1965.6991	1.4285714285714286	1.4209990868059745	4	9	1	1	1.0
ssj456.2510.8885	3.8823529411764706	1.2114578205549213	7	44	3	2	1.5
elexiswsd1.887.sl.131706	2.5833333333333335	0.842678914530909	6	15	2	1	2.0
ssj45.274.1097	2.230769230769231	1.6790758426050163	5	17	1	1	1.0
ssj161.1109.4096	3.2954545454545454	1.672505782984474	9	51	7	3	2.3333333333333335
ssj131.827.3154	3.8	0.9675840262617056	3	13	1	1	1.0
ssj446.2435.8552	1.8181818181818181	1.4969903702575924	5	14	3	2	1.5
ssj75.483.1809	2.5	1.9422231188289558	7	22	3	1	3.0
ssj101.651.2489	3.1052631578947367	1.6215957035747097	4	23	1	1	1.0
ssj470.2553.9091	1.9444444444444444	1.5849285315718835	7	21	2	2	1.0
ssj162.1116.4119	2.423076923076923	1.8426223693088002	6	29	2	2	1.0
ssj449.2464.8617	1.5	1.0397207708399179	3	8	2	2	1.0
ssj434.2392.8394	1.75	1.2848239391215455	4	10	2	1	2.0
ssj116.723.2708	3.142857142857143	0.867543541064572	4	9	1	1	1.0
ssj377.2168.7691	2.5384615384615383	1.7372108358457155	7	32	5	1	5.0
ssj445.2429.8518	2.6666666666666665	1.4605717082814593	4	14	1	1	1.0
ssj115.716.2687	1.5	0.49041462650586304	3	4	1	1	1.0
elexiswsd1.1293.sl.132112	2.933333333333333	0.9710328482949994	5	21	2	1	2.0
ssj300.1820.6446	2.4210526315789473	1.281164252820511	7	24	2	1	2.0
ssj38.222.903	2.6666666666666665	1.412916618379297	5	19	2	2	1.0
ssj161.1096.4071	1.5	1.3274028432916989	5	10	1	1	1.0
ssj300.1824.6460	2.76	0.5942072327050418	9	31	2	1	2.0
ssj193.1267.4585	2.0	0.4581453659370775	3	7	1	1	1.0
ssj346.2019.7161	3.4444444444444446	1.706289388576151	5	21	2	1	2.0
ssj299.1815.6430	1.9090909090909092	0.8988940617541055	5	14	2	1	2.0
ssj404.2254.7958	3.5	0.2451031682816275	3	14	1	1	1.0
ssj484.2606.9277	2.0	0.1438410362258906	4	7	1	1	1.0
ssj367.2099.7450	1.375	1.6171467743354109	4	10	1	1	1.0
elexiswsd1.963.sl.131782	1.8	0.7662384356489861	3	7	1	1	1.0
ssj477.2578.9189	3.276923076923077	2.345474618082113	8	76	9	5	1.8
ssj90.596.2251	1.7142857142857142	1.3298383084089973	3	9	1	1	1.0
ssj5.30.95	2.3	1.2142631581759464	4	13	2	2	1.0
elexiswsd1.1211.sl.132030	1.9444444444444444	1.3295157196888883	8	22	3	1	3.0
ssj279.1731.6133	2.875	0.016331903409395793	3	11	2	1	2.0
elexiswsd1.1542.sl.132367	2.3333333333333335	1.840341343454879	6	21	2	2	1.0
ssj5.28.87	1.5714285714285714	1.3256889070016495	4	9	2	1	2.0
ssj13.60.254	2.2857142857142856	0.8394236819031342	4	9	2	1	2.0
elexiswsd1.107.sl.130923	2.090909090909091	1.2660676494854564	5	15	1	1	1.0
ssj131.825.3118	3.2	0.19087429074542417	5	19	3	2	1.5
ssj199.1335.4824	3.1818181818181817	1.1401071363762518	3	13	1	1	1.0
ssj451.2482.8711	2.7	1.1977615443266574	4	13	3	1	3.0
ssj328.1965.6993	2.142857142857143	0.21081502248076	4	10	1	1	1.0
ssj406.2264.7983	2.361111111111111	1.6257743317537938	12	42	5	2	2.5
ssj93.611.2314	1.5	0.2876820724517809	4	6	1	1	1.0
ssj200.1337.4832	2.25	0.5753641449035618	3	11	2	2	1.0
ssj328.1965.6994	1.9090909090909092	1.1016266158081875	5	14	2	1	2.0
elexiswsd1.1536.sl.132361	4.866666666666666	0.22838413949507597	6	19	2	1	2.0
ssj78.513.1932	2.8125	1.0453677741492975	4	19	2	2	1.0
ssj296.1808.6403	1.5714285714285714	1.3256889070016495	4	9	1	1	1.0
ssj194.1312.4736	2.7222222222222223	1.8300316998535109	5	22	4	2	2.0
ssj292.1781.6325	2.8	1.4756982298669696	7	28	4	3	1.3333333333333333
ssj370.2114.7515	3.4615384615384617	0.8454805026390354	4	17	3	3	1.0
elexiswsd1.812.sl.131630	2.875	0.33024168687057687	6	10	1	1	1.0
ssj280.1736.6155	2.5	1.2991176675475016	4	15	2	1	2.0
ssj142.936.3582	2.933333333333333	1.0826046239521043	4	18	2	2	1.0
elexiswsd1.1161.sl.131980	3.608695652173913	0.8337068604311815	6	28	1	1	1.0
elexiswsd1.775.sl.131593	2.1538461538461537	1.4110992606311288	4	16	2	2	1.0
ssj422.2348.8271	2.588235294117647	1.270349338383113	6	20	2	1	2.0
ssj435.2399.8420	1.9166666666666667	1.1411719030869054	6	14	1	1	1.0
ssj47.318.1301	1.0	0.0	2	3	1	1	1.0
ssj252.1625.5865	1.6	1.3744360978112327	5	12	2	1	2.0
ssj438.2408.8459	n/a	n/a	2	3	1	1	1.0
ssj90.592.2235	3.1538461538461537	1.3763052943819973	6	35	3	3	1.0
ssj472.2561.9125	2.6	1.3470736479666092	6	24	3	1	3.0
ssj131.827.3156	1.625	1.2473601356181625	5	10	1	1	1.0
elexiswsd1.1045.sl.131864	2.6666666666666665	1.6479184330021646	7	28	3	1	3.0
elexiswsd1.561.sl.131378	3.75	1.203172163642449	4	14	1	1	1.0
ssj384.2201.7802	1.4285714285714286	1.3094273111488697	3	9	2	2	1.0
ssj315.1886.6718	1.0	0.8958797346140274	3	4	1	1	1.0
elexiswsd1.905.sl.131724	2.6842105263157894	1.7673075147561033	5	25	3	1	3.0
ssj238.1566.5678	3.1875	1.6133518117552368	6	18	1	1	1.0
ssj368.2102.7470	2.4166666666666665	0.9093702890295814	5	19	2	1	2.0
ssj434.2395.8408	2.176470588235294	1.837849739839285	5	20	2	1	2.0
ssj63.392.1548	5.086956521739131	1.039679677764078	5	26	2	2	1.0
elexiswsd1.1301.sl.132121	2.0	0.5493061443340547	2	5	1	1	1.0
ssj452.2491.8755	2.0833333333333335	0.8550577400937722	5	15	3	3	1.0
ssj235.1559.5634	3.525	0.5845592907927364	9	47	5	4	1.25
ssj93.617.2341	2.4	1.1717035437571504	5	17	2	2	1.0
ssj344.2008.7131	2.35	1.6164058831485846	7	23	2	1	2.0
ssj194.1310.4726	2.533333333333333	1.523101430595039	6	19	3	2	1.5
ssj226.1483.5404	3.142857142857143	1.0702760951186543	5	32	4	3	1.3333333333333333
ssj336.1982.7040	2.0	1.0074515102711326	3	8	1	1	1.0
elexiswsd1.284.sl.131100	2.1666666666666665	0.46926343666051834	6	16	3	3	1.0
ssj38.232.933	2.6315789473684212	1.6032477519896242	5	26	5	2	2.5
ssj45.280.1134	1.5	0.05889151782819164	2	4	1	1	1.0
ssj220.1452.5269	1.8	0.2169322913149312	4	10	1	1	1.0
ssj59.365.1471	2.375	1.2144441041932315	5	19	3	3	1.0
ssj27.159.651	2.125	1.4372415149605609	6	19	4	2	2.0
ssj455.2503.8794	2.4444444444444446	0.8979415932059585	6	23	3	2	1.5
ssj131.828.3165	1.8	0.7662384356489861	3	7	1	1	1.0
elexiswsd1.365.sl.131181	1.7142857142857142	1.127105754354915	5	9	1	1	1.0
ssj26.127.529	1.5714285714285714	1.214117131344545	4	9	1	1	1.0
ssj358.2068.7322	2.96875	0.6447269625990489	8	37	5	3	1.6666666666666667
ssj184.1228.4459	2.5714285714285716	1.729092156517883	7	19	2	1	2.0
ssj194.1312.4740	2.0	1.3940464543878732	5	16	2	1	2.0
ssj126.810.3054	2.5555555555555554	1.3116351965722024	6	21	2	2	1.0
ssj46.291.1172	1.4	1.1613939001557827	3	7	1	1	1.0
elexiswsd1.715.sl.131533	2.1538461538461537	1.666512072514124	4	15	1	1	1.0
ssj428.2377.8357	3.0833333333333335	2.3663468972029085	6	42	5	3	1.6666666666666667
ssj44.268.1074	2.5555555555555554	0.9650616062922298	3	12	2	2	1.0
ssj193.1278.4621	1.3333333333333333	0.2616240718822739	3	5	1	1	1.0
ssj95.624.2386	1.8333333333333333	0.2897439310437119	4	8	2	2	1.0
elexiswsd1.356.sl.131172	2.8333333333333335	0.7503055943998939	4	15	2	1	2.0
elexiswsd1.1373.sl.132195	2.3	1.4696759700589417	4	13	2	1	2.0
ssj154.1052.3939	2.272727272727273	1.0711142648893002	4	15	2	2	1.0
ssj13.55.242	2.5	1.7278427834731125	5	28	2	1	2.0
ssj194.1312.4739	3.111111111111111	0.9365874303567818	4	13	1	1	1.0
elexiswsd1.1185.sl.132004	1.5714285714285714	1.0702760951186543	4	9	1	1	1.0
elexiswsd1.135.sl.130951	1.9333333333333333	1.4994984278838914	6	18	2	1	2.0
elexiswsd1.1180.sl.131999	2.0	1.0845268501847616	4	9	1	1	1.0
ssj77.501.1876	2.0	0.9547712524422192	4	12	2	1	2.0
ssj349.2036.7210	2.4545454545454546	0.8503121875272815	5	14	2	2	1.0
ssj367.2100.7458	2.4705882352941178	1.316869354018006	6	21	2	2	1.0
ssj410.2278.8037	3.3684210526315788	0.6043489756699615	5	26	4	3	1.3333333333333333
ssj366.2097.7434	2.65	1.7222541331780499	4	23	1	1	1.0
ssj440.2412.8473	2.3333333333333335	0.9444616088408514	5	15	1	1	1.0
ssj310.1868.6629	3.230769230769231	0.1097544179089367	4	16	1	1	1.0
ssj162.1113.4107	3.176470588235294	1.2337910440477062	5	22	4	2	2.0
ssj479.2584.9229	2.5833333333333335	1.2663278447245108	6	16	1	1	1.0
ssj334.1977.7025	1.9375	1.529614835091576	7	20	3	1	3.0
ssj20.92.389	1.6666666666666667	1.078201291407982	4	8	1	1	1.0
ssj449.2460.8602	2.2142857142857144	1.5643195607776597	9	32	4	2	2.0
elexiswsd1.129.sl.130945	2.0588235294117645	1.4991909108119608	7	21	3	1	3.0
ssj325.1946.6918	2.9444444444444446	0.7118393135720978	4	21	3	2	1.5
ssj116.730.2753	3.2	0.011858263308657958	6	13	3	1	3.0
ssj432.2383.8368	3.6153846153846154	1.279751113213015	4	15	1	1	1.0
elexiswsd1.591.sl.131408	2.125	1.3256697393034558	5	19	2	1	2.0
ssj154.1048.3928	2.0	1.4852072327848507	5	15	1	1	1.0
ssj477.2579.9210	7.387096774193548	0.28274119682652027	6	46	1	1	1.0
ssj409.2273.8028	n/a	n/a	2	3	1	1	1.0
ssj55.352.1420	4.0	0.6608779199911599	7	25	3	2	1.5
elexiswsd1.870.sl.131689	1.4	1.017552863929892	4	7	1	1	1.0
ssj369.2108.7487	1.875	0.9604182557515986	5	12	3	1	3.0
ssj75.474.1776	2.111111111111111	1.0445450673978338	3	11	1	1	1.0
ssj456.2512.8898	2.1875	1.152841166204313	5	18	3	2	1.5
elexiswsd1.1100.sl.131919	2.772727272727273	1.7681431407581627	7	28	3	1	3.0
ssj225.1470.5356	2.7142857142857144	0.025573755583470595	4	10	2	1	2.0
ssj358.2064.7302	1.8333333333333333	0.9828911116036572	3	8	1	1	1.0
ssj211.1400.5084	1.8	1.1128120259289587	4	7	1	1	1.0
ssj370.2118.7537	3.892857142857143	1.1116778392507125	5	32	4	3	1.3333333333333333
elexiswsd1.680.sl.131498	1.8888888888888888	1.0119296662821677	4	11	1	1	1.0
ssj163.1119.4132	1.4285714285714286	1.3094273111488697	4	9	1	1	1.0
elexiswsd1.1408.sl.132230	2.230769230769231	0.8267017964858037	5	18	2	1	2.0
elexiswsd1.1517.sl.132342	2.7142857142857144	0.8703059790305571	5	18	3	1	3.0
ssj156.1061.3961	2.357142857142857	1.2667973891734579	7	16	2	1	2.0
elexiswsd1.1121.sl.131940	1.8	0.7662384356489861	3	7	1	1	1.0
ssj243.1587.5748	3.230769230769231	2.156926699019987	10	32	5	2	2.5
ssj145.1011.3808	2.2	0.9121413304668073	3	7	1	1	1.0
ssj144.1003.3780	2.1666666666666665	1.5089842075004363	5	16	1	1	1.0
ssj80.521.1969	2.7222222222222223	1.6861906636276205	7	22	2	1	2.0
ssj28.168.676	1.25	1.0193097735797902	3	6	1	1	1.0
ssj81.531.2010	2.3846153846153846	0.7600104219871314	6	18	3	2	1.5
ssj142.938.3589	2.466666666666667	1.6024499355061135	5	17	1	1	1.0
ssj27.155.636	3.3125	0.8817383503674954	5	21	2	2	1.0
elexiswsd1.1086.sl.131905	1.4	0.81482030987581	4	7	1	1	1.0
ssj162.1117.4122	1.5555555555555556	1.2060856807231253	7	11	2	1	2.0
ssj137.883.3386	2.6315789473684212	1.4005151979355421	6	23	2	1	2.0
ssj226.1475.5377	4.37037037037037	1.8567185895340659	5	30	2	1	2.0
ssj87.579.2192	2.3448275862068964	1.1780096300835772	9	34	5	3	1.6666666666666667
ssj69.435.1661	2.4375	1.4682765117576821	5	20	3	2	1.5
ssj456.2508.8863	2.7333333333333334	1.49979578144603	9	36	4	2	2.0
ssj201.1354.4884	5.052631578947368	1.3501764140588197	7	23	1	1	1.0
ssj194.1307.4721	3.0	1.7886634841040945	8	55	5	2	2.5
ssj77.505.1893	4.909090909090909	0.9273875274409108	7	27	3	2	1.5
ssj214.1424.5167	3.085714285714286	1.849838501509086	9	40	4	1	4.0
ssj255.1641.5903	2.0	0.8958797346140274	3	8	1	1	1.0
ssj100.645.2475	2.4	1.3744360978112327	5	19	2	1	2.0
ssj343.2006.7127	2.806451612903226	1.2343788324071905	5	36	4	4	1.0
ssj300.1823.6455	2.4864864864864864	1.443894436251351	11	42	5	2	2.5
ssj222.1462.5303	3.263157894736842	1.4884717201037545	4	21	2	2	1.0
elexiswsd1.797.sl.131615	2.642857142857143	0.6942416720586362	6	17	1	1	1.0
ssj85.561.2141	2.466666666666667	1.4241124635367473	4	18	2	1	2.0
elexiswsd1.1008.sl.131827	2.611111111111111	1.6843576715333737	7	20	1	1	1.0
ssj226.1473.5364	5.363636363636363	0.13412094442819092	8	27	3	1	3.0
ssj141.895.3425	2.111111111111111	1.3243529613655454	4	12	2	1	2.0
ssj129.819.3076	14.041666666666666	1.0530021848304434	2	30	1	1	1.0
ssj344.2008.7132	1.9285714285714286	1.4674680846356092	7	16	1	1	1.0
elexiswsd1.986.sl.131805	3.5	1.5198257537444133	6	20	2	1	2.0
ssj370.2114.7514	3.3529411764705883	0.7560748925838289	5	22	3	3	1.0
ssj160.1077.4024	1.8571428571428572	0.903222010455488	4	10	1	1	1.0
ssj477.2578.9192	2.0	0.34657359027997275	3	5	1	1	1.0
ssj242.1584.5730	2.911764705882353	1.845713483286675	7	40	6	4	1.5
ssj63.389.1538	1.0	0.34657359027997275	2	3	1	1	1.0
ssj9.40.191	3.9302325581395348	1.3166204148343204	6	51	6	2	3.0
ssj201.1356.4899	3.923076923076923	1.1980730821987478	4	16	1	1	1.0
ssj250.1607.5834	2.9545454545454546	1.5018971809817545	6	26	2	1	2.0
ssj264.1676.6006	1.8	0.7662384356489861	3	7	1	1	1.0
ssj317.1893.6747	2.4	0.8251299534771779	4	13	2	1	2.0
ssj193.1297.4686	2.764705882352941	0.39967241437426554	5	21	3	2	1.5
ssj325.1933.6875	2.375	1.822641766355478	7	28	3	2	1.5
ssj255.1638.5895	3.0952380952380953	1.365351461217154	6	24	1	1	1.0
ssj97.627.2407	1.5	0.05889151782819164	3	4	1	1	1.0
ssj226.1496.5441	2.5454545454545454	0.2646383990223519	5	15	1	1	1.0
ssj42.247.983	2.0	1.1512925464970227	4	12	2	2	1.0
ssj216.1437.5204	2.2	0.01626159585277994	3	7	1	1	1.0
ssj154.1052.3941	1.75	0.9382503488415728	3	6	1	1	1.0
ssj327.1961.6982	2.9285714285714284	0.5915875179985528	7	33	3	2	1.5
elexiswsd1.1493.sl.132318	2.25	0.5753641449035618	7	20	2	1	2.0
ssj36.215.890	2.1666666666666665	0.9274088025975961	3	9	1	1	1.0
ssj456.2508.8862	2.9444444444444446	1.1699846795091755	5	23	3	2	1.5
ssj138.884.3393	4.064516129032258	0.661272490056214	9	81	7	5	1.4
ssj266.1684.6027	3.3333333333333335	1.6428932650754138	8	41	5	3	1.6666666666666667
elexiswsd1.317.sl.131133	2.272727272727273	1.1826860405464052	3	13	1	1	1.0
elexiswsd1.502.sl.131319	1.7142857142857142	1.3298383084089973	3	9	1	1	1.0
ssj212.1407.5106	2.2142857142857144	1.4975538644653983	4	16	1	1	1.0
ssj29.178.717	4.052631578947368	0.7660002274559223	7	42	6	4	1.5
ssj192.1265.4576	2.3529411764705883	1.4568202965844153	6	22	3	1	3.0
ssj193.1297.4687	2.2	1.4614474748008623	5	18	2	1	2.0
ssj91.602.2266	2.6	0.1507924888103862	5	8	1	1	1.0
ssj61.377.1510	3.272727272727273	1.2557772956354458	4	14	2	1	2.0
ssj78.514.1940	2.4	1.2487788836707796	3	13	1	1	1.0
ssj451.2469.8643	3.5	0.13353139262452263	4	11	2	1	2.0
ssj193.1291.4668	2.7222222222222223	1.1368845192935657	4	21	2	2	1.0
elexiswsd1.1237.sl.132056	2.7058823529411766	1.3941336941228857	4	20	2	2	1.0
elexiswsd1.444.sl.131260	2.7222222222222223	1.1368845192935657	5	22	4	2	2.0
ssj341.1990.7067	2.5	0.9758040850849755	6	26	2	2	1.0
elexiswsd1.251.sl.000000	2.7142857142857144	1.472292381193525	4	16	1	1	1.0
elexiswsd1.6.sl.130819	2.272727272727273	1.6974957491369844	6	25	2	1	2.0
ssj152.1038.3894	2.0	1.354025100551105	4	14	1	1	1.0
ssj375.2158.7666	1.8	0.5635058815949039	6	13	3	2	1.5
ssj88.580.2193	3.78125	1.095960489162794	7	39	3	2	1.5
ssj76.496.1858	2.7916666666666665	1.1116942704650072	6	29	5	3	1.6666666666666667
ssj237.1563.5661	3.466666666666667	0.11083158307188774	4	20	3	3	1.0
ssj31.187.758	2.9	1.3290351343985947	4	13	2	1	2.0
ssj456.2508.8859	1.0	0.34657359027997275	2	3	1	1	1.0
ssj228.1512.5492	3.0	1.503391054870288	6	17	3	2	1.5
ssj94.620.2358	n/a	n/a	2	2	1	1	1.0
ssj88.587.2211	1.7272727272727273	1.3455511105910607	6	16	2	1	2.0
ssj360.2080.7368	3.3529411764705883	0.5533423385297467	5	20	3	2	1.5
elexiswsd1.1417.sl.132239	1.5	1.2951335827229133	3	8	1	1	1.0
ssj44.268.1076	3.2758620689655173	1.3017858095962205	8	34	6	4	1.5
elexiswsd1.91.sl.130906	2.0	0.5493061443340547	2	5	1	1	1.0
ssj118.754.2846	3.3333333333333335	0.7316277011280093	3	15	2	2	1.0
ssj142.962.3667	2.4	0.9689709897030683	4	13	2	2	1.0
ssj412.2284.8055	3.0416666666666665	1.0259274487075822	5	31	2	1	2.0
elexiswsd1.761.sl.131579	2.0	0.9729550745276567	3	9	2	2	1.0
elexiswsd1.1057.sl.131876	2.125	0.9790961490234832	4	11	1	1	1.0
ssj374.2151.7641	2.6176470588235294	1.6967841518061297	8	41	3	2	1.5
ssj33.194.794	2.3636363636363638	0.33874637117607365	8	14	2	1	2.0
elexiswsd1.1294.sl.132114	2.6666666666666665	1.5811527366899032	5	24	3	3	1.0
ssj217.1442.5229	3.5609756097560976	0.9333250686280979	7	54	7	5	1.4
ssj98.633.2442	4.2	0.9790723433618279	7	30	3	1	3.0
elexiswsd1.1543.sl.132368	3.0454545454545454	1.8770569395945902	5	26	3	1	3.0
ssj128.813.3065	3.6956521739130435	0.6071636576833807	6	27	3	2	1.5
ssj325.1934.6882	3.727272727272727	1.034563388990271	5	14	1	1	1.0
ssj59.361.1457	3.0	1.8971199848858813	6	30	4	1	4.0
ssj287.1757.6246	2.5416666666666665	1.3493540619085524	6	28	1	1	1.0
ssj26.127.525	1.75	0.9382503488415728	3	6	1	1	1.0
ssj73.461.1735	3.1578947368421053	1.3620346773674779	6	45	6	3	2.0
elexiswsd1.406.sl.131222	1.6666666666666667	1.4836663995161465	4	11	1	1	1.0
ssj267.1690.6036	1.6363636363636365	1.5111901075184413	4	13	1	1	1.0
elexiswsd1.39.sl.130853	1.5	1.3274028432916989	5	10	1	1	1.0
ssj384.2197.7788	2.5833333333333335	1.5758474489276226	5	17	2	1	2.0
elexiswsd1.15.sl.130828	1.7692307692307692	1.4050770008231006	7	16	2	1	2.0
ssj61.371.1491	1.5714285714285714	1.214117131344545	4	9	1	1	1.0
ssj453.2495.8774	1.4	1.1613939001557827	3	7	2	1	2.0
ssj349.2038.7214	2.6923076923076925	0.6386495649828638	4	16	2	2	1.0
ssj407.2270.8020	2.230769230769231	1.3760079408198587	5	15	1	1	1.0
ssj118.757.2855	1.5	0.49041462650586304	3	7	1	1	1.0
ssj63.395.1560	3.772727272727273	1.634329744268984	5	27	3	2	1.5
elexiswsd1.1393.sl.132215	2.6470588235294117	1.7626861911216336	5	22	2	1	2.0
ssj364.2092.7419	3.466666666666667	1.7398798520826286	6	38	3	2	1.5
ssj40.238.952	2.4615384615384617	1.5329806798896013	4	17	3	2	1.5
ssj309.1858.6582	1.75	0.8266785731844679	2	6	1	1	1.0
elexiswsd1.732.sl.131550	3.625	1.3408933977072526	5	19	1	1	1.0
ssj81.532.2024	2.2142857142857144	1.6232110786058513	5	17	2	1	2.0
elexiswsd1.1108.sl.131927	2.823529411764706	1.6210723300704333	6	21	1	1	1.0
ssj473.2564.9135	1.6666666666666667	1.3580091853756935	4	8	1	1	1.0
ssj459.2520.8941	2.5625	1.1384581972153094	5	18	1	1	1.0
ssj386.2217.7844	2.6	1.203232611740719	5	17	3	2	1.5
ssj373.2143.7622	2.9047619047619047	1.6548574288110085	6	28	2	2	1.0
elexiswsd1.225.sl.131041	1.9090909090909092	0.5523204714741328	6	14	2	1	2.0
ssj116.726.2723	1.8	1.2566530621548493	5	12	1	1	1.0
ssj144.1004.3786	3.111111111111111	1.2060856807231253	4	14	2	1	2.0
elexiswsd1.1388.sl.132210	2.6315789473684212	1.8586605638726197	7	23	2	1	2.0
ssj220.1451.5256	9.709677419354838	0.5561294580211563	5	50	1	1	1.0
ssj348.2025.7178	2.7222222222222223	1.1368845192935657	6	24	1	1	1.0
ssj53.327.1332	2.6097560975609757	2.0964769019937406	8	46	4	2	2.0
ssj253.1628.5873	2.235294117647059	0.6122338563579384	6	20	4	2	2.0
elexiswsd1.1096.sl.131915	2.0833333333333335	1.201631330373745	4	15	1	1	1.0
elexiswsd1.524.sl.131341	2.8	0.6709792736499196	3	7	1	1	1.0
ssj66.413.1590	3.074074074074074	2.1139416063838685	6	33	1	1	1.0
ssj144.976.3712	3.7083333333333335	0.27844437578977843	7	33	1	1	1.0
ssj84.553.2097	2.6666666666666665	1.4718081362074886	4	17	1	1	1.0
ssj73.465.1748	1.6666666666666667	1.189773067065087	3	8	1	1	1.0
ssj482.2602.9268	2.1666666666666665	1.3651431712745459	5	15	2	1	2.0
ssj46.300.1219	n/a	n/a	2	2	1	1	1.0
ssj172.1180.4309	n/a	n/a	2	3	1	1	1.0
elexiswsd1.858.sl.131676	2.0	0.6263814842476839	4	10	2	1	2.0
elexiswsd1.165.sl.130981	2.0	1.7249937729157936	5	16	1	1	1.0
ssj255.1638.5894	2.4827586206896552	2.1908842979917638	9	35	4	2	2.0
ssj282.1741.6192	2.3846153846153846	1.218155787924209	5	16	2	1	2.0
ssj325.1947.6922	2.8846153846153846	1.7209492399929356	5	32	4	3	1.3333333333333333
ssj81.526.1987	3.125	0.09971351234844669	3	11	2	1	2.0
ssj332.1974.7014	1.8333333333333333	1.643769031594817	7	20	2	1	2.0
ssj102.656.2503	1.5714285714285714	1.416849685398627	3	9	1	1	1.0
ssj203.1366.4961	4.105263157894737	1.532169131643289	4	24	3	1	3.0
elexiswsd1.1459.sl.132284	2.6363636363636362	0.22954707921108186	4	14	2	1	2.0
ssj214.1415.5143	2.9285714285714284	1.396306474215603	5	18	2	2	1.0
ssj310.1869.6631	2.5	1.2747225854627857	3	11	2	1	2.0
elexiswsd1.651.sl.131469	2.2857142857142856	0.4928500916231614	6	18	3	1	3.0
ssj343.2002.7105	2.303030303030303	1.8869830764410458	8	39	2	1	2.0
ssj142.954.3645	1.0	0.5493061443340547	2	5	1	1	1.0
ssj419.2333.8224	3.6842105263157894	1.367110863099487	4	23	1	1	1.0
ssj404.2257.7966	3.25	0.4103719188323266	3	13	1	1	1.0
elexiswsd1.339.sl.131155	2.235294117647059	1.5081135909719656	5	19	1	1	1.0
ssj451.2486.8730	2.4	1.518277134037123	5	18	2	2	1.0
ssj313.1882.6701	7.333333333333333	1.17774948717367	5	34	1	1	1.0
ssj324.1920.6840	1.8666666666666667	1.881163337975134	5	18	2	2	1.0
ssj289.1770.6295	n/a	n/a	2	3	1	1	1.0
ssj374.2150.7638	3.0555555555555554	0.32822445161177605	6	21	2	2	1.0
ssj78.513.1930	3.0	1.092401028668831	4	13	3	1	3.0
ssj79.517.1961	3.04	1.1907275775759154	6	30	4	2	2.0
ssj306.1853.6567	2.3636363636363638	1.537694007575259	3	14	2	1	2.0
ssj248.1599.5807	3.2222222222222223	0.9014961105455117	11	70	5	2	2.5
ssj340.1985.7053	2.6315789473684212	0.5046354633215147	5	24	2	1	2.0
ssj449.2457.8591	2.769230769230769	0.81321124207025	5	16	2	1	2.0
ssj315.1891.6742	4.032258064516129	0.8719732137594731	7	35	4	3	1.3333333333333333
elexiswsd1.1564.sl.132389	2.6	0.3985136555236687	5	18	2	2	1.0
ssj234.1551.5611	3.25	1.417823429103459	5	16	2	1	2.0
ssj429.2378.8361	3.142857142857143	2.1780629531208624	6	43	4	3	1.3333333333333333
ssj78.513.1937	1.8333333333333333	1.3294647018836299	6	17	1	1	1.0
ssj324.1924.6851	1.8	0.5635058815949039	3	7	1	1	1.0
ssj143.963.3672	1.3333333333333333	0.2616240718822739	3	4	1	1	1.0
ssj459.2517.8922	2.5925925925925926	1.5911397915711623	7	32	3	1	3.0
elexiswsd1.978.sl.131797	1.8571428571428572	1.2497956007354607	3	9	1	1	1.0
ssj201.1354.4889	2.3333333333333335	0.9444616088408514	5	15	2	1	2.0
ssj20.93.396	1.5714285714285714	1.214117131344545	4	9	1	1	1.0
ssj53.330.1347	2.857142857142857	1.4209990868059745	7	33	5	2	2.5
ssj118.751.2832	2.5	0.5815754049028404	2	6	1	1	1.0
ssj27.148.607	1.5	0.49041462650586304	2	4	1	1	1.0
ssj439.2409.8461	3.5	1.4348762353467146	6	42	4	2	2.0
ssj156.1067.3979	2.0833333333333335	1.6070964384819093	5	17	1	1	1.0
ssj77.502.1884	3.6875	1.5265315184020347	4	19	1	1	1.0
ssj118.750.2825	1.9	1.4053183949386556	5	13	3	1	3.0
ssj282.1740.6179	2.6666666666666665	0.5414319658499853	5	25	2	2	1.0
ssj29.176.707	3.5	1.6790526193036808	5	29	2	2	1.0
ssj206.1385.5025	3.0294117647058822	1.3479589792545517	7	41	6	4	1.5
ssj142.933.3574	2.0	1.2101840643252146	5	12	2	1	2.0
ssj417.2331.8221	2.1818181818181817	1.2235080350666605	4	14	2	1	2.0
ssj319.1902.6791	2.9444444444444446	1.9943139923028663	9	42	2	1	2.0
ssj382.2177.7730	4.184210526315789	0.7340486276493199	11	47	6	1	6.0
elexiswsd1.897.sl.131716	1.8	0.7662384356489861	3	7	1	1	1.0
elexiswsd1.1061.sl.131880	2.0833333333333335	1.201631330373745	5	14	3	2	1.5
ssj46.289.1162	2.5555555555555554	0.7096487944092343	4	14	2	2	1.0
ssj452.2492.8761	1.875	1.1042592919774892	7	19	3	2	1.5
ssj472.2559.9121	2.5	1.2079568891505246	5	17	2	1	2.0
ssj178.1205.4396	2.5652173913043477	1.776996426485028	5	27	2	2	1.0
ssj375.2158.7664	1.7857142857142858	1.2890163138887418	7	19	4	1	4.0
ssj193.1290.4663	2.5555555555555554	0.8534898306351248	3	12	1	1	1.0
ssj29.178.716	3.4166666666666665	0.3603614982576653	3	17	3	2	1.5
ssj46.310.1262	2.5384615384615383	0.3509164747258248	4	16	1	1	1.0
ssj201.1354.4886	2.3	0.6649570138418917	4	13	2	2	1.0
ssj260.1660.5964	2.0	1.1756876285817388	4	8	1	1	1.0
ssj144.1003.3783	4.117647058823529	1.099937062703075	7	60	6	4	1.5
ssj41.246.978	2.2222222222222223	0.8494107367843928	4	12	2	1	2.0
elexiswsd1.385.sl.131201	1.5	1.1835618070658083	3	8	1	1	1.0
ssj252.1612.5843	1.7777777777777777	0.8698217340445206	5	12	2	2	1.0
ssj370.2114.7511	3.111111111111111	0.03636764417087479	4	12	2	2	1.0
ssj27.153.633	3.823529411764706	0.07543274618868696	9	26	2	1	2.0
ssj30.184.741	2.4545454545454546	0.8503121875272815	4	14	1	1	1.0
elexiswsd1.940.sl.131759	1.8	1.4593856162089314	4	12	1	1	1.0
ssj121.778.2941	5.222222222222222	0.48541003513418834	6	47	11	9	1.2222222222222223
ssj434.2394.8397	4.5	2.048405327358647	6	51	6	3	2.0
ssj21.98.417	1.4	1.1613939001557827	3	7	1	1	1.0
ssj31.189.767	2.0833333333333335	1.201631330373745	5	14	2	2	1.0
ssj295.1798.6373	6.490196078431373	0.9914998083234532	4	65	8	8	1.0
elexiswsd1.684.sl.131502	2.0625	1.2116816662272465	6	19	2	2	1.0
ssj451.2485.8724	1.5	0.49041462650586304	2	4	1	1	1.0
ssj402.2250.7946	2.1666666666666665	1.6205559831575413	8	15	5	1	5.0
ssj55.351.1417	2.272727272727273	1.2738468189433825	9	36	3	3	1.0
ssj36.215.891	1.8888888888888888	1.1557707025080584	5	12	2	1	2.0
ssj299.1813.6420	1.8181818181818181	1.1504167799776197	4	13	1	1	1.0
ssj300.1820.6448	2.9696969696969697	1.9022471884231487	6	38	4	3	1.3333333333333333
ssj46.304.1227	2.15	1.0789718849173968	8	25	6	4	1.5
ssj142.919.3518	2.3076923076923075	1.2509456107472	4	16	2	2	1.0
ssj370.2134.7591	2.3333333333333335	0.29799171605314895	3	6	1	1	1.0
ssj226.1495.5437	1.0	0.34657359027997275	2	4	1	1	1.0
ssj38.234.939	2.0	1.629048269010741	4	16	3	2	1.5
ssj27.158.648	1.8571428571428572	1.1586348223384833	4	9	1	1	1.0
ssj315.1889.6729	2.1	0.7559287920476182	5	14	2	2	1.0
ssj199.1334.4819	3.393939393939394	1.219409651464571	7	40	7	4	1.75
ssj44.269.1078	2.0	0.752038698388137	4	10	1	1	1.0
ssj357.2063.7298	2.3333333333333335	1.6479184330021646	5	23	1	1	1.0
ssj119.772.2918	2.272727272727273	1.5292596308263777	7	25	2	1	2.0
ssj446.2435.8545	1.875	1.3069918460315713	3	10	1	1	1.0
ssj214.1417.5150	2.1481481481481484	1.8562673629877309	8	30	2	1	2.0
ssj153.1041.3914	1.9411764705882353	1.4464596351777892	7	20	2	2	1.0
ssj306.1852.6563	2.0	1.1756876285817388	5	17	3	3	1.0
ssj223.1463.5308	3.2916666666666665	1.751657993606002	4	29	3	2	1.5
ssj284.1749.6225	2.35	2.1156702982041478	7	24	1	1	1.0
ssj242.1585.5743	2.6363636363636362	1.2025021537387386	4	14	3	2	1.5
ssj247.1598.5798	2.2142857142857144	1.5643195607776597	4	18	2	2	1.0
ssj76.496.1857	2.0	1.5890269151739727	6	19	2	1	2.0
ssj131.831.3180	2.6666666666666665	0.8109302162163288	4	12	2	1	2.0
ssj142.926.3537	2.0	1.7482537807332401	9	26	2	1	2.0
ssj118.757.2856	2.4761904761904763	1.4202588942207572	8	25	3	1	3.0
ssj389.2223.7863	3.0	1.629048269010741	5	23	3	1	3.0
ssj82.544.2074	2.4444444444444446	0.8979415932059585	4	13	2	1	2.0
elexiswsd1.374.sl.131190	1.5714285714285714	1.416849685398627	4	9	1	1	1.0
ssj168.1147.4223	3.5	2.025626209583653	6	43	5	2	2.5
ssj129.819.3078	14.26923076923077	0.6824836652952395	2	32	1	1	1.0
elexiswsd1.173.sl.130989	2.2857142857142856	1.465805166150818	4	17	1	1	1.0
ssj288.1767.6284	2.0	1.0551066001732947	5	14	2	1	2.0
ssj142.929.3557	1.5	1.0397207708399179	4	8	1	1	1.0
ssj81.532.2026	2.142857142857143	1.7330762413424714	8	26	2	1	2.0
ssj321.1910.6820	1.75	0.8266785731844679	3	7	1	1	1.0
ssj402.2250.7949	3.0	1.0986122886681098	4	11	1	1	1.0
ssj46.300.1215	2.391304347826087	1.591787873275281	5	27	2	2	1.0
ssj358.2070.7330	1.4	1.1613939001557827	3	7	1	1	1.0
elexiswsd1.1093.sl.131912	1.75	0.8266785731844679	4	10	1	1	1.0
ssj319.1901.6782	2.9473684210526314	1.6737814567452798	5	23	3	1	3.0
ssj71.448.1706	2.111111111111111	1.5026904333349114	4	13	3	2	1.5
elexiswsd1.390.sl.131206	1.375	1.4144142202813288	5	10	1	1	1.0
elexiswsd1.1523.sl.132348	1.5	1.2951335827229133	3	8	1	1	1.0
ssj93.618.2343	2.2	1.25871492074678	4	17	2	2	1.0
ssj455.2506.8840	2.5	0.9525440772675292	3	8	1	1	1.0
elexiswsd1.1064.sl.131883	2.6	1.597461291922854	5	21	3	1	3.0
elexiswsd1.1292.sl.132111	2.0	1.242453324894	5	15	1	1	1.0
ssj312.1877.6662	2.4166666666666665	1.3997849155354445	7	27	3	2	1.5
ssj18.78.305	1.9230769230769231	1.727160499992214	5	14	1	1	1.0
ssj212.1402.5097	2.5238095238095237	1.6362125138729307	6	24	2	1	2.0
ssj132.841.3230	1.5	0.49041462650586304	2	4	1	1	1.0
elexiswsd1.481.sl.131298	2.1538461538461537	1.2083667065770465	4	15	1	1	1.0
ssj46.299.1211	2.5555555555555554	1.056222384689207	4	11	2	1	2.0
ssj449.2460.8601	1.5	0.49041462650586304	2	4	1	1	1.0
ssj407.2267.8004	1.6	1.2305950615853423	3	7	1	1	1.0
ssj27.148.599	2.7142857142857144	0.025573755583470595	3	10	2	2	1.0
ssj94.620.2351	1.8888888888888888	1.1557707025080584	4	13	1	1	1.0
ssj426.2373.8345	2.2142857142857144	1.420478524551769	10	33	2	1	2.0
ssj194.1309.4724	2.9473684210526314	1.287186512628539	4	23	1	1	1.0
ssj206.1386.5026	2.6666666666666665	2.0737945383704566	8	38	4	3	1.3333333333333333
elexiswsd1.237.sl.131053	2.0588235294117645	1.6674270291225672	5	20	2	1	2.0
ssj221.1456.5281	2.6	0.1507924888103862	3	8	1	1	1.0
ssj141.910.3485	2.375	0.17472333335331355	4	11	2	1	2.0
ssj121.779.2947	2.75	1.0355713694325706	5	15	2	1	2.0
elexiswsd1.937.sl.131756	1.9230769230769231	1.727160499992214	4	15	1	1	1.0
ssj90.593.2238	2.9166666666666665	1.1449669877202433	3	15	1	1	1.0
ssj15.64.262	3.75	2.7895209792161593	10	89	11	4	2.75
ssj110.693.2616	1.5454545454545454	1.3129357094753946	7	14	3	1	3.0
ssj199.1332.4814	3.2941176470588234	0.9176155059091203	4	20	2	1	2.0
ssj451.2484.8718	2.1666666666666665	0.9274088025975961	3	8	1	1	1.0
ssj385.2210.7828	2.7916666666666665	1.1116942704650072	5	28	4	4	1.0
elexiswsd1.641.sl.131458	2.8181818181818183	1.660721841489405	5	26	2	2	1.0
ssj36.215.888	2.3333333333333335	0.9444616088408514	6	16	5	2	2.5
ssj267.1688.6034	4.923076923076923	1.0748353139525237	5	17	2	1	2.0
ssj370.2127.7565	1.9	1.2025858408845735	5	13	2	1	2.0
ssj106.677.2568	n/a	n/a	2	3	1	1	1.0
ssj130.821.3085	3.825	2.2660615220865497	12	111	6	4	1.5
ssj118.750.2831	2.142857142857143	1.1066947570947876	3	11	1	1	1.0
ssj238.1570.5688	2.375	0.5212969236332861	4	10	1	1	1.0
ssj141.904.3464	3.272727272727273	0.013323970741445711	4	14	2	1	2.0
ssj86.576.2187	2.3125	0.8945387609954202	6	19	2	2	1.0
ssj438.2408.8458	2.2222222222222223	0.9932517730102833	4	13	1	1	1.0
ssj59.361.1455	2.6666666666666665	1.5721434839385642	5	19	3	1	3.0
ssj342.1999.7096	2.1666666666666665	0.9274088025975961	3	8	2	1	2.0
ssj93.614.2328	3.3333333333333335	1.2374281569672494	5	14	1	1	1.0
ssj71.443.1696	1.5714285714285714	0.5209699507845995	6	9	1	1	1.0
ssj226.1503.5468	3.0588235294117645	1.770795787086117	5	21	3	1	3.0
ssj480.2591.9248	2.9411764705882355	1.5802503355501782	6	45	6	4	1.5
ssj342.1997.7088	2.6153846153846154	1.640592176383773	6	30	4	2	2.0
elexiswsd1.1002.sl.131821	2.3076923076923075	1.2509456107472	5	16	2	1	2.0
ssj477.2578.9194	4.129032258064516	0.9920977233680474	9	38	6	2	3.0
ssj451.2472.8664	3.1666666666666665	0.7161552992032988	3	8	1	1	1.0
ssj356.2062.7294	1.625	0.9007865453381898	5	10	1	1	1.0
elexiswsd1.930.sl.131749	3.966666666666667	1.015819759941649	9	33	2	1	2.0
elexiswsd1.1250.sl.132069	2.466666666666667	1.6501050254082759	4	20	3	1	3.0
ssj141.895.3428	1.75	0.8266785731844679	2	6	1	1	1.0
ssj237.1563.5657	2.727272727272727	1.2353662983753184	6	25	3	2	1.5
ssj125.793.3009	4.157894736842105	1.4923964952307216	5	23	2	2	1.0
ssj142.929.3551	2.3142857142857145	2.0371852262297914	13	44	8	2	4.0
ssj220.1452.5262	8.827586206896552	0.4942336994998515	6	57	1	1	1.0
ssj301.1831.6477	1.4	1.1613939001557827	3	7	1	1	1.0
ssj254.1633.5881	3.275	1.6978426288096709	8	50	7	2	3.5
ssj287.1760.6252	2.7857142857142856	0.2950243482932416	5	19	4	3	1.3333333333333333
ssj474.2567.9145	3.7083333333333335	0.27844437578977843	6	30	3	1	3.0
ssj45.273.1095	3.5483870967741935	1.1436476214952482	6	37	4	3	1.3333333333333333
ssj102.661.2532	3.2777777777777777	1.2309752674661842	5	22	1	1	1.0
ssj162.1112.4105	2.380952380952381	1.8060531976540113	5	24	2	2	1.0
ssj325.1927.6858	1.6153846153846154	1.3522077428029369	6	15	2	1	2.0
ssj346.2019.7162	2.5925925925925926	1.5911397915711623	7	32	2	2	1.0
ssj82.543.2065	2.888888888888889	0.38431391826281963	4	13	2	1	2.0
ssj396.2235.7901	1.75	0.8266785731844679	2	6	1	1	1.0
ssj326.1952.6947	2.5384615384615383	1.5022090212228476	7	30	2	2	1.0
ssj470.2549.9064	2.1666666666666665	1.0185695809945732	4	14	1	1	1.0
ssj134.877.3361	2.8181818181818183	1.6080415836604918	5	25	2	2	1.0
ssj312.1877.6680	3.9375	0.565054501302194	5	19	2	1	2.0
ssj456.2510.8887	3.8125	2.3890748327484705	7	57	7	3	2.3333333333333335
ssj342.1997.7087	2.04	1.869443179105632	8	29	3	1	3.0
ssj256.1647.5927	4.454545454545454	0.9474759359809295	6	27	3	1	3.0
ssj451.2478.8698	2.142857142857143	1.1066947570947876	4	17	3	3	1.0
ssj133.853.3272	3.0	0.29389333245105953	3	10	1	1	1.0
ssj226.1474.5370	1.5	0.49041462650586304	2	4	1	1	1.0
ssj27.149.615	2.8333333333333335	0.20099945006583894	5	16	2	1	2.0
elexiswsd1.1577.sl.132402	2.1666666666666665	1.5678757253286282	7	22	3	2	1.5
ssj36.214.884	3.2	1.8003122031795245	5	31	6	3	2.0
ssj142.918.3509	3.090909090909091	1.6595092997553673	6	28	3	1	3.0
ssj76.493.1846	7.0588235294117645	0.3582080079163057	4	28	1	1	1.0
ssj37.217.894	1.9230769230769231	1.4332671675411546	5	17	3	2	1.5
ssj264.1675.6004	2.2	0.9121413304668073	3	7	1	1	1.0
ssj6.33.118	2.857142857142857	0.8190126846430065	5	19	3	2	1.5
ssj193.1286.4646	2.5555555555555554	1.4027959749691796	5	14	3	1	3.0
ssj226.1485.5408	2.8	1.643934348177576	4	18	1	1	1.0
ssj84.548.2089	1.75	1.2321436812926323	7	14	1	1	1.0
ssj217.1444.5238	11.069767441860465	0.5236176806910765	6	72	1	1	1.0
ssj384.2189.7770	1.9166666666666667	0.9384393490328232	6	16	1	1	1.0
ssj226.1503.5472	2.9	1.4728761706244853	4	25	3	3	1.0
elexiswsd1.711.sl.131529	1.7647058823529411	1.1951962247021415	8	20	3	2	1.5
ssj226.1503.5473	1.7272727272727273	1.6921247008710334	5	16	1	1	1.0
elexiswsd1.1209.sl.132028	1.25	1.0193097735797902	3	6	1	1	1.0
ssj152.1038.3882	2.0	1.242453324894	5	15	1	1	1.0
elexiswsd1.134.sl.130950	1.9444444444444444	1.75316464988249	6	21	2	1	2.0
ssj116.742.2794	2.0	0.6608779199911599	3	9	1	1	1.0
elexiswsd1.896.sl.131715	2.4	0.0707497811368496	3	7	1	1	1.0
ssj133.868.3325	2.735294117647059	1.908233840268009	7	38	2	1	2.0
ssj172.1172.4271	4.076923076923077	0.773011857254211	9	46	4	1	4.0
ssj157.1071.4008	2.7916666666666665	1.3671070823480027	6	27	3	2	1.5
ssj421.2342.8245	1.5	0.8369882167858357	3	6	1	1	1.0
ssj5.19.67	2.0	0.5493061443340547	2	5	1	1	1.0
elexiswsd1.1213.sl.132032	4.5	0.5907499742369386	3	13	1	1	1.0
ssj81.532.2022	4.019607843137255	1.857203148678849	7	67	9	4	2.25
ssj68.422.1610	7.638888888888889	0.45165449057753904	7	128	1	1	1.0
ssj220.1452.5261	7.074074074074074	0.3085181290401362	6	52	1	1	1.0
ssj184.1226.4451	2.576923076923077	0.6824521876412568	7	30	2	2	1.0
ssj479.2586.9234	2.1818181818181817	1.2235080350666605	3	13	2	2	1.0
elexiswsd1.477.sl.131294	2.4375	1.3000403934470757	4	20	3	2	1.5
ssj474.2565.9139	2.1538461538461537	1.064525670351156	5	16	2	2	1.0
ssj163.1119.4130	2.4545454545454546	1.3996183318613364	4	13	1	1	1.0
ssj35.208.845	2.772727272727273	1.5654105867040804	5	25	2	1	2.0
ssj24.118.495	3.7333333333333334	1.5822448375973237	10	36	3	1	3.0
ssj83.546.2080	2.6	1.2943933901376963	7	35	5	3	1.6666666666666667
ssj243.1591.5766	3.3	1.4552362148015838	5	25	4	2	2.0
ssj453.2494.8771	1.6666666666666667	0.7316277011280093	3	5	1	1	1.0
ssj284.1744.6201	1.75	0.13353139262452263	4	9	2	2	1.0
ssj260.1660.5965	4.2272727272727275	1.520570858912326	6	28	3	1	3.0
ssj216.1436.5201	3.1	1.3739155355570272	8	37	4	1	4.0
ssj220.1448.5245	3.9545454545454546	0.719961705716945	4	28	4	3	1.3333333333333333
ssj142.933.3570	3.409090909090909	1.0122227470611087	6	26	4	1	4.0
elexiswsd1.1110.sl.131929	1.8823529411764706	1.5888030695016477	6	19	2	2	1.0
ssj200.1341.4844	1.0	0.34657359027997275	2	4	1	1	1.0
ssj61.373.1496	1.5	0.05889151782819164	3	4	1	1	1.0
ssj287.1757.6245	2.3125	1.6992577172124703	4	18	1	1	1.0
elexiswsd1.133.sl.130949	1.8333333333333333	0.2897439310437119	4	8	2	1	2.0
ssj420.2338.8234	2.3333333333333335	1.2242695028085626	4	11	2	1	2.0
ssj61.370.1484	2.0	1.5222612188617115	5	15	2	1	2.0
ssj260.1658.5954	2.769230769230769	1.3625173864043048	5	16	3	1	3.0
ssj91.602.2271	2.5	1.5018502216015839	5	21	2	2	1.0
ssj142.928.3544	2.0	1.3013448427221919	4	11	1	1	1.0
ssj233.1540.5578	3.0	0.2554128118829953	6	19	4	1	4.0
ssj325.1930.6870	2.75	1.179412405658461	5	20	2	1	2.0
ssj255.1641.5905	3.730769230769231	0.3124338285288401	7	30	4	2	2.0
ssj144.1000.3772	4.551724137931035	0.16814182239334005	6	36	8	4	2.0
ssj325.1935.6884	3.0	2.293616242650712	7	39	4	2	2.0
ssj131.839.3208	1.6666666666666667	0.9343602551820915	3	11	2	2	1.0
ssj118.767.2906	2.2	0.9121413304668073	5	15	3	2	1.5
ssj133.862.3299	2.6666666666666665	1.2690755821534065	7	36	6	4	1.5
ssj142.940.3595	1.5	0.05889151782819164	3	4	1	1	1.0
ssj42.256.1020	2.391304347826087	1.8472006851582765	8	26	2	1	2.0
elexiswsd1.1316.sl.132137	1.9230769230769231	1.4332671675411546	4	16	2	2	1.0
ssj309.1858.6577	2.0	0.6931471805599453	3	6	2	1	2.0
ssj193.1269.4593	2.1666666666666665	1.1624106172204636	4	15	2	2	1.0
ssj79.517.1958	n/a	n/a	2	2	1	1	1.0
ssj225.1467.5334	2.2142857142857144	1.7670521148317417	6	18	2	1	2.0
ssj477.2579.9198	2.272727272727273	1.1826860405464052	4	14	2	2	1.0
ssj138.884.3395	4.0	1.4016801904532676	7	28	4	1	4.0
ssj38.222.902	2.3846153846153846	1.5647293782041816	8	30	4	2	2.0
elexiswsd1.910.sl.131729	2.0	1.5040773967762742	3	12	2	1	2.0
ssj28.170.690	4.212121212121212	1.9763896641566305	6	39	2	1	2.0
elexiswsd1.320.sl.131136	2.7333333333333334	1.3882240057889252	4	18	1	1	1.0
ssj279.1734.6141	3.3157894736842106	1.5930524071657572	7	47	11	4	2.75
elexiswsd1.735.sl.131553	1.8333333333333333	1.2626990055713687	4	8	1	1	1.0
ssj86.572.2180	2.25	1.380083101120612	4	12	1	1	1.0
elexiswsd1.130.sl.130946	3.2	1.1870893730905272	4	12	1	1	1.0
ssj428.2377.8354	1.8666666666666667	1.7028258660057678	5	17	1	1	1.0
ssj310.1865.6608	2.4	1.9764224999742008	4	24	2	1	2.0
ssj172.1181.4315	2.1666666666666665	1.3651431712745459	4	15	1	1	1.0
ssj228.1515.5505	4.0	0.0	5	22	1	1	1.0
ssj116.723.2709	1.7142857142857142	1.127105754354915	4	9	2	2	1.0
ssj459.2520.8942	4.475	2.046532066161227	5	51	2	1	2.0
ssj22.109.466	2.4375	1.391201171844053	4	21	4	2	2.0
ssj81.532.2016	3.1	0.7130376155658676	8	27	5	2	2.5
ssj177.1196.4355	2.6857142857142855	2.1760216710840075	7	41	6	2	3.0
ssj399.2240.7910	2.5	1.2747225854627857	8	23	2	1	2.0
ssj279.1729.6122	2.125	1.4372415149605609	6	20	2	1	2.0
elexiswsd1.529.sl.131346	1.7777777777777777	1.4191278783785755	4	11	1	1	1.0
ssj360.2079.7359	2.7916666666666665	0.5623881261309523	7	30	6	3	2.0
ssj64.409.1581	5.583333333333333	0.47733264470896564	4	20	1	1	1.0
ssj53.330.1340	1.8571428571428572	0.903222010455488	3	9	1	1	1.0
elexiswsd1.1579.sl.132404	2.3157894736842106	1.4371877910484496	6	24	3	1	3.0
ssj474.2565.9137	4.1875	2.0639443165567593	8	38	4	2	2.0
ssj370.2128.7574	2.25	0.778096698957644	3	10	1	1	1.0
ssj76.497.1863	1.8	1.1128120259289587	4	7	1	1	1.0
ssj351.2048.7241	2.5	0.326162593019845	5	15	2	1	2.0
ssj370.2125.7557	1.6	1.1394342831883648	4	7	1	1	1.0
ssj130.824.3103	2.272727272727273	0.7245406746093277	5	15	1	1	1.0
ssj27.160.654	2.7777777777777777	1.6224822678152864	5	23	2	1	2.0
ssj252.1616.5848	1.4	1.3641264542098648	7	14	1	1	1.0
ssj279.1730.6131	1.7777777777777777	1.0725542880986028	4	12	2	2	1.0
ssj277.1714.6091	2.7083333333333335	0.9392670659062539	6	29	3	1	3.0
ssj126.797.3021	3.5714285714285716	1.3094273111488695	8	40	4	3	1.3333333333333333
ssj45.275.1101	1.962962962962963	2.01318415629429	9	31	6	1	6.0
ssj230.1536.5559	3.0	0.6019864021629681	2	7	1	1	1.0
ssj300.1817.6437	2.5384615384615383	1.6704451395334543	7	30	3	1	3.0
ssj228.1521.5517	3.75	0.6286086594223741	4	9	1	1	1.0
ssj144.998.3763	3.8157894736842106	1.6785931335681894	8	57	1	1	1.0
ssj177.1196.4362	2.0	1.7328679513998633	6	20	5	3	1.6666666666666667
ssj474.2566.9140	3.380952380952381	0.853409923877874	5	27	2	1	2.0
ssj404.2257.7969	2.4285714285714284	0.08565187952675406	4	11	1	1	1.0
ssj477.2579.9208	2.7333333333333334	0.8978093792830621	5	22	1	1	1.0
ssj233.1546.5592	1.8	1.5364609561225604	4	12	1	1	1.0
ssj121.779.2943	2.6956521739130435	1.6747192275167428	6	27	3	1	3.0
ssj126.800.3027	2.1176470588235294	1.5621808122422416	6	22	3	2	1.5
ssj110.688.2598	3.96875	2.0714103699835715	7	37	2	1	2.0
ssj252.1615.5847	2.5555555555555554	1.2000634209150973	4	13	1	1	1.0
ssj295.1798.6372	2.6363636363636362	0.5761206694910547	5	14	2	2	1.0
ssj144.974.3708	2.8333333333333335	1.992758919293894	10	58	6	3	2.0
ssj116.740.2789	2.0	0.40546510810816444	5	12	2	1	2.0
ssj75.481.1804	2.5806451612903225	2.0514288507846064	6	38	5	1	5.0
elexiswsd1.855.sl.131673	2.4285714285714284	0.08565187952675406	3	9	1	1	1.0
ssj69.431.1645	1.6666666666666667	0.9343602551820915	5	11	1	1	1.0
elexiswsd1.873.sl.131692	2.0	1.5222612188617115	5	14	1	1	1.0
ssj239.1574.5701	3.25	0.9007865453381898	3	10	1	1	1.0
elexiswsd1.1286.sl.132105	2.260869565217391	1.6478773399263247	7	28	2	1	2.0
ssj54.344.1395	2.0	1.0074515102711326	4	13	3	3	1.0
elexiswsd1.1273.sl.132092	2.608695652173913	2.0255034336997317	7	28	4	2	2.0
ssj177.1197.4371	2.142857142857143	1.1066947570947876	5	18	3	2	1.5
elexiswsd1.417.sl.131233	2.3333333333333335	1.4348762353467144	5	17	1	1	1.0
ssj99.637.2452	2.6	0.3985136555236687	6	18	2	1	2.0
elexiswsd1.404.sl.131220	2.3636363636363638	1.031893551736019	4	14	2	1	2.0
ssj212.1402.5093	2.0	1.4451858789480823	7	21	4	2	2.0
ssj104.669.2545	2.8125	0.6987941838693248	5	21	2	2	1.0
ssj280.1737.6164	2.1	0.9586613461017003	5	13	3	1	3.0
ssj303.1844.6525	2.0	2.0258924739016524	7	26	1	1	1.0
ssj92.609.2300	2.0416666666666665	1.7711401820253194	7	27	3	2	1.5
ssj364.2087.7404	2.8333333333333335	1.0968791846798664	5	22	3	1	3.0
ssj422.2348.8269	2.888888888888889	1.0106954025105037	3	12	1	1	1.0
ssj40.241.964	2.9130434782608696	1.5971609931708681	7	26	2	1	2.0
ssj296.1807.6397	2.870967741935484	1.760956725663689	7	34	2	2	1.0
ssj147.1016.3819	2.35	1.885904133514928	5	25	4	1	4.0
ssj282.1741.6191	3.0869565217391304	1.794586547403514	5	27	3	1	3.0
ssj455.2500.8784	2.9545454545454546	1.0114825544758916	7	27	5	2	2.5
ssj129.818.3075	1.6666666666666667	1.2809338454620642	5	10	1	1	1.0
ssj306.1853.6565	3.32	1.8260798015338113	4	30	1	1	1.0
ssj68.425.1620	1.8888888888888888	0.46262352194811296	5	11	1	1	1.0
ssj343.2005.7124	2.3461538461538463	1.7492260173865684	8	30	2	2	1.0
ssj417.2331.8218	3.2195121951219514	1.970030856200859	6	46	3	3	1.0
ssj31.190.772	2.0	0.0	4	7	1	1	1.0
ssj389.2223.7864	4.153846153846154	1.140914668358799	4	17	2	1	2.0
ssj124.789.2997	2.0	1.0986122886681098	4	12	2	1	2.0
ssj357.2063.7299	2.5	1.2747225854627857	3	12	1	1	1.0
ssj27.141.568	2.3636363636363638	1.3117014457037304	6	14	1	1	1.0
ssj370.2135.7595	2.0	1.3013448427221919	4	13	2	2	1.0
ssj200.1340.4841	2.25	0.6869359205606668	3	7	1	1	1.0
ssj162.1118.4125	2.918918918918919	1.7072007163697738	14	43	4	2	2.0
elexiswsd1.1335.sl.132156	2.0	1.2628643221541278	4	12	1	1	1.0
ssj252.1619.5853	2.2941176470588234	1.9725527310745685	10	39	4	2	2.0
elexiswsd1.1120.sl.131939	2.1666666666666665	1.6449510652422574	7	21	2	1	2.0
ssj42.248.990	2.9393939393939394	2.142269853279558	7	39	2	1	2.0
ssj21.107.459	2.466666666666667	1.0004635333431455	5	19	2	1	2.0
ssj353.2054.7263	2.4193548387096775	1.9321049818595186	8	35	5	3	1.6666666666666667
ssj429.2378.8359	2.1363636363636362	1.4795632588873606	6	25	2	1	2.0
ssj142.956.3654	3.8461538461538463	1.177854355658159	10	48	6	2	3.0
ssj46.289.1163	2.3125	1.3526841269324976	4	19	2	2	1.0
ssj201.1348.4865	2.6842105263157894	1.0341389803593897	6	25	5	2	2.5
ssj142.918.3508	1.4	0.81482030987581	4	7	2	1	2.0
ssj417.2321.8180	2.161290322580645	1.7510071435538035	10	36	4	1	4.0
ssj300.1820.6445	2.6923076923076925	1.5345292995968915	6	17	1	1	1.0
ssj17.73.285	2.5	0.5815754049028404	2	6	1	1	1.0
ssj191.1251.4542	1.6363636363636365	1.6023508859154185	5	16	1	1	1.0
ssj81.527.1993	3.0	0.6019864021629681	2	7	1	1	1.0
ssj46.290.1165	3.6666666666666665	0.9828911116036572	4	15	2	1	2.0
elexiswsd1.1274.sl.132093	1.25	1.0193097735797902	3	6	1	1	1.0
ssj415.2313.8156	2.55	1.3664917338237108	7	24	4	3	1.3333333333333333
elexiswsd1.898.sl.131717	2.3125	1.4438449053294748	6	19	2	1	2.0
ssj49.323.1321	2.388888888888889	1.6140782919906027	5	21	2	2	1.0
ssj422.2346.8257	2.75	0.23085241321552022	5	17	3	2	1.5
ssj116.736.2778	1.5	0.9808292530117262	3	7	1	1	1.0
ssj64.399.1564	5.642857142857143	0.41086185804413367	5	28	1	1	1.0
ssj35.207.835	2.8823529411764706	1.7746063900018056	8	19	1	1	1.0
ssj226.1493.5430	2.7058823529411766	1.5197909082633387	6	22	1	1	1.0
elexiswsd1.1072.sl.131891	2.1666666666666665	0.1226898463805457	4	9	2	1	2.0
ssj107.681.2581	3.033333333333333	2.0361224449244655	7	38	3	1	3.0
ssj28.172.695	2.9444444444444446	1.2611454579061525	5	23	2	2	1.0
ssj394.2231.7884	2.8	1.32062076571505	4	12	1	1	1.0
ssj252.1626.5866	2.4166666666666665	1.6795928095031558	7	28	3	1	3.0
elexiswsd1.819.sl.131637	1.8333333333333333	0.8390500753777668	3	8	1	1	1.0
elexiswsd1.437.sl.131253	2.5294117647058822	1.808148565198391	7	21	2	1	2.0
ssj285.1755.6237	1.6666666666666667	1.189773067065087	3	8	1	1	1.0
ssj12.47.218	4.405405405405405	1.2955817426872311	6	51	5	3	1.6666666666666667
ssj42.257.1024	3.782608695652174	0.7866393495731957	6	28	2	1	2.0
ssj426.2369.8327	2.590909090909091	2.038698291151006	7	24	1	1	1.0
elexiswsd1.540.sl.131357	2.2857142857142856	0.6955826456772436	8	25	3	2	1.5
ssj406.2264.7981	3.1944444444444446	0.9769198696008875	12	44	6	1	6.0
ssj446.2437.8560	2.0	0.20273255405408205	4	8	1	1	1.0
ssj73.459.1725	2.142857142857143	1.6560009014288424	8	24	2	1	2.0
elexiswsd1.110.sl.130926	1.7142857142857142	1.2386775300120199	4	9	1	1	1.0
elexiswsd1.1522.sl.132347	1.875	1.5624046579145667	6	19	2	2	1.0
ssj455.2505.8825	2.3333333333333335	1.0883026450667417	4	15	2	2	1.0
ssj59.367.1476	1.8571428571428572	1.505208412618456	5	18	2	1	2.0
ssj154.1049.3930	4.076923076923077	0.9168528934801012	6	33	3	2	1.5
ssj27.129.536	2.3	1.0115306041218644	6	13	3	1	3.0
ssj133.855.3283	2.25	1.7743117813027471	6	18	2	1	2.0
ssj111.703.2646	2.652173913043478	1.2855146402803586	6	29	4	2	2.0
ssj157.1071.3994	2.8	1.2202854179839744	8	34	3	1	3.0
ssj40.240.961	2.2666666666666666	1.340433733254204	5	18	1	1	1.0
ssj57.354.1427	3.230769230769231	1.8729346802170175	5	31	3	1	3.0
elexiswsd1.625.sl.131442	2.7857142857142856	1.4939719846924269	4	16	1	1	1.0
ssj255.1638.5893	3.0	1.2606371469794375	5	19	2	1	2.0
ssj38.219.897	2.75	1.0355713694325706	4	17	2	2	1.0
ssj102.654.2500	2.5238095238095237	1.5694468175606693	5	24	2	2	1.0
elexiswsd1.823.sl.131641	2.3333333333333335	0.3951554645067964	5	14	2	2	1.0
ssj451.2477.8687	1.8571428571428572	1.1586348223384833	3	9	1	1	1.0
ssj164.1126.4152	3.7241379310344827	0.9181186621895462	7	36	5	1	5.0
ssj38.226.910	3.764705882352941	1.2898845691238376	5	21	2	2	1.0
ssj320.1906.6808	1.6666666666666667	0.38505411084803665	4	8	1	1	1.0
ssj53.331.1359	1.9090909090909092	1.357039427691183	4	14	2	2	1.0
ssj407.2269.8009	2.3125	1.8674938355230768	5	19	2	1	2.0
ssj328.1962.6983	2.111111111111111	1.3243529613655454	5	10	1	1	1.0
ssj114.710.2662	3.8421052631578947	1.1659197984411875	4	22	2	1	2.0
ssj451.2469.8647	1.8	0.9100794718748765	3	7	1	1	1.0
elexiswsd1.1178.sl.131997	3.5555555555555554	0.16989903679539742	5	12	1	1	1.0
elexiswsd1.1291.sl.132110	2.2857142857142856	0.8394236819031342	4	9	1	1	1.0
ssj45.273.1094	2.736842105263158	0.8119883404482059	7	24	4	2	2.0
ssj309.1862.6599	1.3333333333333333	0.2616240718822739	4	5	1	1	1.0
ssj139.888.3408	3.727272727272727	0.22984443277322075	6	28	4	1	4.0
ssj162.1115.4117	2.9523809523809526	1.5909418180370658	5	24	2	1	2.0
ssj85.565.2152	2.730769230769231	1.4291838862079578	5	31	4	3	1.3333333333333333
ssj189.1239.4512	2.8636363636363638	1.1865761342058863	7	26	4	1	4.0
ssj46.306.1238	2.3636363636363638	0.8880525155101285	4	14	2	2	1.0
ssj477.2579.9204	2.2	0.01626159585277994	3	7	1	1	1.0
ssj118.765.2902	3.0	0.3465735902799726	4	13	2	2	1.0
ssj70.439.1673	1.25	1.0193097735797902	3	6	1	1	1.0
elexiswsd1.808.sl.131626	2.3636363636363638	1.5811996960700738	4	15	2	1	2.0
ssj440.2412.8472	2.1666666666666665	0.6719959907146005	3	8	2	2	1.0
ssj195.1320.4762	4.0	0.9261920455222448	9	39	5	2	2.5
ssj325.1940.6900	3.8181818181818183	0.4084794352482423	5	14	2	2	1.0
ssj118.750.2829	1.6666666666666667	0.9343602551820915	3	8	2	2	1.0
ssj405.2259.7971	2.5833333333333335	0.9865199507567994	4	16	1	1	1.0
ssj451.2475.8681	2.375	1.2144441041932315	3	11	1	1	1.0
ssj20.94.404	2.814814814814815	1.3061691392801078	8	31	4	3	1.3333333333333333
ssj97.627.2405	2.888888888888889	0.38431391826281963	4	12	2	2	1.0
ssj90.590.2220	3.3181818181818183	1.3858250097290006	5	25	2	2	1.0
ssj45.271.1086	3.5	1.5275778470123957	6	32	2	1	2.0
ssj136.882.3382	3.357142857142857	2.022759090957377	7	32	2	1	2.0
elexiswsd1.1056.sl.131875	3.0	1.7328679513998633	6	19	2	1	2.0
ssj178.1209.4409	3.6315789473684212	1.6804181009293966	6	24	4	2	2.0
ssj274.1707.6072	1.4	1.1613939001557827	3	7	1	1	1.0
ssj54.348.1406	3.9069767441860463	1.934442866165193	6	58	5	1	5.0
elexiswsd1.1255.sl.132074	2.142857142857143	1.0155339786978101	4	10	1	1	1.0
ssj379.2173.7716	2.7222222222222223	1.4834581095735384	5	22	2	2	1.0
ssj53.334.1366	3.8823529411764706	0.40673886433787126	8	42	7	2	3.5
ssj433.2384.8372	3.9411764705882355	1.1437396853614676	5	25	1	1	1.0
ssj413.2297.8101	2.533333333333333	1.1176363224868748	5	20	5	4	1.25
ssj172.1181.4313	2.6666666666666665	1.412916618379297	4	18	1	1	1.0
ssj352.2050.7248	2.15	1.2817044389714791	7	24	3	2	1.5
ssj267.1688.6033	3.1538461538461537	1.4878770700391024	5	16	2	1	2.0
ssj437.2405.8448	2.5294117647058822	1.293338856607812	6	21	3	1	3.0
ssj385.2209.7824	2.740740740740741	1.3328373863622691	7	32	2	2	1.0
ssj416.2320.8179	2.1333333333333333	1.569294473381245	5	19	3	2	1.5
ssj79.517.1953	3.121212121212121	1.5829874284977412	7	39	6	3	2.0
ssj256.1645.5917	2.5714285714285716	1.179786012183828	5	17	3	2	1.5
elexiswsd1.199.sl.131015	2.0833333333333335	1.6597766963108225	4	15	2	1	2.0
ssj242.1583.5719	2.55	0.9083463678866335	7	24	6	4	1.5
ssj195.1316.4752	3.0	1.269486935529138	5	23	3	2	1.5
ssj90.595.2248	3.8	1.37304913436987	4	18	1	1	1.0
ssj394.2232.7889	2.4210526315789473	1.4838968068745932	6	24	3	2	1.5
ssj33.193.783	3.210526315789474	1.404396893244459	5	21	1	1	1.0
elexiswsd1.1006.sl.131825	2.4	0.7339691750802004	3	7	2	1	2.0
ssj193.1302.4703	2.8333333333333335	0.8941466306257843	5	15	2	1	2.0
ssj161.1110.4099	7.768518518518518	0.9841333147790687	11	152	3	1	3.0
ssj149.1023.3839	2.8333333333333335	0.20099945006583894	5	16	2	2	1.0
elexiswsd1.232.sl.131048	1.5555555555555556	1.349926716949016	4	11	1	1	1.0
ssj284.1745.6203	1.8	0.9100794718748765	3	7	1	1	1.0
ssj142.954.3641	1.8	0.2169322913149312	4	7	1	1	1.0
elexiswsd1.1176.sl.131995	2.2	0.9121413304668073	5	16	2	2	1.0
ssj93.617.2335	3.76	1.1808986896463247	7	32	4	2	2.0
elexiswsd1.1584.sl.132409	2.6	1.2943933901376963	3	12	1	1	1.0
ssj131.832.3192	2.611111111111111	1.8049386999418178	6	24	5	1	5.0
ssj69.431.1642	4.395833333333333	0.8015169731657424	7	58	3	2	1.5
ssj430.2380.8365	2.2	1.848042418917603	7	19	1	1	1.0
elexiswsd1.1200.sl.132019	1.7	1.3138114759947979	6	14	2	1	2.0
elexiswsd1.1027.sl.131846	1.8181818181818181	1.5740657101712214	4	13	1	1	1.0
ssj101.652.2493	1.8461538461538463	1.642325280372016	5	15	3	2	1.5
ssj370.2127.7564	2.0714285714285716	0.5912901644364139	6	17	2	1	2.0
ssj177.1197.4370	2.5	0.8754687373538999	4	16	3	2	1.5
ssj466.2536.9010	2.660377358490566	1.0066779799500145	11	61	6	2	3.0
ssj85.558.2129	3.409090909090909	0.8683817108352182	6	25	2	2	1.0
ssj452.2491.8759	1.9	1.5491594311645462	5	13	2	1	2.0
ssj146.1012.3813	3.2941176470588234	0.224468325349175	5	21	3	3	1.0
ssj30.185.748	1.8	0.7662384356489861	3	7	1	1	1.0
ssj68.424.1613	2.142857142857143	0.7601211668148147	3	10	2	1	2.0
ssj283.1743.6197	3.8857142857142857	1.393322281025725	6	44	4	2	2.0
ssj284.1745.6205	3.5357142857142856	1.442907685968134	6	33	6	3	2.0
ssj103.665.2537	2.625	0.07463987479633095	3	9	1	1	1.0
ssj46.295.1194	2.4	0.0707497811368496	3	8	1	1	1.0
ssj422.2347.8265	2.8214285714285716	1.524738647409812	9	32	4	1	4.0
ssj98.629.2430	2.1818181818181817	1.1119362594095554	5	14	3	1	3.0
ssj449.2459.8598	2.1666666666666665	0.9274088025975961	3	8	1	1	1.0
ssj376.2161.7670	2.5833333333333335	1.4923204065960394	4	14	1	1	1.0
ssj40.241.966	2.8333333333333335	1.352291996562862	8	28	3	1	3.0
ssj160.1076.4023	2.625	1.703688143807072	4	20	3	2	1.5
ssj466.2536.9011	2.4285714285714284	1.2369444260237767	4	12	2	1	2.0
ssj238.1566.5677	2.0714285714285716	1.1405963087704687	4	17	2	2	1.0
ssj144.1000.3769	2.2	1.1148738845208896	3	10	2	1	2.0
elexiswsd1.1119.sl.131938	2.4375	1.3000403934470757	4	20	3	1	3.0
ssj434.2398.8419	2.3076923076923075	1.139373835090095	5	16	2	1	2.0
elexiswsd1.78.sl.130892	2.0	1.354025100551105	8	24	2	1	2.0
ssj450.2466.8626	2.5	0.326162593019845	5	16	3	1	3.0
ssj390.2224.7869	1.7777777777777777	1.5629689146044659	8	21	2	2	1.0
ssj33.194.791	2.0	1.2101840643252146	4	12	1	1	1.0
elexiswsd1.18.sl.130831	1.6666666666666667	1.078201291407982	3	8	1	1	1.0
ssj133.850.3265	3.111111111111111	2.0108046369401755	6	40	3	2	1.5
ssj311.1874.6645	2.84	1.4615135948750133	5	30	2	2	1.0
ssj260.1658.5955	2.0	1.0551066001732947	5	15	2	1	2.0
ssj258.1653.5943	2.4545454545454546	1.105724999410277	3	14	2	2	1.0
elexiswsd1.929.sl.131748	2.125	1.0906679246805882	3	10	1	1	1.0
ssj358.2064.7306	1.8	0.9100794718748765	5	12	1	1	1.0
ssj46.288.1159	2.111111111111111	1.4500101755059982	4	11	3	2	1.5
ssj132.841.3226	2.111111111111111	1.0445450673978338	7	22	3	2	1.5
ssj417.2325.8192	3.0303030303030303	1.4443101124286792	7	40	3	2	1.5
elexiswsd1.37.sl.130851	2.0	0.8958797346140274	3	8	1	1	1.0
elexiswsd1.1601.sl.132426	2.3333333333333335	0.5978880185608786	3	9	2	2	1.0
ssj243.1588.5752	3.0	1.7664376028186777	6	32	2	1	2.0
ssj85.566.2154	2.735294117647059	2.173547965799094	6	40	3	2	1.5
ssj284.1752.6232	2.8666666666666667	1.3405959567996706	5	18	3	2	1.5
ssj249.1604.5830	1.8	1.3682248378119541	4	12	1	1	1.0
ssj459.2519.8938	3.111111111111111	2.1608569331653444	7	32	3	2	1.5
elexiswsd1.402.sl.131218	2.0	1.242453324894	3	10	1	1	1.0
ssj349.2031.7198	1.8	1.2566530621548493	5	12	1	1	1.0
ssj310.1867.6626	2.0555555555555554	1.7643604950399407	5	21	2	2	1.0
ssj226.1493.5433	1.625	1.3589319112752674	4	11	1	1	1.0
ssj459.2521.8950	2.0714285714285716	0.5912901644364139	7	17	3	1	3.0
ssj153.1040.3909	2.5	0.6727361832998177	6	28	1	1	1.0
ssj126.811.3058	2.5714285714285716	0.028493465686805247	3	9	1	1	1.0
ssj407.2267.8002	3.3	1.1086626245216114	3	13	1	1	1.0
ssj377.2168.7697	2.0	0.1438410362258906	3	5	1	1	1.0
ssj172.1173.4278	2.1578947368421053	2.0571115025964577	5	23	2	1	2.0
elexiswsd1.1014.sl.131833	2.9	1.2855294459037798	4	14	1	1	1.0
ssj118.765.2898	2.25	1.1246702892376166	4	15	3	2	1.5
ssj142.961.3666	1.0	0.5493061443340547	2	5	1	1	1.0
ssj90.598.2258	7.833333333333333	0.4693612173080309	2	18	1	1	1.0
ssj16.72.283	2.8333333333333335	0.14557414021413373	3	11	1	1	1.0
elexiswsd1.209.sl.131025	2.3333333333333335	1.1998744207238468	5	14	1	1	1.0
ssj315.1889.6727	2.6315789473684212	0.8512090536014871	5	22	2	2	1.0
elexiswsd1.667.sl.131485	1.9	1.4823937348522849	5	12	1	1	1.0
ssj44.264.1054	2.388888888888889	1.1236636654847396	6	20	1	1	1.0
elexiswsd1.301.sl.131117	2.3333333333333335	1.1998744207238468	4	14	2	2	1.0
elexiswsd1.51.sl.130865	2.1818181818181817	1.4585098496895281	4	16	1	1	1.0
ssj142.930.3561	1.0	0.0	2	3	1	1	1.0
ssj451.2483.8714	2.0	1.1512925464970227	3	11	2	1	2.0
ssj369.2104.7477	1.6666666666666667	0.038480520568064065	3	5	1	1	1.0
ssj132.846.3245	3.4864864864864864	1.24971164516461	6	43	6	5	1.2
ssj74.467.1753	2.8333333333333335	1.0057184062828892	5	15	2	2	1.0
ssj142.946.3617	1.0	0.5493061443340547	2	5	1	1	1.0
ssj165.1133.4183	3.5	1.2108638740832343	8	53	5	1	5.0
elexiswsd1.214.sl.131030	3.4285714285714284	1.3298383084089973	4	16	1	1	1.0
ssj203.1364.4951	1.8888888888888888	1.3585032565621407	7	21	2	1	2.0
elexiswsd1.1206.sl.132025	2.2142857142857144	1.217745970497687	5	17	1	1	1.0
ssj214.1418.5157	2.3333333333333335	0.048581874226823765	4	11	1	1	1.0
elexiswsd1.1375.sl.132197	1.7692307692307692	1.2612359645972102	7	16	2	1	2.0
ssj451.2487.8733	3.0714285714285716	0.5439594690092981	5	32	4	4	1.0
ssj152.1032.3859	2.4	0.6223973994230957	5	24	3	2	1.5
ssj440.2415.8486	2.3	1.0115306041218644	4	14	2	1	2.0
ssj40.239.955	1.6666666666666667	0.038480520568064065	3	5	1	1	1.0
elexiswsd1.1295.sl.132115	2.2777777777777777	1.3151327506998844	6	21	3	1	3.0
ssj228.1519.5513	3.75	0.6286086594223741	4	9	1	1	1.0
ssj226.1492.5427	2.85	1.4902679133363543	5	23	2	1	2.0
ssj312.1875.6646	2.4285714285714284	0.8903708357438042	3	10	1	1	1.0
ssj80.525.1979	1.5	0.49041462650586304	2	4	1	1	1.0
ssj177.1196.4359	2.6842105263157894	1.6361253825223578	6	24	6	2	3.0
ssj28.164.664	1.6923076923076923	1.5611005390510393	6	15	1	1	1.0
ssj12.46.210	2.6551724137931036	1.6800933976536838	5	33	5	3	1.6666666666666667
ssj27.135.547	1.9166666666666667	1.1411719030869054	5	15	1	1	1.0
ssj318.1900.6777	1.6666666666666667	1.078201291407982	4	9	1	1	1.0
elexiswsd1.1062.sl.131881	2.380952380952381	1.4594796073740386	5	24	3	3	1.0
ssj222.1462.5304	3.3114754098360657	1.407349243192817	9	69	7	4	1.75
ssj84.550.2092	2.1	0.9586613461017003	4	11	1	1	1.0
ssj46.289.1161	2.5625	1.3411907512693915	5	20	1	1	1.0
ssj53.336.1372	2.7142857142857144	1.3284513449676345	7	24	3	2	1.5
elexiswsd1.386.sl.131202	1.5555555555555556	1.349926716949016	5	12	2	1	2.0
ssj5.22.75	3.4186046511627906	1.8938209116556075	6	50	5	4	1.25
ssj228.1513.5500	2.888888888888889	1.583261554662005	3	21	1	1	1.0
elexiswsd1.398.sl.131214	1.8	1.7391935101766427	6	17	1	1	1.0
elexiswsd1.1409.sl.132231	2.0	1.1756876285817388	4	9	1	1	1.0
elexiswsd1.1033.sl.131852	2.1818181818181817	0.9680952231836651	4	13	1	1	1.0
ssj251.1609.5838	4.066666666666666	0.04879856251999597	5	22	1	1	1.0
ssj480.2599.9261	2.2222222222222223	1.1959843270643655	6	21	2	1	2.0
ssj86.575.2186	2.8214285714285716	1.6685796836357023	7	33	4	2	2.0
elexiswsd1.50.sl.130864	3.0	1.5455212266791578	6	25	2	2	1.0
ssj73.461.1738	2.772727272727273	1.3304087720812126	8	27	4	2	2.0
ssj201.1352.4879	6.444444444444445	0.4180325542621178	5	28	1	1	1.0
ssj230.1534.5554	2.0	0.5493061443340547	3	8	2	2	1.0
ssj211.1399.5083	3.0	0.6342556627317537	7	37	4	3	1.3333333333333333
ssj288.1764.6267	2.925925925925926	1.123613590873527	6	33	6	3	2.0
ssj29.181.729	2.2	0.3628351861327527	3	6	1	1	1.0
ssj300.1820.6444	2.3513513513513513	1.990189521151671	10	44	4	1	4.0
elexiswsd1.1021.sl.131840	2.1176470588235294	1.215607221962269	6	20	2	1	2.0
ssj385.2205.7811	5.875	0.037838108630359336	5	23	1	1	1.0
ssj238.1566.5679	3.611111111111111	1.515195467499715	4	23	2	2	1.0
ssj115.719.2700	2.59375	0.7797632464029919	8	36	3	2	1.5
ssj476.2573.9169	2.375	1.2144441041932315	6	20	2	2	1.0
elexiswsd1.1078.sl.131897	1.75	0.48010498290449527	3	6	1	1	1.0
ssj451.2485.8721	2.0	0.8291140383017661	3	9	2	2	1.0
ssj204.1367.4965	2.4705882352941178	1.205297578360901	8	20	2	1	2.0
ssj83.547.2086	2.375	1.7637502485272862	8	38	4	2	2.0
ssj225.1469.5343	1.6	1.3744360978112327	5	12	1	1	1.0
ssj317.1893.6746	3.3076923076923075	1.2375164669957655	8	33	2	1	2.0
ssj3.9.37	2.3333333333333335	0.25131442828090605	4	11	2	2	1.0
ssj91.600.2260	2.3076923076923075	1.5448389431982597	4	16	2	1	2.0
ssj156.1062.3963	2.875	1.4288539755386864	5	20	2	1	2.0
ssj451.2471.8659	3.1818181818181817	0.04149484770814214	4	13	2	2	1.0
ssj315.1887.6722	3.0454545454545454	1.4715918314864256	11	53	6	1	6.0
ssj13.52.237	2.4444444444444446	0.5513680029259856	4	11	1	1	1.0
ssj367.2099.7454	2.5	0.6727361832998177	6	29	3	2	1.5
ssj342.2001.7103	2.4285714285714284	1.125372650366672	4	17	2	2	1.0
ssj21.105.447	2.8333333333333335	0.20099945006583894	5	15	2	1	2.0
elexiswsd1.1503.sl.132328	2.1818181818181817	1.2235080350666605	5	13	1	1	1.0
ssj200.1338.4834	2.2	0.9121413304668073	4	13	2	2	1.0
ssj46.299.1212	2.1538461538461537	0.8617931162970739	6	17	3	2	1.5
ssj141.906.3474	1.8333333333333333	0.9828911116036572	3	9	2	1	2.0
ssj268.1699.6056	2.5714285714285716	1.127105754354915	4	10	2	1	2.0
ssj131.834.3195	1.8333333333333333	0.6363175213236846	4	10	1	1	1.0
elexiswsd1.353.sl.131169	2.888888888888889	1.3572689927904764	5	22	2	1	2.0
ssj101.651.2490	1.5555555555555556	1.552659271003098	4	11	1	1	1.0
ssj44.263.1045	2.3157894736842106	1.6721896056713175	7	22	2	1	2.0
ssj358.2064.7301	3.5	0.3362639466786047	7	28	3	1	3.0
ssj184.1223.4441	2.933333333333333	1.5203389926290543	6	19	2	1	2.0
ssj388.2220.7850	3.2142857142857144	0.15192350465256815	5	17	2	1	2.0
ssj233.1539.5568	4.1875	0.9939112348086238	6	38	5	3	1.6666666666666667
ssj100.645.2474	3.0833333333333335	1.7825443171253779	6	28	2	1	2.0
ssj138.884.3396	3.6486486486486487	1.060408234861962	8	47	7	3	2.3333333333333335
ssj226.1502.5463	1.625	0.9007865453381898	5	10	2	1	2.0
elexiswsd1.1248.sl.132067	2.764705882352941	1.372627488901922	6	21	2	1	2.0
elexiswsd1.1569.sl.132394	2.3	1.0115306041218644	3	13	3	3	1.0
ssj91.603.2277	3.033333333333333	1.4868163005904105	7	38	3	2	1.5
ssj451.2484.8715	1.8	0.9100794718748765	3	7	1	1	1.0
ssj118.753.2837	4.0	0.6608779199911599	3	12	1	1	1.0
ssj36.214.882	2.911764705882353	2.080715297909543	7	42	5	1	5.0
ssj322.1914.6828	1.8888888888888888	1.1557707025080584	5	12	2	1	2.0
ssj456.2510.8886	2.4545454545454546	0.30100604319322677	5	14	3	1	3.0
ssj226.1500.5453	3.2413793103448274	1.2007961432696523	6	36	4	2	2.0
ssj91.606.2283	3.7058823529411766	0.7998324702527366	6	20	4	3	1.3333333333333333
ssj406.2265.7991	3.5454545454545454	0.27985485334788207	6	28	5	3	1.6666666666666667
ssj201.1355.4895	2.4	0.9689709897030683	7	26	3	3	1.0
ssj303.1844.6527	2.5555555555555554	1.7493695652491523	5	20	1	1	1.0
elexiswsd1.1158.sl.131977	2.3157894736842106	1.6054239093590563	5	22	1	1	1.0
ssj47.321.1314	2.9375	1.2046152162636408	5	19	2	1	2.0
elexiswsd1.738.sl.131556	2.125	0.6325225587435105	4	11	1	1	1.0
ssj324.1921.6842	1.5714285714285714	1.3256889070016495	5	10	1	1	1.0
ssj225.1468.5341	2.823529411764706	0.927925149510488	4	20	2	2	1.0
ssj133.866.3314	3.1666666666666665	0.8418125133437518	3	10	1	1	1.0
ssj38.223.904	3.4571428571428573	2.0094510362205997	6	42	6	2	3.0
ssj165.1131.4162	1.9444444444444444	1.3295157196888883	7	21	2	1	2.0
ssj61.377.1506	2.125	1.3256697393034558	3	11	2	1	2.0
elexiswsd1.223.sl.131039	2.388888888888889	1.77330515754987	4	22	3	2	1.5
ssj193.1289.4660	2.0	0.5493061443340547	2	5	1	1	1.0
ssj193.1298.4690	1.3333333333333333	0.8109302162163288	2	5	2	1	2.0
elexiswsd1.1134.sl.131953	2.0	2.0280616747009517	7	25	3	1	3.0
ssj445.2431.8529	1.6	1.02786250753126	3	7	1	1	1.0
ssj157.1070.3990	1.25	0.8165772195257083	3	6	1	1	1.0
ssj191.1247.4533	2.6	1.0005000576866367	4	13	2	1	2.0
ssj325.1940.6907	1.6666666666666667	1.189773067065087	3	8	1	1	1.0
ssj242.1584.5729	2.3043478260869565	2.052478075149232	7	26	2	1	2.0
ssj415.2318.8175	2.1	1.3052349363816729	8	25	3	2	1.5
ssj124.788.2986	2.891891891891892	0.7435480345044303	8	45	4	2	2.0
ssj27.142.572	4.181818181818182	0.8668138013765705	7	44	5	5	1.0
ssj451.2475.8675	2.357142857142857	1.744553111687176	5	18	3	1	3.0
ssj75.478.1798	3.1666666666666665	0.6390799592896695	4	15	3	2	1.5
ssj177.1196.4360	1.6363636363636365	1.6023508859154185	5	14	5	2	2.5
elexiswsd1.24.sl.130837	1.75	0.9382503488415728	3	6	1	1	1.0
ssj20.89.359	1.9090909090909092	0.8988940617541055	4	14	2	2	1.0
ssj172.1176.4293	3.0476190476190474	0.7544741635054353	6	25	4	2	2.0
ssj162.1115.4115	3.6315789473684212	0.7318581084864562	5	25	4	4	1.0
elexiswsd1.162.sl.130978	3.2857142857142856	1.4494732627414224	4	18	1	1	1.0
ssj92.610.2308	3.8461538461538463	0.06459896923584096	5	16	2	1	2.0
elexiswsd1.545.sl.131362	1.5714285714285714	1.214117131344545	4	10	2	1	2.0
ssj456.2507.8853	3.066666666666667	0.782740049498275	6	19	3	1	3.0
ssj115.717.2691	3.037037037037037	1.7794893766362405	6	30	1	1	1.0
ssj365.2093.7423	2.8214285714285716	1.6685796836357023	6	33	2	1	2.0
ssj161.1091.4060	2.8076923076923075	0.5966853658838319	7	33	5	1	5.0
ssj53.330.1344	2.1785714285714284	1.7833126357035223	9	33	4	3	1.3333333333333333
ssj75.475.1780	2.769230769230769	1.1597848323502227	8	34	8	5	1.6
ssj182.1220.4436	2.0	0.5493061443340547	2	5	1	1	1.0
elexiswsd1.1534.sl.132359	3.0	1.2606371469794375	5	19	2	1	2.0
ssj102.660.2530	3.125	1.1427398125455532	6	19	2	1	2.0
ssj241.1580.5713	2.8461538461538463	1.2762268943879984	7	30	3	2	1.5
ssj161.1098.4074	1.8333333333333333	1.3294647018836299	4	15	3	2	1.5
ssj149.1026.3842	2.6774193548387095	0.7321401989311215	8	35	4	3	1.3333333333333333
ssj479.2584.9230	2.0	1.5222612188617115	4	15	3	2	1.5
ssj216.1435.5198	2.7	1.4004940983807395	4	13	3	1	3.0
ssj332.1975.7016	4.0	0.34657359027997275	3	15	1	1	1.0
ssj177.1194.4346	2.375	0.5212969236332861	4	12	3	2	1.5
elexiswsd1.111.sl.130927	1.875	1.215831067634594	4	11	1	1	1.0
ssj232.1538.5565	2.96875	0.6447269625990489	7	37	5	2	2.5
elexiswsd1.700.sl.131518	2.5555555555555554	1.4798713148828089	4	21	2	2	1.0
ssj162.1116.4118	2.7142857142857144	1.36072060553642	4	17	2	2	1.0
ssj131.839.3210	1.8	0.5635058815949039	4	8	2	2	1.0
ssj476.2575.9177	2.2857142857142856	0.4928500916231614	6	17	2	1	2.0
ssj131.827.3158	3.1666666666666665	0.7161552992032988	3	8	1	1	1.0
ssj118.765.2897	2.466666666666667	1.255876345226141	6	19	4	2	2.0
ssj420.2338.8235	2.6363636363636362	1.8185739943850547	7	26	3	1	3.0
ssj360.2081.7369	2.4	0.9689709897030683	5	13	2	1	2.0
ssj312.1875.6648	1.6666666666666667	0.38505411084803665	4	8	1	1	1.0
ssj342.1998.7093	3.3181818181818183	1.2419839735031102	7	25	3	1	3.0
elexiswsd1.1356.sl.132178	2.3125	1.5876859415553655	5	19	1	1	1.0
ssj142.938.3590	1.6666666666666667	0.9343602551820915	3	9	2	2	1.0
ssj42.257.1027	1.6666666666666667	0.038480520568064065	3	5	1	1	1.0
ssj203.1359.4918	2.78125	1.6829225589951067	9	38	6	2	3.0
elexiswsd1.908.sl.131727	2.0	1.252762968495368	3	9	1	1	1.0
ssj207.1392.5046	4.2	1.1473084616724343	5	38	1	1	1.0
ssj282.1740.6178	2.8461538461538463	0.9296533041080258	4	16	1	1	1.0
ssj78.514.1939	2.0	1.0074515102711326	3	8	1	1	1.0
ssj27.162.662	1.9	0.8560122506046008	5	13	2	1	2.0
elexiswsd1.1103.sl.131922	3.0	0.29389333245105953	3	7	1	1	1.0
ssj142.921.3521	3.507042253521127	2.2305920196483706	11	81	8	3	2.6666666666666665
elexiswsd1.730.sl.131548	2.1052631578947367	1.700734089163381	6	22	2	1	2.0
elexiswsd1.1506.sl.132331	2.0	0.4581453659370775	3	8	3	2	1.5
ssj131.831.3183	2.3846153846153846	0.9627429760412137	5	19	2	1	2.0
ssj301.1831.6476	2.0	1.0074515102711326	3	8	1	1	1.0
ssj115.716.2685	2.3333333333333335	0.5978880185608786	4	13	3	3	1.0
ssj370.2129.7575	3.1818181818181817	0.04149484770814214	4	15	3	2	1.5
elexiswsd1.121.sl.130937	2.0555555555555554	1.6205194588140501	8	24	3	2	1.5
ssj399.2241.7914	1.6666666666666667	1.2809338454620642	3	8	1	1	1.0
ssj91.607.2285	3.8181818181818183	1.9307406541099539	6	41	3	3	1.0
ssj45.279.1132	1.6666666666666667	0.038480520568064065	3	6	1	1	1.0
ssj383.2180.7737	2.6	1.2943933901376963	5	19	3	3	1.0
ssj99.635.2445	2.0	1.0074515102711326	4	13	2	1	2.0
ssj203.1359.4921	2.9047619047619047	1.0052159367458782	5	25	4	2	2.0
ssj59.362.1463	2.0	1.0074515102711326	4	12	2	2	1.0
ssj460.2522.8960	2.625	0.07463987479633095	4	11	2	2	1.0
elexiswsd1.1330.sl.132151	4.0	0.08592512846332971	7	24	4	1	4.0
ssj360.2075.7346	2.8846153846153846	2.1374038014604877	9	30	3	1	3.0
ssj413.2295.8094	2.4	1.1717035437571504	4	13	1	1	1.0
ssj34.201.808	2.25	1.5483192194312185	5	20	2	1	2.0
ssj115.718.2697	1.5555555555555556	1.349926716949016	5	12	2	1	2.0
ssj213.1414.5140	2.823529411764706	1.1833379613934834	5	20	2	2	1.0
ssj417.2329.8212	2.1818181818181817	0.9680952231836651	5	15	3	2	1.5
ssj230.1536.5558	1.625	1.2473601356181625	5	10	1	1	1.0
ssj451.2469.8644	2.2222222222222223	1.2730596669779946	3	12	2	1	2.0
ssj5.30.97	2.75	1.0355713694325706	5	26	4	2	2.0
ssj142.932.3569	3.2884615384615383	2.4858007122005588	7	61	9	6	1.5
ssj145.1011.3809	2.5454545454545454	0.8139445433564068	4	14	2	2	1.0
elexiswsd1.305.sl.131121	3.75	0.9808292530117262	5	28	3	2	1.5
elexiswsd1.979.sl.131798	1.5714285714285714	1.6722624972816222	7	17	2	1	2.0
ssj315.1891.6738	2.0	1.5222612188617115	6	17	2	1	2.0
ssj216.1434.5193	3.0	2.063567192522546	6	36	5	1	5.0
ssj474.2567.9150	3.066666666666667	1.273154676004138	5	23	5	1	5.0
ssj162.1113.4109	2.6	0.9478197998577236	6	18	2	1	2.0
ssj419.2334.8226	2.727272727272727	1.3469380740324235	4	13	1	1	1.0
elexiswsd1.440.sl.131256	2.0	0.8047189562170503	4	12	2	2	1.0
ssj191.1249.4540	3.2	0.3347153269713146	6	26	4	1	4.0
ssj44.267.1066	3.981818181818182	1.1712341923662604	8	63	6	4	1.5
ssj257.1651.5935	1.3333333333333333	0.9547712524422192	4	8	1	1	1.0
ssj61.369.1481	2.375	1.0706030679673408	3	11	2	1	2.0
ssj276.1713.6090	2.9285714285714284	1.4874672526125803	6	32	4	3	1.3333333333333333
ssj114.712.2667	2.5555555555555554	1.3116351965722024	7	21	2	1	2.0
ssj208.1394.5059	3.0	1.0397207708399179	3	10	1	1	1.0
elexiswsd1.343.sl.131159	1.3333333333333333	0.9547712524422192	3	5	1	1	1.0
ssj459.2517.8920	4.147058823529412	1.033928077106019	5	41	3	2	1.5
ssj73.461.1736	2.9	1.531767688452677	5	25	4	2	2.0
ssj373.2145.7625	10.289473684210526	0.5123283203957871	6	77	1	1	1.0
ssj186.1231.4466	2.8	1.3641264542098648	5	23	3	2	1.5
ssj151.1028.3848	2.8125	2.1439800628174073	6	41	5	1	5.0
elexiswsd1.1477.sl.132302	3.32	1.7290017943133327	5	30	4	2	2.0
ssj292.1780.6323	2.875	0.016331903409395793	4	12	4	3	1.3333333333333333
ssj18.81.311	5.0	0.32696323370333213	6	16	2	1	2.0
ssj46.290.1170	1.5	0.49041462650586304	2	4	1	1	1.0
ssj46.305.1231	2.8421052631578947	1.5789669686824093	5	22	3	1	3.0
elexiswsd1.1305.sl.132125	2.526315789473684	1.3501764140588197	5	24	2	2	1.0
ssj342.1994.7081	3.4642857142857144	2.0896980418470252	8	32	2	1	2.0
ssj133.874.3347	n/a	n/a	2	2	1	1	1.0
ssj144.968.3688	2.4545454545454546	1.5434593680872268	5	26	2	2	1.0
ssj471.2557.9114	2.1	1.5079674904357552	4	14	3	2	1.5
elexiswsd1.848.sl.131666	2.3125	1.6465774593835572	4	19	2	1	2.0
ssj112.706.2657	2.625	1.5969010936580423	7	27	3	2	1.5
ssj216.1438.5208	3.1578947368421053	1.7945333961107803	5	22	1	1	1.0
ssj193.1294.4677	2.4285714285714284	1.6311731062059118	5	19	3	1	3.0
elexiswsd1.1420.sl.132242	2.466666666666667	1.4241124635367473	5	19	2	1	2.0
ssj70.439.1678	5.181818181818182	0.9078167419141108	7	43	4	1	4.0
elexiswsd1.150.sl.130966	1.5	0.49041462650586304	2	4	1	1	1.0
ssj292.1780.6324	2.9375	1.0018826622095587	5	20	3	3	1.0
ssj35.209.847	1.5	0.05889151782819164	2	4	1	1	1.0
ssj222.1462.5301	2.652173913043478	1.2855146402803586	7	30	4	4	1.0
ssj142.923.3525	2.7777777777777777	0.423534631416101	5	22	1	1	1.0
elexiswsd1.296.sl.131112	3.7058823529411766	0.9114042459098416	4	20	2	2	1.0
ssj342.1993.7076	3.0	1.1938714506671761	7	18	1	1	1.0
ssj86.570.2165	3.2941176470588234	2.01622779457723	6	42	2	1	2.0
ssj36.212.864	2.5416666666666665	1.8986602062426075	5	29	5	3	1.6666666666666667
ssj27.154.634	3.085714285714286	2.067497537138009	5	41	6	4	1.5
ssj46.306.1232	3.5238095238095237	1.067437519598015	6	28	4	2	2.0
ssj144.996.3759	3.5555555555555554	0.16989903679539742	4	14	2	2	1.0
ssj133.853.3271	3.5	0.5596157879354227	3	10	1	1	1.0
ssj103.668.2542	1.7142857142857142	0.9832647181290245	4	9	1	1	1.0
ssj385.2207.7817	2.642857142857143	1.0408152623386089	5	20	1	1	1.0
ssj249.1603.5825	2.466666666666667	1.144304569569036	5	18	3	2	1.5
ssj280.1738.6169	2.75	1.179412405658461	4	20	3	2	1.5
ssj309.1857.6575	2.2222222222222223	1.339825363290256	7	23	3	1	3.0
ssj141.911.3488	2.25	0.778096698957644	4	16	2	1	2.0
ssj464.2529.8986	2.6842105263157894	1.5834451246934447	4	23	2	1	2.0
ssj227.1510.5489	2.1904761904761907	0.7381422600960394	8	25	4	2	2.0
ssj164.1126.4150	2.7777777777777777	1.5221469200842108	5	21	2	1	2.0
ssj46.287.1154	3.0454545454545454	0.43187106064650777	8	31	5	1	5.0
ssj102.657.2506	3.75	1.3069918460315713	7	37	2	1	2.0
ssj287.1762.6261	2.8823529411764706	1.330954792501354	4	21	3	2	1.5
ssj373.2140.7615	3.1	0.8246093912229725	4	13	2	1	2.0
ssj476.2573.9168	2.357142857142857	2.0511053481303803	5	33	4	3	1.3333333333333333
ssj485.2607.9278	2.3333333333333335	0.5067272401639015	3	6	1	1	1.0
ssj141.900.3447	1.75	0.13353139262452263	3	7	2	1	2.0
ssj451.2472.8666	2.8333333333333335	0.4037320041199211	5	23	6	3	2.0
ssj53.327.1333	2.1818181818181817	1.391744153377267	5	13	1	1	1.0
ssj12.47.211	2.4444444444444446	0.8979415932059585	4	12	2	2	1.0
ssj343.2003.7112	1.6666666666666667	1.1370928092361738	4	11	1	1	1.0
elexiswsd1.396.sl.131212	3.0	1.6720194839111033	4	18	2	1	2.0
ssj409.2273.8026	2.1333333333333333	1.492219133467616	5	17	1	1	1.0
ssj384.2198.7791	2.5	1.0782012914079822	7	21	4	2	2.0
ssj413.2300.8112	2.65	1.765759821672865	7	44	6	4	1.5
ssj73.459.1729	2.8181818181818183	1.058735439326437	5	26	3	1	3.0
ssj142.956.3653	3.8412698412698414	1.2750705077646676	11	73	11	4	2.75
ssj215.1432.5187	2.5555555555555554	1.4027959749691796	4	23	3	2	1.5
ssj100.640.2462	3.12	1.444559985140366	7	30	3	3	1.0
ssj171.1166.4258	2.3333333333333335	0.9444616088408514	11	41	7	4	1.75
ssj123.784.2973	3.811320754716981	1.4518891291440281	10	63	5	1	5.0
ssj383.2186.7759	1.75	1.6313975294015182	6	18	1	1	1.0
ssj66.412.1589	2.8181818181818183	0.7121618490464644	5	17	1	1	1.0
ssj177.1193.4343	2.5714285714285716	1.8973282748284894	5	26	3	1	3.0
ssj131.832.3188	1.3333333333333333	0.9547712524422192	2	6	1	1	1.0
ssj384.2194.7781	2.24	1.8426828174070697	6	28	3	2	1.5
elexiswsd1.1277.sl.132096	2.125	1.2589040429911946	3	10	1	1	1.0
ssj126.807.3046	1.5	0.05889151782819164	3	4	2	1	2.0
ssj131.825.3119	3.547169811320755	2.419594598329311	11	78	7	1	7.0
ssj172.1179.4303	2.090909090909091	0.8079222835483788	8	26	4	3	1.3333333333333333
ssj184.1227.4455	2.5	0.7498115232134469	8	33	5	3	1.6666666666666667
ssj205.1380.5005	2.05	1.7529814181543355	7	23	2	2	1.0
ssj78.509.1921	2.4545454545454546	0.6475796334731995	5	13	2	2	1.0
ssj68.424.1618	3.5	0.10147042199834515	4	14	2	1	2.0
ssj306.1851.6553	1.9	1.5491594311645462	4	12	1	1	1.0
ssj201.1350.4876	1.5	0.9808292530117262	3	6	1	1	1.0
ssj294.1791.6351	2.8	1.1291246395869972	6	18	3	1	3.0
ssj226.1506.5481	4.0	0.36195941961334943	4	16	1	1	1.0
ssj84.556.2123	1.8571428571428572	0.7004894564014058	4	9	2	2	1.0
ssj38.229.924	2.5555555555555554	1.056222384689207	3	11	1	1	1.0
ssj83.547.2084	2.7142857142857144	0.025573755583470595	4	10	2	1	2.0
ssj88.581.2195	2.5714285714285716	0.5777996100208601	5	9	1	1	1.0
ssj36.213.877	n/a	n/a	2	2	1	1	1.0
ssj161.1081.4039	2.56	1.3625778345025745	8	29	5	2	2.5
elexiswsd1.443.sl.131259	2.0833333333333335	1.6597766963108225	4	16	3	1	3.0
ssj102.658.2518	2.6666666666666665	0.9225019918734338	4	12	1	1	1.0
ssj273.1706.6070	2.5	0.6727361832998177	2	8	1	1	1.0
ssj279.1734.6145	2.2857142857142856	0.9509954575602391	3	9	1	1	1.0
elexiswsd1.624.sl.131441	3.272727272727273	1.2557772956354458	3	13	1	1	1.0
ssj370.2116.7525	2.0	1.3195286648076292	4	11	1	1	1.0
elexiswsd1.3.sl.130816	2.6315789473684212	1.949821342269597	6	23	1	1	1.0
ssj86.571.2175	3.625	1.620701291674964	7	58	4	2	2.0
ssj79.517.1959	2.1666666666666665	1.3651431712745459	6	23	4	2	2.0
ssj239.1576.5703	5.052631578947368	0.14768972271817532	5	32	1	1	1.0
ssj426.2373.8346	4.50561797752809	1.432140307851586	11	108	8	2	4.0
ssj440.2416.8489	3.0625	1.6533571463689358	4	18	1	1	1.0
ssj249.1602.5818	3.0	0.9808292530117262	5	19	3	1	3.0
ssj93.617.2340	2.0	0.20273255405408205	4	9	2	1	2.0
ssj238.1565.5670	2.0	1.2628643221541278	3	12	1	1	1.0
ssj204.1376.4986	2.769230769230769	1.5463797764669633	4	16	1	1	1.0
ssj467.2537.9014	2.1904761904761907	1.634021994710067	6	23	3	2	1.5
ssj193.1302.4709	2.3	1.2142631581759464	5	12	2	1	2.0
ssj165.1133.4173	5.0	2.4504102140445245	8	71	3	1	3.0
elexiswsd1.123.sl.130939	2.1875	1.4994147564842855	5	18	1	1	1.0
ssj255.1642.5909	2.0	1.354025100551105	5	15	2	1	2.0
ssj191.1252.4548	2.1666666666666665	0.9274088025975961	3	9	1	1	1.0
ssj118.751.2833	3.806451612903226	1.0734433628219997	7	37	5	3	1.6666666666666667
ssj144.1003.3785	2.875	1.3376931971417092	6	27	3	2	1.5
ssj36.212.865	2.3181818181818183	1.5094570035301982	6	26	4	4	1.0
ssj142.961.3665	1.0	0.0	2	3	1	1	1.0
ssj306.1852.6559	2.533333333333333	0.42448914192692944	6	20	4	2	2.0
ssj47.317.1292	1.625	1.3589319112752674	4	10	1	1	1.0
ssj255.1639.5896	1.875	1.1042592919774892	7	19	2	1	2.0
ssj383.2182.7740	2.55	0.9083463678866335	7	24	3	2	1.5
elexiswsd1.76.sl.130890	2.782608695652174	0.8909318308140253	6	29	2	2	1.0
ssj82.538.2049	2.8518518518518516	1.4958296117668373	8	37	4	3	1.3333333333333333
ssj288.1767.6282	2.142857142857143	1.0155339786978101	4	9	1	1	1.0
ssj82.544.2072	2.125	1.0906679246805882	3	10	1	1	1.0
elexiswsd1.971.sl.131790	1.6666666666666667	1.2809338454620642	7	16	2	1	2.0
ssj27.129.531	1.7	1.51654403004888	6	13	3	1	3.0
elexiswsd1.890.sl.131709	2.0	0.5493061443340547	5	14	1	1	1.0
ssj383.2185.7757	2.3157894736842106	1.325616015391345	6	23	1	1	1.0
ssj296.1809.6406	3.261904761904762	1.8378160480939503	10	48	6	2	3.0
ssj312.1880.6698	3.357142857142857	0.455011982992802	11	34	4	1	4.0
ssj20.88.356	2.0	0.8291140383017661	3	9	1	1	1.0
elexiswsd1.959.sl.131778	1.8181818181818181	1.1504167799776197	6	14	1	1	1.0
ssj53.336.1374	3.1136363636363638	2.3018247517284247	6	51	8	3	2.6666666666666665
ssj20.88.357	1.6	0.8840214713053695	4	8	1	1	1.0
ssj8.39.185	3.0833333333333335	0.9211610182548262	5	17	2	1	2.0
ssj174.1187.4331	2.0	1.1512925464970227	4	12	2	2	1.0
ssj66.418.1605	3.7857142857142856	0.6814412614307114	5	22	1	1	1.0
ssj318.1895.6763	2.642857142857143	1.243547816392691	4	18	1	1	1.0
ssj364.2085.7392	2.272727272727273	1.2738468189433825	4	14	2	1	2.0
ssj267.1695.6050	2.5	1.5018502216015839	5	21	2	1	2.0
ssj325.1942.6911	2.6363636363636362	0.5761206694910547	5	14	2	2	1.0
ssj199.1330.4806	2.8666666666666667	1.746061064907835	10	56	6	2	3.0
ssj46.307.1252	2.0	0.5493061443340547	2	5	1	1	1.0
ssj469.2547.9058	4.083333333333333	1.2521463485994822	6	18	2	1	2.0
ssj73.464.1747	2.2222222222222223	1.4513971389473608	7	23	3	2	1.5
ssj226.1490.5422	1.5	1.1835618070658083	4	9	1	1	1.0
ssj46.306.1234	2.8181818181818183	1.261467993380519	4	14	2	1	2.0
ssj312.1880.6696	3.4	1.0261294035430168	5	12	1	1	1.0
elexiswsd1.548.sl.131365	2.823529411764706	0.927925149510488	6	20	3	1	3.0
ssj356.2062.7295	3.1	1.608917350179895	5	23	2	2	1.0
elexiswsd1.683.sl.131501	1.75	0.9382503488415728	3	6	1	1	1.0
ssj395.2234.7891	1.5384615384615385	1.400997906972369	7	15	2	1	2.0
ssj370.2124.7555	2.9285714285714284	0.5915875179985528	5	18	3	2	1.5
elexiswsd1.587.sl.131404	2.0714285714285716	1.6899024531045235	5	16	1	1	1.0
ssj308.1855.6571	2.5	1.7124569541397356	5	28	3	3	1.0
ssj358.2069.7324	2.1818181818181817	1.1119362594095554	5	13	1	1	1.0
ssj203.1362.4938	2.7777777777777777	0.7701082216960736	4	12	2	1	2.0
ssj458.2515.8909	2.1666666666666665	1.4767149469316507	6	22	3	1	3.0
ssj77.507.1917	2.608695652173913	1.413615717888674	6	26	3	3	1.0
ssj6.36.176	1.6666666666666667	0.38505411084803665	4	7	2	1	2.0
ssj320.1906.6806	2.3846153846153846	1.218155787924209	7	15	2	1	2.0
ssj426.2370.8331	4.5	0.16202485831132793	6	17	2	1	2.0
ssj45.275.1107	3.3076923076923075	0.4327975107787154	8	31	6	4	1.5
ssj321.1910.6816	2.0	1.0986122886681098	3	8	1	1	1.0
ssj178.1209.4408	3.0	0.8369882167858357	4	16	2	2	1.0
ssj358.2071.7331	2.3333333333333335	0.25131442828090605	5	12	1	1	1.0
ssj470.2553.9094	2.8	1.7877753844034665	6	44	4	3	1.3333333333333333
ssj156.1067.3980	2.1	1.3052349363816729	4	14	1	1	1.0
elexiswsd1.1139.sl.131958	2.3125	1.2411123512753928	5	20	3	3	1.0
elexiswsd1.679.sl.131497	2.2	1.3702866964038851	6	19	1	1	1.0
ssj86.577.2188	7.111111111111111	0.5164726270753701	3	22	1	1	1.0
ssj201.1356.4901	2.142857142857143	0.7601211668148147	3	9	1	1	1.0
ssj18.75.289	3.0833333333333335	1.1561628328776938	6	28	4	2	2.0
ssj256.1647.5924	3.2777777777777777	1.7802814118002392	6	22	1	1	1.0
ssj64.403.1569	5.3125	0.06280541714932814	4	29	1	1	1.0
ssj347.2024.7176	2.8333333333333335	1.3999470864650243	4	16	2	1	2.0
ssj375.2156.7655	1.75	0.8266785731844679	2	6	1	1	1.0
ssj6.35.155	2.9285714285714284	0.24501392771858022	6	18	4	2	2.0
ssj315.1886.6719	1.0	0.8958797346140274	3	3	1	1	1.0
elexiswsd1.1424.sl.132246	2.111111111111111	1.2472776214519161	3	11	1	1	1.0
ssj470.2552.9087	1.9	1.2025858408845735	5	13	2	1	2.0
elexiswsd1.1046.sl.131865	2.5	1.3862943611198906	4	12	1	1	1.0
ssj454.2499.8781	2.736842105263158	1.5051355210081512	5	23	3	2	1.5
ssj212.1401.5092	2.0	1.242453324894	7	19	2	1	2.0
ssj177.1193.4341	1.8125	1.1381608436531705	8	21	1	1	1.0
ssj292.1780.6321	3.1739130434782608	1.3086616173593608	6	30	3	2	1.5
ssj126.794.3015	2.1538461538461537	1.064525670351156	5	17	2	1	2.0
ssj77.501.1877	1.7142857142857142	1.3298383084089973	3	9	1	1	1.0
ssj201.1349.4873	1.5714285714285714	1.416849685398627	3	9	1	1	1.0
ssj384.2195.7783	2.1333333333333333	1.6360601696935066	5	17	1	1	1.0
ssj42.255.1016	2.5172413793103448	1.7334393783589765	8	34	3	1	3.0
elexiswsd1.1231.sl.132050	2.3	1.2142631581759464	4	12	1	1	1.0
ssj360.2074.7344	2.7777777777777777	1.777559731967206	8	33	3	1	3.0
ssj132.847.3248	4.55	1.505000122675848	5	24	2	1	2.0
ssj75.485.1818	2.75	1.1267321478295476	4	11	1	1	1.0
ssj95.625.2392	3.3333333333333335	1.0935871207413588	8	40	4	3	1.3333333333333333
ssj161.1084.4047	3.0714285714285716	1.3963335151285108	5	16	1	1	1.0
ssj221.1455.5275	1.9375	1.529614835091576	6	19	2	1	2.0
elexiswsd1.957.sl.131776	2.1	0.9586613461017003	5	13	3	1	3.0
ssj346.2016.7157	3.0	1.5222612188617115	6	32	4	3	1.3333333333333333
ssj396.2235.7893	2.142857142857143	0.21081502248076	4	10	3	1	3.0
ssj213.1412.5125	1.3333333333333333	0.6081976621622466	3	5	1	1	1.0
ssj415.2314.8165	1.8888888888888888	1.4355785964757697	4	11	1	1	1.0
ssj450.2468.8634	2.0	0.5493061443340547	2	5	1	1	1.0
ssj481.2601.9263	2.45	1.2949252927803052	7	25	2	1	2.0
elexiswsd1.1241.sl.132060	2.35	0.643450808620928	8	25	2	1	2.0
ssj77.501.1878	2.7222222222222223	1.2484562949506706	5	22	3	2	1.5
ssj324.1920.6841	2.25	1.2685113254635072	4	11	1	1	1.0
ssj116.739.2787	2.0	0.5493061443340547	2	6	1	1	1.0
ssj415.2313.8144	2.0	1.2824746787307684	5	16	3	3	1.0
ssj470.2552.9083	1.25	1.1631508098056809	3	6	1	1	1.0
elexiswsd1.1075.sl.131894	2.1666666666666665	1.0956449209082024	3	8	1	1	1.0
ssj46.292.1177	2.0	0.8958797346140274	4	11	2	1	2.0
ssj94.620.2353	2.3333333333333335	0.048581874226823765	3	9	3	2	1.5
ssj215.1433.5191	n/a	n/a	2	2	1	1	1.0
ssj389.2222.7859	1.875	1.215831067634594	3	10	1	1	1.0
ssj350.2041.7218	2.090909090909091	1.1544958738283515	5	15	1	1	1.0
ssj310.1869.6630	1.7777777777777777	1.2163953243244932	5	13	1	1	1.0
ssj350.2041.7219	2.05	1.584745299843729	7	25	1	1	1.0
ssj20.88.347	2.272727272727273	1.417687855169273	4	13	1	1	1.0
ssj287.1762.6256	2.5454545454545454	1.7625045357993474	4	26	5	3	1.6666666666666667
ssj243.1589.5757	2.3333333333333335	0.9444616088408514	6	15	2	1	2.0
ssj476.2573.9167	2.6363636363636362	1.6158414403309724	7	25	2	1	2.0
ssj151.1028.3850	4.666666666666667	0.6182990158210064	5	20	2	2	1.0
elexiswsd1.428.sl.131244	2.8333333333333335	1.5205281148734684	5	17	3	1	3.0
ssj267.1691.6039	1.4444444444444444	1.0774610988227649	7	12	2	1	2.0
ssj440.2413.8475	1.5	0.05889151782819164	3	4	1	1	1.0
ssj201.1354.4888	2.3529411764705883	1.6006613328103059	5	20	2	1	2.0
elexiswsd1.1343.sl.132164	1.4	1.1613939001557827	3	7	1	1	1.0
ssj191.1242.4521	1.9	1.4053183949386556	5	13	1	1	1.0
ssj191.1247.4532	2.8125	1.7974064725374344	4	23	1	1	1.0
ssj351.2048.7239	2.6923076923076925	1.6116046395105206	5	17	2	1	2.0
ssj132.843.3234	2.4285714285714284	1.328105204420754	4	16	2	2	1.0
ssj451.2487.8734	2.1333333333333333	1.492219133467616	4	17	2	2	1.0
ssj415.2314.8164	2.0	1.3013448427221919	4	11	3	1	3.0
ssj458.2515.8910	2.2	0.5655677401868349	7	18	3	2	1.5
ssj422.2346.8260	2.7777777777777777	1.2282535876331513	6	22	3	2	1.5
ssj450.2465.8621	2.6923076923076925	0.8413821190369463	5	16	2	1	2.0
ssj383.2182.7747	2.5714285714285716	0.7216406462467505	4	17	2	2	1.0
ssj42.249.995	3.8947368421052633	0.6618995198795457	4	21	1	1	1.0
ssj370.2129.7577	3.1578947368421053	0.8716200508616149	4	23	3	3	1.0
ssj188.1238.4508	3.0	0.9729550745276567	3	10	1	1	1.0
ssj429.2378.8362	2.2142857142857144	1.6758913364347645	4	16	1	1	1.0
ssj360.2074.7340	6.213114754098361	2.284211523264196	13	72	7	3	2.3333333333333335
ssj303.1844.6531	3.3529411764705883	0.206768748249774	6	21	3	2	1.5
ssj102.660.2524	2.5714285714285716	0.3750670559667778	4	10	3	3	1.0
ssj144.1008.3796	1.0	0.0	2	3	1	1	1.0
ssj6.34.139	1.0	0.0	2	3	1	1	1.0
ssj127.812.3062	1.3333333333333333	0.2616240718822739	4	5	2	1	2.0
ssj306.1852.6560	3.5555555555555554	0.16989903679539742	4	14	1	1	1.0
ssj446.2439.8566	2.8823529411764706	0.3579997179736975	6	22	1	1	1.0
elexiswsd1.1141.sl.131960	1.9230769230769231	1.3216953918840497	5	16	2	1	2.0
ssj230.1528.5535	3.3333333333333335	0.24121307462214617	4	16	2	2	1.0
ssj343.2003.7113	2.8125	1.0453677741492975	4	21	2	2	1.0
ssj191.1252.4545	1.6666666666666667	1.189773067065087	3	9	1	1	1.0
ssj35.206.819	2.3	0.6649570138418917	4	13	1	1	1.0
ssj91.602.2275	2.9375	1.2046152162636408	4	23	2	2	1.0
ssj345.2013.7150	2.8666666666666667	1.105594142176803	4	18	2	2	1.0
ssj141.910.3484	4.538461538461538	1.215072471234668	4	19	2	1	2.0
elexiswsd1.675.sl.131493	2.3	1.0115306041218644	9	27	2	1	2.0
ssj449.2462.8609	3.230769230769231	1.526361089937045	6	18	2	1	2.0
ssj32.191.774	n/a	n/a	2	3	1	1	1.0
ssj213.1412.5126	2.3125	1.4438449053294748	5	21	2	1	2.0
ssj234.1550.5608	2.6363636363636362	1.6747329581591641	11	36	5	3	1.6666666666666667
elexiswsd1.958.sl.131777	1.75	1.4875564931756278	5	15	2	1	2.0
ssj226.1489.5416	4.678571428571429	0.46968303234162695	8	68	3	2	1.5
elexiswsd1.1245.sl.132064	2.090909090909091	1.010654837602461	5	13	2	2	1.0
ssj121.777.2937	1.6666666666666667	0.038480520568064065	3	5	1	1	1.0
ssj202.1358.4914	2.875	2.1490347667337697	9	34	1	1	1.0
ssj295.1801.6382	1.9473684210526316	1.355046700439491	6	22	1	1	1.0
ssj371.2137.7602	2.4444444444444446	0.5513680029259856	4	12	2	1	2.0
elexiswsd1.642.sl.131459	1.8	0.9100794718748765	3	7	1	1	1.0
elexiswsd1.381.sl.131197	2.0	1.5567576546051873	7	21	2	1	2.0
elexiswsd1.911.sl.131730	2.3076923076923075	1.3421063891441773	4	16	2	1	2.0
elexiswsd1.475.sl.131292	2.1	0.9586613461017003	5	14	2	1	2.0
ssj360.2080.7360	2.75	1.6171467743354109	5	21	3	1	3.0
ssj193.1271.4602	2.5	0.5815754049028404	2	6	1	1	1.0
ssj385.2210.7829	4.571428571428571	0.002435465117298264	6	26	5	2	2.5
ssj90.596.2250	1.5	0.49041462650586304	3	4	1	1	1.0
ssj442.2418.8495	2.4444444444444446	1.1006741472600405	3	11	2	1	2.0
ssj326.1952.6946	2.076923076923077	1.5245422447156325	4	16	1	1	1.0
ssj116.734.2771	2.888888888888889	1.0106954025105037	4	12	1	1	1.0
ssj30.182.731	2.142857142857143	1.1066947570947876	7	19	2	1	2.0
ssj355.2059.7275	2.4	0.275823809143123	5	14	4	3	1.3333333333333333
ssj440.2414.8484	2.5555555555555554	1.682603868936891	7	31	2	2	1.0
elexiswsd1.405.sl.131221	1.8	1.5364609561225604	4	12	1	1	1.0
ssj230.1536.5557	2.0	0.3465735902799726	3	6	1	1	1.0
ssj161.1094.4068	2.0	1.138633642504878	5	17	1	1	1.0
ssj385.2210.7830	2.5	1.5251102294190304	5	25	2	2	1.0
ssj27.134.545	3.5454545454545454	1.1757345879619097	6	27	3	3	1.0
ssj414.2310.8137	1.0	0.6931471805599453	2	4	1	1	1.0
ssj453.2494.8766	2.111111111111111	0.3513978868378886	5	13	2	1	2.0
ssj29.176.708	2.2857142857142856	0.8394236819031342	3	9	1	1	1.0
ssj27.134.546	2.2	0.5655677401868349	5	8	1	1	1.0
elexiswsd1.741.sl.131559	2.25	1.3274028432916987	3	11	2	1	2.0
ssj205.1378.4994	1.8	0.2169322913149312	4	8	2	2	1.0
ssj203.1364.4952	2.5714285714285716	0.5777996100208601	7	26	4	1	4.0
ssj34.200.805	2.6538461538461537	2.039332663554854	8	32	2	1	2.0
ssj144.1009.3804	2.739130434782609	1.1094127418362465	7	28	3	2	1.5
ssj456.2508.8860	3.0555555555555554	1.3011795261394328	4	24	3	2	1.5
elexiswsd1.1608.sl.132433	1.8181818181818181	1.4058295918606152	6	13	2	1	2.0
ssj326.1956.6965	3.7	1.634719196074899	6	26	3	2	1.5
ssj212.1401.5089	3.125	2.0173397399501827	7	30	3	1	3.0
elexiswsd1.748.sl.131566	1.875	1.3069918460315713	3	10	1	1	1.0
elexiswsd1.1395.sl.132217	2.1538461538461537	1.666512072514124	5	15	1	1	1.0
ssj132.847.3251	2.5	1.0193097735797902	5	19	3	2	1.5
ssj455.2505.8829	1.7142857142857142	0.9832647181290245	4	9	1	1	1.0
ssj455.2505.8830	3.0555555555555554	1.1329434078288263	5	21	3	2	1.5
ssj226.1486.5410	2.6	0.5423546917495591	4	12	1	1	1.0
ssj287.1762.6255	4.193548387096774	1.088165312489187	5	36	4	3	1.3333333333333333
elexiswsd1.658.sl.131476	2.9583333333333335	2.0266620873423147	6	28	2	1	2.0
ssj206.1382.5012	3.7333333333333334	1.1880161574151886	6	34	3	3	1.0
ssj22.111.476	2.0	0.0	3	5	1	1	1.0
ssj90.595.2245	2.875	1.7754275658186591	6	21	2	1	2.0
ssj385.2210.7826	1.6	1.02786250753126	3	7	1	1	1.0
ssj191.1254.4552	3.1578947368421053	0.32231390652756015	6	23	3	1	3.0
ssj405.2259.7972	3.3333333333333335	0.9932517730102833	5	11	2	1	2.0
ssj6.35.157	1.7142857142857142	1.2386775300120199	4	9	2	1	2.0
ssj141.896.3430	2.3333333333333335	1.5941031009059818	5	14	1	1	1.0
ssj164.1125.4149	3.111111111111111	1.003353126669043	3	12	1	1	1.0
ssj203.1366.4959	1.6	0.3347153269713146	4	7	2	1	2.0
ssj114.715.2682	2.5625	1.7648396814629932	5	18	1	1	1.0
elexiswsd1.1610.sl.132435	2.4166666666666665	0.36006414469552644	5	17	2	1	2.0
ssj292.1781.6326	1.7777777777777777	1.4191278783785755	4	11	1	1	1.0
ssj201.1357.4910	2.6666666666666665	0.11778303565638351	5	12	2	1	2.0
ssj6.32.106	n/a	n/a	2	2	1	1	1.0
elexiswsd1.1230.sl.132049	2.5714285714285716	1.068214236526723	5	9	1	1	1.0
ssj424.2359.8296	2.8	0.6709792736499196	3	7	1	1	1.0
ssj367.2101.7469	2.4444444444444446	0.20479441264601314	5	12	1	1	1.0
ssj67.421.1608	2.5555555555555554	0.7096487944092343	5	13	2	2	1.0
ssj129.819.3077	16.03448275862069	0.7445200703276726	2	36	1	1	1.0
elexiswsd1.526.sl.131343	1.875	1.3840671859452005	4	10	2	1	2.0
ssj325.1949.6934	2.2857142857142856	1.1859972721831067	3	9	1	1	1.0
ssj469.2545.9034	3.4166666666666665	1.9058827249368233	7	28	4	2	2.0
ssj3.10.41	2.0625	1.2116816662272465	6	19	2	1	2.0
ssj233.1543.5584	2.6666666666666665	1.9495638587212067	7	32	2	1	2.0
ssj198.1324.4787	1.7142857142857142	0.7805321640749423	4	9	2	2	1.0
ssj177.1195.4348	3.235294117647059	0.24248683085185324	4	21	4	3	1.3333333333333333
ssj220.1451.5255	11.258064516129032	0.7040911154747079	5	52	1	1	1.0
ssj469.2547.9046	3.0	1.8648507243170958	5	33	5	3	1.6666666666666667
elexiswsd1.484.sl.131301	2.764705882352941	1.8718919039574857	7	22	2	1	2.0
elexiswsd1.537.sl.131354	1.95	2.1125114429321084	7	24	3	2	1.5
ssj77.505.1892	1.3333333333333333	0.9547712524422192	3	5	1	1	1.0
ssj415.2318.8174	3.7804878048780486	1.4228127177512426	8	48	4	2	2.0
ssj95.624.2390	2.4285714285714284	0.08565187952675406	3	9	1	1	1.0
ssj95.621.2374	2.3636363636363638	0.33874637117607365	6	15	3	1	3.0
ssj144.1005.3787	2.5	0.7843079589569226	4	16	2	2	1.0
ssj27.149.617	2.3	1.7046777846818097	5	23	2	2	1.0
ssj294.1786.6342	2.9473684210526314	0.9406129223485664	5	24	5	3	1.6666666666666667
ssj133.874.3350	2.6666666666666665	1.692724512347008	6	35	6	3	2.0
ssj254.1637.5891	2.9	0.4331553997845673	4	13	1	1	1.0
ssj355.2059.7276	1.625	1.3589319112752674	4	10	1	1	1.0
ssj57.354.1428	1.0	0.0	2	2	1	1	1.0
ssj12.47.220	12.112244897959183	0.34757296773024476	9	158	5	4	1.25
ssj315.1885.6713	1.5	0.8369882167858357	3	6	1	1	1.0
ssj201.1349.4871	2.6296296296296298	1.230381566299233	7	33	4	3	1.3333333333333333
ssj319.1901.6788	2.3076923076923075	1.4191817290578064	5	18	1	1	1.0
ssj133.859.3296	4.342105263157895	1.5928870905829982	8	42	3	1	3.0
ssj426.2372.8343	2.6818181818181817	1.5319813106594111	6	25	3	2	1.5
ssj126.806.3044	2.8823529411764706	0.3579997179736975	5	20	4	3	1.3333333333333333
ssj177.1196.4352	2.230769230769231	1.284847162422881	5	16	2	1	2.0
ssj12.47.215	2.625	0.42121346507630353	6	21	2	2	1.0
ssj20.89.361	2.75	0.3746934494414107	4	11	2	1	2.0
ssj434.2397.8413	2.0833333333333335	1.404363884427827	5	14	2	1	2.0
ssj100.642.2469	3.2941176470588234	1.669654204297257	5	22	1	1	1.0
ssj141.905.3469	1.4	1.1613939001557827	3	7	1	1	1.0
ssj162.1114.4114	2.4	1.3744360978112327	5	12	2	1	2.0
elexiswsd1.1189.sl.132008	2.2	0.9121413304668073	4	7	1	1	1.0
ssj445.2431.8528	2.75	0.028119859161438072	5	14	1	1	1.0
ssj193.1284.4641	n/a	n/a	2	3	1	1	1.0
elexiswsd1.1443.sl.132265	1.4	1.2729656758128876	3	7	1	1	1.0
ssj156.1059.3952	3.15625	1.2766305179182758	7	37	7	2	3.5
ssj193.1299.4696	2.3333333333333335	0.853300830443874	3	12	2	1	2.0
ssj198.1324.4776	4.357142857142857	0.15228786975042333	6	19	3	1	3.0
ssj40.240.959	3.475	0.5988452480402127	8	49	6	4	1.5
ssj5.23.76	3.409090909090909	1.8169417032781587	5	29	1	1	1.0
elexiswsd1.528.sl.131345	2.3333333333333335	1.4026069747779288	5	19	1	1	1.0
ssj183.1221.4439	1.8888888888888888	1.3585032565621407	4	10	2	1	2.0
elexiswsd1.183.sl.130999	1.5833333333333333	1.5876399517326103	5	14	1	1	1.0
ssj359.2072.7336	3.888888888888889	0.7802095753548333	6	23	3	2	1.5
ssj342.1996.7086	2.2222222222222223	1.6196332572579675	4	20	2	2	1.0
ssj15.67.274	2.7857142857142856	1.3347451191331596	4	17	1	1	1.0
elexiswsd1.113.sl.130929	2.0833333333333335	1.7074317862129849	4	15	2	1	2.0
ssj95.621.2373	4.0	0.1438410362258906	5	16	3	2	1.5
ssj193.1302.4711	2.7333333333333334	0.8978093792830621	4	18	3	2	1.5
ssj459.2517.8925	2.5625	1.7648396814629932	4	22	2	1	2.0
ssj27.143.582	2.2	0.5655677401868349	5	8	1	1	1.0
ssj12.46.207	2.6666666666666665	1.09073811018404	4	11	1	1	1.0
ssj20.88.355	2.0	0.6263814842476839	4	9	1	1	1.0
ssj92.609.2294	2.607142857142857	0.7078473241144149	7	31	3	2	1.5
elexiswsd1.972.sl.131791	3.0526315789473686	1.8014013371513236	4	22	2	1	2.0
ssj451.2483.8713	2.090909090909091	1.010654837602461	5	14	2	1	2.0
ssj126.811.3060	2.875	0.33024168687057687	5	20	4	3	1.3333333333333333
ssj415.2313.8157	2.3076923076923075	0.44622665453014976	5	16	3	2	1.5
ssj132.843.3232	2.230769230769231	1.519848977045749	5	16	1	1	1.0
ssj385.2209.7823	1.8	1.6621181702630135	6	18	2	1	2.0
ssj30.186.749	2.2142857142857144	1.217745970497687	5	17	3	1	3.0
ssj132.843.3233	2.3636363636363638	1.2346261057901013	4	14	2	1	2.0
ssj223.1464.5312	2.076923076923077	1.6501994588560858	4	16	1	1	1.0
ssj21.100.424	2.0	0.5493061443340547	2	5	1	1	1.0
elexiswsd1.530.sl.131347	1.5555555555555556	1.349926716949016	5	12	1	1	1.0
ssj477.2579.9207	1.2	1.315544579983041	3	7	1	1	1.0
elexiswsd1.275.sl.131091	1.8	0.2169322913149312	4	7	1	1	1.0
ssj131.826.3144	n/a	n/a	2	2	1	1	1.0
ssj126.811.3057	3.547169811320755	0.7189959074982335	7	61	9	6	1.5
ssj393.2228.7880	2.6666666666666665	0.8109302162163288	4	15	2	2	1.0
ssj271.1704.6068	2.0	0.34657359027997275	6	16	3	3	1.0
ssj213.1414.5136	2.2	0.5655677401868349	6	19	1	1	1.0
ssj328.1964.6989	3.1458333333333335	0.789521679546912	10	63	8	3	2.6666666666666665
ssj358.2068.7319	2.8823529411764706	1.0511468985336427	4	20	2	1	2.0
ssj193.1282.4637	2.0	0.5493061443340547	2	5	1	1	1.0
ssj340.1985.7052	1.9285714285714286	1.5586288630325862	5	16	1	1	1.0
ssj152.1036.3873	3.3	0.3039436683045611	3	13	2	1	2.0
ssj141.909.3483	1.9230769230769231	1.5244279459381318	6	15	2	1	2.0
ssj118.749.2821	2.0	1.1512925464970227	5	15	2	1	2.0
ssj343.2003.7118	2.6666666666666665	1.412916618379297	4	17	1	1	1.0
ssj116.726.2734	1.5	0.49041462650586304	2	4	1	1	1.0
ssj295.1800.6377	2.9285714285714284	1.2179690022462368	4	18	2	2	1.0
elexiswsd1.620.sl.131437	4.647058823529412	1.402633382479014	7	22	2	1	2.0
elexiswsd1.1186.sl.132005	2.625	1.2735875111955162	6	12	1	1	1.0
elexiswsd1.1555.sl.132380	3.0	1.5749414766906247	7	26	2	1	2.0
ssj53.331.1358	2.0	1.3195286648076292	3	10	1	1	1.0
ssj93.611.2309	2.25	1.1246702892376166	4	14	2	2	1.0
ssj344.2009.7135	2.2857142857142856	0.9509954575602391	3	9	1	1	1.0
elexiswsd1.1191.sl.132010	1.6666666666666667	1.4836663995161465	4	11	1	1	1.0
ssj144.970.3693	2.5714285714285716	1.6764118986889698	5	24	2	2	1.0
ssj268.1699.6057	2.5	1.2991176675475016	4	17	2	1	2.0
ssj142.955.3648	1.0	0.5493061443340547	2	5	1	1	1.0
ssj75.482.1808	3.6818181818181817	0.9352617059249804	4	27	4	2	2.0
ssj156.1064.3971	3.5357142857142856	2.0511053481303803	6	32	3	2	1.5
ssj133.850.3261	3.6511627906976742	1.5585094427196922	8	51	6	2	3.0
ssj373.2142.7621	2.111111111111111	0.6979714771178611	4	13	1	1	1.0
ssj206.1386.5027	2.7	1.1977615443266574	5	25	4	4	1.0
elexiswsd1.16.sl.130829	2.875	1.1349606430876271	8	20	3	1	3.0
ssj106.677.2565	3.5	1.7093649302118978	5	25	2	1	2.0
ssj91.601.2264	2.3333333333333335	0.8006205726149609	5	15	1	1	1.0
ssj81.526.1989	2.7	1.805959206488904	8	34	4	2	2.0
ssj31.187.755	3.238095238095238	1.629750630139796	5	27	4	2	2.0
ssj142.939.3592	1.0	0.5493061443340547	2	5	1	1	1.0
ssj282.1741.6183	1.5	0.6342556627317537	3	6	1	1	1.0
ssj61.376.1504	2.272727272727273	1.0711142648893002	4	14	2	1	2.0
ssj226.1505.5479	3.272727272727273	1.295798649472214	6	14	1	1	1.0
ssj3.14.47	3.107142857142857	0.8789722368881948	7	35	4	2	2.0
ssj165.1133.4176	2.3125	1.520920245243104	6	20	4	2	2.0
ssj415.2317.8173	1.6666666666666667	0.9343602551820915	5	11	1	1	1.0
ssj42.250.999	2.925925925925926	1.123613590873527	5	30	4	4	1.0
ssj347.2022.7170	2.45	1.9558032127714648	6	25	3	1	3.0
ssj69.437.1666	3.142857142857143	0.867543541064572	3	9	1	1	1.0
ssj93.618.2345	2.1666666666666665	1.2213021350486557	6	21	4	2	2.0
ssj24.117.494	3.4516129032258065	1.0274581165998682	6	34	3	3	1.0
ssj315.1888.6725	2.217391304347826	1.3207218355034536	7	26	2	1	2.0
ssj256.1648.5928	2.230769230769231	1.631420752702854	4	16	2	2	1.0
ssj288.1767.6285	2.533333333333333	0.9737952862609843	5	18	2	2	1.0
ssj141.906.3473	2.875	1.649770351678206	4	21	3	1	3.0
ssj77.505.1890	2.3529411764705883	1.365659518187438	7	21	2	1	2.0
ssj27.149.619	2.5	0.326162593019845	5	16	2	2	1.0
ssj160.1080.4035	2.25	1.2017456291512458	3	10	1	1	1.0
ssj161.1110.4101	1.5	1.092401028668831	7	13	1	1	1.0
ssj294.1791.6352	2.0	0.27980789396771144	5	10	1	1	1.0
ssj239.1573.5697	2.272727272727273	1.1826860405464052	4	14	2	2	1.0
ssj225.1468.5339	1.8	0.9100794718748765	4	7	1	1	1.0
ssj370.2114.7516	3.032258064516129	1.5035657590717428	7	37	6	3	2.0
ssj225.1467.5335	2.6666666666666665	1.7657014686585482	6	31	2	1	2.0
elexiswsd1.943.sl.131762	1.25	1.0193097735797902	3	6	1	1	1.0
elexiswsd1.208.sl.131024	2.0	1.0074515102711326	3	8	1	1	1.0
elexiswsd1.626.sl.131443	3.375	1.065778771409425	6	19	2	2	1.0
ssj277.1720.6108	2.3793103448275863	1.6215561965995018	9	35	6	1	6.0
ssj459.2519.8937	2.125	1.6722433295834285	10	36	4	3	1.3333333333333333
ssj142.945.3612	1.5	0.05889151782819164	2	4	1	1	1.0
ssj45.271.1082	2.25	1.6739764335716716	5	20	1	1	1.0
ssj142.931.3565	1.6	0.8840214713053695	3	8	2	1	2.0
ssj301.1828.6472	2.0	1.3862943611198906	6	20	3	1	3.0
ssj131.827.3159	n/a	n/a	2	2	1	1	1.0
ssj262.1671.5996	3.625	0.09844007281325252	3	20	1	1	1.0
ssj121.779.2948	3.5	0.5389965007326869	7	23	3	1	3.0
elexiswsd1.1263.sl.132082	3.3333333333333335	1.1370928092361738	6	24	2	1	2.0
ssj233.1543.5585	2.7419354838709675	0.7083295502374028	9	38	4	3	1.3333333333333333
ssj186.1232.4475	5.382352941176471	1.746156889170423	5	43	4	2	2.0
ssj79.516.1947	3.0869565217391304	2.008308554816984	6	29	3	1	3.0
ssj131.839.3214	2.0	0.27980789396771144	3	9	2	2	1.0
ssj370.2133.7589	2.0	0.6931471805599453	4	11	2	2	1.0
ssj242.1581.5714	3.0	0.05268025782891318	5	15	1	1	1.0
ssj144.1009.3802	2.838709677419355	0.6736439922495128	7	37	4	1	4.0
ssj318.1897.6766	2.2666666666666666	1.8181894557679221	4	18	2	1	2.0
ssj121.779.2944	2.5625	1.1384581972153094	5	19	2	2	1.0
ssj234.1555.5623	2.0714285714285716	1.1405963087704687	5	18	2	1	2.0
elexiswsd1.697.sl.131515	3.0476190476190474	0.9572067175595176	5	27	2	1	2.0
ssj144.977.3714	2.9375	1.4600280281466362	5	21	3	3	1.0
ssj12.47.217	2.3636363636363638	0.6853199614560463	4	14	2	2	1.0
ssj421.2344.8251	2.2	1.25871492074678	4	14	2	1	2.0
ssj236.1562.5645	2.857142857142857	1.165586274922979	5	17	3	1	3.0
ssj417.2329.8210	2.5	1.2991176675475016	4	14	1	1	1.0
ssj90.590.2222	3.7222222222222223	0.13086501745328083	5	22	3	1	3.0
ssj131.829.3175	1.6666666666666667	1.189773067065087	3	8	1	1	1.0
ssj331.1973.7007	2.3636363636363638	1.3117014457037304	4	13	1	1	1.0
ssj110.691.2610	n/a	n/a	2	3	1	1	1.0
ssj456.2509.8877	3.787878787878788	0.9657537492314741	6	43	3	2	1.5
ssj226.1500.5454	2.611111111111111	0.8319836254141612	6	22	2	1	2.0
ssj144.999.3768	3.5	0.3362639466786047	4	16	1	1	1.0
elexiswsd1.146.sl.130962	2.0588235294117645	1.4991909108119608	5	20	2	1	2.0
ssj325.1938.6894	2.4444444444444446	1.4472477375400132	4	22	1	1	1.0
ssj451.2473.8668	2.0	0.34657359027997275	4	10	2	2	1.0
ssj142.946.3615	1.0	0.5493061443340547	2	5	1	1	1.0
ssj201.1348.4868	1.0	0.34657359027997275	2	3	1	1	1.0
ssj27.158.650	2.466666666666667	1.255876345226141	6	18	3	2	1.5
ssj424.2357.8288	3.0454545454545454	1.3277507952605352	5	26	3	3	1.0
ssj223.1464.5325	2.1176470588235294	1.6392561521558706	6	21	2	1	2.0
ssj160.1080.4034	2.769230769230769	1.4628527341353803	4	17	1	1	1.0
ssj212.1404.5099	2.588235294117647	1.3615101167800903	5	21	4	4	1.0
ssj160.1076.4020	2.5384615384615383	1.2467962093398526	4	17	2	2	1.0
ssj369.2111.7494	1.6	1.02786250753126	3	8	1	1	1.0
ssj53.329.1337	2.2	1.4614474748008623	4	12	1	1	1.0
ssj118.754.2848	1.8333333333333333	0.2897439310437119	4	8	1	1	1.0
ssj449.2456.8590	2.6153846153846154	1.014210692136089	4	17	2	2	1.0
elexiswsd1.268.sl.131084	1.5	0.8369882167858357	3	6	1	1	1.0
ssj165.1133.4180	2.24	2.1569871471182567	7	33	1	1	1.0
ssj480.2588.9242	2.3333333333333335	1.1471941628949336	5	21	3	3	1.0
ssj364.2092.7420	2.6666666666666665	0.8880055561299579	3	8	1	1	1.0
ssj161.1082.4043	2.1904761904761907	1.2874484044300942	10	25	1	1	1.0
ssj325.1944.6913	2.4375	1.0446275815640802	6	18	3	2	1.5
ssj256.1650.5932	3.404255319148936	1.504766543548311	11	56	9	3	3.0
ssj142.942.3606	2.0	0.1438410362258906	3	5	1	1	1.0
ssj111.704.2650	2.736842105263158	1.2701337063852836	5	23	3	3	1.0
ssj46.306.1240	2.0	0.6263814842476839	4	9	1	1	1.0
ssj472.2559.9122	2.4814814814814814	1.432209860175473	7	32	4	2	2.0
ssj417.2329.8213	2.111111111111111	1.3243529613655454	3	11	1	1	1.0
elexiswsd1.1590.sl.132415	1.3333333333333333	1.1575038064963012	4	8	1	1	1.0
ssj101.649.2483	2.923076923076923	1.7988647916398923	6	46	2	1	2.0
ssj20.94.402	2.1818181818181817	1.3146688134636377	3	13	1	1	1.0
ssj191.1252.4546	1.5	0.05889151782819164	3	4	1	1	1.0
ssj142.935.3578	1.0	0.0	2	3	1	1	1.0
ssj226.1503.5471	1.5	0.49041462650586304	2	4	1	1	1.0
ssj26.127.527	1.8823529411764706	1.4772312938445429	7	21	4	2	2.0
ssj236.1561.5640	1.9	1.2025858408845735	4	12	2	2	1.0
ssj459.2516.8918	4.12	1.5476098496237705	5	32	3	2	1.5
ssj76.490.1833	2.125	1.1818287030775654	4	10	1	1	1.0
ssj90.590.2218	2.375	0.17472333335331355	3	10	2	2	1.0
ssj118.762.2871	3.6666666666666665	0.2897439310437119	4	19	3	2	1.5
elexiswsd1.1541.sl.132366	2.0625	1.7609878105613013	6	19	2	1	2.0
ssj139.886.3403	1.9333333333333333	0.6947794716668412	8	18	1	1	1.0
ssj477.2580.9212	1.5	0.49041462650586304	2	4	1	1	1.0
ssj198.1324.4781	1.0	0.34657359027997275	2	3	1	1	1.0
ssj93.612.2317	2.3333333333333335	0.9444616088408514	4	15	1	1	1.0
ssj224.1466.5332	4.777777777777778	0.11878965940926067	5	14	1	1	1.0
ssj137.883.3388	2.4285714285714284	1.2369444260237767	6	18	5	3	1.6666666666666667
elexiswsd1.600.sl.131417	2.4	1.2487788836707796	5	12	1	1	1.0
ssj236.1561.5642	1.9	1.2025858408845735	4	13	1	1	1.0
ssj426.2370.8328	1.9090909090909092	1.7036130179711557	4	13	1	1	1.0
ssj198.1324.4775	3.3	1.2768987428322176	6	24	3	1	3.0
ssj242.1585.5746	3.625	0.24813351746672008	4	11	2	1	2.0
ssj451.2475.8674	2.7777777777777777	0.07696104113612832	4	12	2	1	2.0
ssj46.294.1186	4.714285714285714	0.2310687476035376	6	13	2	1	2.0
ssj254.1635.5886	3.3181818181818183	1.039251419449028	5	26	5	4	1.25
ssj38.224.906	2.0	1.138633642504878	5	16	3	2	1.5
ssj172.1181.4314	2.888888888888889	1.1363526166509568	3	13	2	2	1.0
ssj144.985.3726	3.08	0.4845083154486173	6	34	3	3	1.0
ssj246.1596.5788	1.7272727272727273	1.625359004558772	4	13	2	1	2.0
ssj193.1300.4701	2.3333333333333335	0.853300830443874	4	8	1	1	1.0
elexiswsd1.431.sl.131247	2.7	1.256653062154849	4	12	1	1	1.0
ssj44.267.1064	2.6666666666666665	1.4605717082814593	5	14	1	1	1.0
ssj265.1681.6020	3.4761904761904763	1.7215100943848256	5	26	4	1	4.0
elexiswsd1.1429.sl.132251	2.0	0.8958797346140274	4	11	2	1	2.0
elexiswsd1.874.sl.131693	1.5714285714285714	0.867543541064572	5	9	1	1	1.0
ssj470.2552.9089	2.3636363636363638	1.2346261057901013	4	13	2	2	1.0
ssj33.193.790	1.75	0.6828375369585774	3	8	1	1	1.0
ssj352.2050.7246	3.0	1.4978661367769954	4	25	3	3	1.0
ssj131.830.3178	2.25	0.22879055462358922	3	8	2	1	2.0
ssj347.2020.7165	2.9565217391304346	1.682681255116803	7	28	1	1	1.0
ssj312.1879.6692	3.342857142857143	1.2639953379963098	11	42	6	2	3.0
ssj338.1984.7047	2.7142857142857144	0.6675734249764748	3	11	2	2	1.0
ssj216.1437.5206	1.5	0.8369882167858357	3	6	1	1	1.0
elexiswsd1.1018.sl.131837	2.1666666666666665	0.46926343666051834	4	8	3	2	1.5
ssj116.737.2781	1.9	1.058744804658683	5	13	3	1	3.0
elexiswsd1.672.sl.131490	3.15	0.3504636839394539	7	24	1	1	1.0
ssj412.2292.8083	2.357142857142857	0.8086520232363803	4	17	3	1	3.0
ssj20.92.386	1.9166666666666667	1.2850129393127958	5	14	2	2	1.0
elexiswsd1.1036.sl.131855	2.2222222222222223	0.300104592450338	4	11	2	2	1.0
ssj376.2164.7684	3.0952380952380953	1.365351461217154	6	24	2	1	2.0
ssj310.1871.6637	2.52	1.2344851552448235	9	29	3	2	1.5
elexiswsd1.1586.sl.132411	2.4761904761904763	0.615539938003707	5	25	4	3	1.3333333333333333
ssj177.1196.4358	3.076923076923077	1.5751512541064767	5	19	3	1	3.0
ssj364.2090.7411	1.75	1.1732521634644406	5	10	2	1	2.0
ssj126.798.3022	3.6666666666666665	0.49247648509779424	5	15	4	3	1.3333333333333333
ssj133.854.3277	2.3529411764705883	1.6006613328103059	4	20	2	2	1.0
ssj325.1941.6909	1.6666666666666667	1.4836663995161465	4	11	1	1	1.0
ssj385.2213.7839	2.875	1.7754275658186591	5	30	4	2	2.0
ssj110.690.2606	n/a	n/a	2	3	1	1	1.0
elexiswsd1.1437.sl.132259	2.2142857142857144	0.5245987899377417	6	18	2	2	1.0
ssj85.564.2147	1.6666666666666667	1.189773067065087	3	8	1	1	1.0
ssj46.287.1151	2.5	0.9525440772675292	4	8	1	1	1.0
elexiswsd1.73.sl.130887	2.0555555555555554	1.4177869047599678	6	21	3	2	1.5
ssj79.517.1954	3.5	1.453060057432152	6	32	3	3	1.0
ssj70.440.1681	2.3	1.4696759700589417	6	25	2	2	1.0
ssj63.389.1539	2.3333333333333335	1.5941031009059818	10	37	5	1	5.0
ssj212.1406.5105	2.611111111111111	1.2901289913512386	4	21	2	1	2.0
ssj332.1974.7012	2.1176470588235294	1.6392561521558706	5	20	2	1	2.0
ssj4.16.58	3.6	0.4762148892450141	3	10	1	1	1.0
ssj27.160.655	1.7142857142857142	1.2386775300120199	3	9	1	1	1.0
ssj451.2472.8665	3.0	0.22091637613951956	4	17	3	3	1.0
ssj310.1872.6640	2.923076923076923	1.4522912013599194	4	15	1	1	1.0
ssj451.2485.8726	2.2857142857142856	1.0421562359572163	3	9	1	1	1.0
elexiswsd1.169.sl.130985	1.9230769230769231	1.601503285851761	6	15	1	1	1.0
ssj126.800.3028	2.8333333333333335	0.4037320041199211	6	22	4	3	1.3333333333333333
ssj131.828.3161	2.5	0.12343003896576299	2	5	1	1	1.0
ssj195.1314.4743	2.789473684210526	1.8003916557486441	5	25	2	1	2.0
ssj101.652.2494	2.0	1.0074515102711326	3	9	2	2	1.0
ssj85.560.2132	2.1	1.1025023823275908	4	12	2	2	1.0
ssj228.1513.5499	2.8333333333333335	1.949253230799079	5	41	4	2	2.0
ssj358.2068.7323	2.2222222222222223	0.300104592450338	4	11	2	2	1.0
ssj110.691.2608	3.52	1.9800251918348357	6	29	3	2	1.5
ssj455.2503.8804	2.3529411764705883	0.9075141522503605	7	22	4	1	4.0
ssj347.2022.7169	3.9523809523809526	1.7369699639625094	6	25	3	1	3.0
ssj234.1551.5610	2.375	0.5212969236332861	4	12	2	2	1.0
ssj470.2550.9076	4.161290322580645	1.2641234768937037	7	37	4	2	2.0
ssj203.1363.4944	2.909090909090909	1.026986741011857	4	14	2	1	2.0
elexiswsd1.1618.sl.132443	2.0	0.5493061443340547	3	7	1	1	1.0
ssj455.2505.8824	2.3333333333333335	0.048581874226823765	4	9	1	1	1.0
ssj360.2080.7363	2.9642857142857144	1.3841851136832581	7	35	6	6	1.0
ssj288.1764.6269	1.8823529411764706	1.5888030695016477	8	20	2	1	2.0
ssj451.2475.8678	1.7	0.6206642954348526	6	13	2	1	2.0
ssj268.1700.6062	4.555555555555555	1.5178653047539667	6	26	3	1	3.0
ssj172.1176.4285	2.2	1.6052885110267527	7	24	4	1	4.0
ssj380.2174.7723	2.6	0.19578110146958644	5	13	2	1	2.0
ssj20.91.377	2.1666666666666665	1.3651431712745459	4	16	3	3	1.0
ssj421.2344.8248	1.8333333333333333	0.9828911116036572	4	9	1	1	1.0
ssj426.2369.8325	2.8378378378378377	0.7624165188088132	9	43	3	2	1.5
ssj170.1158.4235	2.68	1.8225687543105205	7	31	2	1	2.0
elexiswsd1.434.sl.131250	1.8	1.3682248378119541	4	12	1	1	1.0
ssj211.1399.5082	2.5294117647058822	1.5872321890588714	5	20	3	2	1.5
elexiswsd1.1557.sl.132382	2.5555555555555554	1.2000634209150973	4	21	1	1	1.0
elexiswsd1.1070.sl.131889	1.8571428571428572	1.1586348223384833	3	9	1	1	1.0
ssj220.1452.5264	2.111111111111111	0.6979714771178611	6	15	1	1	1.0
ssj201.1353.4881	1.6	1.2305950615853423	6	13	2	1	2.0
ssj250.1607.5835	1.8461538461538463	1.2186763501784144	7	15	3	2	1.5
ssj417.2323.8185	4.166666666666667	2.0063502865907954	9	37	2	1	2.0
ssj76.489.1831	2.9615384615384617	1.9296337462984297	5	32	4	2	2.0
ssj75.470.1761	1.5	0.6342556627317537	2	5	1	1	1.0
elexiswsd1.925.sl.131744	1.9230769230769231	1.6682689821640222	5	16	1	1	1.0
ssj141.895.3424	2.111111111111111	1.3243529613655454	4	12	1	1	1.0
ssj170.1160.4242	3.723404255319149	2.1781825366061485	10	53	5	1	5.0
ssj206.1382.5013	2.933333333333333	0.827191812069109	6	18	3	1	3.0
ssj100.640.2464	2.0555555555555554	1.529358680417073	7	21	3	2	1.5
ssj221.1453.5273	2.6153846153846154	1.5200111479753289	6	16	2	1	2.0
ssj134.880.3374	3.7916666666666665	0.2562212390050683	7	32	2	1	2.0
elexiswsd1.1562.sl.132387	2.125	0.6325225587435105	7	19	2	1	2.0
ssj260.1661.5970	2.7	1.92122103579482	6	26	2	1	2.0
ssj116.735.2772	2.75	2.0407957045290126	7	36	6	1	6.0
ssj76.489.1829	2.64	1.9926840958269805	8	33	5	1	5.0
ssj193.1271.4601	2.0	1.0074515102711326	5	12	1	1	1.0
ssj315.1887.6720	1.8181818181818181	1.1504167799776197	5	13	1	1	1.0
ssj300.1825.6466	2.1176470588235294	1.9858297424358435	7	21	3	1	3.0
elexiswsd1.769.sl.131587	1.3333333333333333	0.6081976621622466	5	8	1	1	1.0
ssj374.2150.7636	2.3684210526315788	1.3031431595392866	5	22	3	3	1.0
ssj118.762.2872	2.0	0.6263814842476839	4	10	1	1	1.0
elexiswsd1.1473.sl.132298	1.7142857142857142	1.2386775300120199	4	9	1	1	1.0
ssj358.2067.7314	2.090909090909091	1.1544958738283515	4	14	2	2	1.0
ssj321.1910.6815	1.8181818181818181	1.6408314064834828	4	13	1	1	1.0
ssj21.107.455	2.5625	1.2500299728724142	5	19	2	2	1.0
ssj193.1302.4712	3.2777777777777777	1.0627391491555778	7	23	1	1	1.0
ssj130.823.3090	1.0	0.0	2	3	1	1	1.0
ssj46.298.1207	2.857142857142857	1.0217452386970887	5	27	5	4	1.25
elexiswsd1.1448.sl.132270	2.0	0.5493061443340547	2	5	1	1	1.0
ssj238.1572.5691	2.6666666666666665	2.009877852615514	7	40	2	1	2.0
elexiswsd1.85.sl.130900	2.375	1.2733356220214231	5	12	2	1	2.0
ssj110.690.2602	2.5	0.22314355131420976	3	6	1	1	1.0
elexiswsd1.219.sl.131035	2.1538461538461537	1.2083667065770465	4	15	1	1	1.0
ssj277.1722.6114	2.0	0.5493061443340547	2	5	1	1	1.0
elexiswsd1.685.sl.131503	1.9	1.4053183949386556	5	12	1	1	1.0
ssj130.824.3113	2.0	0.5493061443340547	2	5	1	1	1.0
ssj118.750.2826	2.7222222222222223	1.416692413261277	4	21	2	1	2.0
ssj260.1659.5959	3.5	1.2321436812926323	5	14	1	1	1.0
elexiswsd1.280.sl.131096	2.0	1.6044127445073497	4	14	3	1	3.0
elexiswsd1.1155.sl.131974	2.4347826086956523	1.7176104039984932	8	26	3	2	1.5
ssj234.1552.5615	2.8461538461538463	1.2762268943879984	8	31	5	1	5.0
elexiswsd1.249.sl.000000	2.619047619047619	1.8019037962466637	5	24	1	1	1.0
ssj341.1990.7066	2.611111111111111	1.5840223238022981	5	22	1	1	1.0
ssj376.2161.7673	1.5	1.092401028668831	3	6	1	1	1.0
ssj157.1070.3989	2.65	1.3280254529959148	6	23	4	2	2.0
ssj44.267.1068	1.8181818181818181	1.29425781620351	5	14	2	2	1.0
elexiswsd1.132.sl.130948	2.0	1.4311004404647343	4	13	1	1	1.0
ssj193.1269.4596	1.75	0.48010498290449527	2	6	1	1	1.0
ssj64.406.1575	2.55	1.4576525122206883	5	27	1	1	1.0
ssj142.929.3552	2.0	0.5493061443340547	2	5	1	1	1.0
ssj300.1823.6457	3.6666666666666665	0.9506218510348717	6	25	1	1	1.0
ssj162.1117.4123	4.6923076923076925	1.1228445331388843	5	31	1	1	1.0
ssj206.1388.5036	3.235294117647059	1.7647480497135648	6	22	2	1	2.0
ssj315.1889.6726	2.2222222222222223	1.4513971389473608	7	22	2	1	2.0
ssj118.765.2890	2.9545454545454546	1.155323590701782	5	26	6	3	2.0
elexiswsd1.1478.sl.132303	1.875	1.3069918460315713	3	10	1	1	1.0
ssj228.1523.5523	2.3125	1.9019902712665526	6	19	2	1	2.0
ssj81.532.2015	2.0	0.5058004558392399	5	14	2	1	2.0
elexiswsd1.1327.sl.132148	2.6	0.3985136555236687	5	18	3	3	1.0
elexiswsd1.153.sl.130969	2.0	1.5222612188617115	5	14	1	1	1.0
ssj142.923.3527	2.3333333333333335	1.479682314691558	5	17	1	1	1.0
ssj417.2324.8188	2.7222222222222223	1.8889232176817028	7	22	1	1	1.0
ssj142.929.3555	2.0	0.5493061443340547	2	5	1	1	1.0
ssj326.1954.6957	2.6470588235294117	1.3390372609280319	5	21	3	1	3.0
elexiswsd1.1480.sl.132305	1.9	1.4053183949386556	3	13	1	1	1.0
ssj178.1205.4397	3.0	0.8958797346140275	3	9	1	1	1.0
ssj156.1062.3964	2.6666666666666665	1.3461509220670356	6	25	3	1	3.0
ssj475.2570.9160	2.25	1.491654876777717	8	25	2	1	2.0
ssj44.263.1050	2.5	0.6727361832998177	4	16	3	2	1.5
ssj152.1038.3904	2.652173913043478	0.5923674597204133	7	28	4	1	4.0
ssj195.1318.4757	1.5454545454545454	1.3129357094753946	7	13	1	1	1.0
ssj327.1960.6977	2.65	1.4191862313928922	4	24	1	1	1.0
ssj478.2582.9222	2.4857142857142858	2.283720645607645	10	40	3	1	3.0
ssj138.884.3391	2.066666666666667	1.6678088680080867	5	17	1	1	1.0
elexiswsd1.500.sl.131317	2.25	1.2362420648947214	4	15	2	1	2.0
ssj203.1359.4919	3.7	1.6061399891549248	6	29	5	1	5.0
ssj35.209.852	2.0	0.8958797346140274	4	11	2	1	2.0
elexiswsd1.826.sl.131644	2.4	0.8251299534771779	4	16	2	1	2.0
ssj133.865.3312	2.526315789473684	0.8920310481217425	7	23	3	2	1.5
elexiswsd1.331.sl.131147	3.15	1.043610864499399	5	24	3	1	3.0
ssj66.414.1595	4.0	0.4133392865922339	5	16	1	1	1.0
elexiswsd1.1596.sl.132421	2.0	0.8958797346140274	5	15	3	1	3.0
elexiswsd1.875.sl.131694	2.0	1.1989476363991853	5	13	1	1	1.0
ssj142.935.3580	3.823529411764706	0.07543274618868696	5	19	3	2	1.5
ssj254.1637.5888	2.75	1.2705731840554382	10	31	4	3	1.3333333333333333
ssj27.140.560	2.75	1.3294647018836299	4	16	2	2	1.0
ssj352.2049.7243	2.7333333333333334	1.49979578144603	4	18	2	2	1.0
ssj151.1028.3847	3.5	2.3245447099614633	5	49	3	3	1.0
ssj73.463.1744	3.0277777777777777	1.030504115734994	7	42	5	4	1.25
elexiswsd1.710.sl.131528	1.8333333333333333	1.3294647018836299	5	15	2	1	2.0
ssj45.275.1116	1.7777777777777777	1.2163953243244932	5	11	1	1	1.0
ssj435.2399.8422	2.5789473684210527	1.4977932451666909	5	22	2	1	2.0
ssj260.1663.5978	2.4166666666666665	0.7066377349754991	5	15	3	1	3.0
ssj156.1067.3981	4.914893617021277	0.3328036920432943	6	59	4	4	1.0
ssj191.1249.4539	2.1176470588235294	1.4710200338452644	6	21	1	1	1.0
ssj234.1551.5609	2.4722222222222223	1.8595971124796817	12	41	5	2	2.5
ssj223.1464.5318	2.0	1.7406200446678457	5	17	2	2	1.0
elexiswsd1.1132.sl.131951	2.0	0.8958797346140274	4	8	1	1	1.0
ssj294.1787.6344	2.8947368421052633	1.763350384068295	4	25	5	1	5.0
ssj193.1302.4705	1.6	0.8840214713053695	3	8	3	1	3.0
ssj5.30.94	2.2580645161290325	1.7072045208954105	12	35	6	4	1.5
ssj249.1602.5821	2.533333333333333	1.320368876540957	6	19	1	1	1.0
ssj121.777.2939	3.5	1.2657133327114465	4	16	1	1	1.0
ssj27.139.553	2.6666666666666665	1.412916618379297	7	32	2	2	1.0
ssj369.2106.7483	2.9285714285714284	1.5990390282696851	4	19	2	1	2.0
ssj30.185.746	3.066666666666667	1.7313000419412157	9	36	6	2	3.0
ssj8.39.188	1.75	0.6828375369585774	3	7	2	1	2.0
ssj302.1840.6496	2.0	0.8047189562170503	5	12	1	1	1.0
ssj325.1945.6915	2.576923076923077	1.375599368201202	6	29	2	2	1.0
ssj185.1229.4461	1.4	1.017552863929892	3	7	1	1	1.0
ssj152.1038.3877	1.6666666666666667	1.078201291407982	4	8	1	1	1.0
ssj42.248.991	2.5	0.8754687373538999	4	14	2	2	1.0
elexiswsd1.145.sl.130961	1.8571428571428572	1.2497956007354607	6	17	3	1	3.0
elexiswsd1.266.sl.131082	2.1875	1.152841166204313	6	20	2	1	2.0
ssj226.1473.5366	2.6	1.8151203275517767	5	19	2	1	2.0
ssj86.571.2170	3.0	0.0	3	11	1	1	1.0
ssj446.2435.8549	1.4	1.017552863929892	3	7	1	1	1.0
ssj78.513.1928	2.0	0.6608779199911599	2	6	1	1	1.0
ssj396.2235.7897	2.5	0.6727361832998177	4	12	3	3	1.0
ssj260.1659.5960	2.130434782608696	1.504568206343043	9	29	3	1	3.0
ssj20.89.362	2.75	0.7801585575495751	4	15	2	2	1.0
ssj165.1134.4187	2.2439024390243905	2.3680981878150504	12	46	2	1	2.0
elexiswsd1.1304.sl.132124	2.0	0.8958797346140274	4	10	1	1	1.0
ssj141.905.3467	2.5454545454545454	0.8139445433564068	6	15	4	2	2.0
ssj141.901.3452	1.0	0.0	2	3	1	1	1.0
elexiswsd1.1374.sl.132196	1.5	1.3274028432916989	4	10	1	1	1.0
ssj230.1525.5527	3.588235294117647	0.9436651081280629	4	19	2	2	1.0
ssj203.1365.4954	1.9375	0.7248958788745256	8	19	4	2	2.0
ssj326.1951.6940	2.4615384615384617	1.277567868006606	3	15	1	1	1.0
ssj199.1329.4804	2.0	0.9547712524422192	4	11	1	1	1.0
ssj80.523.1975	2.473684210526316	0.9130844573195747	6	23	3	2	1.5
ssj226.1501.5459	4.818181818181818	0.9460796604530634	4	15	1	1	1.0
elexiswsd1.124.sl.130940	1.9230769230769231	1.4332671675411546	6	16	3	2	1.5
elexiswsd1.1264.sl.132083	2.1	1.3823102762953023	4	12	1	1	1.0
ssj226.1500.5452	3.1739130434782608	0.7593554730253061	7	30	5	3	1.6666666666666667
ssj223.1463.5307	2.652173913043478	1.4882471943344409	4	26	2	1	2.0
elexiswsd1.1326.sl.132147	1.8571428571428572	1.393636636961351	4	9	1	1	1.0
ssj204.1374.4978	2.1	1.4490759726075635	4	12	1	1	1.0
ssj46.306.1245	1.5	0.2876820724517809	3	5	2	1	2.0
ssj177.1197.4364	2.1666666666666665	0.815837026940491	5	15	2	2	1.0
ssj6.33.119	2.2857142857142856	1.1859972721831067	3	9	1	1	1.0
elexiswsd1.1259.sl.132078	3.4761904761904763	0.9694713959966886	6	26	3	2	1.5
ssj45.275.1106	3.466666666666667	0.11083158307188774	5	19	3	2	1.5
ssj88.588.2212	1.6666666666666667	0.9343602551820915	4	8	1	1	1.0
ssj42.250.1000	2.25	1.7266566914005848	5	20	3	1	3.0
ssj44.270.1080	2.9615384615384617	2.0412055219555345	6	34	3	2	1.5
elexiswsd1.1099.sl.131918	1.7142857142857142	1.3298383084089973	3	9	1	1	1.0
ssj302.1840.6498	2.4166666666666665	1.3997849155354445	4	14	1	1	1.0
ssj205.1380.5009	2.6666666666666665	1.7068099508303565	5	27	2	1	2.0
elexiswsd1.125.sl.130941	3.0526315789473686	0.9055216025372962	7	22	2	1	2.0
ssj256.1650.5934	2.0	1.1512925464970227	4	14	2	1	2.0
ssj133.869.3335	3.125	0.9988987763196628	3	10	1	1	1.0
ssj469.2543.9032	2.5	0.5815754049028404	2	6	1	1	1.0
elexiswsd1.211.sl.131027	2.0	0.9729550745276567	3	9	1	1	1.0
elexiswsd1.1052.sl.131871	2.6666666666666665	0.464356625936356	8	23	2	1	2.0
ssj124.789.2995	2.0	1.1989476363991853	5	13	2	2	1.0
ssj425.2366.8320	2.806451612903226	1.580952422687163	7	36	4	3	1.3333333333333333
ssj215.1430.5184	3.6	0.5635058815949039	3	9	1	1	1.0
ssj252.1613.5844	2.2222222222222223	0.9932517730102833	8	23	2	1	2.0
ssj144.966.3684	2.7857142857142856	0.8443304926272964	6	17	2	2	1.0
ssj187.1237.4498	4.911111111111111	2.156270760194695	10	53	5	2	2.5
ssj315.1889.6730	2.0	0.11157177565710491	4	7	1	1	1.0
elexiswsd1.216.sl.131032	2.6818181818181817	1.3637451923488046	6	26	3	1	3.0
ssj208.1395.5060	2.8666666666666667	2.1196682658229458	6	40	4	3	1.3333333333333333
elexiswsd1.1609.sl.132434	3.357142857142857	1.4279670575204586	6	17	1	1	1.0
ssj437.2404.8439	2.619047619047619	1.252597651912609	7	26	4	2	2.0
ssj206.1385.5023	4.125	1.067840630001356	7	56	6	6	1.0
ssj326.1953.6952	4.848484848484849	0.5161611172458661	7	45	1	1	1.0
ssj312.1878.6690	3.85	0.6990991328113575	10	27	4	2	2.0
ssj422.2348.8267	3.0714285714285716	1.8264341477400665	5	33	3	3	1.0
ssj370.2133.7590	1.3333333333333333	0.6081976621622466	3	5	2	1	2.0
elexiswsd1.488.sl.131305	2.1818181818181817	0.4187890788496102	6	17	5	1	5.0
ssj429.2378.8360	2.0	1.629048269010741	6	15	1	1	1.0
elexiswsd1.575.sl.131392	3.2222222222222223	0.27511462629782757	6	20	1	1	1.0
elexiswsd1.257.sl.131073	2.6470588235294117	1.416112600841661	5	23	3	1	3.0
ssj370.2125.7558	3.0	0.5304359803426313	6	16	2	2	1.0
elexiswsd1.1272.sl.132091	2.1818181818181817	0.9680952231836651	4	13	2	2	1.0
ssj55.352.1421	2.6153846153846154	1.6750886121272486	5	16	2	1	2.0
ssj223.1465.5328	2.3333333333333335	1.1998744207238468	5	16	3	3	1.0
ssj25.122.514	1.7142857142857142	0.9832647181290245	4	9	1	1	1.0
ssj390.2224.7866	2.2222222222222223	1.5425579173443382	5	20	1	1	1.0
ssj446.2435.8544	3.111111111111111	0.03636764417087479	5	18	1	1	1.0
ssj98.629.2431	2.6470588235294117	1.2478764825310547	6	25	5	3	1.6666666666666667
ssj133.849.3258	2.8	0.6709792736499196	3	7	1	1	1.0
ssj288.1768.6289	2.888888888888889	0.8424592841998972	4	14	1	1	1.0
ssj348.2029.7191	1.875	1.3069918460315713	4	10	1	1	1.0
ssj156.1065.3975	3.0	1.0111415639199437	6	21	4	2	2.0
ssj451.2470.8651	3.0	0.05889151782819164	3	11	2	1	2.0
ssj370.2118.7538	2.6	1.2943933901376963	4	12	1	1	1.0
ssj141.912.3493	1.75	0.8266785731844679	5	11	2	1	2.0
ssj50.324.1322	2.090909090909091	0.8079222835483788	5	13	2	2	1.0
ssj159.1075.4018	2.3333333333333335	1.291035199120824	3	12	1	1	1.0
ssj63.390.1543	3.0	0.4469089380110482	5	26	4	3	1.3333333333333333
ssj131.826.3142	1.3333333333333333	0.8109302162163288	2	5	1	1	1.0
ssj107.679.2577	4.2	1.3052349363816729	4	19	2	1	2.0
ssj161.1106.4088	1.875	1.3069918460315713	5	10	1	1	1.0
ssj76.495.1852	2.625	2.169467245809544	7	26	3	2	1.5
ssj141.905.3465	2.5714285714285716	1.127105754354915	4	10	1	1	1.0
ssj348.2029.7192	2.3333333333333335	0.25131442828090605	4	12	2	1	2.0
ssj470.2555.9100	3.5454545454545454	1.1757345879619097	5	13	1	1	1.0
ssj27.140.563	2.0	0.5493061443340547	2	5	1	1	1.0
ssj344.2009.7136	3.25	0.9007865453381898	5	20	4	2	2.0
elexiswsd1.1318.sl.132139	2.0	0.8958797346140274	3	8	1	1	1.0
ssj374.2147.7630	3.0	1.2824746787307686	5	17	1	1	1.0
elexiswsd1.1515.sl.132340	1.6	0.3347153269713146	4	7	1	1	1.0
elexiswsd1.619.sl.131436	2.0	0.27980789396771144	4	9	1	1	1.0
ssj476.2571.9162	1.7	1.1699704397689072	4	12	2	2	1.0
ssj20.95.406	2.3684210526315788	0.9565695692593136	6	22	3	2	1.5
ssj177.1198.4376	3.8	1.4823937348522849	5	25	3	2	1.5
ssj374.2150.7640	2.25	1.6598909950883234	5	24	3	2	1.5
elexiswsd1.511.sl.131328	2.0	1.6193392260821902	5	20	1	1	1.0
ssj474.2567.9152	1.5	0.49041462650586304	2	4	1	1	1.0
ssj129.815.3069	3.1538461538461537	0.8269991500479427	5	16	1	1	1.0
elexiswsd1.319.sl.131135	2.5	1.627507435742037	5	21	2	2	1.0
ssj152.1032.3863	2.727272727272727	0.7449516718694553	8	38	6	3	2.0
ssj173.1184.4327	3.72	1.1915939787630727	6	35	3	2	1.5
ssj465.2533.9002	5.095238095238095	1.4162160409849398	7	29	4	1	4.0
elexiswsd1.327.sl.131143	1.75	1.3759847175185227	5	14	1	1	1.0
ssj70.440.1682	2.6	0.5423546917495591	5	13	1	1	1.0
elexiswsd1.571.sl.131388	3.0476190476190474	1.101047753785408	6	24	2	2	1.0
ssj91.601.2263	1.4285714285714286	1.3094273111488697	4	9	2	2	1.0
ssj407.2268.8008	3.8125	1.0209642937140173	5	25	4	3	1.3333333333333333
ssj46.310.1261	5.325	0.17202701546147936	7	45	5	2	2.5
ssj469.2546.9038	2.763157894736842	1.6982986240460827	10	45	2	1	2.0
ssj375.2156.7654	2.4375	1.391201171844053	4	20	1	1	1.0
elexiswsd1.632.sl.131449	2.8125	0.6987941838693248	7	23	1	1	1.0
elexiswsd1.1102.sl.131921	2.9285714285714284	1.1408936623326076	4	17	2	1	2.0
ssj95.624.2388	2.3333333333333335	0.048581874226823765	4	8	2	2	1.0
ssj203.1362.4941	2.6333333333333333	1.5370671762432617	7	35	4	2	2.0
ssj412.2288.8074	2.608695652173913	1.1582029060056787	5	27	1	1	1.0
ssj244.1594.5779	2.076923076923077	1.4474669048020035	5	15	1	1	1.0
ssj309.1862.6600	2.111111111111111	1.0445450673978338	4	12	2	1	2.0
ssj341.1988.7063	2.25	1.1246702892376166	7	19	2	1	2.0
ssj53.331.1355	2.933333333333333	1.5974143325426833	4	19	2	1	2.0
ssj419.2336.8229	4.136363636363637	1.5119985346405143	9	53	4	2	2.0
ssj193.1280.4628	1.0	0.6931471805599453	2	4	1	1	1.0
ssj167.1143.4215	2.0	0.5058004558392399	5	13	1	1	1.0
ssj6.34.138	2.0	0.1438410362258906	3	5	1	1	1.0
ssj34.197.799	3.4130434782608696	2.3157645583960753	7	53	5	3	1.6666666666666667
ssj214.1416.5149	3.7	1.6873994539038122	5	25	2	1	2.0
ssj118.761.2870	1.0	0.34657359027997275	2	4	1	1	1.0
ssj20.96.410	3.085714285714286	1.8021834116069237	9	41	6	2	3.0
ssj75.487.1826	2.0	1.0845268501847616	3	8	2	1	2.0
ssj61.376.1502	1.75	0.48010498290449527	3	7	2	2	1.0
ssj325.1940.6906	1.9411764705882353	1.558031410834894	7	20	2	1	2.0
ssj234.1549.5602	2.857142857142857	1.3683188289770614	6	28	6	2	3.0
ssj171.1171.4268	2.0	0.6931471805599453	5	12	3	1	3.0
ssj178.1200.4383	2.0	1.6661022550876021	5	17	2	2	1.0
elexiswsd1.391.sl.131207	2.5384615384615383	1.04406365528577	9	31	3	2	1.5
ssj199.1332.4815	1.5	0.49041462650586304	2	4	1	1	1.0
ssj356.2062.7292	2.8333333333333335	0.8941466306257843	6	15	2	1	2.0
ssj6.34.145	1.0	0.6931471805599453	2	4	2	1	2.0
ssj304.1848.6545	1.9285714285714286	1.355896308978504	6	17	2	1	2.0
ssj385.2208.7818	2.16	2.081783015632027	7	30	3	2	1.5
ssj75.487.1827	1.0	0.8958797346140274	3	5	1	1	1.0
ssj264.1676.6008	2.4615384615384617	1.0748353139525237	4	16	2	2	1.0
ssj45.279.1129	2.5	0.5697171415941823	2	5	1	1	1.0
elexiswsd1.953.sl.131772	2.0	1.1756876285817388	4	8	1	1	1.0
ssj193.1302.4714	2.2	0.9121413304668073	3	7	1	1	1.0
ssj95.621.2369	3.4615384615384617	0.5900676907560402	4	16	2	1	2.0
ssj348.2030.7196	3.1	0.569196579339977	5	35	4	3	1.3333333333333333
ssj324.1918.6837	1.9	1.2025858408845735	5	14	3	1	3.0
elexiswsd1.435.sl.131251	2.4	1.451511437724862	5	19	2	1	2.0
ssj292.1779.6316	1.6153846153846154	1.6987813330829098	6	16	1	1	1.0
ssj161.1109.4095	2.161290322580645	1.91924326186441	9	34	2	1	2.0
ssj119.773.2922	1.7142857142857142	0.9832647181290245	4	9	1	1	1.0
ssj486.2609.9285	2.142857142857143	0.21081502248076	4	9	1	1	1.0
ssj212.1404.5101	2.764705882352941	1.5509649608712885	5	19	1	1	1.0
ssj172.1180.4308	2.5	1.0963851134934195	4	17	2	2	1.0
ssj384.2198.7790	1.8	1.4593856162089314	4	12	2	1	2.0
elexiswsd1.148.sl.130964	2.176470588235294	1.332049284000045	6	21	3	2	1.5
ssj289.1770.6293	1.8571428571428572	1.1586348223384833	4	9	1	1	1.0
ssj236.1562.5653	4.902439024390244	0.267053191997386	8	48	5	2	2.5
ssj223.1464.5313	3.2857142857142856	1.1373961082049253	6	38	4	4	1.0
ssj433.2389.8384	2.642857142857143	1.0408152623386089	5	17	1	1	1.0
ssj286.1756.6244	4.55	0.7874578600311867	6	25	3	1	3.0
ssj302.1840.6507	3.9473684210526314	2.111846200580925	8	41	3	2	1.5
elexiswsd1.520.sl.131337	1.75	1.6313975294015182	8	19	2	1	2.0
ssj451.2478.8697	2.5454545454545454	1.463586035421537	4	14	3	1	3.0
elexiswsd1.179.sl.130995	2.3636363636363638	0.8880525155101285	4	15	1	1	1.0
ssj468.2542.9024	1.7142857142857142	1.3298383084089973	3	9	1	1	1.0
ssj300.1818.6440	2.076923076923077	1.7028797166849987	10	30	3	1	3.0
ssj84.555.2111	2.9444444444444446	0.365265723292125	6	24	3	1	3.0
ssj435.2400.8428	3.3461538461538463	1.2259556445946895	5	34	3	3	1.0
ssj6.32.113	2.0	0.1438410362258906	3	4	1	1	1.0
ssj238.1567.5681	2.1538461538461537	1.064525670351156	5	16	2	1	2.0
ssj160.1079.4032	1.0	0.6931471805599453	2	4	1	1	1.0
elexiswsd1.720.sl.131538	1.7	1.4253832516519027	4	12	1	1	1.0
ssj47.316.1277	2.125	1.3256697393034558	6	21	3	3	1.0
ssj249.1600.5810	2.391304347826087	1.591787873275281	6	27	3	2	1.5
ssj93.617.2336	2.375	1.0706030679673408	4	10	2	1	2.0
ssj38.226.913	3.1515151515151514	1.1496765873924024	6	40	6	5	1.2
ssj378.2170.7701	3.15625	2.2495855924459325	7	38	3	1	3.0
ssj413.2295.8095	4.083333333333333	0.16446032342862615	4	16	3	3	1.0
ssj61.369.1480	2.870967741935484	2.1075303159436616	5	39	8	5	1.6
ssj1.1.8	2.8823529411764706	1.330954792501354	5	20	3	1	3.0
elexiswsd1.253.sl.000000	2.4285714285714284	1.674678794700727	4	17	2	1	2.0
elexiswsd1.1485.sl.132310	2.0	1.1756876285817388	4	9	1	1	1.0
elexiswsd1.1154.sl.131973	2.0	0.752038698388137	3	9	2	1	2.0
ssj116.737.2782	4.222222222222222	0.8571983426771285	3	13	1	1	1.0
ssj370.2126.7561	1.3333333333333333	1.1575038064963012	4	8	1	1	1.0
ssj343.2003.7114	2.5454545454545454	1.507091723916352	6	26	5	3	1.6666666666666667
ssj373.2142.7619	5.5	0.7290191329893659	7	32	4	2	2.0
ssj194.1306.4720	2.5454545454545454	2.200238904476297	11	48	2	1	2.0
ssj69.436.1663	2.92	1.3425732523709604	6	28	2	1	2.0
ssj456.2510.8888	2.0	0.5493061443340547	2	5	1	1	1.0
ssj164.1124.4147	3.1136363636363638	1.955251161448452	7	51	5	2	2.5
ssj82.537.2044	3.088235294117647	0.6355804367667188	9	41	7	3	2.3333333333333335
ssj333.1976.7020	2.3214285714285716	1.517066675927114	9	34	3	1	3.0
ssj86.569.2164	3.1578947368421053	2.2366346047721075	8	50	8	2	4.0
ssj130.822.3089	3.1	1.171182981502945	6	22	2	2	1.0
ssj476.2572.9166	3.6	1.6109787457028044	5	28	2	1	2.0
elexiswsd1.262.sl.131078	1.5	1.4389746189488037	4	10	1	1	1.0
elexiswsd1.1528.sl.132353	1.875	1.1042592919774892	3	10	1	1	1.0
ssj312.1877.6685	1.6666666666666667	1.078201291407982	3	8	1	1	1.0
ssj14.63.260	3.375	1.9475730675401044	6	48	2	2	1.0
ssj6.33.124	2.0	0.6608779199911599	3	8	2	2	1.0
ssj90.593.2240	2.888888888888889	0.9336200625968746	3	12	2	1	2.0
ssj15.67.271	2.3	1.6379120883695482	6	23	2	2	1.0
ssj45.274.1096	2.5757575757575757	1.6979898203234314	7	39	2	2	1.0
ssj236.1561.5643	2.4	2.008691760542986	6	24	5	3	1.6666666666666667
ssj459.2519.8935	2.870967741935484	2.04863879811547	7	35	3	3	1.0
ssj27.157.644	2.789473684210526	1.1395137357574843	6	22	2	2	1.0
ssj243.1592.5772	1.9333333333333333	1.734500242506759	5	18	2	1	2.0
ssj194.1308.4723	2.3333333333333335	1.493767753174906	5	20	1	1	1.0
ssj46.290.1166	2.25	1.0335095108406396	3	12	2	1	2.0
ssj417.2321.8183	2.590909090909091	0.9400860024828963	7	27	2	1	2.0
ssj445.2429.8520	2.210526315789474	1.8302813969633152	5	20	1	1	1.0
ssj321.1910.6821	1.5555555555555556	1.2060856807231253	5	12	2	1	2.0
ssj184.1225.4448	2.52	1.4898979671278187	6	30	3	2	1.5
elexiswsd1.207.sl.131023	2.3333333333333335	1.0883026450667417	4	15	2	2	1.0
ssj75.485.1812	2.0	0.8958797346140274	5	11	2	1	2.0
ssj51.325.1327	1.6363636363636365	1.6794262258290478	5	13	2	1	2.0
ssj348.2025.7179	1.25	1.0193097735797902	3	6	1	1	1.0
ssj13.56.245	3.032258064516129	1.8066336608569007	6	35	2	1	2.0
ssj32.192.776	2.7142857142857144	1.622344677418694	5	26	3	2	1.5
ssj299.1816.6432	2.5	0.02041099726012762	5	8	2	1	2.0
ssj133.860.3297	2.8461538461538463	1.2094611980757373	4	18	3	1	3.0
ssj451.2476.8683	2.6666666666666665	0.08494951839769874	4	8	2	2	1.0
ssj152.1032.3862	3.21875	0.9104484562499267	6	39	7	4	1.75
ssj384.2198.7793	2.3333333333333335	1.0560333844979564	6	21	3	1	3.0
ssj144.968.3687	2.3333333333333335	1.291035199120824	5	20	3	3	1.0
ssj66.414.1594	1.5	0.05889151782819164	3	4	1	1	1.0
ssj13.60.252	1.9090909090909092	1.357039427691183	5	13	1	1	1.0
ssj12.50.230	3.111111111111111	0.8595120904431527	4	22	1	1	1.0
ssj53.330.1345	2.4444444444444446	1.244515183485931	8	23	4	1	4.0
ssj480.2589.9246	2.142857142857143	1.3621075689777828	4	19	2	2	1.0
ssj93.611.2312	3.125	1.3454723665996353	6	30	7	6	1.1666666666666667
ssj54.344.1394	2.2916666666666665	1.6556272949034752	6	28	2	2	1.0
ssj35.209.851	1.0	0.34657359027997275	2	3	1	1	1.0
ssj221.1459.5292	2.466666666666667	1.0004635333431455	5	19	2	1	2.0
elexiswsd1.1026.sl.131845	2.0	1.2628643221541278	4	13	2	1	2.0
ssj413.2296.8099	2.526315789473684	1.3501764140588197	6	24	5	1	5.0
ssj367.2098.7446	2.3157894736842106	0.6324688348313996	6	23	3	1	3.0
ssj195.1321.4766	2.074074074074074	1.6115507888312899	9	33	4	1	4.0
ssj76.493.1845	2.642857142857143	1.243547816392691	4	17	2	2	1.0
ssj221.1459.5291	1.6666666666666667	0.9343602551820915	4	8	3	2	1.5
ssj292.1779.6318	3.3636363636363638	1.7776844657813864	4	25	2	1	2.0
ssj133.868.3324	3.4210526315789473	1.524745877584792	4	24	3	1	3.0
ssj277.1721.6109	2.7	1.3569884098859246	4	12	1	1	1.0
ssj204.1367.4967	2.1	0.7559287920476182	6	14	4	2	2.0
elexiswsd1.1094.sl.131913	2.6	1.2943933901376963	4	20	2	1	2.0
ssj99.635.2449	2.1666666666666665	0.46926343666051834	3	8	2	2	1.0
ssj325.1949.6932	4.485714285714286	1.4280688333828353	8	42	5	2	2.5
ssj39.237.949	4.0285714285714285	2.2530970109976365	8	44	8	4	2.0
elexiswsd1.1603.sl.132428	1.6153846153846154	1.3522077428029369	7	16	1	1	1.0
ssj370.2116.7527	1.7777777777777777	1.327967099981598	4	12	1	1	1.0
elexiswsd1.547.sl.131364	2.5	1.5686159179138452	4	16	2	1	2.0
ssj401.2244.7926	4.857142857142857	0.2883844335808362	7	27	3	1	3.0
ssj326.1955.6962	2.4	1.1717035437571504	7	27	5	3	1.6666666666666667
ssj234.1549.5604	3.717948717948718	1.8010834055046634	7	46	5	2	2.5
elexiswsd1.633.sl.131450	1.8888888888888888	1.0119296662821677	5	13	2	1	2.0
elexiswsd1.1399.sl.132221	2.3333333333333335	1.0883026450667417	4	14	2	2	1.0
ssj93.617.2338	2.75	1.0355713694325706	3	14	1	1	1.0
ssj42.258.1030	3.92	1.7412123954087249	9	61	5	4	1.25
ssj279.1732.6135	2.7	1.4004940983807395	4	13	2	1	2.0
ssj208.1394.5055	2.25	1.4712438795175893	6	21	6	3	2.0
ssj302.1840.6505	3.388888888888889	1.2644045435108537	5	21	2	1	2.0
ssj473.2563.9129	3.05	1.769018907277566	4	24	3	2	1.5
ssj421.2343.8247	1.4285714285714286	1.3094273111488697	4	9	2	2	1.0
ssj451.2471.8656	2.6	0.19578110146958644	4	14	3	1	3.0
elexiswsd1.1024.sl.131843	1.75	0.48010498290449527	3	6	1	1	1.0
ssj139.891.3417	2.0	1.5567576546051873	4	14	2	1	2.0
ssj187.1237.4500	2.7209302325581395	2.2336513392936928	10	50	6	1	6.0
ssj338.1984.7048	2.111111111111111	1.4500101755059982	6	11	1	1	1.0
ssj267.1687.6031	2.4444444444444446	0.20479441264601314	4	12	1	1	1.0
ssj171.1169.4265	2.4	0.8251299534771779	3	14	2	2	1.0
ssj425.2363.8305	2.7666666666666666	1.5788351993106626	6	34	3	1	3.0
elexiswsd1.1187.sl.132006	2.588235294117647	1.270349338383113	6	21	2	2	1.0
ssj131.831.3185	4.148936170212766	0.5022218440013411	8	56	7	4	1.75
ssj172.1180.4307	1.8181818181818181	1.29425781620351	5	13	2	2	1.0
ssj437.2404.8437	1.75	0.9382503488415728	3	6	1	1	1.0
ssj451.2469.8646	2.75	0.7212670397213834	3	11	2	2	1.0
ssj208.1396.5067	3.423076923076923	1.8151151093281914	5	32	5	2	2.5
ssj355.2060.7281	2.7777777777777777	1.2759086775353137	5	13	1	1	1.0
ssj108.685.2592	1.0	0.8958797346140274	3	4	1	1	1.0
ssj341.1987.7059	2.0	1.2824746787307684	5	17	3	2	1.5
ssj200.1339.4835	1.3333333333333333	1.0663430280993242	3	6	1	1	1.0
ssj159.1074.4014	2.3333333333333335	1.291035199120824	6	21	3	2	1.5
ssj63.392.1552	n/a	n/a	2	3	1	1	1.0
ssj433.2384.8373	3.9545454545454546	0.719961705716945	5	27	2	2	1.0
ssj246.1596.5790	2.0588235294117645	1.4991909108119608	5	20	3	2	1.5
ssj142.954.3646	1.5	0.49041462650586304	2	4	1	1	1.0
ssj95.625.2401	2.9285714285714284	1.1408936623326076	4	16	2	2	1.0
ssj455.2506.8841	2.4545454545454546	1.798872179970222	6	26	3	2	1.5
ssj233.1546.5589	2.625	1.5198257537444133	6	28	3	2	1.5
ssj294.1797.6370	2.7777777777777777	0.9728407757501558	6	22	3	1	3.0
ssj193.1278.4623	1.0	0.0	2	3	1	1	1.0
ssj447.2449.8577	2.0	1.242453324894	5	15	4	2	2.0
ssj63.389.1537	4.642857142857143	1.3732256397012235	7	34	4	1	4.0
ssj451.2483.8712	2.6666666666666665	0.2616240718822739	5	16	4	2	2.0
elexiswsd1.736.sl.131554	1.8888888888888888	1.1557707025080584	4	12	2	1	2.0
ssj384.2200.7797	1.7272727272727273	1.2017100743651703	5	14	2	2	1.0
ssj396.2235.7896	2.5	1.8240287297968405	6	31	4	2	2.0
ssj161.1083.4044	2.411764705882353	0.8828215396599891	6	20	2	2	1.0
ssj153.1046.3921	2.3636363636363638	1.3117014457037304	4	13	1	1	1.0
ssj243.1593.5775	3.21875	1.113181010304009	8	37	4	2	2.0
ssj141.912.3492	2.0	0.40546510810816444	5	12	3	3	1.0
ssj119.773.2923	2.0	1.4016801904532676	4	13	3	2	1.5
ssj225.1469.5345	1.5714285714285714	1.214117131344545	4	9	1	1	1.0
ssj118.747.2812	n/a	n/a	2	2	1	1	1.0
ssj228.1514.5502	2.789473684210526	1.5449788438656487	8	23	2	1	2.0
ssj290.1775.6301	3.0	1.6836479149932368	5	32	2	2	1.0
ssj88.581.2196	2.2222222222222223	0.300104592450338	5	12	3	1	3.0
ssj341.1991.7073	1.5	0.05889151782819164	3	4	1	1	1.0
ssj458.2515.8912	2.6	1.3470736479666092	7	29	3	1	3.0
ssj22.110.473	3.2	0.19087429074542417	4	17	2	2	1.0
ssj65.410.1586	2.823529411764706	0.7251925954564059	7	39	4	2	2.0
ssj242.1585.5736	1.6666666666666667	1.078201291407982	3	8	1	1	1.0
ssj376.2164.7681	2.4285714285714284	1.5308377584748363	5	16	1	1	1.0
ssj455.2503.8813	2.391304347826087	1.5006270948783038	8	28	3	2	1.5
elexiswsd1.1260.sl.132079	2.4285714285714284	1.4719462406466446	4	17	2	1	2.0
ssj194.1311.4733	3.0344827586206895	1.856081609232273	6	36	5	2	2.5
ssj469.2543.9029	1.9285714285714286	1.4674680846356092	6	18	2	1	2.0
ssj204.1377.4987	2.857142857142857	1.3683188289770614	5	16	1	1	1.0
ssj325.1940.6904	2.6875	1.2024019238831596	6	19	3	2	1.5
ssj28.165.667	3.1627906976744184	1.422292468364237	10	54	7	4	1.75
elexiswsd1.1220.sl.132039	2.3157894736842106	1.325616015391345	6	24	2	1	2.0
elexiswsd1.1533.sl.132358	1.7777777777777777	1.0725542880986028	5	12	1	1	1.0
ssj208.1396.5063	2.090909090909091	1.1544958738283515	5	14	2	2	1.0
ssj175.1190.4334	2.5217391304347827	1.8417459497464905	6	28	3	1	3.0
ssj38.233.936	3.111111111111111	1.1625799922283104	3	12	2	1	2.0
ssj364.2088.7408	2.7222222222222223	1.416692413261277	5	21	3	2	1.5
ssj53.335.1367	1.8888888888888888	1.3585032565621407	5	11	1	1	1.0
ssj126.807.3048	1.3333333333333333	0.6081976621622466	3	5	1	1	1.0
ssj343.2004.7122	3.306122448979592	1.6460138465475833	6	55	5	4	1.25
ssj82.543.2068	2.3846153846153846	0.7600104219871314	5	18	2	1	2.0
ssj217.1443.5236	2.3333333333333335	1.7892019188946697	4	18	1	1	1.0
elexiswsd1.1566.sl.132391	2.8	0.6709792736499196	3	7	1	1	1.0
ssj27.141.566	2.210526315789474	1.3721360310262378	6	23	4	4	1.0
ssj178.1210.4412	2.4	0.275823809143123	5	13	2	1	2.0
ssj21.98.419	3.0	0.9485599924429406	6	25	6	3	2.0
ssj455.2506.8847	3.0	0.3465735902799726	6	26	1	1	1.0
ssj18.79.306	3.1	1.2623437598999223	5	16	1	1	1.0
elexiswsd1.1204.sl.132023	1.25	1.0193097735797902	3	6	1	1	1.0
ssj267.1691.6037	1.9166666666666667	1.2850129393127958	5	15	2	1	2.0
ssj42.255.1018	n/a	n/a	2	3	1	1	1.0
elexiswsd1.189.sl.131005	2.142857142857143	1.3621075689777828	5	17	2	1	2.0
ssj434.2398.8417	2.3333333333333335	1.493767753174906	5	21	2	1	2.0
ssj312.1877.6675	3.3333333333333335	1.1370928092361738	6	31	5	4	1.25
ssj383.2178.7734	3.025	1.4306758161341089	7	49	6	3	2.0
ssj76.495.1855	3.4583333333333335	1.3879609085652385	6	28	3	2	1.5
ssj133.855.3282	3.1470588235294117	1.166018096796391	9	38	5	3	1.6666666666666667
ssj280.1737.6158	2.5	1.2079568891505246	4	16	2	2	1.0
ssj200.1339.4838	2.6153846153846154	0.32106351157614366	5	17	2	1	2.0
ssj112.706.2658	2.642857142857143	0.34766808177866354	5	18	3	2	1.5
ssj199.1334.4823	3.2	1.02786250753126	3	13	2	1	2.0
ssj90.591.2227	2.6153846153846154	0.6676371018561162	7	16	2	1	2.0
ssj6.35.158	2.6666666666666665	0.8109302162163288	2	8	1	1	1.0
ssj193.1276.4611	2.6666666666666665	0.8109302162163288	2	8	1	1	1.0
ssj133.862.3302	2.272727272727273	0.9272732286634099	5	15	4	3	1.3333333333333333
ssj141.906.3476	2.0588235294117645	1.4991909108119608	6	22	2	1	2.0
ssj325.1938.6893	2.925925925925926	1.61402821737939	9	30	2	1	2.0
ssj318.1897.6767	3.061224489795918	2.372616379748842	7	57	4	3	1.3333333333333333
ssj53.330.1339	2.8780487804878048	1.4928206561507422	7	47	7	3	2.3333333333333335
ssj38.228.919	2.6363636363636362	2.0483401590742747	6	30	4	2	2.0
ssj12.49.224	3.08	1.9011149874767252	6	31	3	1	3.0
ssj51.325.1325	2.4705882352941178	1.6107626864690654	6	19	1	1	1.0
elexiswsd1.1182.sl.132001	1.5714285714285714	0.867543541064572	5	10	1	1	1.0
ssj107.682.2586	2.6666666666666665	1.6633042623355414	6	23	2	2	1.0
ssj226.1475.5371	2.5238095238095237	1.916020407840642	8	23	2	1	2.0
ssj312.1881.6700	2.473684210526316	1.1158170113736567	5	22	2	2	1.0
ssj148.1020.3827	3.4	1.6906973771829878	5	22	1	1	1.0
ssj156.1067.3982	4.222222222222222	1.4359247370226502	7	56	1	1	1.0
elexiswsd1.1088.sl.131907	5.315789473684211	1.2737574414916215	6	23	2	1	2.0
ssj164.1129.4156	2.6363636363636362	1.4284947156102672	5	14	3	1	3.0
ssj277.1719.6106	2.6666666666666665	1.6633042623355414	4	21	2	2	1.0
ssj378.2170.7708	2.380952380952381	1.3479078317169337	7	26	4	1	4.0
elexiswsd1.261.sl.131077	1.5	1.0397207708399179	4	8	1	1	1.0
ssj79.516.1946	4.357142857142857	1.2340064913694673	7	19	2	1	2.0
ssj74.469.1758	2.3636363636363638	0.8880525155101285	4	13	1	1	1.0
ssj94.620.2360	n/a	n/a	2	2	1	1	1.0
ssj90.593.2241	2.7857142857142856	1.2679794228208983	4	17	2	1	2.0
ssj76.499.1869	2.3636363636363638	0.6853199614560463	4	14	1	1	1.0
ssj325.1949.6931	1.9090909090909092	1.1016266158081875	6	14	3	1	3.0
ssj118.767.2908	1.8	1.1898873658425877	3	10	2	1	2.0
ssj24.120.504	2.9047619047619047	0.802483382691796	7	26	4	2	2.0
elexiswsd1.177.sl.130993	2.4285714285714284	1.125372650366672	4	19	1	1	1.0
ssj414.2307.8129	3.1052631578947367	1.2350007594579688	4	22	3	3	1.0
ssj8.39.187	1.8	0.5635058815949039	3	8	2	1	2.0
ssj452.2491.8756	2.4285714285714284	0.08565187952675406	4	9	2	2	1.0
ssj222.1461.5297	1.4285714285714286	1.165586274922979	4	9	1	1	1.0
ssj125.793.3013	2.619047619047619	1.5324055458803203	6	24	3	2	1.5
elexiswsd1.1193.sl.132012	2.5	1.4429587037733922	4	19	2	2	1.0
ssj446.2432.8535	2.0	0.9547712524422192	4	11	1	1	1.0
ssj383.2182.7745	2.3333333333333335	0.5978880185608786	5	12	4	3	1.3333333333333333
ssj204.1374.4980	2.7	1.0539205081007668	5	24	1	1	1.0
ssj154.1050.3932	4.133333333333334	1.1773942415022236	4	20	3	3	1.0
elexiswsd1.1382.sl.132204	2.0	1.5993365587753408	6	17	1	1	1.0
ssj98.629.2429	2.75	1.0355713694325706	4	15	2	1	2.0
ssj417.2327.8201	2.2857142857142856	0.14627650134318887	3	9	1	1	1.0
elexiswsd1.1080.sl.131899	1.625	0.9007865453381898	5	10	1	1	1.0
ssj196.1322.4769	2.2	0.3628351861327527	6	14	1	1	1.0
ssj103.668.2543	1.0	0.6931471805599453	2	3	1	1	1.0
elexiswsd1.99.sl.130915	2.4444444444444446	0.20479441264601314	5	12	1	1	1.0
ssj191.1255.4553	2.5555555555555554	0.1603426500751795	4	12	2	1	2.0
elexiswsd1.2.sl.130815	2.625	0.9705196094103583	6	20	1	1	1.0
ssj193.1282.4636	2.0	0.5493061443340547	2	5	1	1	1.0
ssj417.2330.8217	5.351351351351352	1.101064912799458	8	45	4	2	2.0
elexiswsd1.590.sl.131407	2.3333333333333335	1.0215369487544805	3	8	1	1	1.0
elexiswsd1.42.sl.130856	2.3529411764705883	1.5338956364980443	6	21	2	1	2.0
ssj46.306.1244	1.5	1.1835618070658083	4	9	2	1	2.0
ssj133.853.3273	n/a	n/a	2	4	1	1	1.0
ssj118.759.2859	2.45	1.40649706843741	6	23	2	1	2.0
ssj5.28.88	1.5	1.092401028668831	3	6	1	1	1.0
ssj276.1710.6081	1.5	0.49041462650586304	2	4	1	1	1.0
elexiswsd1.966.sl.131785	2.210526315789474	1.3721360310262378	6	22	2	1	2.0
elexiswsd1.509.sl.131326	2.347826086956522	1.7539780481693679	6	25	1	1	1.0
ssj193.1298.4693	3.0	0.6931471805599453	4	12	2	1	2.0
elexiswsd1.631.sl.131448	1.5714285714285714	1.3256889070016495	4	9	1	1	1.0
ssj238.1565.5675	3.5217391304347827	1.8066583059982813	5	28	3	2	1.5
ssj453.2494.8772	3.466666666666667	0.45740517335186043	7	36	4	2	2.0
ssj95.624.2387	1.6666666666666667	0.038480520568064065	3	5	1	1	1.0
elexiswsd1.272.sl.131088	2.4444444444444446	1.1006741472600405	3	12	1	1	1.0
elexiswsd1.1412.sl.132234	2.25	1.2362420648947214	5	14	3	2	1.5
ssj77.504.1888	4.173913043478261	1.7868115654280528	6	30	3	1	3.0
ssj213.1412.5122	1.8	0.5635058815949039	3	7	1	1	1.0
ssj107.678.2573	2.1481481481481484	0.8833122884600741	14	37	3	1	3.0
ssj59.361.1452	3.7777777777777777	0.8680886300562775	5	34	3	3	1.0
ssj12.49.227	1.8	0.7662384356489861	3	7	1	1	1.0
ssj117.744.2798	2.235294117647059	1.1615400006919931	6	21	3	2	1.5
elexiswsd1.681.sl.131499	3.1875	1.6436641226634543	6	20	2	1	2.0
ssj321.1910.6822	2.5	1.2747225854627857	4	12	1	1	1.0
elexiswsd1.840.sl.131658	1.9166666666666667	1.3965847149699009	5	15	2	1	2.0
ssj324.1921.6845	1.75	0.8266785731844679	2	6	1	1	1.0
ssj320.1905.6797	2.888888888888889	1.0774610988227649	4	11	1	1	1.0
ssj142.962.3670	2.0	0.5493061443340547	2	5	1	1	1.0
ssj414.2310.8136	2.8181818181818183	0.7121618490464644	4	13	2	2	1.0
ssj6.32.108	1.75	0.48010498290449527	3	6	1	1	1.0
ssj310.1865.6610	2.4545454545454546	1.499953679592412	3	14	2	1	2.0
ssj422.2346.8261	2.75	0.5774260034954928	5	11	2	2	1.0
ssj111.697.2627	2.909090909090909	1.628973143174825	6	29	2	1	2.0
ssj310.1863.6604	2.5555555555555554	1.2000634209150973	5	22	2	1	2.0
ssj141.900.3449	2.0	1.4311004404647343	4	13	3	1	3.0
ssj312.1877.6663	1.5714285714285714	1.214117131344545	4	9	1	1	1.0
ssj118.765.2901	2.0	1.5567576546051873	4	15	3	2	1.5
ssj144.1001.3775	1.5	1.2951335827229133	4	8	1	1	1.0
elexiswsd1.569.sl.131386	1.8	1.2566530621548493	5	12	1	1	1.0
ssj84.554.2105	4.0	0.8636104740452419	3	11	1	1	1.0
ssj424.2356.8287	2.8421052631578947	0.9769805665194412	6	23	3	1	3.0
elexiswsd1.764.sl.131582	2.1	1.1025023823275908	4	12	1	1	1.0
ssj177.1198.4375	2.411764705882353	1.0855540937140713	6	22	4	2	2.0
ssj270.1703.6067	1.0	0.34657359027997275	2	4	1	1	1.0
ssj18.86.337	2.75	1.4144142202813288	8	36	3	2	1.5
elexiswsd1.139.sl.130955	1.9	1.058744804658683	4	13	2	2	1.0
ssj354.2055.7265	2.2	0.8209805520698301	2	7	1	1	1.0
ssj144.1006.3790	2.736842105263158	1.8517091112881239	8	45	6	4	1.5
ssj1.1.6	3.0	1.9191284275942684	5	24	3	1	3.0
ssj88.585.2206	4.117647058823529	1.6303730430457062	7	43	3	3	1.0
ssj452.2492.8760	2.4583333333333335	1.4942622578332492	8	27	5	3	1.6666666666666667
ssj277.1716.6098	2.92	1.6364665848220197	6	28	3	2	1.5
elexiswsd1.837.sl.131655	2.9473684210526314	1.4899190666826212	5	25	3	1	3.0
ssj116.726.2729	2.411764705882353	1.0855540937140713	5	21	3	2	1.5
ssj451.2481.8708	1.5	0.8369882167858357	3	6	1	1	1.0
elexiswsd1.57.sl.130871	1.8	0.2169322913149312	4	7	1	1	1.0
ssj255.1644.5916	2.5	1.2747225854627857	5	21	4	3	1.3333333333333333
ssj269.1702.6065	3.0869565217391304	0.4405614468524091	6	33	6	4	1.5
ssj403.2252.7956	1.0	0.0	2	3	1	1	1.0
ssj465.2534.9005	2.1666666666666665	0.815837026940491	3	10	2	1	2.0
ssj225.1469.5347	2.8260869565217392	1.7713073788920877	7	28	1	1	1.0
ssj217.1443.5233	2.35	1.5393305432349553	6	23	3	2	1.5
ssj153.1043.3917	3.962962962962963	1.8599533797185601	9	61	5	2	2.5
ssj192.1260.4566	3.0	1.7886634841040945	4	27	1	1	1.0
ssj18.84.321	2.8	1.7107000444898375	5	17	1	1	1.0
elexiswsd1.309.sl.131125	2.0833333333333335	0.8550577400937722	6	15	3	1	3.0
ssj144.979.3716	3.625	0.6477462171473073	6	26	1	1	1.0
elexiswsd1.1280.sl.132099	2.5384615384615383	0.6974900650057976	5	17	3	1	3.0
ssj301.1837.6490	4.454545454545454	0.05159620136690202	6	15	4	1	4.0
ssj417.2327.8196	2.75	0.5774260034954928	3	7	1	1	1.0
ssj46.292.1180	2.7916666666666665	0.5623881261309523	7	29	6	3	2.0
ssj280.1738.6166	2.25	1.0335095108406396	3	11	2	2	1.0
ssj102.658.2515	3.7058823529411766	0.6559914340268463	4	22	2	1	2.0
ssj144.1000.3770	2.375	0.9794422895703637	3	14	3	3	1.0
ssj242.1585.5733	3.0	0.9885813462797088	4	16	2	1	2.0
elexiswsd1.1498.sl.132323	1.7857142857142858	1.6355899041687145	6	16	1	1	1.0
ssj91.602.2270	1.9090909090909092	0.8988940617541055	5	14	3	3	1.0
ssj434.2397.8414	3.0	1.9356005054539456	6	30	3	1	3.0
ssj216.1434.5194	2.0	1.3195286648076292	7	17	3	1	3.0
elexiswsd1.1113.sl.131932	2.111111111111111	0.3513978868378886	5	12	2	1	2.0
ssj201.1348.4864	2.8	0.81482030987581	3	9	2	1	2.0
ssj27.150.628	1.5714285714285714	0.867543541064572	5	9	2	1	2.0
elexiswsd1.546.sl.131363	2.5625	1.485031787495282	4	18	1	1	1.0
ssj191.1251.4543	2.526315789473684	1.6440697465098797	5	22	2	1	2.0
ssj46.296.1196	2.769230769230769	0.9570522782961405	5	17	3	2	1.5
ssj360.2081.7372	2.2941176470588234	1.2794055505146231	7	21	4	2	2.0
ssj477.2579.9195	1.5	0.8369882167858357	3	6	1	1	1.0
ssj468.2542.9025	2.5	0.5815754049028404	4	6	1	1	1.0
ssj155.1053.3944	2.8	0.4682467195958374	3	12	2	2	1.0
ssj228.1522.5522	2.5161290322580645	1.8339927508780456	8	38	4	2	2.0
ssj93.617.2339	3.9210526315789473	2.3330329914909007	9	49	6	3	2.0
ssj177.1198.4373	2.9	0.9824615441186221	4	13	1	1	1.0
elexiswsd1.1137.sl.131956	3.0714285714285716	1.4798605574600938	3	16	1	1	1.0
ssj81.527.1996	3.411764705882353	1.3883246419370903	5	22	1	1	1.0
ssj35.207.824	2.5454545454545454	1.4159309455193747	3	13	1	1	1.0
ssj226.1493.5429	2.4444444444444446	1.1006741472600405	5	22	1	1	1.0
ssj172.1176.4290	5.0	1.0593311274165584	5	18	2	1	2.0
ssj82.536.2041	3.3043478260869565	1.1772269398244437	5	26	2	2	1.0
ssj110.692.2613	2.0	1.4787555303668967	4	13	1	1	1.0
ssj102.660.2523	2.8	1.4230179720380565	6	18	3	2	1.5
ssj353.2053.7256	2.230769230769231	0.8267017964858037	7	17	5	2	2.5
ssj116.740.2788	3.125	0.9400072584914712	5	20	3	2	1.5
elexiswsd1.691.sl.131509	2.4	1.1717035437571504	5	12	1	1	1.0
ssj237.1563.5664	2.0	1.0074515102711326	3	7	1	1	1.0
ssj448.2454.8587	2.8823529411764706	1.1627186741907476	5	19	3	2	1.5
