row_no,sent_id,sentence,STARK Number of nodes,SyntComplex # tokens,nodes match?,STARK MDD,SyntComplex MDD raw,SyntComplex MDD rounded like STARK,MDD match?,STARK NDD,SyntComplex NDD raw,SyntComplex NDD rounded like STARK,NDD match?,STARK Max depth,SyntComplex MAXIMUM_TREE_DEPTH,Max depth match?,STARK N clauses,SyntComplex # clauses,N clauses match?,STARK N T-units,SyntComplex # T-units,N T-units match?,STARK Clauses/T-unit,SyntComplex Clauses/T-unit raw,SyntComplex Clauses/T-unit rounded like STARK,Clauses/T-unit match?,STARK example,STARK tree,mismatch note
1,ssj487.2610.9286,"Vlada Republike Slovenije dodeli sredstva Ministrstvu za kmetijstvo in gozdarstvo, ki jih v skladu s programom sanacije škode po suši iz leta 1993 dodeli občinam na podlagi deleža ocenjene škode v vrednosti kmetijske proizvodnje, ki jo je prizadela suša posameznim upravičencem.",44,44,yes,3.02,3.025,3.02,yes,1.43,1.4306758161341089,1.43,yes,9,9,yes,3.00,3,yes,1.00,1,yes,3.00,3.0,3.00,yes,"A[Vlada] B[Republike] C[Slovenije] D[dodeli] E[sredstva] F[Ministrstvu] G[za] H[kmetijstvo] I[in] J[gozdarstvo]K[,] L[ki] M[jih] N[v] O[skladu] P[s] Q[programom] R[sanacije] S[škode] T[po] U[suši] V[iz] W[leta] X[1993] Y[dodeli] Z[občinam] A[na] B[podlagi] C[deleža] D[ocenjene] E[škode] F[v] G[vrednosti] H[kmetijske] I[proizvodnje]J[,] K[ki] L[jo] M[je] N[prizadela] O[suša] P[posameznim] Q[upravičencem]R[.] ","(Vlada >nmod (Republike >nmod Slovenije)) <nsubj dodeli >obj sredstva >iobj (Ministrstvu >nmod (za <case kmetijstvo >conj (in <cc gozdarstvo)) >acl (, <punct ki <mark jih <obj (v <case skladu >nmod (s <case programom >nmod (sanacije >nmod škode >nmod (po <case suši)) >nmod (iz <case leta >nummod 1993))) <obl dodeli >iobj občinam >obl (na <case podlagi >nmod (deleža >nmod (ocenjene <amod škode >nmod (v <case vrednosti >nmod (kmetijske <amod proizvodnje)) >acl (, <punct ki <mark jo <obj je <aux prizadela >nsubj suša >iobj (posameznim <amod upravičencem))))))) >punct .",
2,ssj487.2610.9287,Občine dodelijo sredstva upravičencem na podlagi njihovega deleža v skupno ugotovljeni škodi po suši.,15,15,yes,1.85,1.8461538461538463,1.85,yes,1.02,1.015943796124332,1.02,yes,6,6,yes,1.00,1,yes,1.00,1,yes,1.00,1.0,1.00,yes,A[Občine] B[dodelijo] C[sredstva] D[upravičencem] E[na] F[podlagi] G[njihovega] H[deleža] I[v] J[skupno] K[ugotovljeni] L[škodi] M[po] N[suši]O[.] ,Občine <nsubj dodelijo >obj sredstva >iobj upravičencem >obl (na <case podlagi >nmod (njihovega <det deleža >nmod (v <case (skupno <advmod ugotovljeni) <amod škodi >nmod (po <case suši)))) >punct .,
3,ssj488.2611.9288,"JANEZ BEŠTER: Slovenija potrebuje več urejenih informacij na internetu, kot so kvalitetni širši ali specializirani portali.",19,19,yes,3.07,3.066666666666667,3.07,yes,1.04,1.0381528613812703,1.04,yes,6,6,yes,2.00,2,yes,1.00,1,yes,2.00,2.0,2.00,yes,"A[JANEZ] B[BEŠTER]C[:] D[Slovenija] E[potrebuje] F[več] G[urejenih] H[informacij] I[na] J[internetu]K[,] L[kot] M[so] N[kvalitetni] O[širši] P[ali] Q[specializirani] R[portali]S[.] ","(JANEZ >flat BEŠTER >punct :) <parataxis Slovenija <nsubj potrebuje >obj (več <det urejenih <amod informacij >nmod (na <case internetu) >acl (, <punct kot <mark so <cop kvalitetni <amod (širši >conj (ali <cc specializirani)) <amod portali)) >punct .",
4,ssj488.2611.9289,"Škoda je, da slovenski uporabniki iščejo informacije na tujih straneh.",12,12,yes,2.22,2.2222222222222223,2.22,yes,0.30,0.300104592450338,0.30,yes,4,4,yes,2.00,2,yes,1.00,1,yes,2.00,2.0,2.00,yes,"A[Škoda] B[je]C[,] D[da] E[slovenski] F[uporabniki] G[iščejo] H[informacije] I[na] J[tujih] K[straneh]L[.] ","Škoda >cop je >csubj (, <punct da <mark (slovenski <amod uporabniki) <nsubj iščejo >obj informacije >obl (na <case tujih <amod straneh)) >punct .",
5,ssj488.2611.9290,"Zdi se mi, da v Sloveniji ne znamo pravilno uporabiti vseh pretokov informacij, ki prihajajo iz zmogljivih omrežij.",21,21,yes,2.29,2.2941176470588234,2.29,yes,0.59,0.5862583699546778,0.59,yes,7,7,yes,4.00,4,yes,1.00,1,yes,4.00,4.0,4.00,yes,"A[Zdi] B[se] C[mi]D[,] E[da] F[v] G[Sloveniji] H[ne] I[znamo] J[pravilno] K[uporabiti] L[vseh] M[pretokov] N[informacij]O[,] P[ki] Q[prihajajo] R[iz] S[zmogljivih] T[omrežij]U[.] ","Zdi >expl se >obj mi >csubj (, <punct da <mark ne <advmod znamo >xcomp ((v <case Sloveniji) <obl pravilno <advmod uporabiti >obj (vseh <det pretokov >nmod informacij >acl (, <punct ki <mark prihajajo >obl (iz <case zmogljivih <amod omrežij))))) >punct .",
6,ssj488.2611.9291,Če uporabim prispodobo.,4,4,yes,1.00,1.0,1.00,yes,0.69,0.6931471805599453,0.69,yes,2,2,yes,1.00,1,yes,1.00,1,yes,1.00,1.0,1.00,yes,A[Če] B[uporabim] C[prispodobo]D[.] ,Če <mark uporabim >obj prispodobo >punct .,
7,ssj488.2611.9292,"V Sloveniji imamo na tem področju zlate cevi in pipe, nismo pa se vprašali ali imamo kvaliteten izvir vode.",21,21,yes,2.33,2.3333333333333335,2.33,yes,1.15,1.1471941628949336,1.15,yes,5,5,yes,3.00,3,yes,2.00,2,yes,1.50,1.5,1.50,yes,"A[V] B[Sloveniji] C[imamo] D[na] E[tem] F[področju] G[zlate] H[cevi] I[in] J[pipe]K[,] L[nismo] M[pa] N[se] O[vprašali] P[ali] Q[imamo] R[kvaliteten] S[izvir] T[vode]U[.] ","(V <case Sloveniji) <obl imamo >obl (na <case tem <det področju) >obj (zlate <amod cevi >conj (in <cc pipe)) >parataxis (, <punct nismo <aux pa <advmod se <expl vprašali >ccomp (ali <mark imamo >obj (kvaliteten <amod izvir >nmod vode))) >punct .",
8,ssj488.2612.9293,Zakonodaja in trg delovne sile sta med seboj tesno povezana.,11,11,yes,2.56,2.5555555555555554,2.56,yes,1.31,1.3116351965722024,1.31,yes,5,5,yes,1.00,1,yes,1.00,1,yes,1.00,1.0,1.00,yes,A[Zakonodaja] B[in] C[trg] D[delovne] E[sile] F[sta] G[med] H[seboj] I[tesno] J[povezana]K[.] ,(Zakonodaja >conj (in <cc trg >nmod (delovne <amod sile))) <nsubj sta <cop (med <case seboj) <nmod tesno <advmod povezana >punct .,
9,ssj488.2612.9294,Trenutna zakonodaja ne odraža zahtev in potreb industrijskih podjetij.,10,10,yes,1.38,1.375,1.38,yes,1.41,1.4144142202813288,1.41,yes,5,5,yes,1.00,1,yes,1.00,1,yes,1.00,1.0,1.00,yes,A[Trenutna] B[zakonodaja] C[ne] D[odraža] E[zahtev] F[in] G[potreb] H[industrijskih] I[podjetij]J[.] ,(Trenutna <amod zakonodaja) <nsubj ne <advmod odraža >obj (zahtev >conj (in <cc potreb >nmod (industrijskih <amod podjetij))) >punct .,
10,ssj488.2612.9295,"Delodajalci želimo mehanizme, s katerimi bi lahko uravnavali in sproti zadovoljevali potrebe po delovni sili in jasno opredeljene pravice ter dolžnosti delavcev in delodajalcev.",26,26,yes,2.04,2.0434782608695654,2.04,yes,1.20,1.1996673124636386,1.20,yes,10,10,yes,3.00,3,yes,2.00,2,yes,1.50,1.5,1.50,yes,"A[Delodajalci] B[želimo] C[mehanizme]D[,] E[s] F[katerimi] G[bi] H[lahko] I[uravnavali] J[in] K[sproti] L[zadovoljevali] M[potrebe] N[po] O[delovni] P[sili] Q[in] R[jasno] S[opredeljene] T[pravice] U[ter] V[dolžnosti] W[delavcev] X[in] Y[delodajalcev]Z[.] ","Delodajalci <nsubj želimo >obj (mehanizme >acl (, <punct (s <case katerimi) <obl bi <aux lahko <advmod uravnavali >conj (in <cc sproti <advmod zadovoljevali >obj (potrebe >nmod (po <case delovni <amod sili) >conj (in <cc (jasno <advmod opredeljene) <amod pravice >conj (ter <cc dolžnosti >nmod (delavcev >conj (in <cc delodajalcev)))))))) >punct .",
11,ssj488.2612.9296,"Naša podjetja velikokrat potrebujejo delavce le za štiri ure, ki jih po veljavni zakonodaji ne moremo zaposliti.",19,19,yes,2.88,2.875,2.88,yes,1.02,1.0233888674305223,1.02,yes,6,6,yes,3.00,3,yes,1.00,1,yes,3.00,3.0,3.00,yes,"A[Naša] B[podjetja] C[velikokrat] D[potrebujejo] E[delavce] F[le] G[za] H[štiri] I[ure]J[,] K[ki] L[jih] M[po] N[veljavni] O[zakonodaji] P[ne] Q[moremo] R[zaposliti]S[.] ","(Naša <det podjetja) <nsubj velikokrat <advmod potrebujejo >obj (delavce >nmod (za <case štiri <nummod ure) >acl (, <punct ki <mark ne <advmod moremo >xcomp (jih <obj (po <case veljavni <amod zakonodaji) <obl zaposliti))) >advmod le >punct .",
12,ssj488.2612.9297,Nova zakonodaja bi morala slediti evropskim smernicam in omogočiti to regulacijo.,12,12,yes,1.60,1.6,1.60,yes,1.37,1.3744360978112327,1.37,yes,5,5,yes,3.00,3,yes,2.00,2,yes,1.50,1.5,1.50,yes,A[Nova] B[zakonodaja] C[bi] D[morala] E[slediti] F[evropskim] G[smernicam] H[in] I[omogočiti] J[to] K[regulacijo]L[.] ,(Nova <amod zakonodaja) <nsubj bi <aux morala >xcomp (slediti >obj (evropskim <amod smernicam) >conj (in <cc omogočiti >obj (to <det regulacijo))) >punct .,
13,ssj488.2612.9298,Pri tem moram izpostaviti odgovornost za opravljeno oziroma neopravljeno delo.,11,11,yes,2.22,2.2222222222222223,2.22,yes,0.85,0.8494107367843928,0.85,yes,7,7,yes,2.00,2,yes,1.00,1,yes,2.00,2.0,2.00,yes,A[Pri] B[tem] C[moram] D[izpostaviti] E[odgovornost] F[za] G[opravljeno] H[oziroma] I[neopravljeno] J[delo]K[.] ,moram >xcomp ((Pri <case tem) <obl izpostaviti >obj (odgovornost >nmod (za <case (opravljeno >conj (oziroma <cc neopravljeno)) <amod delo))) >punct .,
14,ssj488.2612.9299,"Zakonodaja mora urejati tudi izredne razmere, v nasprotju z dosedanjo prakso, ko je vlada za vsak primer sprejemala interventne zakone.",23,23,yes,2.68,2.6842105263157894,2.68,yes,0.83,0.8314064263053076,0.83,yes,7,7,yes,3.00,3,yes,1.00,1,yes,3.00,3.0,3.00,yes,"A[Zakonodaja] B[mora] C[urejati] D[tudi] E[izredne] F[razmere]G[,] H[v] I[nasprotju] J[z] K[dosedanjo] L[prakso]M[,] N[ko] O[je] P[vlada] Q[za] R[vsak] S[primer] T[sprejemala] U[interventne] V[zakone]W[.] ","Zakonodaja <nsubj mora >xcomp (urejati >obj (tudi <advmod izredne <amod razmere) >obl (, <punct v <case nasprotju >nmod (z <case dosedanjo <amod prakso >acl (, <punct ko <mark je <aux vlada <nsubj (za <case vsak <det primer) <obl sprejemala >obj (interventne <amod zakone))))) >punct .",
15,ssj488.2613.9300,"6. člen Uporabniki ob prodaji blaga končnemu potrošniku v primeru, da ta ob nakupu blaga ne vrne prazne embalaže, zaračunajo kavcijsko vrednost vračljive embalaže, ki vključuje tudi veljavno stopnjo DDV.",34,34,yes,4.24,4.241379310344827,4.24,yes,1.78,1.7842806162864515,1.78,yes,5,5,yes,3.00,3,yes,1.00,1,yes,3.00,3.0,3.00,yes,"A[6.] B[člen] C[Uporabniki] D[ob] E[prodaji] F[blaga] G[končnemu] H[potrošniku] I[v] J[primeru]K[,] L[da] M[ta] N[ob] O[nakupu] P[blaga] Q[ne] R[vrne] S[prazne] T[embalaže]U[,] V[zaračunajo] W[kavcijsko] X[vrednost] Y[vračljive] Z[embalaže]A[,] B[ki] C[vključuje] D[tudi] E[veljavno] F[stopnjo] G[DDV]H[.] ","(6. <nummod člen) <parataxis Uporabniki <nsubj (ob <case prodaji >nmod blaga >nmod (končnemu <amod potrošniku)) <obl (v <case primeru >acl (, <punct da <mark ta <nsubj (ob <case nakupu >nmod blaga) <obl ne <advmod vrne >obj (prazne <amod embalaže) >punct ,)) <obl zaračunajo >obj (kavcijsko <amod vrednost >nmod (vračljive <amod embalaže) >acl (, <punct ki <mark vključuje >obj (tudi <advmod veljavno <amod stopnjo >nmod DDV))) >punct .",
16,ssj488.2613.9301,"Iz računa, ki ga uporabniki izdajo končnim potrošnikom, je razvidna plačana kavcijska vrednost embalaže.",17,17,yes,2.54,2.5384615384615383,2.54,yes,1.59,1.593369799619825,1.59,yes,5,5,yes,2.00,2,yes,1.00,1,yes,2.00,2.0,2.00,yes,"A[Iz] B[računa]C[,] D[ki] E[ga] F[uporabniki] G[izdajo] H[končnim] I[potrošnikom]J[,] K[je] L[razvidna] M[plačana] N[kavcijska] O[vrednost] P[embalaže]Q[.] ","(Iz <case računa >acl (, <punct ki <mark ga <obj uporabniki <nsubj izdajo >iobj (končnim <amod potrošnikom) >punct ,)) <obl je <cop razvidna >nsubj (plačana <amod kavcijska <amod vrednost >nmod embalaže) >punct .",
17,ssj488.2613.9302,"Uporabniki so dolžni od končnih potrošnikov sprejeti nepoškodovano in uporabno embalažo, pri čemer se tem povrne plačana kavcijska vrednost.",21,21,yes,2.89,2.888888888888889,2.89,yes,0.93,0.9336200625968746,0.93,yes,6,6,yes,3.00,3,yes,2.00,2,yes,1.50,1.5,1.50,yes,"A[Uporabniki] B[so] C[dolžni] D[od] E[končnih] F[potrošnikov] G[sprejeti] H[nepoškodovano] I[in] J[uporabno] K[embalažo]L[,] M[pri] N[čemer] O[se] P[tem] Q[povrne] R[plačana] S[kavcijska] T[vrednost]U[.] ","so <cop dolžni >xcomp (Uporabniki <nsubj (od <case končnih <amod potrošnikov) <obl sprejeti >obj ((nepoškodovano >conj (in <cc uporabno)) <amod embalažo)) >parataxis (, <punct (pri <case čemer) <obl se <expl tem <obj povrne >nsubj (plačana <amod kavcijska <amod vrednost)) >punct .",
18,ssj488.2614.9303,Oddelek za mednarodno sodelovanje je v sodelovanju z OZ Maribor na začetku decembra pripravil posvet Kako poslovati z Albanijo.,20,20,yes,2.83,2.8333333333333335,2.83,yes,1.72,1.7232606689275507,1.72,yes,5,5,yes,2.00,2,yes,1.00,1,yes,2.00,2.0,2.00,yes,A[Oddelek] B[za] C[mednarodno] D[sodelovanje] E[je] F[v] G[sodelovanju] H[z] I[OZ] J[Maribor] K[na] L[začetku] M[decembra] N[pripravil] O[posvet] P[Kako] Q[poslovati] R[z] S[Albanijo]T[.] ,(Oddelek >nmod (za <case mednarodno <amod sodelovanje)) <nsubj je <aux (v <case sodelovanju >nmod (z <case OZ >nmod Maribor)) <obl (na <case začetku >nmod decembra) <obl pripravil >obj (posvet >acl (Kako <advmod poslovati >obl (z <case Albanijo))) >punct .,
19,ssj488.2614.9304,Njihovo gospodarsko in politično situacijo je predstavil veleposlanik Daut Gumeni.,11,11,yes,1.78,1.7777777777777777,1.78,yes,1.50,1.4962032182922045,1.50,yes,5,5,yes,1.00,1,yes,1.00,1,yes,1.00,1.0,1.00,yes,A[Njihovo] B[gospodarsko] C[in] D[politično] E[situacijo] F[je] G[predstavil] H[veleposlanik] I[Daut] J[Gumeni]K[.] ,(Njihovo <det (gospodarsko >conj (in <cc politično)) <amod situacijo) <obj je <aux predstavil >nsubj (veleposlanik >nmod (Daut >flat Gumeni)) >punct .,
20,ssj488.2614.9305,"Poudaril je postopno izboljšanje ekonomskega položaja in umiritev notranjepolitičnih razmer, po nedavnih parlamentarnih volitvah.",16,16,yes,2.54,2.5384615384615383,2.54,yes,0.35,0.3509164747258248,0.35,yes,5,5,yes,1.00,1,yes,1.00,1,yes,1.00,1.0,1.00,yes,"A[Poudaril] B[je] C[postopno] D[izboljšanje] E[ekonomskega] F[položaja] G[in] H[umiritev] I[notranjepolitičnih] J[razmer]K[,] L[po] M[nedavnih] N[parlamentarnih] O[volitvah]P[.] ","Poudaril >aux je >obj (postopno <amod izboljšanje >nmod (ekonomskega <amod položaja) >conj (in <cc umiritev >nmod (notranjepolitičnih <amod razmer)) >nmod (, <punct po <case nedavnih <amod parlamentarnih <amod volitvah)) >punct .",
21,ssj488.2614.9306,"Slovenski gospodarstveniki pravijo, da kljub nekaterim oviram vidijo možnosti sodelovanja.",12,12,yes,2.00,2.0,2.00,yes,0.95,0.9547712524422192,0.95,yes,4,4,yes,2.00,2,yes,1.00,1,yes,2.00,2.0,2.00,yes,"A[Slovenski] B[gospodarstveniki] C[pravijo]D[,] E[da] F[kljub] G[nekaterim] H[oviram] I[vidijo] J[možnosti] K[sodelovanja]L[.] ","(Slovenski <amod gospodarstveniki) <nsubj pravijo >ccomp (, <punct da <mark (kljub <case nekaterim <det oviram) <obl vidijo >obj (možnosti >nmod sodelovanja)) >punct .",
22,ssj488.2614.9307,"Med drugim pogrešajo predstavništvo, ki bi v Albaniji zastopalo njihove interese.",13,13,yes,2.10,2.1,2.10,yes,0.96,0.9586613461017003,0.96,yes,5,5,yes,2.00,2,yes,1.00,1,yes,2.00,2.0,2.00,yes,"A[Med] B[drugim] C[pogrešajo] D[predstavništvo]E[,] F[ki] G[bi] H[v] I[Albaniji] J[zastopalo] K[njihove] L[interese]M[.] ","(Med <case drugim) <obl pogrešajo >obj (predstavništvo >acl (, <punct ki <mark bi <aux (v <case Albaniji) <obl zastopalo >obj (njihove <det interese))) >punct .",
23,ssj488.2615.9308,"Prevozniki nižajo stroške amortizacije, zato je zaznati zastarelost voznega parka.",12,12,yes,1.56,1.5555555555555556,1.56,yes,1.00,1.003353126669043,1.00,yes,6,6,yes,3.00,3,yes,2.00,2,yes,1.50,1.5,1.50,yes,"A[Prevozniki] B[nižajo] C[stroške] D[amortizacije]E[,] F[zato] G[je] H[zaznati] I[zastarelost] J[voznega] K[parka]L[.] ","Prevozniki <nsubj nižajo >obj (stroške >nmod amortizacije) >conj (, <punct zato <cc je >csubj (zaznati >obj (zastarelost >nmod (voznega <amod parka)))) >punct .",
24,ssj488.2615.9309,"Kljub striktnemu zmanjševanju števila registriranih linij iz leta v leto narašča delež stroškov goriva in maziva, ki so lani znašala že petino vseh stroškov.",26,26,yes,1.91,1.9130434782608696,1.91,yes,2.12,2.117999326374649,2.12,yes,9,9,yes,2.00,2,yes,1.00,1,yes,2.00,2.0,2.00,yes,"A[Kljub] B[striktnemu] C[zmanjševanju] D[števila] E[registriranih] F[linij] G[iz] H[leta] I[v] J[leto] K[narašča] L[delež] M[stroškov] N[goriva] O[in] P[maziva]Q[,] R[ki] S[so] T[lani] U[znašala] V[že] W[petino] X[vseh] Y[stroškov]Z[.] ","(Kljub <case striktnemu <amod zmanjševanju >nmod (števila >nmod (registriranih <amod linij))) <obl (iz <case leta) <obl (v <case leto) <obl narašča >nsubj (delež >nmod (stroškov >nmod (goriva >conj (in <cc maziva >acl (, <punct ki <mark so <aux lani <advmod znašala >obl (že <advmod petino >nmod (vseh <det stroškov))))))) >punct .",
25,ssj488.2615.9310,"Nerentabilne so linije predvsem v obrobnih občinah (nižja gostota prebivalstva), na Štajerskem, v Zasavju, Prekmurju, na Koroškem, Dolenjskem, v Litiji (primestni promet), Beli Krajini in Črnomlju (slabo razvito območje).",43,43,yes,6.46,6.464285714285714,6.46,yes,0.20,0.2001902660030199,0.20,yes,6,6,yes,1.00,1,yes,1.00,1,yes,1.00,1.0,1.00,yes,"A[Nerentabilne] B[so] C[linije] D[predvsem] E[v] F[obrobnih] G[občinah] H[(]I[nižja] J[gostota] K[prebivalstva]L[)]M[,] N[na] O[Štajerskem]P[,] Q[v] R[Zasavju]S[,] T[Prekmurju]U[,] V[na] W[Koroškem]X[,] Y[Dolenjskem]Z[,] A[v] B[Litiji] C[(]D[primestni] E[promet]F[)]G[,] H[Beli] I[Krajini] J[in] K[Črnomlju] L[(]M[slabo] N[razvito] O[območje]P[)]Q[.] ","Nerentabilne >cop so >nsubj linije >obl (predvsem <advmod v <case obrobnih <amod občinah >appos (( <punct nižja <amod gostota >nmod prebivalstva >punct )) >conj (, <punct na <case Štajerskem) >conj (, <punct v <case Zasavju) >conj (, <punct Prekmurju) >conj (, <punct na <case Koroškem) >conj (, <punct Dolenjskem) >conj (, <punct v <case Litiji >appos (( <punct primestni <amod promet >punct ))) >conj (, <punct Beli <amod Krajini) >conj (in <cc Črnomlju >appos (( <punct (slabo <advmod razvito) <amod območje >punct )))) >punct .",
26,ssj488.2615.9311,"Linije so nerentabilne predvsem v popoldanskem in večernem času, ob sobotah in nedeljah ter izven konic.",18,18,yes,2.80,2.8,2.80,yes,0.87,0.8737118277040018,0.87,yes,5,5,yes,1.00,1,yes,1.00,1,yes,1.00,1.0,1.00,yes,"A[Linije] B[so] C[nerentabilne] D[predvsem] E[v] F[popoldanskem] G[in] H[večernem] I[času]J[,] K[ob] L[sobotah] M[in] N[nedeljah] O[ter] P[izven] Q[konic]R[.] ","Linije <nsubj so <cop nerentabilne >obl (predvsem <advmod v <case (popoldanskem >conj (in <cc večernem)) <amod času >conj (, <punct ob <case sobotah >conj (in <cc nedeljah)) >conj (ter <cc izven <case konic)) >punct .",
27,ssj488.2616.9312,Prijave za izpitne roke iz tujega jezika II sprejemamo: za mesec maj od 20. 4. do 7. 5. 2001 za mesec oktober od 3. 9. do 18. 9. 2001,30,30,yes,3.68,3.6785714285714284,3.68,yes,1.46,1.4621900657012799,1.46,yes,5,5,yes,1.00,1,yes,1.00,1,yes,1.00,1.0,1.00,yes,A[Prijave] B[za] C[izpitne] D[roke] E[iz] F[tujega] G[jezika] H[II] I[sprejemamo]J[:] K[za] L[mesec] M[maj] N[od] O[20.] P[4.] Q[do] R[7.] S[5.] T[2001] U[za] V[mesec] W[oktober] X[od] Y[3.] Z[9.] A[do] B[18.] C[9.] D[2001] ,(Prijave >nmod (za <case izpitne <amod roke >nmod (iz <case tujega <amod jezika >nummod II))) <obj sprejemamo >obl (: <punct za <case mesec >nmod maj) >obl (od <case 20. >flat 4.) >obl (do <case 7. >flat 5. >flat 2001) >obl (za <case mesec >nmod oktober) >obl (od <case 3. >flat 9.) >obl (do <case 18. >flat 9. >flat 2001),
28,ssj488.2617.9313,Najprej analiza podatkov Petrol je lani sedmič zapored pripravil letno poročilo v obliki publikacije.,15,15,yes,2.31,2.3076923076923075,2.31,yes,0.79,0.7928002448101223,0.79,yes,5,5,yes,2.00,2,yes,2.00,2,yes,1.00,1.0,1.00,yes,A[Najprej] B[analiza] C[podatkov] D[Petrol] E[je] F[lani] G[sedmič] H[zapored] I[pripravil] J[letno] K[poročilo] L[v] M[obliki] N[publikacije]O[.] ,Najprej <orphan analiza >nmod podatkov >parataxis (Petrol <nsubj je <aux lani <advmod (sedmič <advmod zapored) <advmod pripravil >obj (letno <amod poročilo >nmod (v <case obliki >nmod publikacije))) >punct .,
29,ssj488.2617.9314,"Vsebina poslovnega poročila, ki je namenjeno strokovnjakom, ni identična vsebini letnega poročila, ki ga pripravljamo za širšo javnost.",22,22,yes,2.29,2.2941176470588234,2.29,yes,1.79,1.785206006353863,1.79,yes,6,6,yes,3.00,3,yes,1.00,1,yes,3.00,3.0,3.00,yes,"A[Vsebina] B[poslovnega] C[poročila]D[,] E[ki] F[je] G[namenjeno] H[strokovnjakom]I[,] J[ni] K[identična] L[vsebini] M[letnega] N[poročila]O[,] P[ki] Q[ga] R[pripravljamo] S[za] T[širšo] U[javnost]V[.] ","(Vsebina >nmod (poslovnega <amod poročila >acl (, <punct ki <mark je <cop namenjeno >obj strokovnjakom >punct ,))) <nsubj ni <cop identična >obj (vsebini >nmod (letnega <amod poročila >acl (, <punct ki <mark ga <obj pripravljamo >obl (za <case širšo <amod javnost)))) >punct .",
30,ssj488.2617.9315,"V prvem primeru so podatki bolj podrobni, manj je splošnih pojasnil za bralce, ki Petrol poznajo le od zunaj.",22,22,yes,1.94,1.9444444444444444,1.94,yes,1.75,1.75316464988249,1.75,yes,7,7,yes,3.00,3,yes,2.00,2,yes,1.50,1.5,1.50,yes,"A[V] B[prvem] C[primeru] D[so] E[podatki] F[bolj] G[podrobni]H[,] I[manj] J[je] K[splošnih] L[pojasnil] M[za] N[bralce]O[,] P[ki] Q[Petrol] R[poznajo] S[le] T[od] U[zunaj]V[.] ","(V <case prvem <amod primeru) <obl so <cop podatki <nsubj bolj <advmod podrobni >parataxis (, <punct manj <obl je >nsubj (splošnih <amod pojasnil >nmod (za <case bralce >acl (, <punct ki <mark Petrol <obj poznajo >advmod le >advmod (od <case zunaj))))) >punct .",
31,ssj488.2617.9316,Zato sta struktura in slog pisanja poročila drugačna.,9,9,yes,3.29,3.2857142857142856,3.29,yes,0.82,0.8230917784937383,0.82,yes,5,5,yes,1.00,1,yes,1.00,1,yes,1.00,1.0,1.00,yes,A[Zato] B[sta] C[struktura] D[in] E[slog] F[pisanja] G[poročila] H[drugačna]I[.] ,Zato <cc sta <cop (struktura >conj (in <cc slog >nmod (pisanja >nmod poročila))) <nsubj drugačna >punct .,
32,ssj488.2617.9317,"Poslovno poročilo je prilagojeno strokovnjakom, letno pa tistim, ki pričakujejo splošne informacije o družbi.",17,17,yes,1.62,1.6153846153846154,1.62,yes,1.50,1.4960487790288273,1.50,yes,7,7,yes,2.00,2,yes,1.00,1,yes,2.00,2.0,2.00,yes,"A[Poslovno] B[poročilo] C[je] D[prilagojeno] E[strokovnjakom]F[,] G[letno] H[pa] I[tistim]J[,] K[ki] L[pričakujejo] M[splošne] N[informacije] O[o] P[družbi]Q[.] ","(Poslovno <amod poročilo) <nsubj je <cop prilagojeno >obj strokovnjakom >parataxis (, <punct letno >orphan pa >orphan (tistim >acl (, <punct ki <mark pričakujejo >obj (splošne <amod informacije >nmod (o <case družbi))))) >punct .",
33,ssj488.2617.9318,"Tako različnih zahtev v enem dokumentu ni mogoče združiti, je pojasnila Irena Čebulj, svetovalka za odnose z javnostmi v Petrolu.",23,23,yes,2.05,2.0526315789473686,2.05,yes,1.79,1.792817593459932,1.79,yes,7,7,yes,3.00,3,yes,2.00,2,yes,1.50,1.5,1.50,yes,"A[Tako] B[različnih] C[zahtev] D[v] E[enem] F[dokumentu] G[ni] H[mogoče] I[združiti]J[,] K[je] L[pojasnila] M[Irena] N[Čebulj]O[,] P[svetovalka] Q[za] R[odnose] S[z] T[javnostmi] U[v] V[Petrolu]W[.] ","ni <cop mogoče >csubj (((Tako <advmod različnih) <amod zahtev) <obj (v <case enem <nummod dokumentu) <obl združiti) >parataxis (, <punct je <aux pojasnila >nsubj (Irena >flat Čebulj >appos (, <punct svetovalka >nmod (za <case odnose >nmod (z <case javnostmi)) >nmod (v <case Petrolu)))) >punct .",
34,ssj488.2617.9319,"Poročilo za leto 1999, ki ga je oblikoval Studio Marketing JWT, so začeli pripravljati že leta 1997, ko so z zunanjo agencijo postavili vsebinski in likovni koncept letnih poročil za naslednje štiri leta.",37,37,yes,2.69,2.6875,2.69,yes,2.10,2.098281658497187,2.10,yes,8,8,yes,4.00,4,yes,1.00,1,yes,4.00,4.0,4.00,yes,"A[Poročilo] B[za] C[leto] D[1999]E[,] F[ki] G[ga] H[je] I[oblikoval] J[Studio] K[Marketing] L[JWT]M[,] N[so] O[začeli] P[pripravljati] Q[že] R[leta] S[1997]T[,] U[ko] V[so] W[z] X[zunanjo] Y[agencijo] Z[postavili] A[vsebinski] B[in] C[likovni] D[koncept] E[letnih] F[poročil] G[za] H[naslednje] I[štiri] J[leta]K[.] ","so <aux začeli >xcomp ((Poročilo >nmod (za <case leto >nummod 1999) >acl (, <punct ki <mark ga <obj je <aux oblikoval >nsubj (Studio >nmod (Marketing >nmod JWT)) >punct ,)) <obj pripravljati >obl (že <advmod leta >nummod 1997 >acl (, <punct ko <mark so <aux (z <case zunanjo <amod agencijo) <obl postavili >obj ((vsebinski >conj (in <cc likovni)) <amod koncept >nmod (letnih <amod poročil >nmod (za <case naslednje <amod štiri <nummod leta)))))) >punct .",
35,ssj488.2617.9320,"Odločili so se, da letna poročila povežejo z izumitelji, katerih življenjsko delo je bilo povezano s prometom - s Puhom, Rusjanom, Potočnikom in Resslom.",29,29,yes,2.86,2.8636363636363638,2.86,yes,0.49,0.493428953645941,0.49,yes,6,6,yes,3.00,3,yes,1.00,1,yes,3.00,3.0,3.00,yes,"A[Odločili] B[so] C[se]D[,] E[da] F[letna] G[poročila] H[povežejo] I[z] J[izumitelji]K[,] L[katerih] M[življenjsko] N[delo] O[je] P[bilo] Q[povezano] R[s] S[prometom] T[-] U[s] V[Puhom]W[,] X[Rusjanom]Y[,] Z[Potočnikom] A[in] B[Resslom]C[.] ","Odločili >aux so >expl se >ccomp (, <punct da <mark (letna <amod poročila) <obj povežejo >obl (z <case izumitelji >acl (, <punct (katerih <det življenjsko <amod delo) <nsubj je <aux bilo <cop povezano >obl (s <case prometom)) >appos (- <punct s <case Puhom >conj (, <punct Rusjanom) >conj (, <punct Potočnikom) >conj (in <cc Resslom)))) >punct .",
36,ssj488.2617.9321,"Vsebina poročila za leto 1999 je začela nastajati, ko je bilo izdelano konsolidirano revizijsko poročilo, to je ob koncu aprila.",23,23,yes,2.47,2.473684210526316,2.47,yes,1.54,1.5394659415672587,1.54,yes,5,5,yes,4.00,4,yes,2.00,2,yes,2.00,2.0,2.00,yes,"A[Vsebina] B[poročila] C[za] D[leto] E[1999] F[je] G[začela] H[nastajati]I[,] J[ko] K[je] L[bilo] M[izdelano] N[konsolidirano] O[revizijsko] P[poročilo]Q[,] R[to] S[je] T[ob] U[koncu] V[aprila]W[.] ","(Vsebina >nmod (poročila >nmod (za <case leto >nummod 1999))) <nsubj je <aux začela >xcomp (nastajati >advcl (, <punct ko <mark je <aux bilo <cop izdelano >nsubj (konsolidirano <amod revizijsko <amod poročilo) >punct ,)) >parataxis (to <nsubj je >obl (ob <case koncu >nmod aprila)) >punct .",
37,ssj488.2617.9322,"Petrolovo poslovno poročilo, ki je osnova letnega poročila, zajema podatke iz vseh organizacijskih enot družbe, obdelala jih je analitska služba, ki je del finančno-računovodske divizije.",32,32,yes,2.60,2.6,2.60,yes,1.85,1.8528741038058494,1.85,yes,8,8,yes,4.00,4,yes,2.00,2,yes,2.00,2.0,2.00,yes,"A[Petrolovo] B[poslovno] C[poročilo]D[,] E[ki] F[je] G[osnova] H[letnega] I[poročila]J[,] K[zajema] L[podatke] M[iz] N[vseh] O[organizacijskih] P[enot] Q[družbe]R[,] S[obdelala] T[jih] U[je] V[analitska] W[služba]X[,] Y[ki] Z[je] A[del] B[finančno]C[-]D[računovodske] E[divizije]F[.] ","(Petrolovo <amod poslovno <amod poročilo >acl (, <punct ki <mark je <cop osnova >nmod (letnega <amod poročila) >punct ,)) <nsubj zajema >obj (podatke >nmod (iz <case vseh <det organizacijskih <amod enot >nmod družbe)) >parataxis (, <punct obdelala >obj jih >aux je >nsubj (analitska <amod služba >acl (, <punct ki <mark je <cop del >nmod ((finančno >conj (- <punct računovodske)) <amod divizije)))) >punct .",
38,ssj488.2617.9323,"Šele v tej fazi je prišel na vrsto pisec oglasnih tekstov, ki celotno besedilo redakcijsko in vsebinsko predela, po dokončni verifikaciji uprave pa tekst preda zunanjemu grafičnemu oblikovalcu.",31,31,yes,3.07,3.074074074074074,3.07,yes,1.42,1.4207944258239231,1.42,yes,6,6,yes,3.00,3,yes,2.00,2,yes,1.50,1.5,1.50,yes,"A[Šele] B[v] C[tej] D[fazi] E[je] F[prišel] G[na] H[vrsto] I[pisec] J[oglasnih] K[tekstov]L[,] M[ki] N[celotno] O[besedilo] P[redakcijsko] Q[in] R[vsebinsko] S[predela]T[,] U[po] V[dokončni] W[verifikaciji] X[uprave] Y[pa] Z[tekst] A[preda] B[zunanjemu] C[grafičnemu] D[oblikovalcu]E[.] ","(Šele <advmod v <case tej <det fazi) <obl je <aux prišel >obl (na <case vrsto) >nsubj (pisec >nmod (oglasnih <amod tekstov) >acl (, <punct ki <mark (celotno <amod besedilo) <obj (redakcijsko >conj (in <cc vsebinsko)) <advmod predela >punct ,)) >parataxis ((po <case dokončni <amod verifikaciji >nmod uprave) <obl pa <advmod tekst <obj preda >iobj (zunanjemu <amod grafičnemu <amod oblikovalcu)) >punct .",
39,ssj488.2617.9324,"Poslovni sistem Mercator, ki je oblikovanje poročila zaupal Studiu A4 iz Ljubljane, se je prvega letnega poročila lotil leta 1995.",23,23,yes,3.05,3.0526315789473686,3.05,yes,1.85,1.8540815949802367,1.85,yes,6,6,yes,2.00,2,yes,1.00,1,yes,2.00,2.0,2.00,yes,"A[Poslovni] B[sistem] C[Mercator]D[,] E[ki] F[je] G[oblikovanje] H[poročila] I[zaupal] J[Studiu] K[A4] L[iz] M[Ljubljane]N[,] O[se] P[je] Q[prvega] R[letnega] S[poročila] T[lotil] U[leta] V[1995]W[.] ","(Poslovni <amod sistem >nmod Mercator >acl (, <punct ki <mark je <aux (oblikovanje >nmod poročila) <obj zaupal >iobj (Studiu >nmod A4 >nmod (iz <case Ljubljane)) >punct ,)) <nsubj se <expl je <aux (prvega <amod letnega <amod poročila) <obj lotil >obl (leta >nummod 1995) >punct .",
40,ssj488.2617.9325,"Sektor za finance, računovodstvo in kontroling, sektor za razvoj, posamezni člani uprave in služba za odnose z javnostmi so poročilo za poslovno leto 1999 začeli pripravljati novembra 1999.",32,32,yes,4.00,4.0,4.00,yes,1.93,1.927726326969876,1.93,yes,6,6,yes,2.00,2,yes,1.00,1,yes,2.00,2.0,2.00,yes,"A[Sektor] B[za] C[finance]D[,] E[računovodstvo] F[in] G[kontroling]H[,] I[sektor] J[za] K[razvoj]L[,] M[posamezni] N[člani] O[uprave] P[in] Q[služba] R[za] S[odnose] T[z] U[javnostmi] V[so] W[poročilo] X[za] Y[poslovno] Z[leto] A[1999] B[začeli] C[pripravljati] D[novembra] E[1999]F[.] ","(Sektor >nmod (za <case finance >conj (, <punct računovodstvo) >conj (in <cc kontroling)) >conj (, <punct sektor >nmod (za <case razvoj)) >conj (, <punct posamezni <amod člani >nmod uprave) >conj (in <cc služba >nmod (za <case odnose >nmod (z <case javnostmi)))) <nsubj so <aux začeli >xcomp ((poročilo >nmod (za <case poslovno <amod leto >nummod 1999)) <obj pripravljati >obl (novembra >nummod 1999)) >punct .",
41,ssj488.2618.9326,"Številka PP 12591/ 01 Slovensko podjetje išče dobavitelja jedilnega ječmena, lesa za palete ter za embalažo in bukovega lesa.",22,22,yes,2.28,2.2777777777777777,2.28,yes,1.66,1.6617063409798574,1.66,yes,7,7,yes,1.00,1,yes,1.00,1,yes,1.00,1.0,1.00,yes,"A[Številka] B[PP] C[12591]D[/] E[01] F[Slovensko] G[podjetje] H[išče] I[dobavitelja] J[jedilnega] K[ječmena]L[,] M[lesa] N[za] O[palete] P[ter] Q[za] R[embalažo] S[in] T[bukovega] U[lesa]V[.] ","(Številka >nmod (PP >nummod (12591 >conj (/ <punct 01)))) <parataxis (Slovensko <amod podjetje) <nsubj išče >obj (dobavitelja >nmod (jedilnega <amod ječmena >conj (, <punct lesa >nmod (za <case palete >conj (ter <cc za <case embalažo))) >conj (in <cc bukovega <amod lesa))) >punct .",
42,ssj488.2618.9327,"Slomar D. O. O., Smrekarjeva 47, 6310 Izola, Tel.: 05/ 6418 242, Faks: 05/ 6418 242, Sahir Abdelkbir",27,27,yes,5.00,5.0,5.00,yes,0.19,0.19283124040599242,0.19,yes,5,5,yes,1.00,1,yes,1.00,1,yes,1.00,1.0,1.00,yes,"A[Slomar] B[D.] C[O.] D[O.]E[,] F[Smrekarjeva] G[47]H[,] I[6310] J[Izola]K[,] L[Tel.]M[:] N[05]O[/] P[6418] Q[242]R[,] S[Faks]T[:] U[05]V[/] W[6418] X[242]Y[,] Z[Sahir] A[Abdelkbir] ","Slomar >nmod (D. >fixed O. >fixed O.) >list (, <punct Smrekarjeva >nummod 47) >list (, <punct 6310 <nummod Izola) >list (, <punct Tel. >appos (: <punct 05 >conj (/ <punct 6418 >flat 242))) >list (, <punct Faks >appos (: <punct 05 >conj (/ <punct 6418 >flat 242))) >list (, <punct Sahir >flat Abdelkbir)",
43,ssj489.2619.9328,Slovenska osamosvojitev se je dogajala v zelo zapletenih mednarodnih okoliščinah.,11,11,yes,2.22,2.2222222222222223,2.22,yes,1.10,1.1048235486673883,1.10,yes,4,4,yes,1.00,1,yes,1.00,1,yes,1.00,1.0,1.00,yes,A[Slovenska] B[osamosvojitev] C[se] D[je] E[dogajala] F[v] G[zelo] H[zapletenih] I[mednarodnih] J[okoliščinah]K[.] ,(Slovenska <amod osamosvojitev) <nsubj se <expl je <aux dogajala >obl (v <case (zelo <advmod zapletenih) <amod mednarodnih <amod okoliščinah) >punct .,
44,ssj489.2619.9329,Velika zgodovinska priložnost oziroma splet zgodovinskih okoliščin sta privedla do samostojne slovenske države.,14,14,yes,2.17,2.1666666666666665,2.17,yes,1.57,1.5678757253286282,1.57,yes,5,5,yes,1.00,1,yes,1.00,1,yes,1.00,1.0,1.00,yes,A[Velika] B[zgodovinska] C[priložnost] D[oziroma] E[splet] F[zgodovinskih] G[okoliščin] H[sta] I[privedla] J[do] K[samostojne] L[slovenske] M[države]N[.] ,(Velika <amod zgodovinska <amod priložnost >conj (oziroma <cc splet >nmod (zgodovinskih <amod okoliščin))) <nsubj sta <aux privedla >obl (do <case samostojne <amod slovenske <amod države) >punct .,
45,ssj489.2619.9330,S tem nikakor ni zmanjšan pomen enotne volje državljanov Slovenije.,11,11,yes,1.44,1.4444444444444444,1.44,yes,1.54,1.5356064647598426,1.54,yes,5,5,yes,1.00,1,yes,1.00,1,yes,1.00,1.0,1.00,yes,A[S] B[tem] C[nikakor] D[ni] E[zmanjšan] F[pomen] G[enotne] H[volje] I[državljanov] J[Slovenije]K[.] ,(S <case tem) <obl nikakor <advmod ni <cop zmanjšan >nsubj (pomen >nmod (enotne <amod volje >nmod (državljanov >nmod Slovenije))) >punct .,
46,ssj489.2619.9331,"Če te ne bi bilo, ne bi pomagal niti izredno ugoden splet okoliščin.",15,15,yes,2.25,2.25,2.25,yes,1.53,1.5301353973457812,1.53,yes,4,4,yes,2.00,2,yes,1.00,1,yes,2.00,2.0,2.00,yes,"A[Če] B[te] C[ne] D[bi] E[bilo]F[,] G[ne] H[bi] I[pomagal] J[niti] K[izredno] L[ugoden] M[splet] N[okoliščin]O[.] ","(Če <mark te <nsubj ne <advmod bi <aux bilo >punct ,) <advcl ne <advmod bi <aux pomagal >nsubj (niti <advmod (izredno <advmod ugoden) <amod splet >nmod okoliščin) >punct .",
47,ssj489.2620.9332,"Caplan, R. (1996): Post-Mortem on UNPROFOR.",13,13,yes,3.67,3.6666666666666665,3.67,yes,0.40,0.4034032495162334,0.40,yes,3,3,yes,1.00,1,yes,1.00,1,yes,1.00,1.0,1.00,yes,"A[Caplan]B[,] C[R.] D[(]E[1996]F[)]G[:] H[Post]I[-]J[Mortem] K[on] L[UNPROFOR]M[.] ","Caplan >punct , >flat R. >nummod (( <punct 1996 >punct )) >appos (: <punct Post >punct - >flat Mortem >flat on >flat UNPROFOR) >punct .",
48,ssj489.2620.9333,London Defence Studies 33.,5,5,yes,2.00,2.0,2.00,yes,0.14,0.1438410362258906,0.14,yes,2,2,yes,1.00,1,yes,1.00,1,yes,1.00,1.0,1.00,yes,A[London] B[Defence] C[Studies] D[33]E[.] ,London >flat Defence >flat Studies >nummod 33 >punct .,
49,ssj489.2620.9334,"London, Brassey's.",4,4,yes,2.00,2.0,2.00,yes,0.69,0.6931471805599453,0.69,yes,3,3,yes,1.00,1,yes,1.00,1,yes,1.00,1.0,1.00,yes,"A[London]B[,] C[Brassey's]D[.] ","London >list (, <punct Brassey's) >punct .",
50,ssj489.2621.9335,"6. se dopušča stik med službujočimi otroci in njihovimi starši, prost izhod v civilnih oblekah, vsi redni, izredni študijski in nagradni dopusti.",26,26,yes,3.52,3.5238095238095237,3.52,yes,0.81,0.8120247077150197,0.81,yes,6,6,yes,1.00,1,yes,1.00,1,yes,1.00,1.0,1.00,yes,"A[6.] B[se] C[dopušča] D[stik] E[med] F[službujočimi] G[otroci] H[in] I[njihovimi] J[starši]K[,] L[prost] M[izhod] N[v] O[civilnih] P[oblekah]Q[,] R[vsi] S[redni]T[,] U[izredni] V[študijski] W[in] X[nagradni] Y[dopusti]Z[.] ","6. <obl se <expl dopušča >nsubj (stik >nmod (med <case službujočimi <amod otroci >conj (in <cc njihovimi <det starši)) >conj (, <punct prost <amod izhod >nmod (v <case civilnih <amod oblekah)) >conj (, <punct vsi <det (redni >conj (, <punct izredni)) <amod (študijski >conj (in <cc nagradni)) <amod dopusti)) >punct .",
51,ssj489.2621.9336,"Enotam, ki so bile uporabljene na kriznih območjih, naj se dovoli počitek in rehabilitacija ter primerna prehrana in medicinska pomoč;",23,23,yes,2.95,2.9473684210526314,2.95,yes,1.67,1.6737814567452798,1.67,yes,5,5,yes,2.00,2,yes,1.00,1,yes,2.00,2.0,2.00,yes,"A[Enotam]B[,] C[ki] D[so] E[bile] F[uporabljene] G[na] H[kriznih] I[območjih]J[,] K[naj] L[se] M[dovoli] N[počitek] O[in] P[rehabilitacija] Q[ter] R[primerna] S[prehrana] T[in] U[medicinska] V[pomoč]W[;] ","(Enotam >acl (, <punct ki <mark so <aux bile <cop uporabljene >obl (na <case kriznih <amod območjih) >punct ,)) <iobj naj <advmod se <expl dovoli >nsubj (počitek >conj (in <cc rehabilitacija) >conj (ter <cc primerna <amod prehrana)) >conj (in <cc medicinska <amod pomoč) >punct ;",
52,ssj489.2622.9337,"G. Na medsebojnem zaupanju bo zgradil Jugoslavijo brez meja, ki jo bo varovala JLA.",16,16,yes,2.23,2.230769230769231,2.23,yes,1.38,1.3760079408198587,1.38,yes,4,4,yes,2.00,2,yes,1.00,1,yes,2.00,2.0,2.00,yes,"A[G.] B[Na] C[medsebojnem] D[zaupanju] E[bo] F[zgradil] G[Jugoslavijo] H[brez] I[meja]J[,] K[ki] L[jo] M[bo] N[varovala] O[JLA]P[.] ","G. <dep (Na <case medsebojnem <amod zaupanju) <obl bo <aux zgradil >obj (Jugoslavijo >nmod (brez <case meja) >acl (, <punct ki <mark jo <obj bo <aux varovala >nsubj JLA)) >punct .",
53,ssj489.2623.9338,Dne 15. julija 1991 je v prostorih Slovenske matice potekal koordinacijski sestanek Odborov staršev.,15,15,yes,2.31,2.3076923076923075,2.31,yes,1.60,1.5975192010271726,1.60,yes,4,4,yes,1.00,1,yes,1.00,1,yes,1.00,1.0,1.00,yes,A[Dne] B[15.] C[julija] D[1991] E[je] F[v] G[prostorih] H[Slovenske] I[matice] J[potekal] K[koordinacijski] L[sestanek] M[Odborov] N[staršev]O[.] ,(Dne >nmod (15. <nummod julija >nummod 1991)) <obl je <aux (v <case prostorih >nmod (Slovenske <amod matice)) <obl potekal >nsubj (koordinacijski <amod sestanek >nmod (Odborov >nmod staršev)) >punct .,
54,ssj489.2623.9339,"Predsednik Odbora staršev za varstvo in vrnitev slovenskih vojakov profesor J. Stergar je navzoče seznanil z nekaterimi dejstvi, in sicer:",22,22,yes,2.74,2.736842105263158,2.74,yes,1.82,1.8194398507193383,1.82,yes,7,7,yes,1.00,1,yes,1.00,1,yes,1.00,1.0,1.00,yes,"A[Predsednik] B[Odbora] C[staršev] D[za] E[varstvo] F[in] G[vrnitev] H[slovenskih] I[vojakov] J[profesor] K[J.] L[Stergar] M[je] N[navzoče] O[seznanil] P[z] Q[nekaterimi] R[dejstvi]S[,] T[in] U[sicer]V[:] ","(Predsednik >nmod (Odbora >nmod staršev >nmod (za <case varstvo >conj (in <cc vrnitev >nmod (slovenskih <amod vojakov)))) >nmod (profesor >nmod (J. >flat Stergar))) <nsubj je <aux navzoče <obj seznanil >obl (z <case nekaterimi <det dejstvi) >appos (, <punct in >fixed sicer) >punct :",
55,ssj489.2624.9340,"Enak očitek naslavlja ""zahodna demokracija"" na Slovenijo lažje je pač ""handlati"" z eno samo državo kakor pa s kopico manjših, ki so še v medsebojnem sporu... in njegovem egoizmu, Kdo na svetu ima pravico in v imenu česa zahtevati od nekega naroda ali celi vrsti njih, da naj preslišijo glas svoje identitete, in torej molče prenašajo politično in duhovno unificiranje in to za vso prihodnost naprej, se pravi tudi za prihodnje rodove? ki naj bi uničila Jugoslavijo.",91,91,yes,4.00,4.0,4.00,yes,1.33,1.3283784533573297,1.33,yes,9,9,yes,9.00,9,yes,5.00,5,yes,1.80,1.8,1.80,yes,"A[Enak] B[očitek] C[naslavlja] D[""]E[zahodna] F[demokracija]G[""] H[na] I[Slovenijo] J[lažje] K[je] L[pač] M[""]N[handlati]O[""] P[z] Q[eno] R[samo] S[državo] T[kakor] U[pa] V[s] W[kopico] X[manjših]Y[,] Z[ki] A[so] B[še] C[v] D[medsebojnem] E[sporu]F[.]G[.]H[.] I[in] J[njegovem] K[egoizmu]L[,] M[Kdo] N[na] O[svetu] P[ima] Q[pravico] R[in] S[v] T[imenu] U[česa] V[zahtevati] W[od] X[nekega] Y[naroda] Z[ali] A[celi] B[vrsti] C[njih]D[,] E[da] F[naj] G[preslišijo] H[glas] I[svoje] J[identitete]K[,] L[in] M[torej] N[molče] O[prenašajo] P[politično] Q[in] R[duhovno] S[unificiranje] T[in] U[to] V[za] W[vso] X[prihodnost] Y[naprej]Z[,] A[se] B[pravi] C[tudi] D[za] E[prihodnje] F[rodove]G[?] H[ki] I[naj] J[bi] K[uničila] L[Jugoslavijo]M[.] ","(Enak <det očitek) <obj naslavlja >nsubj ("" <punct zahodna <amod demokracija >punct "") >obl (na <case Slovenijo) >parataxis ((lažje >advcl (kakor <mark pa <orphan s <case kopico >amod (manjših >acl (, <punct ki <mark so >advmod še >obl (v <case medsebojnem <amod sporu))))) <advmod je >advmod pač >csubj ("" <punct handlati >punct "" >obl (z <case eno <nummod samo <amod državo)) >punct . >punct . >punct .) >conj (in <cc njegovem <det egoizmu) >parataxis (, <punct (Kdo >nmod (na <case svetu)) <nsubj ima >obj pravico >conj (in <cc (v <case imenu >nmod česa) <obl zahtevati >obl (od <case nekega <det naroda >conj (ali <cc celi <amod vrsti >nmod njih)) >ccomp (, <punct da <mark naj <advmod preslišijo >obj (glas >nmod (svoje <det identitete)) >conj (, <punct in <cc torej <advmod molče <advmod prenašajo >obj ((politično >conj (in <cc duhovno)) <amod unificiranje)))) >conj ((in >fixed to) <cc za <case vso <det prihodnost >orphan naprej >appos (, <punct (se >fixed pravi) <cc tudi <advmod za <case prihodnje <amod rodove) >punct ? >acl (ki <mark naj <advmod bi <aux uničila >obj Jugoslavijo))) >punct .",
56,ssj489.2624.9341,Kakor da ne bi bil separatizem posledica unificiranja vseh (ne le nacionalnih!) razlik v komunističnem sistemu.,20,20,yes,3.07,3.066666666666667,3.07,yes,1.21,1.2063889796918768,1.21,yes,7,7,yes,1.00,1,yes,1.00,1,yes,1.00,1.0,1.00,yes,A[Kakor] B[da] C[ne] D[bi] E[bil] F[separatizem] G[posledica] H[unificiranja] I[vseh] J[(]K[ne] L[le] M[nacionalnih]N[!]O[)] P[razlik] Q[v] R[komunističnem] S[sistemu]T[.] ,(Kakor >fixed da) <mark ne <advmod bi <aux bil <cop separatizem <nsubj posledica >nmod (unificiranja >nmod ((vseh >appos (( <punct (ne >fixed le) <advmod nacionalnih >punct ! >punct ))) <det razlik >nmod (v <case komunističnem <amod sistemu))) >punct .,
57,ssj489.2624.9342,"Še zlasti pa bi morali vedeti nekaj več o energiji avtoidentifikacije, ki jo prelahko označujejo z etiketo nacionalizma, seveda v slabšalnem smislu.",25,25,yes,2.19,2.1904761904761907,2.19,yes,1.54,1.5428612163130895,1.54,yes,7,7,yes,3.00,3,yes,1.00,1,yes,3.00,3.0,3.00,yes,"A[Še] B[zlasti] C[pa] D[bi] E[morali] F[vedeti] G[nekaj] H[več] I[o] J[energiji] K[avtoidentifikacije]L[,] M[ki] N[jo] O[prelahko] P[označujejo] Q[z] R[etiketo] S[nacionalizma]T[,] U[seveda] V[v] W[slabšalnem] X[smislu]Y[.] ","(Še <advmod zlasti) <advmod pa <advmod bi <aux morali >xcomp (vedeti >advmod (nekaj <advmod več) >obl (o <case energiji >nmod (avtoidentifikacije >acl (, <punct ki <mark jo <obj prelahko <advmod označujejo >obl (z <case etiketo >nmod nacionalizma) >obl (, <punct seveda <advmod v <case slabšalnem <amod smislu))))) >punct .",
58,ssj489.2624.9343,Zdaj še posebno po nemškem nacizmu zavračajo vsako prizadevanje za nacionalno samostojnost razvijajočih se narodnostnih entitet.,17,17,yes,2.20,2.2,2.20,yes,1.54,1.5385228147144914,1.54,yes,6,6,yes,1.00,1,yes,1.00,1,yes,1.00,1.0,1.00,yes,A[Zdaj] B[še] C[posebno] D[po] E[nemškem] F[nacizmu] G[zavračajo] H[vsako] I[prizadevanje] J[za] K[nacionalno] L[samostojnost] M[razvijajočih] N[se] O[narodnostnih] P[entitet]Q[.] ,Zdaj <advmod ((še >fixed posebno) <advmod po <case nemškem <amod nacizmu) <obl zavračajo >obj (vsako <det prizadevanje >nmod (za <case nacionalno <amod samostojnost >nmod ((razvijajočih >expl se) <amod narodnostnih <amod entitet))) >punct .,
59,ssj489.2624.9344,"Toda kaj je energija ""nacionalizma""?",8,8,yes,2.00,2.0,2.00,yes,0.69,0.6931471805599453,0.69,yes,3,3,yes,1.00,1,yes,1.00,1,yes,1.00,1.0,1.00,yes,"A[Toda] B[kaj] C[je] D[energija] E[""]F[nacionalizma]G[""]H[?] ","Toda <cc kaj <nsubj je <cop energija >nmod ("" <punct nacionalizma >punct "") >punct ?",
60,ssj489.2624.9345,"To je ""energija"" biti, se pravi energija lastne identitete.",13,13,yes,2.38,2.375,2.38,yes,0.87,0.8678705139132589,0.87,yes,4,4,yes,1.00,1,yes,1.00,1,yes,1.00,1.0,1.00,yes,"A[To] B[je] C[""]D[energija]E[""] F[biti]G[,] H[se] I[pravi] J[energija] K[lastne] L[identitete]M[.] ","To <nsubj je <cop "" <punct energija >punct "" >nmod biti >appos (, <punct (se >fixed pravi) <cc energija >nmod (lastne <amod identitete)) >punct .",
61,ssj489.2624.9346,"Ne energija ""biti vse ali nič"", ampak preprosto energija biti.",14,14,yes,2.56,2.5555555555555554,2.56,yes,0.16,0.1603426500751795,0.16,yes,5,5,yes,2.00,2,yes,1.00,1,yes,2.00,2.0,2.00,yes,"A[Ne] B[energija] C[""]D[biti] E[vse] F[ali] G[nič]H[""]I[,] J[ampak] K[preprosto] L[energija] M[biti]N[.] ","Ne >orphan (energija >acl ("" <punct biti <cop vse >conj (ali <cc nič) >punct "")) >conj (, <punct ampak <cc preprosto <orphan energija >nmod biti) >punct .",
62,ssj489.2624.9347,"Si, bivaš tako, da se razlikuješ od drugega, od drugih.",14,14,yes,2.56,2.5555555555555554,2.56,yes,0.16,0.1603426500751795,0.16,yes,5,5,yes,3.00,3,yes,2.00,2,yes,1.50,1.5,1.50,yes,"A[Si]B[,] C[bivaš] D[tako]E[,] F[da] G[se] H[razlikuješ] I[od] J[drugega]K[,] L[od] M[drugih]N[.] ","Si >parataxis (, <punct bivaš >advcl ((tako >punct , >fixed da) <mark se <expl razlikuješ >obl (od <case drugega) >obl (, <punct od <case drugih))) >punct .",
63,ssj489.2624.9348,"Nepriznavanje razlik je torej dejansko nepriznavanje (različnih) identitet, različnih načinov biti, bivanja.",17,17,yes,2.64,2.6363636363636362,2.64,yes,1.13,1.1254268138251093,1.13,yes,4,4,yes,1.00,1,yes,1.00,1,yes,1.00,1.0,1.00,yes,"A[Nepriznavanje] B[razlik] C[je] D[torej] E[dejansko] F[nepriznavanje] G[(]H[različnih]I[)] J[identitet]K[,] L[različnih] M[načinov] N[biti]O[,] P[bivanja]Q[.] ","(Nepriznavanje >nmod razlik) <nsubj je <cop torej <advmod dejansko <amod nepriznavanje >nmod ((( <punct različnih >punct )) <amod identitet >conj (, <punct različnih <amod načinov >nmod biti) >conj (, <punct bivanja)) >punct .",
64,ssj489.2624.9349,"V vsakem jeziku drugače zveni slava božja, pravijo verniki; vsak narod ima samosvojo poezijo, ki je neprevedljiva v drug jezik vsak prevod je že prepesnitev v drug jezikovni in duhovni, kulturni horizont.",37,37,yes,3.32,3.3225806451612905,3.32,yes,1.61,1.6148641071661933,1.61,yes,7,7,yes,5.00,5,yes,4.00,4,yes,1.25,1.25,1.25,yes,"A[V] B[vsakem] C[jeziku] D[drugače] E[zveni] F[slava] G[božja]H[,] I[pravijo] J[verniki]K[;] L[vsak] M[narod] N[ima] O[samosvojo] P[poezijo]Q[,] R[ki] S[je] T[neprevedljiva] U[v] V[drug] W[jezik] X[vsak] Y[prevod] Z[je] A[že] B[prepesnitev] C[v] D[drug] E[jezikovni] F[in] G[duhovni]H[,] I[kulturni] J[horizont]K[.] ","((V <case vsakem <det jeziku) <obl drugače <advmod zveni >nsubj (slava >amod božja) >punct , >parataxis (; <punct (vsak <det narod) <nsubj ima >obj (samosvojo <amod poezijo >acl (, <punct ki <mark je <cop neprevedljiva >obl (v <case drug <amod jezik)))) >parataxis ((vsak <det prevod) <nsubj je <cop že <advmod prepesnitev >nmod (v <case drug <amod (jezikovni >conj (in <cc duhovni) >conj (, <punct kulturni)) <amod horizont))) <parataxis pravijo >nsubj verniki >punct .",
65,ssj489.2624.9350,"Največja razlika je razlika v jeziku čeprav vsi jeziki vse povedo o človeku in svetu, torej vse, kar je mogoče povedati in zamolčati.",26,26,yes,2.14,2.1363636363636362,2.14,yes,1.48,1.4795632588873606,1.48,yes,7,7,yes,5.00,5,yes,2.00,2,yes,2.50,2.5,2.50,yes,"A[Največja] B[razlika] C[je] D[razlika] E[v] F[jeziku] G[čeprav] H[vsi] I[jeziki] J[vse] K[povedo] L[o] M[človeku] N[in] O[svetu]P[,] Q[torej] R[vse]S[,] T[kar] U[je] V[mogoče] W[povedati] X[in] Y[zamolčati]Z[.] ","(Največja <amod razlika) <nsubj je <cop razlika >nmod (v <case jeziku) >advcl (čeprav <mark (vsi <det jeziki) <nsubj vse <obj povedo >obl (o <case človeku >conj (in <cc svetu)) >conj (, <punct torej <cc vse >acl (, <punct kar <obj je <cop mogoče >csubj (povedati >conj (in <cc zamolčati))))) >punct .",
66,ssj489.2624.9351,"Tudi molčati namreč ni mogoče brez ali onkraj besed (najbližjega, maternega jezika).",16,16,yes,2.64,2.6363636363636362,2.64,yes,1.03,1.0342660354281321,1.03,yes,7,7,yes,2.00,2,yes,1.00,1,yes,2.00,2.0,2.00,yes,"A[Tudi] B[molčati] C[namreč] D[ni] E[mogoče] F[brez] G[ali] H[onkraj] I[besed] J[(]K[najbližjega]L[,] M[maternega] N[jezika]O[)]P[.] ","(Tudi <advmod molčati >advmod namreč >obl ((brez >conj (ali <cc onkraj)) <case besed >appos (( <punct (najbližjega >conj (, <punct maternega)) <amod jezika >punct )))) <csubj ni <cop mogoče >punct .",
67,ssj489.2625.9352,"Dovolite mi, da zlasti opozorim na dve, po moji sodbi bistveni značilnosti načina slovenske osamosvojitve, ki sta bili v dosedanjih podobnih osvetljevanjih premalo zaznani in ovrednoteni.",30,30,yes,3.56,3.56,3.56,yes,0.34,0.3396773675701613,0.34,yes,7,7,yes,3.00,3,yes,1.00,1,yes,3.00,3.0,3.00,yes,"A[Dovolite] B[mi]C[,] D[da] E[zlasti] F[opozorim] G[na] H[dve]I[,] J[po] K[moji] L[sodbi] M[bistveni] N[značilnosti] O[načina] P[slovenske] Q[osamosvojitve]R[,] S[ki] T[sta] U[bili] V[v] W[dosedanjih] X[podobnih] Y[osvetljevanjih] Z[premalo] A[zaznani] B[in] C[ovrednoteni]D[.] ","Dovolite >iobj mi >ccomp (, <punct da <mark zlasti <advmod opozorim >obl (na <case (dve >conj (, <punct (po <case moji <det sodbi) <nmod bistveni)) <nummod značilnosti >nmod (načina >nmod (slovenske <amod osamosvojitve)) >acl (, <punct ki <mark sta <aux bili <cop (v <case dosedanjih <amod podobnih <amod osvetljevanjih) <obl premalo <advmod zaznani >conj (in <cc ovrednoteni)))) >punct .",
68,ssj489.2625.9353,Prva je dosledno vztrajanje pri načelu legalitete v vsem procesu osamosvajanja.,12,12,yes,2.00,2.0,2.00,yes,1.15,1.1512925464970227,1.15,yes,3,3,yes,1.00,1,yes,1.00,1,yes,1.00,1.0,1.00,yes,A[Prva] B[je] C[dosledno] D[vztrajanje] E[pri] F[načelu] G[legalitete] H[v] I[vsem] J[procesu] K[osamosvajanja]L[.] ,Prva <nsubj je <cop dosledno <amod vztrajanje >nmod (pri <case načelu >nmod legalitete) >nmod (v <case vsem <det procesu >nmod osamosvajanja) >punct .,
69,ssj489.2625.9354,Nastajanje današnje Republike Slovenije je najtesneje povezano s pravom.,10,10,yes,2.00,2.0,2.00,yes,1.32,1.3195286648076292,1.32,yes,4,4,yes,1.00,1,yes,1.00,1,yes,1.00,1.0,1.00,yes,A[Nastajanje] B[današnje] C[Republike] D[Slovenije] E[je] F[najtesneje] G[povezano] H[s] I[pravom]J[.] ,(Nastajanje >nmod (današnje <amod Republike >nmod Slovenije)) <nsubj je <cop najtesneje <advmod povezano >obl (s <case pravom) >punct .,
70,ssj489.2625.9355,Nastala je in se je v mednarodnem življenju uveljavila z zavestno naslonitvijo na pravo in z njegovo uporabo.,19,19,yes,2.88,2.8823529411764706,2.88,yes,0.36,0.3579997179736975,0.36,yes,5,5,yes,2.00,2,yes,2.00,2,yes,1.00,1.0,1.00,yes,A[Nastala] B[je] C[in] D[se] E[je] F[v] G[mednarodnem] H[življenju] I[uveljavila] J[z] K[zavestno] L[naslonitvijo] M[na] N[pravo] O[in] P[z] Q[njegovo] R[uporabo]S[.] ,Nastala >aux je >conj (in <cc se <expl je <aux (v <case mednarodnem <amod življenju) <obl uveljavila >obl (z <case zavestno <amod naslonitvijo >nmod (na <case pravo) >conj (in <cc z <case njegovo <det uporabo))) >punct .,
71,ssj489.2625.9356,"Usmeritev na načelo legalitete je bila predvsem posledica spoznanja v takratni državnopolitični strukturi Slovenije, da v sodobnem svetu, ki sebe in svoja razmerja utemeljuje na vladavini prava in vladavini človekovih pravic, štejejo praviloma pravni argumenti, in ne politika sile in izvršenih dejstev.",47,47,yes,3.54,3.5365853658536586,3.54,yes,1.63,1.6333451284758054,1.63,yes,9,9,yes,3.00,3,yes,1.00,1,yes,3.00,3.0,3.00,yes,"A[Usmeritev] B[na] C[načelo] D[legalitete] E[je] F[bila] G[predvsem] H[posledica] I[spoznanja] J[v] K[takratni] L[državnopolitični] M[strukturi] N[Slovenije]O[,] P[da] Q[v] R[sodobnem] S[svetu]T[,] U[ki] V[sebe] W[in] X[svoja] Y[razmerja] Z[utemeljuje] A[na] B[vladavini] C[prava] D[in] E[vladavini] F[človekovih] G[pravic]H[,] I[štejejo] J[praviloma] K[pravni] L[argumenti]M[,] N[in] O[ne] P[politika] Q[sile] R[in] S[izvršenih] T[dejstev]U[.] ","(Usmeritev >nmod (na <case načelo >nmod legalitete)) <nsubj je <aux bila <cop predvsem <advmod posledica >nmod (spoznanja >nmod (v <case takratni <amod državnopolitični <amod strukturi >nmod Slovenije) >acl (, <punct da <mark (v <case sodobnem <amod svetu >acl (, <punct ki <mark (sebe >conj (in <cc svoja <det razmerja)) <obj utemeljuje >obl (na <case vladavini >nmod prava >conj (in <cc vladavini >nmod (človekovih <amod pravic))) >punct ,)) <obl štejejo >advmod praviloma >nsubj (pravni <amod argumenti >conj (, <punct in <cc ne <advmod politika >nmod (sile >conj (in <cc izvršenih <amod dejstev)))))) >punct .",
72,ssj489.2625.9357,"In tudi spoznanje, da je pravna utemeljenost političnih dejanj Slovenije v sporu z Beogradom vse od sredine 80. let najzanesljivejše poroštvo, da v Sloveniji z razglasitvijo izrednih razmer zvezne oblasti ne bodo mogle odpraviti dosežkov demokratičnega razvoja.",40,40,yes,4.31,4.305555555555555,4.31,yes,0.88,0.8811594350989732,0.88,yes,7,7,yes,4.00,4,yes,1.00,1,yes,4.00,4.0,4.00,yes,"A[In] B[tudi] C[spoznanje]D[,] E[da] F[je] G[pravna] H[utemeljenost] I[političnih] J[dejanj] K[Slovenije] L[v] M[sporu] N[z] O[Beogradom] P[vse] Q[od] R[sredine] S[80.] T[let] U[najzanesljivejše] V[poroštvo]W[,] X[da] Y[v] Z[Sloveniji] A[z] B[razglasitvijo] C[izrednih] D[razmer] E[zvezne] F[oblasti] G[ne] H[bodo] I[mogle] J[odpraviti] K[dosežkov] L[demokratičnega] M[razvoja]N[.] ","In <cc tudi <advmod spoznanje >acl (, <punct da <mark je <cop (pravna <amod utemeljenost >nmod (političnih <amod dejanj >nmod Slovenije >nmod (v <case sporu >nmod (z <case Beogradom)) >nmod (vse <advmod od <case sredine >nmod (80. <nummod let)))) <nsubj najzanesljivejše <amod poroštvo >acl (, <punct da <mark (zvezne <amod oblasti) <nsubj ne <advmod bodo <aux mogle >xcomp ((v <case Sloveniji) <obl (z <case razglasitvijo >nmod (izrednih <amod razmer)) <obl odpraviti >obj (dosežkov >nmod (demokratičnega <amod razvoja))))) >punct .",
73,ssj489.2625.9358,"Pri odločilnih političnih dejavnikih je prevladalo spoznanje, čeprav ne zlahka, da izpeljava tega enkratnega zgodovinskega dejanja na pravno urejen način ni pomembna samo za dejanje osamosvojitve, ampak tudi za nadaljnji notranji razvoj družbe in države, za mednarodno priznanje Republike Slovenije, za njen položaj v mednarodni skupnosti in za njene možnosti pri vključevanju v mednarodne integracijske procese.",62,62,yes,3.31,3.309090909090909,3.31,yes,1.70,1.7028728253859384,1.70,yes,9,9,yes,2.00,2,yes,1.00,1,yes,2.00,2.0,2.00,yes,"A[Pri] B[odločilnih] C[političnih] D[dejavnikih] E[je] F[prevladalo] G[spoznanje]H[,] I[čeprav] J[ne] K[zlahka]L[,] M[da] N[izpeljava] O[tega] P[enkratnega] Q[zgodovinskega] R[dejanja] S[na] T[pravno] U[urejen] V[način] W[ni] X[pomembna] Y[samo] Z[za] A[dejanje] B[osamosvojitve]C[,] D[ampak] E[tudi] F[za] G[nadaljnji] H[notranji] I[razvoj] J[družbe] K[in] L[države]M[,] N[za] O[mednarodno] P[priznanje] Q[Republike] R[Slovenije]S[,] T[za] U[njen] V[položaj] W[v] X[mednarodni] Y[skupnosti] Z[in] A[za] B[njene] C[možnosti] D[pri] E[vključevanju] F[v] G[mednarodne] H[integracijske] I[procese]J[.] ","(Pri <case odločilnih <amod političnih <amod dejavnikih) <obl je <aux prevladalo >nsubj (spoznanje >acl (, <punct da <mark (izpeljava >nmod (tega <det enkratnega <amod zgodovinskega <amod dejanja) >nmod (na <case (pravno <advmod urejen) <amod način)) <nsubj ni <cop pomembna >obl (samo <advmod za <case dejanje >nmod osamosvojitve >conj (, <punct (ampak >fixed tudi) <cc za <case nadaljnji <amod notranji <amod razvoj >nmod (družbe >conj (in <cc države)) >conj (, <punct za <case mednarodno <amod priznanje >nmod (Republike >nmod Slovenije)) >conj (, <punct za <case njen <det položaj >nmod (v <case mednarodni <amod skupnosti)) >conj (in <cc za <case njene <det možnosti >nmod (pri <case vključevanju >nmod (v <case mednarodne <amod integracijske <amod procese))))))) >advcl (, <punct čeprav <mark ne >orphan zlahka) >punct .",
74,ssj489.2626.9359,V svojem prispevku avtor podaja kratko kronologijo odnosa Vatikana in Katoliške cerkve na Slovenskem do osamosvojitvenega dogajanja v Sloveniji leta 1991.,22,22,yes,1.95,1.95,1.95,yes,1.63,1.6347557204183902,1.63,yes,7,7,yes,1.00,1,yes,1.00,1,yes,1.00,1.0,1.00,yes,A[V] B[svojem] C[prispevku] D[avtor] E[podaja] F[kratko] G[kronologijo] H[odnosa] I[Vatikana] J[in] K[Katoliške] L[cerkve] M[na] N[Slovenskem] O[do] P[osamosvojitvenega] Q[dogajanja] R[v] S[Sloveniji] T[leta] U[1991]V[.] ,(V <case svojem <det prispevku) <obl avtor <nsubj podaja >obj (kratko <amod kronologijo >nmod (odnosa >nmod (Vatikana >conj (in <cc Katoliške <amod cerkve >nmod (na <case Slovenskem))) >nmod (do <case osamosvojitvenega <amod dogajanja >nmod (v <case Sloveniji) >nmod (leta >nummod 1991)))) >punct .,
75,ssj489.2626.9360,"Podaja kronološko shemo tistih elementov, s katerimi sta Vatikan in Katoliška cerkev v Sloveniji pripomogla k osamosvojitvi Republike Slovenije.",21,21,yes,2.94,2.9444444444444446,2.94,yes,0.37,0.365265723292125,0.37,yes,8,8,yes,2.00,2,yes,1.00,1,yes,2.00,2.0,2.00,yes,"A[Podaja] B[kronološko] C[shemo] D[tistih] E[elementov]F[,] G[s] H[katerimi] I[sta] J[Vatikan] K[in] L[Katoliška] M[cerkev] N[v] O[Sloveniji] P[pripomogla] Q[k] R[osamosvojitvi] S[Republike] T[Slovenije]U[.] ","Podaja >obj (kronološko <amod shemo >nmod (tistih <det elementov >acl (, <punct (s <case katerimi) <obl sta <aux (Vatikan >conj (in <cc Katoliška <amod cerkev >nmod (v <case Sloveniji))) <nsubj pripomogla >obl (k <case osamosvojitvi >nmod (Republike >nmod Slovenije))))) >punct .",
76,ssj489.2626.9361,Vsaj to v ničemer ne more biti sporno.,9,9,yes,2.00,2.0,2.00,yes,1.18,1.1756876285817388,1.18,yes,4,4,yes,2.00,2,yes,1.00,1,yes,2.00,2.0,2.00,yes,A[Vsaj] B[to] C[v] D[ničemer] E[ne] F[more] G[biti] H[sporno]I[.] ,(Vsaj <advmod to) <nsubj ne <advmod more >xcomp ((v <case ničemer) <obl biti <cop sporno) >punct .,
77,ssj489.2626.9362,Pri tem pozornost posveča vlogi Vatikana in vlogi Cerkve na Slovenskem v času osamosvajanja Republike Slovenije.,17,17,yes,1.53,1.5333333333333334,1.53,yes,1.62,1.6197282662841106,1.62,yes,7,7,yes,1.00,1,yes,1.00,1,yes,1.00,1.0,1.00,yes,A[Pri] B[tem] C[pozornost] D[posveča] E[vlogi] F[Vatikana] G[in] H[vlogi] I[Cerkve] J[na] K[Slovenskem] L[v] M[času] N[osamosvajanja] O[Republike] P[Slovenije]Q[.] ,(Pri <case tem) <obl pozornost <obj posveča >iobj (vlogi >nmod Vatikana >conj (in <cc vlogi >nmod (Cerkve >nmod (na <case Slovenskem)) >nmod (v <case času >nmod (osamosvajanja >nmod (Republike >nmod Slovenije))))) >punct .,
78,ssj490.2627.9363,"Vrh je v zunanji manifestaciji dosegla s spravno slovesnostjo 8. julija 1990 v Kočevskem rogu, že prej pa se je Slovenska škofovska konferenca zavzela za spravo kot ""spoštljivo priznanje dostojnega spomina vseh mrtvih, ne glede na to, kako in zaradi kakšnega prepričanja so izgubili življenje"" (Balkovec et al., 1996, 441), pa tudi zato, da bi se v imenu sprave odrekli vsakršnemu obračunavanju.",74,74,yes,4.57,4.573770491803279,4.57,yes,1.43,1.430978749052629,1.43,yes,7,7,yes,4.00,4,yes,2.00,2,yes,2.00,2.0,2.00,yes,"A[Vrh] B[je] C[v] D[zunanji] E[manifestaciji] F[dosegla] G[s] H[spravno] I[slovesnostjo] J[8.] K[julija] L[1990] M[v] N[Kočevskem] O[rogu]P[,] Q[že] R[prej] S[pa] T[se] U[je] V[Slovenska] W[škofovska] X[konferenca] Y[zavzela] Z[za] A[spravo] B[kot] C[""]D[spoštljivo] E[priznanje] F[dostojnega] G[spomina] H[vseh] I[mrtvih]J[,] K[ne] L[glede] M[na] N[to]O[,] P[kako] Q[in] R[zaradi] S[kakšnega] T[prepričanja] U[so] V[izgubili] W[življenje]X[""] Y[(]Z[Balkovec] A[et] B[al.]C[,] D[1996]E[,] F[441]G[)]H[,] I[pa] J[tudi] K[zato]L[,] M[da] N[bi] O[se] P[v] Q[imenu] R[sprave] S[odrekli] T[vsakršnemu] U[obračunavanju]V[.] ","Vrh <obj je <aux (v <case zunanji <amod manifestaciji) <obl dosegla >obl (s <case spravno <amod slovesnostjo) >obl (8. <nummod julija >nummod 1990) >obl (v <case Kočevskem <amod rogu) >parataxis (, <punct (že <advmod prej) <advmod pa <advmod se <expl je <aux (Slovenska <amod škofovska <amod konferenca) <nsubj zavzela >obl (za <case spravo >nmod (kot <case "" <punct spoštljivo <amod priznanje >nmod (dostojnega <amod spomina >amod (vseh <det mrtvih)))) >obl (, <punct (ne >fixed glede >fixed na) <case to >acl (, <punct (kako >conj (in <cc zaradi <case kakšnega <det prepričanja)) <advmod so <aux izgubili >obj življenje) >punct "") >parataxis (( <punct Balkovec >conj (et <cc al.) >nummod (, <punct 1996) >nummod (, <punct 441) >punct )) >advcl (, <punct pa <cc tudi <advmod (zato >punct , >fixed da) <mark bi <aux se <expl (v <case imenu >nmod sprave) <obl odrekli >obj (vsakršnemu <det obračunavanju))) >punct .",
79,ssj490.2627.9364,"(Družina, 15. 7. 1990, 1)",9,9,yes,2.75,2.75,2.75,yes,0.03,0.028119859161438072,0.03,yes,3,3,yes,1.00,1,yes,1.00,1,yes,1.00,1.0,1.00,yes,"A[(]B[Družina]C[,] D[15.] E[7.] F[1990]G[,] H[1]I[)] ","( <punct Družina >nummod (, <punct 15. >flat 7. >flat 1990) >nummod (, <punct 1) >punct )",
80,ssj491.2628.9365,"Recenzenta: dr. Marjanca Pergar Kuščer, doc., dr. Maja Zupančič, red. prof.",15,15,yes,2.50,2.5,2.50,yes,0.24,0.23500181462286784,0.24,yes,5,5,yes,1.00,1,yes,1.00,1,yes,1.00,1.0,1.00,yes,"A[Recenzenta]B[:] C[dr.] D[Marjanca] E[Pergar] F[Kuščer]G[,] H[doc.]I[,] J[dr.] K[Maja] L[Zupančič]M[,] N[red.] O[prof.] ","Recenzenta >appos (: <punct dr. <nmod Marjanca >flat Pergar >flat Kuščer >appos (, <punct doc.) >conj (, <punct dr. <nmod Maja >flat Zupančič >appos (, <punct red. <amod prof.)))",
81,ssj491.2629.9366,"Razlogi za veselje se od zgodnjega otroštva do mladostništva spreminjajo, saj se spreminjajo tudi pomeni, ki jih posamezniki pripisujejo določenemu dogajanju.",24,24,yes,2.50,2.5,2.50,yes,1.73,1.7328679513998633,1.73,yes,6,6,yes,3.00,3,yes,2.00,2,yes,1.50,1.5,1.50,yes,"A[Razlogi] B[za] C[veselje] D[se] E[od] F[zgodnjega] G[otroštva] H[do] I[mladostništva] J[spreminjajo]K[,] L[saj] M[se] N[spreminjajo] O[tudi] P[pomeni]Q[,] R[ki] S[jih] T[posamezniki] U[pripisujejo] V[določenemu] W[dogajanju]X[.] ","(Razlogi >nmod (za <case veselje)) <nsubj se <expl (od <case zgodnjega <amod otroštva) <obl (do <case mladostništva) <obl spreminjajo >conj (, <punct saj <cc se <expl spreminjajo >nsubj (tudi <advmod pomeni >acl (, <punct ki <mark jih <obj posamezniki <nsubj pripisujejo >iobj (določenemu <amod dogajanju)))) >punct .",
82,ssj491.2629.9367,"Otroci se naučijo iskati zadovoljstvo oziroma veselje tudi v socialno zaželenih dejavnostih, ki primarno niso prijetne.",18,18,yes,2.40,2.4,2.40,yes,1.03,1.0278625075312602,1.03,yes,5,5,yes,3.00,3,yes,1.00,1,yes,3.00,3.0,3.00,yes,"A[Otroci] B[se] C[naučijo] D[iskati] E[zadovoljstvo] F[oziroma] G[veselje] H[tudi] I[v] J[socialno] K[zaželenih] L[dejavnostih]M[,] N[ki] O[primarno] P[niso] Q[prijetne]R[.] ","Otroci <nsubj se <expl naučijo >xcomp (iskati >obj (zadovoljstvo >conj (oziroma <cc veselje)) >obl (tudi <advmod v <case (socialno <advmod zaželenih) <amod dejavnostih >acl (, <punct ki <mark primarno <advmod niso <cop prijetne))) >punct .",
83,ssj491.2629.9368,Za zadovoljitev pomembne želje so pripravljeni vložiti več truda.,10,10,yes,1.75,1.75,1.75,yes,1.38,1.3759847175185227,1.38,yes,5,5,yes,2.00,2,yes,1.00,1,yes,2.00,2.0,2.00,yes,A[Za] B[zadovoljitev] C[pomembne] D[želje] E[so] F[pripravljeni] G[vložiti] H[več] I[truda]J[.] ,so <cop pripravljeni >xcomp ((Za <case zadovoljitev >nmod (pomembne <amod želje)) <obl vložiti >obj (več <det truda)) >punct .,
84,ssj491.2629.9369,V zgodnjem otroštvu prevladujejo »drugačni strahovi« kot v srednjem in kasneje v mladostništvu.,16,16,yes,2.17,2.1666666666666665,2.17,yes,1.16,1.1624106172204636,1.16,yes,6,6,yes,1.00,1,yes,1.00,1,yes,1.00,1.0,1.00,yes,A[V] B[zgodnjem] C[otroštvu] D[prevladujejo] E[»]F[drugačni] G[strahovi]H[«] I[kot] J[v] K[srednjem] L[in] M[kasneje] N[v] O[mladostništvu]P[.] ,(V <case zgodnjem <amod otroštvu) <obl prevladujejo >nsubj (» <punct (drugačni >obl (kot <case v <case srednjem >conj (in <cc kasneje <advmod v <case mladostništvu))) <amod strahovi >punct «) >punct .,
85,ssj491.2629.9370,"Strah pred namišljenimi junaki iz zgodnjega otroštva nadomestijo v srednjem otroštvu strahovi, ki so povezani z otrokovim lastnim položajem v skupini: neuspeh, osmešenje, drugačnost, pogosti pa so tudi strahovi pred poškodbo sebe in bližnjih, fizično nevarnostjo in smrtjo.",45,45,yes,3.32,3.324324324324324,3.32,yes,1.64,1.6439132844338373,1.64,yes,7,7,yes,3.00,3,yes,2.00,2,yes,1.50,1.5,1.50,yes,"A[Strah] B[pred] C[namišljenimi] D[junaki] E[iz] F[zgodnjega] G[otroštva] H[nadomestijo] I[v] J[srednjem] K[otroštvu] L[strahovi]M[,] N[ki] O[so] P[povezani] Q[z] R[otrokovim] S[lastnim] T[položajem] U[v] V[skupini]W[:] X[neuspeh]Y[,] Z[osmešenje]A[,] B[drugačnost]C[,] D[pogosti] E[pa] F[so] G[tudi] H[strahovi] I[pred] J[poškodbo] K[sebe] L[in] M[bližnjih]N[,] O[fizično] P[nevarnostjo] Q[in] R[smrtjo]S[.] ","(Strah >nmod (pred <case namišljenimi <amod junaki) >nmod (iz <case zgodnjega <amod otroštva)) <obj nadomestijo >obl (v <case srednjem <amod otroštvu) >nsubj (strahovi >acl (, <punct ki <mark so <cop povezani >obl (z <case otrokovim <amod lastnim <amod položajem >nmod (v <case skupini))) >appos (: <punct neuspeh >conj (, <punct osmešenje) >conj (, <punct drugačnost))) >parataxis (, <punct pogosti >advmod pa >cop so >nsubj (tudi <advmod strahovi >nmod (pred <case poškodbo >nmod (sebe >conj (in <cc bližnjih)) >conj (, <punct fizično <amod nevarnostjo) >conj (in <cc smrtjo)))) >punct .",
86,ssj491.2629.9371,"Jeza je pri otrocih pogostejše čustvo kot strah, saj je dražljajev, ki jo sprožajo, več.",19,19,yes,2.71,2.7142857142857144,2.71,yes,1.22,1.2168795693105294,1.22,yes,5,5,yes,3.00,3,yes,2.00,2,yes,1.50,1.5,1.50,yes,"A[Jeza] B[je] C[pri] D[otrocih] E[pogostejše] F[čustvo] G[kot] H[strah]I[,] J[saj] K[je] L[dražljajev]M[,] N[ki] O[jo] P[sprožajo]Q[,] R[več]S[.] ","Jeza <nsubj je <cop (pri <case otrocih) <obl (pogostejše >obl (kot <case strah)) <advmod čustvo >conj (, <punct saj <cc je >nsubj (dražljajev >acl (, <punct ki <mark jo <obj sprožajo >punct ,)) >obl več) >punct .",
87,ssj491.2629.9372,"V zgodnjem otroštvu se otroci razjezijo predvsem zaradi telesnega neugodja, zaradi igre (če se kdo vmešava vanjo, če igrače ne delujejo), če jim kaj naložimo v nasprotju z njihovo voljo.",36,36,yes,3.21,3.206896551724138,3.21,yes,1.41,1.4142239864404826,1.41,yes,5,5,yes,4.00,4,yes,2.00,2,yes,2.00,2.0,2.00,yes,"A[V] B[zgodnjem] C[otroštvu] D[se] E[otroci] F[razjezijo] G[predvsem] H[zaradi] I[telesnega] J[neugodja]K[,] L[zaradi] M[igre] N[(]O[če] P[se] Q[kdo] R[vmešava] S[vanjo]T[,] U[če] V[igrače] W[ne] X[delujejo]Y[)]Z[,] A[če] B[jim] C[kaj] D[naložimo] E[v] F[nasprotju] G[z] H[njihovo] I[voljo]J[.] ","(V <case zgodnjem <amod otroštvu) <obl se <expl otroci <nsubj razjezijo >obl (predvsem <advmod zaradi <case telesnega <amod neugodja >conj (, <punct zaradi <case igre)) >advcl (( <punct če <mark se <expl kdo <nsubj vmešava >obl vanjo >parataxis (, <punct če <mark igrače <nsubj ne <advmod delujejo) >punct )) >advcl (, <punct če <mark jim <iobj kaj <obj naložimo >obl (v <case nasprotju >nmod (z <case njihovo <det voljo))) >punct .",
88,ssj491.2629.9373,"V srednjem otroštvu in mladostništvu se jeza pogosteje pojavlja pri omejevanju posameznikovih želja in načrtov, pri iskanju njegovih napak in pri pridiganju, pri primerjanju z drugimi, neuspehih, zasmehovanju, nepravičnosti in zanemarjanju.",37,37,yes,5.13,5.133333333333334,5.13,yes,1.16,1.1634557587477135,1.16,yes,5,5,yes,1.00,1,yes,1.00,1,yes,1.00,1.0,1.00,yes,"A[V] B[srednjem] C[otroštvu] D[in] E[mladostništvu] F[se] G[jeza] H[pogosteje] I[pojavlja] J[pri] K[omejevanju] L[posameznikovih] M[želja] N[in] O[načrtov]P[,] Q[pri] R[iskanju] S[njegovih] T[napak] U[in] V[pri] W[pridiganju]X[,] Y[pri] Z[primerjanju] A[z] B[drugimi]C[,] D[neuspehih]E[,] F[zasmehovanju]G[,] H[nepravičnosti] I[in] J[zanemarjanju]K[.] ","(V <case srednjem <amod otroštvu >conj (in <cc mladostništvu)) <obl se <expl jeza <nsubj pogosteje <advmod pojavlja >obl (pri <case omejevanju >nmod (posameznikovih <amod želja >conj (in <cc načrtov)) >conj (, <punct pri <case iskanju >nmod (njegovih <det napak) >conj (in <cc pri <case pridiganju)) >conj (, <punct pri <case primerjanju >nmod (z <case drugimi)) >conj (, <punct neuspehih) >conj (, <punct zasmehovanju) >conj (, <punct nepravičnosti) >conj (in <cc zanemarjanju)) >punct .",
89,ssj491.2629.9374,Pri večini otrok intenzivna žalost ni pogosta.,8,8,yes,1.83,1.8333333333333333,1.83,yes,1.26,1.2626990055713687,1.26,yes,3,3,yes,1.00,1,yes,1.00,1,yes,1.00,1.0,1.00,yes,A[Pri] B[večini] C[otrok] D[intenzivna] E[žalost] F[ni] G[pogosta]H[.] ,(Pri <case večini >nmod otrok) <obl (intenzivna <amod žalost) <nsubj ni <cop pogosta >punct .,
90,ssj491.2629.9375,Intenzivnost žalovanja z leti raste.,6,6,yes,1.75,1.75,1.75,yes,0.94,0.9382503488415728,0.94,yes,3,3,yes,1.00,1,yes,1.00,1,yes,1.00,1.0,1.00,yes,A[Intenzivnost] B[žalovanja] C[z] D[leti] E[raste]F[.] ,(Intenzivnost >nmod žalovanja) <nsubj (z <case leti) <obl raste >punct .,
91,ssj491.2629.9376,"Bolj ko je posameznik čustveno odvisen od izgubljene osebe ali objekta, bolj bo žaloval.",16,16,yes,2.77,2.769230769230769,2.77,yes,1.16,1.1597848323502227,1.16,yes,4,4,yes,2.00,2,yes,2.00,2,yes,1.00,1.0,1.00,yes,"A[Bolj] B[ko] C[je] D[posameznik] E[čustveno] F[odvisen] G[od] H[izgubljene] I[osebe] J[ali] K[objekta]L[,] M[bolj] N[bo] O[žaloval]P[.] ","Bolj <mark ko <mark je <cop posameznik <nsubj čustveno <advmod odvisen >obl (od <case izgubljene <amod osebe >conj (ali <cc objekta)) >parataxis (, <punct bolj <advmod bo <aux žaloval) >punct .",
92,ssj492.2630.9377,"V Mariboru smo že znani po tem, da začnemo tarnati in razpravljati po tem, ko je že zdavnaj prepozno.",22,22,yes,2.00,2.0,2.00,yes,1.56,1.5567576546051873,1.56,yes,9,9,yes,5.00,5,yes,2.00,2,yes,2.50,2.5,2.50,yes,"A[V] B[Mariboru] C[smo] D[že] E[znani] F[po] G[tem]H[,] I[da] J[začnemo] K[tarnati] L[in] M[razpravljati] N[po] O[tem]P[,] Q[ko] R[je] S[že] T[zdavnaj] U[prepozno]V[.] ","(V <case Mariboru) <obl smo <cop že <advmod znani >obl (po <case tem >acl (, <punct da <mark začnemo >xcomp (tarnati >conj (in <cc razpravljati >obl (po <case tem >acl (, <punct ko <mark je <cop (že <advmod zdavnaj) <advmod prepozno)))))) >punct .",
93,ssj492.2630.9378,"Spomnimo se samo pred leti prenosa žiro računa elektrogospodarstva v Ljubljano, spomnimo se ""svežega"" sedeža holdinga elektrogospodarstva, v to kategorijo pa spada tudi privatizacija Nove KBM.",31,31,yes,3.28,3.28,3.28,yes,0.42,0.42159449003804816,0.42,yes,5,5,yes,3.00,3,yes,3.00,3,yes,1.00,1.0,1.00,yes,"A[Spomnimo] B[se] C[samo] D[pred] E[leti] F[prenosa] G[žiro] H[računa] I[elektrogospodarstva] J[v] K[Ljubljano]L[,] M[spomnimo] N[se] O[""]P[svežega]Q[""] R[sedeža] S[holdinga] T[elektrogospodarstva]U[,] V[v] W[to] X[kategorijo] Y[pa] Z[spada] A[tudi] B[privatizacija] C[Nove] D[KBM]E[.] ","Spomnimo >expl se >advmod samo >obl (pred <case leti) >obj (prenosa >nmod (žiro <nmod računa >nmod elektrogospodarstva) >nmod (v <case Ljubljano)) >parataxis (, <punct spomnimo >expl se >obj (("" <punct svežega >punct "") <amod sedeža >nmod (holdinga >nmod elektrogospodarstva))) >parataxis (, <punct (v <case to <det kategorijo) <obl pa <advmod spada >advmod tudi >nsubj (privatizacija >nmod (Nove <amod KBM))) >punct .",
94,ssj492.2630.9379,"Kakšno je sploh mariborsko stališče ob tem, ga sploh imamo!",12,12,yes,3.11,3.111111111111111,3.11,yes,0.04,0.03636764417087479,0.04,yes,3,3,yes,2.00,2,yes,2.00,2,yes,1.00,1.0,1.00,yes,"A[Kakšno] B[je] C[sploh] D[mariborsko] E[stališče] F[ob] G[tem]H[,] I[ga] J[sploh] K[imamo]L[!] ","Kakšno >cop je >nsubj (sploh <advmod mariborsko <amod stališče) >obl (ob <case tem) >parataxis (, <punct ga <obj sploh <advmod imamo) >punct !",
95,ssj492.2630.9380,"Resda je privatizacija stvar lastnikov, še kako res pa je tudi, da je Nova KBM ""državna"" banka, torej smo lastniki vsi in imamo tudi pravico, da se kot državljani - lastniki tudi obnašamo.",40,40,yes,3.13,3.129032258064516,3.13,yes,1.27,1.2694170087842818,1.27,yes,10,10,yes,6.00,6,yes,4.00,4,yes,1.50,1.5,1.50,yes,"A[Resda] B[je] C[privatizacija] D[stvar] E[lastnikov]F[,] G[še] H[kako] I[res] J[pa] K[je] L[tudi]M[,] N[da] O[je] P[Nova] Q[KBM] R[""]S[državna]T[""] U[banka]V[,] W[torej] X[smo] Y[lastniki] Z[vsi] A[in] B[imamo] C[tudi] D[pravico]E[,] F[da] G[se] H[kot] I[državljani] J[-] K[lastniki] L[tudi] M[obnašamo]N[.] ","Resda <advmod je <cop privatizacija <nsubj stvar >nmod lastnikov >parataxis (, <punct ((še <advmod kako) <advmod res) <advmod pa <advmod je >advmod tudi >csubj (, <punct da <mark je <cop (Nova <amod KBM) <nsubj ("" <punct državna >punct "") <amod banka >conj (, <punct torej <cc smo <cop lastniki <nsubj vsi >conj (in <cc imamo >advmod tudi >obj (pravico >acl (, <punct da <mark se <expl (kot <case državljani >appos (- <punct lastniki)) <obl tudi <advmod obnašamo)))))) >punct .",
96,ssj492.2630.9381,"Če že drugega ne, bi lahko - oziroma bi moralo - mestno vodstvo vsaj zahtevalo od potencialnih lastnikov, da predstavijo ob prevzemu banke tudi svojo vizijo razvoja mesta in njihovo vlogo pri tem.",36,36,yes,2.93,2.933333333333333,2.93,yes,2.01,2.0107536191349173,2.01,yes,6,6,yes,3.00,3,yes,2.00,2,yes,1.50,1.5,1.50,yes,"A[Če] B[že] C[drugega] D[ne]E[,] F[bi] G[lahko] H[-] I[oziroma] J[bi] K[moralo] L[-] M[mestno] N[vodstvo] O[vsaj] P[zahtevalo] Q[od] R[potencialnih] S[lastnikov]T[,] U[da] V[predstavijo] W[ob] X[prevzemu] Y[banke] Z[tudi] A[svojo] B[vizijo] C[razvoja] D[mesta] E[in] F[njihovo] G[vlogo] H[pri] I[tem]J[.] ","(Če <mark že <orphan drugega <orphan ne >punct ,) <advcl bi <aux lahko <advmod (- <punct oziroma <cc bi <aux moralo >punct -) <parataxis (mestno <amod vodstvo) <nsubj vsaj <advmod zahtevalo >obl (od <case potencialnih <amod lastnikov) >ccomp (, <punct da <mark predstavijo >obl (ob <case prevzemu >nmod banke) >obj (tudi <advmod svojo <det vizijo >nmod (razvoja >nmod mesta) >conj (in <cc njihovo <det vlogo >nmod (pri <case tem)))) >punct .",
97,ssj492.2630.9382,"In sploh ni nujno, da so domači lastniki dobri, tuji pa slabi.",15,15,yes,2.55,2.5454545454545454,2.55,yes,0.96,0.9577855795822973,0.96,yes,4,4,yes,2.00,2,yes,1.00,1,yes,2.00,2.0,2.00,yes,"A[In] B[sploh] C[ni] D[nujno]E[,] F[da] G[so] H[domači] I[lastniki] J[dobri]K[,] L[tuji] M[pa] N[slabi]O[.] ","In <cc sploh <advmod ni <cop nujno >csubj (, <punct da <mark so <cop (domači <amod lastniki) <nsubj dobri >parataxis (, <punct tuji <nsubj pa <advmod slabi)) >punct .",
98,ssj492.2630.9383,"Res pa je, da je težko pričakovati, da bo mesto enako pri srcu tistim, ki jim je le kratka postaja v poslovni karieri, kot tistim, ki jim je mesto edini dom.",37,37,yes,3.03,3.033333333333333,3.03,yes,1.14,1.140242710310438,1.14,yes,9,9,yes,6.00,6,yes,1.00,1,yes,6.00,6.0,6.00,yes,"A[Res] B[pa] C[je]D[,] E[da] F[je] G[težko] H[pričakovati]I[,] J[da] K[bo] L[mesto] M[enako] N[pri] O[srcu] P[tistim]Q[,] R[ki] S[jim] T[je] U[le] V[kratka] W[postaja] X[v] Y[poslovni] Z[karieri]A[,] B[kot] C[tistim]D[,] E[ki] F[jim] G[je] H[mesto] I[edini] J[dom]K[.] ","Res <advmod pa <advmod je >csubj (, <punct da <mark je <cop težko >csubj (pričakovati >ccomp (, <punct da <mark bo >nsubj mesto >obl ((enako >obl (kot <case tistim >acl (, <punct ki <mark jim <obj je <cop mesto <nsubj edini <amod dom))) <advmod pri <case srcu >nmod (tistim >acl (, <punct ki <mark jim <obj je <cop le <advmod kratka <amod postaja >nmod (v <case poslovni <amod karieri) >punct ,)))))) >punct .",
99,ssj492.2630.9384,"In če je drugim vodilo čim večji dobiček, mora biti nam tudi čim uspešnejši razvoj mesta, in ne dovolimo več, da bi o naši usodi odločali (samo) drugi.",34,34,yes,3.19,3.185185185185185,3.19,yes,1.64,1.6407005492500086,1.64,yes,7,7,yes,5.00,5,yes,2.00,2,yes,2.50,2.5,2.50,yes,"A[In] B[če] C[je] D[drugim] E[vodilo] F[čim] G[večji] H[dobiček]I[,] J[mora] K[biti] L[nam] M[tudi] N[čim] O[uspešnejši] P[razvoj] Q[mesta]R[,] S[in] T[ne] U[dovolimo] V[več]W[,] X[da] Y[bi] Z[o] A[naši] B[usodi] C[odločali] D[(]E[samo]F[)] G[drugi]H[.] ","(In <cc če <mark je <cop drugim <obj vodilo <nsubj (čim <advmod večji) <amod dobiček >punct ,) <advcl mora >xcomp (biti <cop nam <iobj tudi <advmod (čim <advmod uspešnejši) <amod razvoj >nmod mesta >conj (, <punct in <cc ne <advmod dovolimo >advmod več >ccomp (, <punct da <mark bi <aux (o <case naši <det usodi) <obl odločali >nsubj ((( <punct samo >punct )) <advmod drugi)))) >punct .",
100,ssj493.2631.9385,"Bluesovska zgodovina je v eksploziji“ umazanega”,“ globokega”, silovitega bluesa Muddyja Watersa in sodobnikov ob koncu štiridesetih let razbrala ponovni vznik stila, ki ga poznamo iz dvajsetih let, v downhome bluesovski tradiciji.",40,40,yes,4.47,4.466666666666667,4.47,yes,1.79,1.7929831877162945,1.79,yes,7,7,yes,2.00,2,yes,1.00,1,yes,2.00,2.0,2.00,yes,"A[Bluesovska] B[zgodovina] C[je] D[v] E[eksploziji]F[“] G[umazanega]H[”]I[,]J[“] K[globokega]L[”]M[,] N[silovitega] O[bluesa] P[Muddyja] Q[Watersa] R[in] S[sodobnikov] T[ob] U[koncu] V[štiridesetih] W[let] X[razbrala] Y[ponovni] Z[vznik] A[stila]B[,] C[ki] D[ga] E[poznamo] F[iz] G[dvajsetih] H[let]I[,] J[v] K[downhome] L[bluesovski] M[tradiciji]N[.] ","(Bluesovska <amod zgodovina) <nsubj je <aux (v <case eksploziji >nmod ((“ <punct umazanega >punct ” >conj (, <punct “ <punct globokega >punct ”) >conj (, <punct silovitega)) <amod bluesa >nmod (Muddyja >flat Watersa >conj (in <cc sodobnikov)))) <obl (ob <case koncu >nmod (štiridesetih <amod let)) <obl razbrala >obj (ponovni <amod vznik >nmod (stila >acl (, <punct ki <mark ga <obj poznamo >obl (iz <case dvajsetih <amod let >appos (, <punct v <case downhome <nmod bluesovski <amod tradiciji))))) >punct .",
101,ssj493.2631.9386,"Običajna razlaga, ki se ob tem prelomu z etabliranim okusom sklicuje na demografski dejavnik, na nove priseljence z Juga v urbana središča Severa, ki jim je stari stil blizu, je vseeno prekratka.",37,37,yes,3.87,3.870967741935484,3.87,yes,2.16,2.1552485331737286,2.16,yes,8,8,yes,3.00,3,yes,1.00,1,yes,3.00,3.0,3.00,yes,"A[Običajna] B[razlaga]C[,] D[ki] E[se] F[ob] G[tem] H[prelomu] I[z] J[etabliranim] K[okusom] L[sklicuje] M[na] N[demografski] O[dejavnik]P[,] Q[na] R[nove] S[priseljence] T[z] U[Juga] V[v] W[urbana] X[središča] Y[Severa]Z[,] A[ki] B[jim] C[je] D[stari] E[stil] F[blizu]G[,] H[je] I[vseeno] J[prekratka]K[.] ","(Običajna <amod razlaga >acl (, <punct ki <mark se <expl (ob <case tem <det prelomu >nmod (z <case etabliranim <amod okusom)) <obl sklicuje >obl (na <case demografski <amod dejavnik >appos (, <punct na <case nove <amod priseljence >nmod (z <case Juga) >nmod (v <case urbana <amod središča >nmod Severa) >acl (, <punct ki <mark jim <obj je >nsubj (stari <amod stil) >advmod blizu >punct ,))))) <nsubj je <cop vseeno <advmod prekratka >punct .",
102,ssj493.2631.9387,"Ponoven vznik“ plantažniškega bluesa” bolj priča o ponovni getoizaciji večjega dela črnske etnične skupnosti od konca štiridesetih do začetka šestdesetih letih, ki v modificiranem glasbenem slogu skozi osnoven bluesovski ritual participira na isti formi, ki je v teksturi, besedilu in kontekstu igranja bluesa ostala domala nespremenjena.",52,52,yes,3.49,3.488888888888889,3.49,yes,1.69,1.6934687001470896,1.69,yes,9,9,yes,3.00,3,yes,1.00,1,yes,3.00,3.0,3.00,yes,"A[Ponoven] B[vznik]C[“] D[plantažniškega] E[bluesa]F[”] G[bolj] H[priča] I[o] J[ponovni] K[getoizaciji] L[večjega] M[dela] N[črnske] O[etnične] P[skupnosti] Q[od] R[konca] S[štiridesetih] T[do] U[začetka] V[šestdesetih] W[letih]X[,] Y[ki] Z[v] A[modificiranem] B[glasbenem] C[slogu] D[skozi] E[osnoven] F[bluesovski] G[ritual] H[participira] I[na] J[isti] K[formi]L[,] M[ki] N[je] O[v] P[teksturi]Q[,] R[besedilu] S[in] T[kontekstu] U[igranja] V[bluesa] W[ostala] X[domala] Y[nespremenjena]Z[.] ","(Ponoven <amod vznik >nmod (“ <punct plantažniškega <amod bluesa >punct ”)) <nsubj bolj <advmod priča >obl (o <case ponovni <amod getoizaciji >nmod (večjega <amod dela >nmod (črnske <amod etnične <amod skupnosti)) >nmod (od <case konca >amod štiridesetih) >nmod (do <case začetka >nmod (šestdesetih <amod letih)) >acl (, <punct ki <mark (v <case modificiranem <amod glasbenem <amod slogu) <obl (skozi <case osnoven <amod bluesovski <amod ritual) <obl participira >obl (na <case isti <det formi >acl (, <punct ki <mark je <aux (v <case teksturi >conj (, <punct besedilu) >conj (in <cc kontekstu >nmod (igranja >nmod bluesa))) <obl ostala >xcomp (domala <advmod nespremenjena))))) >punct .",
103,ssj493.2631.9388,"Izbruh je sovpadal z razpršitvijo gramofonske industrije, nastankom majhnih neodvisnih založb, ki so zagrabile etnične trge, katere so prej obvladovale velike založbe, z razvejanostjo in manjšo obvladljivostjo novonastalih radijskih postaj.",35,35,yes,3.52,3.5172413793103448,3.52,yes,0.98,0.9752770760294949,0.98,yes,9,9,yes,3.00,3,yes,1.00,1,yes,3.00,3.0,3.00,yes,"A[Izbruh] B[je] C[sovpadal] D[z] E[razpršitvijo] F[gramofonske] G[industrije]H[,] I[nastankom] J[majhnih] K[neodvisnih] L[založb]M[,] N[ki] O[so] P[zagrabile] Q[etnične] R[trge]S[,] T[katere] U[so] V[prej] W[obvladovale] X[velike] Y[založbe]Z[,] A[z] B[razvejanostjo] C[in] D[manjšo] E[obvladljivostjo] F[novonastalih] G[radijskih] H[postaj]I[.] ","Izbruh <nsubj je <aux sovpadal >obl (z <case razpršitvijo >nmod (gramofonske <amod industrije) >conj (, <punct nastankom >nmod (majhnih <amod neodvisnih <amod založb >acl (, <punct ki <mark so <aux zagrabile >obj (etnične <amod trge >acl (, <punct katere <obj so <aux prej <advmod obvladovale >nsubj (velike <amod založbe))) >punct ,))) >conj (z <case razvejanostjo) >conj (in <cc manjšo <amod obvladljivostjo >nmod (novonastalih <amod radijskih <amod postaj))) >punct .",
104,ssj493.2632.9389,Na koga in na kaj bi se potem lahko naslonil dosedanji absolutno nedotakljivi način življenja?,16,16,yes,2.50,2.5,2.50,yes,1.55,1.554530479430497,1.55,yes,4,4,yes,1.00,1,yes,1.00,1,yes,1.00,1.0,1.00,yes,A[Na] B[koga] C[in] D[na] E[kaj] F[bi] G[se] H[potem] I[lahko] J[naslonil] K[dosedanji] L[absolutno] M[nedotakljivi] N[način] O[življenja]P[?] ,(Na <case koga >conj (in <cc na <case kaj)) <obl bi <aux se <expl potem <advmod lahko <advmod naslonil >nsubj (dosedanji <amod (absolutno <advmod nedotakljivi) <amod način >nmod življenja) >punct ?,
105,ssj493.2632.9390,"In kaj je z ustaljenim načinom življenja Francozov, Nemcev, Slovencev, Latvijcev?",15,15,yes,2.30,2.3,2.30,yes,0.87,0.8676895678959738,0.87,yes,6,6,yes,1.00,1,yes,1.00,1,yes,1.00,1.0,1.00,yes,"A[In] B[kaj] C[je] D[z] E[ustaljenim] F[načinom] G[življenja] H[Francozov]I[,] J[Nemcev]K[,] L[Slovencev]M[,] N[Latvijcev]O[?] ","In <cc kaj <nsubj je >obl (z <case ustaljenim <amod načinom >nmod (življenja >nmod (Francozov >conj (, <punct Nemcev) >conj (, <punct Slovencev) >conj (, <punct Latvijcev)))) >punct ?",
106,ssj493.2632.9391,"Ali lahko povsem jasno rečemo, sebi in drugim, da imamo utrjen način življenja, ki ga bomo branili do zadnje kaplje krvi?",25,25,yes,2.25,2.25,2.25,yes,1.49,1.491654876777717,1.49,yes,6,6,yes,3.00,3,yes,1.00,1,yes,3.00,3.0,3.00,yes,"A[Ali] B[lahko] C[povsem] D[jasno] E[rečemo]F[,] G[sebi] H[in] I[drugim]J[,] K[da] L[imamo] M[utrjen] N[način] O[življenja]P[,] Q[ki] R[ga] S[bomo] T[branili] U[do] V[zadnje] W[kaplje] X[krvi]Y[?] ","Ali <advmod lahko <advmod (povsem <advmod jasno) <advmod rečemo >iobj (, <punct sebi >conj (in <cc drugim)) >ccomp (, <punct da <mark imamo >obj (utrjen <amod način >nmod življenja >acl (, <punct ki <mark ga <obj bomo <aux branili >obl (do <case zadnje <amod kaplje >nmod krvi)))) >punct ?",
107,ssj493.2632.9392,"Če odgovorimo samo s tem, da bomo ostali demokracija, potem v luči hitrih sprememb, zahtev po večjem nadzoru življenja, resnično nismo rekli veliko.",28,28,yes,3.73,3.727272727272727,3.73,yes,1.86,1.8588927017839618,1.86,yes,6,6,yes,3.00,3,yes,1.00,1,yes,3.00,3.0,3.00,yes,"A[Če] B[odgovorimo] C[samo] D[s] E[tem]F[,] G[da] H[bomo] I[ostali] J[demokracija]K[,] L[potem] M[v] N[luči] O[hitrih] P[sprememb]Q[,] R[zahtev] S[po] T[večjem] U[nadzoru] V[življenja]W[,] X[resnično] Y[nismo] Z[rekli] A[veliko]B[.] ","(Če <mark odgovorimo >obl (samo <advmod s <case tem >acl (, <punct da <mark bomo <aux ostali >nsubj demokracija >punct ,))) <advcl potem <advmod (v <case luči >nmod (hitrih <amod sprememb >conj (, <punct zahtev >nmod (po <case večjem <amod nadzoru >nmod življenja) >punct ,))) <obl resnično <advmod nismo <aux rekli >advmod veliko >punct .",
108,ssj493.2633.9393,"Dva tedna po štirih eksplozijah, v katerih je umrlo 56 ljudi, je bila pregovorna odločenost Londončanov, da bodo kljub grožnjam že nekako, spet na preizkušnji.",30,30,yes,3.21,3.2083333333333335,3.21,yes,1.78,1.7773004242193395,1.78,yes,6,6,yes,3.00,3,yes,1.00,1,yes,3.00,3.0,3.00,yes,"A[Dva] B[tedna] C[po] D[štirih] E[eksplozijah]F[,] G[v] H[katerih] I[je] J[umrlo] K[56] L[ljudi]M[,] N[je] O[bila] P[pregovorna] Q[odločenost] R[Londončanov]S[,] T[da] U[bodo] V[kljub] W[grožnjam] X[že] Y[nekako]Z[,] A[spet] B[na] C[preizkušnji]D[.] ","(Dva <nummod tedna >nmod (po <case štirih <nummod eksplozijah >acl (, <punct (v <case katerih) <obl je <aux umrlo >nsubj (56 <nummod ljudi) >punct ,))) <obl je <aux bila >nsubj (pregovorna <amod odločenost >nmod Londončanov >acl (, <punct da <mark bodo >obl (kljub <case grožnjam) >advmod (že <advmod nekako) >punct ,)) >advmod spet >obl (na <case preizkušnji) >punct .",
109,ssj493.2633.9394,"V četrtek, 21. julija okoli poldneva, so namreč spet napadli londonsko prometno mrežo, in sicer na štirih točkah na podzemni železnici so skoraj hkrati odjeknile tri eksplozije, četrta pa na avtobusu, enako kot zadnjič.",40,40,yes,3.00,3.0,3.00,yes,1.89,1.8920948169591305,1.89,yes,6,6,yes,2.00,2,yes,2.00,2,yes,1.00,1.0,1.00,yes,"A[V] B[četrtek]C[,] D[21.] E[julija] F[okoli] G[poldneva]H[,] I[so] J[namreč] K[spet] L[napadli] M[londonsko] N[prometno] O[mrežo]P[,] Q[in] R[sicer] S[na] T[štirih] U[točkah] V[na] W[podzemni] X[železnici] Y[so] Z[skoraj] A[hkrati] B[odjeknile] C[tri] D[eksplozije]E[,] F[četrta] G[pa] H[na] I[avtobusu]J[,] K[enako] L[kot] M[zadnjič]N[.] ","(V <case četrtek >appos (, <punct 21. <nummod julija >nmod (okoli <advmod poldneva) >punct ,)) <obl so <aux namreč <advmod spet <advmod napadli >obj (londonsko <amod prometno <amod mrežo) >conj (, <punct (in >fixed sicer) <cc (na <case štirih <nummod točkah >nmod (na <case podzemni <amod železnici)) <obl so <aux (skoraj <advmod hkrati) <advmod odjeknile >nsubj (tri <nummod eksplozije) >parataxis (, <punct četrta >orphan pa >orphan (na <case avtobusu) >orphan (, <punct enako >obl (kot <case zadnjič)))) >punct .",
110,ssj493.2633.9395,"A policija govori tudi o nekaj podtaknjenih napravah na istih prizoriščih, ki pa niso eksplodirale.",17,17,yes,2.71,2.7142857142857144,2.71,yes,0.87,0.8703059790305571,0.87,yes,4,4,yes,2.00,2,yes,1.00,1,yes,2.00,2.0,2.00,yes,"A[A] B[policija] C[govori] D[tudi] E[o] F[nekaj] G[podtaknjenih] H[napravah] I[na] J[istih] K[prizoriščih]L[,] M[ki] N[pa] O[niso] P[eksplodirale]Q[.] ","A <cc policija <nsubj govori >obl (tudi <advmod o <case nekaj <det podtaknjenih <amod napravah >nmod (na <case istih <det prizoriščih) >acl (, <punct ki <mark pa <advmod niso <aux eksplodirale)) >punct .",
111,ssj493.2634.9396,"Sočasno, ko sem se izklapljal iz vseh teh dejavnosti na Petrolu, sem zaključeval tudi delo z društvom Pharos, ki je imelo precej arhiva, ki ga moja računovodkinja po predpisih hrani 10 let.",37,37,yes,2.87,2.870967741935484,2.87,yes,2.02,2.0163695375466846,2.02,yes,8,8,yes,4.00,4,yes,1.00,1,yes,4.00,4.0,4.00,yes,"A[Sočasno]B[,] C[ko] D[sem] E[se] F[izklapljal] G[iz] H[vseh] I[teh] J[dejavnosti] K[na] L[Petrolu]M[,] N[sem] O[zaključeval] P[tudi] Q[delo] R[z] S[društvom] T[Pharos]U[,] V[ki] W[je] X[imelo] Y[precej] Z[arhiva]A[,] B[ki] C[ga] D[moja] E[računovodkinja] F[po] G[predpisih] H[hrani] I[10] J[let]K[.] ","Sočasno <advmod (, <punct ko <mark sem <aux se <expl izklapljal >obl (iz <case vseh <det teh <det dejavnosti >nmod (na <case Petrolu)) >punct ,) <advcl sem <aux zaključeval >obj (tudi <advmod delo >nmod (z <case društvom >nmod Pharos >acl (, <punct ki <mark je <aux imelo >obj (precej <advmod arhiva >acl (, <punct ki <mark ga <obj (moja <det računovodkinja) <nsubj (po <case predpisih) <obl hrani >obl (10 <nummod let)))))) >punct .",
112,ssj493.2634.9397,"Pospravljali smo ta arhiv in moja nerodnost je bila, da sem prosil tehnično službo Petrola, da nam pomaga.",21,21,yes,2.35,2.3529411764705883,2.35,yes,0.56,0.5609405619703879,0.56,yes,5,5,yes,4.00,4,yes,2.00,2,yes,2.00,2.0,2.00,yes,"A[Pospravljali] B[smo] C[ta] D[arhiv] E[in] F[moja] G[nerodnost] H[je] I[bila]J[,] K[da] L[sem] M[prosil] N[tehnično] O[službo] P[Petrola]Q[,] R[da] S[nam] T[pomaga]U[.] ","Pospravljali >aux smo >obj (ta <det arhiv) >conj (in <cc moja <det nerodnost >aux je >cop bila >csubj (, <punct da <mark sem <aux prosil >iobj (tehnično <amod službo >nmod Petrola) >ccomp (, <punct da <mark nam <iobj pomaga))) >punct .",
113,ssj493.2634.9398,Za to pomoč smo jim seveda tudi plačali.,9,9,yes,2.57,2.5714285714285716,2.57,yes,1.07,1.068214236526723,1.07,yes,3,3,yes,1.00,1,yes,1.00,1,yes,1.00,1.0,1.00,yes,A[Za] B[to] C[pomoč] D[smo] E[jim] F[seveda] G[tudi] H[plačali]I[.] ,(Za <case to <det pomoč) <obl smo <aux jim <iobj seveda <advmod tudi <advmod plačali >punct .,
114,ssj493.2634.9399,"Arhiv so zbrali v pisarni na Nazorjevi, iz Petrola pa so prenesli škatle, da so to razsuto gradivo naložili in odpeljali.",24,24,yes,2.55,2.55,2.55,yes,1.11,1.1110789219407156,1.11,yes,5,5,yes,4.00,4,yes,3.00,3,yes,1.33,1.3333333333333333,1.33,yes,"A[Arhiv] B[so] C[zbrali] D[v] E[pisarni] F[na] G[Nazorjevi]H[,] I[iz] J[Petrola] K[pa] L[so] M[prenesli] N[škatle]O[,] P[da] Q[so] R[to] S[razsuto] T[gradivo] U[naložili] V[in] W[odpeljali]X[.] ","Arhiv <obj so <aux zbrali >obl (v <case pisarni >nmod (na <case Nazorjevi)) >parataxis (, <punct (iz <case Petrola) <obl pa <advmod so <aux prenesli >obj škatle >advcl (, <punct da <mark so <aux (to <det razsuto <amod gradivo) <obj naložili >conj (in <cc odpeljali))) >punct .",
115,ssj493.2635.9400,"Kakorkoli, obstaja utemeljeni sum, da je policija zlorabila pooblastila, kar je naredila na posreden poziv politike.",20,20,yes,2.13,2.1333333333333333,2.13,yes,1.15,1.1456455431876433,1.15,yes,6,6,yes,3.00,3,yes,2.00,2,yes,1.50,1.5,1.50,yes,"A[Kakorkoli]B[,] C[obstaja] D[utemeljeni] E[sum]F[,] G[da] H[je] I[policija] J[zlorabila] K[pooblastila]L[,] M[kar] N[je] O[naredila] P[na] Q[posreden] R[poziv] S[politike]T[.] ","(Kakorkoli >punct ,) <discourse obstaja >nsubj (utemeljeni <amod sum >acl (, <punct da <mark je <aux policija <nsubj zlorabila >obj pooblastila >parataxis (, <punct kar <obj je <aux naredila >obl (na <case posreden <amod poziv >nmod politike)))) >punct .",
116,ssj493.2635.9401,"Če lahko politiki očitamo pomanjkanje občutka za demokratično kulturo, ker je policijo opomnila, naj poišče svoja globoka grla, pa lahko policiji očitamo nepremišljeno in težko razumljivo poslušanje namigov politike, naj poišče prave krivce za neprijetne novinarske prispevke.",42,42,yes,2.83,2.8333333333333335,2.83,yes,1.44,1.4434527749598391,1.44,yes,8,8,yes,5.00,5,yes,2.00,2,yes,2.50,2.5,2.50,yes,"A[Če] B[lahko] C[politiki] D[očitamo] E[pomanjkanje] F[občutka] G[za] H[demokratično] I[kulturo]J[,] K[ker] L[je] M[policijo] N[opomnila]O[,] P[naj] Q[poišče] R[svoja] S[globoka] T[grla]U[,] V[pa] W[lahko] X[policiji] Y[očitamo] Z[nepremišljeno] A[in] B[težko] C[razumljivo] D[poslušanje] E[namigov] F[politike]G[,] H[naj] I[poišče] J[prave] K[krivce] L[za] M[neprijetne] N[novinarske] O[prispevke]P[.] ","Če <mark lahko <advmod politiki <iobj očitamo >obj (pomanjkanje >nmod (občutka >nmod (za <case demokratično <amod kulturo))) >advcl (, <punct ker <mark je <aux policijo <iobj opomnila >ccomp (, <punct naj <mark poišče >obj (svoja <det globoka <amod grla) >punct ,)) >parataxis (pa <advmod lahko <advmod policiji <iobj očitamo >obj ((nepremišljeno >conj (in <cc težko <advmod razumljivo)) <amod poslušanje >nmod (namigov >nmod politike >acl (, <punct naj <mark poišče >obj (prave <amod krivce >nmod (za <case neprijetne <amod novinarske <amod prispevke)))))) >punct .",
117,ssj493.2635.9402,"Nadzor nad delovanjem novinarjev, pa četudi pod pretvezo iskanja njihovih virov, spada v čas, ko je oblast sistematsko omejevala svobodo tiska.",25,25,yes,2.65,2.65,2.65,yes,1.84,1.842835161586494,1.84,yes,5,5,yes,2.00,2,yes,1.00,1,yes,2.00,2.0,2.00,yes,"A[Nadzor] B[nad] C[delovanjem] D[novinarjev]E[,] F[pa] G[četudi] H[pod] I[pretvezo] J[iskanja] K[njihovih] L[virov]M[,] N[spada] O[v] P[čas]Q[,] R[ko] S[je] T[oblast] U[sistematsko] V[omejevala] W[svobodo] X[tiska]Y[.] ","(Nadzor >nmod (nad <case delovanjem >nmod novinarjev)) <nsubj (, <punct pa <cc četudi <mark pod <case pretvezo >nmod (iskanja >nmod (njihovih <det virov)) >punct ,) <advcl spada >obl (v <case čas >acl (, <punct ko <mark je <aux oblast <nsubj sistematsko <advmod omejevala >obj (svobodo >nmod tiska))) >punct .",
118,ssj493.2635.9403,"Ne gre torej samo za vprašanje domnevnega oviranja predkazenskega postopka, temveč za bistveno usodnejše vprašanje nadziranja in zbiranja informaciji o delu novinarjev.",24,24,yes,2.24,2.238095238095238,2.24,yes,1.06,1.0632096451550486,1.06,yes,7,7,yes,1.00,1,yes,1.00,1,yes,1.00,1.0,1.00,yes,"A[Ne] B[gre] C[torej] D[samo] E[za] F[vprašanje] G[domnevnega] H[oviranja] I[predkazenskega] J[postopka]K[,] L[temveč] M[za] N[bistveno] O[usodnejše] P[vprašanje] Q[nadziranja] R[in] S[zbiranja] T[informaciji] U[o] V[delu] W[novinarjev]X[.] ","Ne <advmod gre >advmod torej >obl (samo <advmod za <case vprašanje >nmod (domnevnega <amod oviranja >nmod (predkazenskega <amod postopka))) >conj (, <punct temveč <cc za <case (bistveno <advmod usodnejše) <amod vprašanje >nmod (nadziranja >conj (in <cc zbiranja >nmod (informaciji >nmod (o <case delu >nmod novinarjev))))) >punct .",
119,ssj493.2635.9404,"Ker za takšno trditev obstajajo neposredni dokazi, se lahko vprašamo, ali policija nepooblaščeno nadzira tudi kakšnega drugega novinarja.",21,21,yes,2.41,2.411764705882353,2.41,yes,1.74,1.7351955857792019,1.74,yes,4,4,yes,3.00,3,yes,1.00,1,yes,3.00,3.0,3.00,yes,"A[Ker] B[za] C[takšno] D[trditev] E[obstajajo] F[neposredni] G[dokazi]H[,] I[se] J[lahko] K[vprašamo]L[,] M[ali] N[policija] O[nepooblaščeno] P[nadzira] Q[tudi] R[kakšnega] S[drugega] T[novinarja]U[.] ","(Ker <mark (za <case takšno <det trditev) <obl obstajajo >nsubj (neposredni <amod dokazi) >punct ,) <advcl se <expl lahko <advmod vprašamo >ccomp (, <punct ali <mark policija <nsubj nepooblaščeno <advmod nadzira >obj (tudi <advmod kakšnega <det drugega <amod novinarja)) >punct .",
120,ssj493.2635.9405,In ali nadzira tudi politične nasprotnike in navadne državljane.,10,10,yes,1.88,1.875,1.88,yes,0.96,0.9604182557515986,0.96,yes,4,4,yes,1.00,1,yes,1.00,1,yes,1.00,1.0,1.00,yes,A[In] B[ali] C[nadzira] D[tudi] E[politične] F[nasprotnike] G[in] H[navadne] I[državljane]J[.] ,In <cc ali <cc nadzira >obj (tudi <advmod politične <amod nasprotnike >conj (in <cc navadne <amod državljane)) >punct .,
121,ssj493.2636.9406,"Minister Mate je sedaj odredil izreden nadzor, da bi ugotovil, kdo je odgovoren za zbiranje podatkov o novinarki.",21,21,yes,2.00,2.0,2.00,yes,1.53,1.528178447685213,1.53,yes,7,7,yes,3.00,3,yes,1.00,1,yes,3.00,3.0,3.00,yes,"A[Minister] B[Mate] C[je] D[sedaj] E[odredil] F[izreden] G[nadzor]H[,] I[da] J[bi] K[ugotovil]L[,] M[kdo] N[je] O[odgovoren] P[za] Q[zbiranje] R[podatkov] S[o] T[novinarki]U[.] ","(Minister >nmod Mate) <nsubj je <aux sedaj <advmod odredil >obj (izreden <amod nadzor) >advcl (, <punct da <mark bi <aux ugotovil >ccomp (, <punct kdo <nsubj je <cop odgovoren >obl (za <case zbiranje >nmod (podatkov >nmod (o <case novinarki))))) >punct .",
122,ssj493.2636.9407,Nadzor naj bi opravili uslužbenci notranjega ministrstva in ne policisti.,11,11,yes,2.00,2.0,2.00,yes,1.10,1.0986122886681098,1.10,yes,4,4,yes,1.00,1,yes,1.00,1,yes,1.00,1.0,1.00,yes,A[Nadzor] B[naj] C[bi] D[opravili] E[uslužbenci] F[notranjega] G[ministrstva] H[in] I[ne] J[policisti]K[.] ,Nadzor <obj naj <advmod bi <aux opravili >nsubj (uslužbenci >nmod (notranjega <amod ministrstva) >conj (in <cc ne <advmod policisti)) >punct .,
123,ssj493.2636.9408,S tem naj bi bila zagotovljena objektivnost.,8,8,yes,2.00,2.0,2.00,yes,1.10,1.0986122886681098,1.10,yes,3,3,yes,1.00,1,yes,1.00,1,yes,1.00,1.0,1.00,yes,A[S] B[tem] C[naj] D[bi] E[bila] F[zagotovljena] G[objektivnost]H[.] ,(S <case tem) <obl naj <advmod bi <aux bila <cop zagotovljena >nsubj objektivnost >punct .,
124,ssj493.2636.9409,"Po opravljenem nadzoru in rezultatih se lahko zgodi, da bo Mate odstavil koga iz celjske policijske uprave ali pa bo posegel še višje.",25,25,yes,2.45,2.4545454545454546,2.45,yes,1.69,1.6873004043131175,1.69,yes,5,5,yes,3.00,3,yes,2.00,2,yes,1.50,1.5,1.50,yes,"A[Po] B[opravljenem] C[nadzoru] D[in] E[rezultatih] F[se] G[lahko] H[zgodi]I[,] J[da] K[bo] L[Mate] M[odstavil] N[koga] O[iz] P[celjske] Q[policijske] R[uprave] S[ali] T[pa] U[bo] V[posegel] W[še] X[višje]Y[.] ","(Po <case opravljenem <amod nadzoru >conj (in <cc rezultatih)) <obl se <expl lahko <advmod zgodi >csubj (, <punct da <mark bo <aux Mate <nsubj odstavil >obj (koga >nmod (iz <case celjske <amod policijske <amod uprave)) >conj (ali <cc pa <advmod bo <aux posegel >advmod (še <advmod višje))) >punct .",
125,ssj493.2636.9410,"Recimo na položaj pomočnika generalnega direktorja policije Marjana Erhatiča, ki se je še pred meseci izmikal in trdil, da poročilo o novinarki ne obstaja.",27,27,yes,2.78,2.782608695652174,2.78,yes,1.09,1.0936643848681076,1.09,yes,9,9,yes,5.00,5,yes,3.00,3,yes,1.67,1.6666666666666667,1.67,yes,"A[Recimo] B[na] C[položaj] D[pomočnika] E[generalnega] F[direktorja] G[policije] H[Marjana] I[Erhatiča]J[,] K[ki] L[se] M[je] N[še] O[pred] P[meseci] Q[izmikal] R[in] S[trdil]T[,] U[da] V[poročilo] W[o] X[novinarki] Y[ne] Z[obstaja]A[.] ","Recimo <parataxis na <case položaj >nmod (pomočnika >nmod (generalnega <amod direktorja >nmod policije) >nmod (Marjana >flat Erhatiča >acl (, <punct ki <mark se <expl je <aux (še <advmod pred <case meseci) <obl izmikal >conj (in <cc trdil >ccomp (, <punct da <mark (poročilo >nmod (o <case novinarki)) <nsubj ne <advmod obstaja))))) >punct .",
126,ssj493.2636.9411,In ravno pri obračunavanju se lahko Mate ujame v zanko in afero iz Celja uporabi za izgovor pri političnem čiščenju.,21,21,yes,2.58,2.5789473684210527,2.58,yes,1.56,1.564558941478952,1.56,yes,5,5,yes,2.00,2,yes,2.00,2,yes,1.00,1.0,1.00,yes,A[In] B[ravno] C[pri] D[obračunavanju] E[se] F[lahko] G[Mate] H[ujame] I[v] J[zanko] K[in] L[afero] M[iz] N[Celja] O[uporabi] P[za] Q[izgovor] R[pri] S[političnem] T[čiščenju]U[.] ,In <cc (ravno <advmod pri <case obračunavanju) <obl se <expl lahko <advmod Mate <nsubj ujame >obl (v <case zanko) >conj (in <cc (afero >nmod (iz <case Celja)) <obj uporabi >obl (za <case izgovor >nmod (pri <case političnem <amod čiščenju))) >punct .,
127,ssj493.2636.9412,Zato bi bila primernejša drugačna oblika nadzora kot interna komisija notranjega ministrstva.,13,13,yes,2.00,2.0,2.00,yes,1.20,1.1989476363991853,1.20,yes,4,4,yes,1.00,1,yes,1.00,1,yes,1.00,1.0,1.00,yes,A[Zato] B[bi] C[bila] D[primernejša] E[drugačna] F[oblika] G[nadzora] H[kot] I[interna] J[komisija] K[notranjega] L[ministrstva]M[.] ,Zato <cc bi <aux bila <cop primernejša >nsubj (drugačna <amod oblika >nmod nadzora) >obl (kot <case interna <amod komisija >nmod (notranjega <amod ministrstva)) >punct .,
128,ssj493.2636.9413,"Takšna, ki bi lahko odgovorila tudi na vprašanje, kako to, da je policija na splošno vprašanje poslanca spisala tako podroben odgovor.",25,25,yes,2.95,2.95,2.95,yes,0.42,0.41606096642526713,0.42,yes,8,8,yes,3.00,3,yes,1.00,1,yes,3.00,3.0,3.00,yes,"A[Takšna]B[,] C[ki] D[bi] E[lahko] F[odgovorila] G[tudi] H[na] I[vprašanje]J[,] K[kako] L[to]M[,] N[da] O[je] P[policija] Q[na] R[splošno] S[vprašanje] T[poslanca] U[spisala] V[tako] W[podroben] X[odgovor]Y[.] ","Takšna >acl (, <punct ki <mark bi <aux lahko <advmod odgovorila >obl (tudi <advmod na <case vprašanje >acl (, <punct kako <advmod to >acl (, <punct da <mark je <aux policija <nsubj (na <case splošno <amod vprašanje >nmod poslanca) <obl spisala >obj ((tako <advmod podroben) <amod odgovor))))) >punct .",
129,ssj493.2636.9414,"In ali je zato krivo nepopustljivo prijateljstvo nedoločeno razmerje med parlamentarno komisijo in policijo, ali pa je kdo vprašanje poskušal zlorabiti za politične interese.",26,26,yes,2.78,2.782608695652174,2.78,yes,1.35,1.3490771967511028,1.35,yes,6,6,yes,3.00,3,yes,2.00,2,yes,1.50,1.5,1.50,yes,"A[In] B[ali] C[je] D[zato] E[krivo] F[nepopustljivo] G[prijateljstvo] H[nedoločeno] I[razmerje] J[med] K[parlamentarno] L[komisijo] M[in] N[policijo]O[,] P[ali] Q[pa] R[je] S[kdo] T[vprašanje] U[poskušal] V[zlorabiti] W[za] X[politične] Y[interese]Z[.] ","In <cc ali <cc je <cop zato <advmod krivo >nsubj (nepopustljivo <amod prijateljstvo >appos (nedoločeno <amod razmerje >nmod (med <case parlamentarno <amod komisijo >conj (in <cc policijo)))) >conj (, <punct ali <cc pa <advmod je <aux kdo <nsubj poskušal >xcomp (vprašanje <obj zlorabiti >obl (za <case politične <amod interese))) >punct .",
130,ssj493.2636.9415,"Ker smo novinarji do argumentov policije, ki nas nadzira, in politike, ki nam očita motivirano pristranskost, skeptični, so takšni zadržki seveda smiselni.",28,28,yes,5.43,5.428571428571429,5.43,yes,1.48,1.4785036411928036,1.48,yes,8,8,yes,4.00,4,yes,1.00,1,yes,4.00,4.0,4.00,yes,"A[Ker] B[smo] C[novinarji] D[do] E[argumentov] F[policije]G[,] H[ki] I[nas] J[nadzira]K[,] L[in] M[politike]N[,] O[ki] P[nam] Q[očita] R[motivirano] S[pristranskost]T[,] U[skeptični]V[,] W[so] X[takšni] Y[zadržki] Z[seveda] A[smiselni]B[.] ","(Ker <mark smo <cop novinarji <nsubj (do <case argumentov >nmod (policije >acl (, <punct ki <mark nas <obj nadzira >punct ,) >conj (in <cc politike >acl (, <punct ki <mark nam <iobj očita >obj (motivirano <amod pristranskost) >punct ,)))) <obl skeptični >punct ,) <advcl so <cop (takšni <det zadržki) <nsubj seveda <advmod smiselni >punct .",
131,ssj493.2637.9416,Pa vendar - čim lažji korak voščim in prižigam pipico miru!,12,12,yes,1.67,1.6666666666666667,1.67,yes,1.56,1.5607417394297756,1.56,yes,4,4,yes,2.00,2,yes,2.00,2,yes,1.00,1.0,1.00,yes,A[Pa] B[vendar] C[-] D[čim] E[lažji] F[korak] G[voščim] H[in] I[prižigam] J[pipico] K[miru]L[!] ,(Pa >fixed vendar) <advmod - <punct ((čim <advmod lažji) <amod korak) <obj voščim >conj (in <cc prižigam >obj (pipico >nmod miru)) >punct !,
132,ssj493.2638.9417,"Jože Zagožen in Andrijana Starina Kosem, ki menda operativno vodita zasedanje gospodarskih položajev, stvari gotovo vidita drugače.",20,20,yes,2.88,2.875,2.88,yes,1.78,1.7754275658186591,1.78,yes,7,7,yes,2.00,2,yes,1.00,1,yes,2.00,2.0,2.00,yes,"A[Jože] B[Zagožen] C[in] D[Andrijana] E[Starina] F[Kosem]G[,] H[ki] I[menda] J[operativno] K[vodita] L[zasedanje] M[gospodarskih] N[položajev]O[,] P[stvari] Q[gotovo] R[vidita] S[drugače]T[.] ","(Jože >flat Zagožen >conj (in <cc Andrijana >flat Starina >flat Kosem >acl (, <punct ki <mark menda <advmod operativno <advmod vodita >obj (zasedanje >nmod (gospodarskih <amod položajev)) >punct ,))) <nsubj stvari <obj gotovo <advmod vidita >advmod drugače >punct .",
133,ssj493.2638.9418,In njun pristop je za zdaj edini odraz resnične vladne politike.,12,12,yes,2.70,2.7,2.70,yes,1.20,1.1977615443266574,1.20,yes,3,3,yes,1.00,1,yes,1.00,1,yes,1.00,1.0,1.00,yes,A[In] B[njun] C[pristop] D[je] E[za] F[zdaj] G[edini] H[odraz] I[resnične] J[vladne] K[politike]L[.] ,In <cc (njun <det pristop) <nsubj je <cop (za <case zdaj) <advmod edini <amod odraz >nmod (resnične <amod vladne <amod politike) >punct .,
134,ssj493.2638.9419,"Tiste, ki se dogaja in ima posledice.",9,9,yes,1.83,1.8333333333333333,1.83,yes,0.29,0.2897439310437119,0.29,yes,4,4,yes,3.00,3,yes,2.00,2,yes,1.50,1.5,1.50,yes,"A[Tiste]B[,] C[ki] D[se] E[dogaja] F[in] G[ima] H[posledice]I[.] ","Tiste >acl (, <punct ki <mark se <expl dogaja >conj (in <cc ima >obj posledice)) >punct .",
135,ssj493.2638.9420,"In ne tiste, o kateri se samo govori.",10,10,yes,2.14,2.142857142857143,2.14,yes,0.56,0.5573886127607325,0.56,yes,5,5,yes,2.00,2,yes,1.00,1,yes,2.00,2.0,2.00,yes,"A[In] B[ne] C[tiste]D[,] E[o] F[kateri] G[se] H[samo] I[govori]J[.] ","In <cc ne >orphan (tiste >acl (, <punct (o <case kateri) <obl se <expl samo <advmod govori)) >punct .",
136,ssj493.2638.9421,"Prava dilema je seveda, ali si bo Janša jeseni upal slediti Damijanovim idejam, kar bi najverjetneje pomenilo resno ogroziti možnost zmage na prihodnjih volitvah.",27,27,yes,2.91,2.9130434782608696,2.91,yes,0.85,0.8451222947827312,0.85,yes,7,7,yes,5.00,5,yes,2.00,2,yes,2.50,2.5,2.50,yes,"A[Prava] B[dilema] C[je] D[seveda]E[,] F[ali] G[si] H[bo] I[Janša] J[jeseni] K[upal] L[slediti] M[Damijanovim] N[idejam]O[,] P[kar] Q[bi] R[najverjetneje] S[pomenilo] T[resno] U[ogroziti] V[možnost] W[zmage] X[na] Y[prihodnjih] Z[volitvah]A[.] ","Prava <amod dilema >cop je >advmod seveda >csubj (, <punct ali <mark si <expl bo <aux Janša <nsubj upal >xcomp (jeseni <advmod slediti >obj (Damijanovim <amod idejam))) >parataxis (, <punct kar <nsubj bi <aux najverjetneje <advmod pomenilo >ccomp (resno <advmod ogroziti >obj (možnost >nmod (zmage >nmod (na <case prihodnjih <amod volitvah))))) >punct .",
137,ssj493.2638.9422,Zgodovina je poučna.,4,4,yes,1.50,1.5,1.50,yes,0.49,0.49041462650586304,0.49,yes,2,2,yes,1.00,1,yes,1.00,1,yes,1.00,1.0,1.00,yes,A[Zgodovina] B[je] C[poučna]D[.] ,Zgodovina <nsubj je <cop poučna >punct .,
138,ssj493.2638.9423,"V prejšnjem mandatu je bila vladna gospodarska politika deležna ostrih kritik, da je premalo liberalna.",17,17,yes,2.57,2.5714285714285716,2.57,yes,1.47,1.4736793446348877,1.47,yes,4,4,yes,2.00,2,yes,1.00,1,yes,2.00,2.0,2.00,yes,"A[V] B[prejšnjem] C[mandatu] D[je] E[bila] F[vladna] G[gospodarska] H[politika] I[deležna] J[ostrih] K[kritik]L[,] M[da] N[je] O[premalo] P[liberalna]Q[.] ","(V <case prejšnjem <amod mandatu) <obl je <aux bila <cop (vladna <amod gospodarska <amod politika) <nsubj deležna >obj (ostrih <amod kritik >acl (, <punct da <mark je <cop premalo <advmod liberalna)) >punct .",
139,ssj493.2638.9424,Hkrati pa se je ob vsaki omembi privatizacije vsul val zgodb o nacionalnem interesu.,15,15,yes,3.08,3.076923076923077,3.08,yes,1.26,1.2571568707464784,1.26,yes,5,5,yes,1.00,1,yes,1.00,1,yes,1.00,1.0,1.00,yes,A[Hkrati] B[pa] C[se] D[je] E[ob] F[vsaki] G[omembi] H[privatizacije] I[vsul] J[val] K[zgodb] L[o] M[nacionalnem] N[interesu]O[.] ,Hkrati <advmod pa <advmod se <expl je <aux (ob <case vsaki <det omembi >nmod privatizacije) <obl vsul >nsubj (val >nmod (zgodb >nmod (o <case nacionalnem <amod interesu))) >punct .,
140,ssj493.2638.9425,Slednje bodo vsakič ob podobnih primerih gotovo ponovno oživele.,10,10,yes,3.75,3.75,3.75,yes,0.82,0.8165772195257082,0.82,yes,3,3,yes,1.00,1,yes,1.00,1,yes,1.00,1.0,1.00,yes,A[Slednje] B[bodo] C[vsakič] D[ob] E[podobnih] F[primerih] G[gotovo] H[ponovno] I[oživele]J[.] ,Slednje <nsubj bodo <aux vsakič <advmod (ob <case podobnih <amod primerih) <obl gotovo <advmod ponovno <advmod oživele >punct .,
141,ssj493.2638.9426,"Tudi med volilkami in volilci Janeza Janše, ki vsekakor ne predstavljajo jedra slovenskega liberalizma.",16,16,yes,2.23,2.230769230769231,2.23,yes,1.03,1.029434350539886,1.03,yes,5,5,yes,2.00,2,yes,1.00,1,yes,2.00,2.0,2.00,yes,"A[Tudi] B[med] C[volilkami] D[in] E[volilci] F[Janeza] G[Janše]H[,] I[ki] J[vsekakor] K[ne] L[predstavljajo] M[jedra] N[slovenskega] O[liberalizma]P[.] ","Tudi <advmod med <case volilkami >conj (in <cc volilci) >nmod (Janeza >flat Janše) >acl (, <punct ki <mark vsekakor <advmod ne <advmod predstavljajo >obj (jedra >nmod (slovenskega <amod liberalizma))) >punct .",
142,ssj493.2638.9427,"Hkrati pa bo enako oster konflikt neizbežen tudi s tistimi, ki bodo v imenu vlade zasedli položaje v gospodarstvu.",21,21,yes,2.67,2.6666666666666665,2.67,yes,1.44,1.4373117004640128,1.44,yes,6,6,yes,2.00,2,yes,1.00,1,yes,2.00,2.0,2.00,yes,"A[Hkrati] B[pa] C[bo] D[enako] E[oster] F[konflikt] G[neizbežen] H[tudi] I[s] J[tistimi]K[,] L[ki] M[bodo] N[v] O[imenu] P[vlade] Q[zasedli] R[položaje] S[v] T[gospodarstvu]U[.] ","Hkrati <advmod pa <advmod bo <cop ((enako <advmod oster) <amod konflikt) <nsubj neizbežen >obl (tudi <advmod s <case tistimi >acl (, <punct ki <mark bodo <aux (v <case imenu >nmod vlade) <obl zasedli >obj (položaje >nmod (v <case gospodarstvu)))) >punct .",
143,ssj493.2638.9428,Odločitve predsednikov vlad vsekakor niso lahke.,7,7,yes,2.00,2.0,2.00,yes,1.01,1.0074515102711326,1.01,yes,4,4,yes,1.00,1,yes,1.00,1,yes,1.00,1.0,1.00,yes,A[Odločitve] B[predsednikov] C[vlad] D[vsekakor] E[niso] F[lahke]G[.] ,(Odločitve >nmod (predsednikov >nmod vlad)) <nsubj vsekakor <advmod niso <cop lahke >punct .,
144,ssj493.2638.9429,"Posebej kadar se jih nabere veliko, tako kot Janezu Janši.",12,12,yes,2.22,2.2222222222222223,2.22,yes,1.10,1.1048235486673883,1.10,yes,4,4,yes,1.00,1,yes,1.00,1,yes,1.00,1.0,1.00,yes,"A[Posebej] B[kadar] C[se] D[jih] E[nabere] F[veliko]G[,] H[tako] I[kot] J[Janezu] K[Janši]L[.] ","Posebej <advmod kadar <mark se <expl jih <nsubj nabere >advmod veliko >advcl (, <punct (tako >fixed kot) <mark Janezu >flat Janši) >punct .",
145,ssj493.2638.9430,Premier ima vedno polne roke opravkov.,7,7,yes,1.40,1.4,1.40,yes,0.81,0.81482030987581,0.81,yes,3,3,yes,1.00,1,yes,1.00,1,yes,1.00,1.0,1.00,yes,A[Premier] B[ima] C[vedno] D[polne] E[roke] F[opravkov]G[.] ,Premier <nsubj ima >advmod vedno >obj (polne <amod roke >nmod opravkov) >punct .,
146,ssj493.2638.9431,Razvojni projekti se pripravljajo in s tem so povezani veliki napori.,12,12,yes,2.00,2.0,2.00,yes,1.15,1.1512925464970227,1.15,yes,4,4,yes,2.00,2,yes,2.00,2,yes,1.00,1.0,1.00,yes,A[Razvojni] B[projekti] C[se] D[pripravljajo] E[in] F[s] G[tem] H[so] I[povezani] J[veliki] K[napori]L[.] ,(Razvojni <amod projekti) <nsubj se <expl pripravljajo >conj (in <cc (s <case tem) <obl so <cop povezani >nsubj (veliki <amod napori)) >punct .,
147,ssj494.2639.9432,"Že dolgo poslušam in sledim, ali bi bili kakšni takšni nameni.",13,13,yes,1.80,1.8,1.80,yes,1.11,1.1128120259289587,1.11,yes,5,5,yes,3.00,3,yes,2.00,2,yes,1.50,1.5,1.50,yes,"A[Že] B[dolgo] C[poslušam] D[in] E[sledim]F[,] G[ali] H[bi] I[bili] J[kakšni] K[takšni] L[nameni]M[.] ","(Že <advmod dolgo) <advmod poslušam >conj (in <cc sledim >ccomp (, <punct ali <mark bi <aux bili >nsubj (kakšni <det takšni <det nameni))) >punct .",
148,ssj494.2639.9433,"A jih ni, morda zaradi zgodovine, saj so pri Fiatu očitno ugotovili, da so to »težki« trgi.",23,23,yes,3.69,3.6875,3.69,yes,0.63,0.6306517837880072,0.63,yes,5,5,yes,3.00,3,yes,2.00,2,yes,1.50,1.5,1.50,yes,"A[A] B[jih] C[ni]D[,] E[morda] F[zaradi] G[zgodovine]H[,] I[saj] J[so] K[pri] L[Fiatu] M[očitno] N[ugotovili]O[,] P[da] Q[so] R[to] S[»]T[težki]U[«] V[trgi]W[.] ","A <cc jih <nsubj ni >obl (, <punct morda <advmod zaradi <case zgodovine) >conj (, <punct saj <cc so <aux (pri <case Fiatu) <obl očitno <advmod ugotovili >ccomp (, <punct da <mark so <cop to <nsubj (» <punct težki >punct «) <amod trgi)) >punct .",
149,ssj494.2639.9434,"Fiat je sam recimo poskusil na nekaterih manjših trgih, na Norveškem, Švedskem.",15,15,yes,2.64,2.6363636363636362,2.64,yes,1.03,1.0342660354281321,1.03,yes,4,4,yes,2.00,2,yes,2.00,2,yes,1.00,1.0,1.00,yes,"A[Fiat] B[je] C[sam] D[recimo] E[poskusil] F[na] G[nekaterih] H[manjših] I[trgih]J[,] K[na] L[Norveškem]M[,] N[Švedskem]O[.] ","Fiat <nsubj je <aux sam <obl recimo <parataxis poskusil >obl (na <case nekaterih <det manjših <amod trgih >conj (, <punct na <case Norveškem) >conj (, <punct Švedskem)) >punct .",
150,ssj494.2639.9435,Nastopili so kot uvozniki in so za naložbe porabili veliko preveč denarja.,13,13,yes,2.45,2.4545454545454546,2.45,yes,0.30,0.30100604319322677,0.30,yes,5,5,yes,2.00,2,yes,2.00,2,yes,1.00,1.0,1.00,yes,A[Nastopili] B[so] C[kot] D[uvozniki] E[in] F[so] G[za] H[naložbe] I[porabili] J[veliko] K[preveč] L[denarja]M[.] ,Nastopili >aux so >obl (kot <case uvozniki) >conj (in <cc so <aux (za <case naložbe) <obl porabili >obj ((veliko <advmod preveč) <det denarja)) >punct .,
151,ssj494.2639.9436,"Ko so presodili, da jim zastopniški posel ne gre od rok, so vse skupaj vrnili neki lokalni pravni osebi.",22,22,yes,3.11,3.111111111111111,3.11,yes,1.73,1.7268126181372057,1.73,yes,5,5,yes,3.00,3,yes,1.00,1,yes,3.00,3.0,3.00,yes,"A[Ko] B[so] C[presodili]D[,] E[da] F[jim] G[zastopniški] H[posel] I[ne] J[gre] K[od] L[rok]M[,] N[so] O[vse] P[skupaj] Q[vrnili] R[neki] S[lokalni] T[pravni] U[osebi]V[.] ","(Ko <mark so <aux presodili >ccomp (, <punct da <mark jim <obj (zastopniški <amod posel) <nsubj ne <advmod gre >obl (od <case rok) >punct ,)) <advcl so <aux vse <obj skupaj <advmod vrnili >iobj (neki <det lokalni <amod pravni <amod osebi) >punct .",
152,ssj495.2640.9437,"Že naslednji dan so bili kriminalisti spet obveščeni, da so Zagrebčana D. Š. odpeljali v izolsko bolnišnico zaradi prevelikega odmerka heroina.",23,23,yes,2.75,2.75,2.75,yes,1.53,1.5259859959384336,1.53,yes,5,5,yes,2.00,2,yes,1.00,1,yes,2.00,2.0,2.00,yes,"A[Že] B[naslednji] C[dan] D[so] E[bili] F[kriminalisti] G[spet] H[obveščeni]I[,] J[da] K[so] L[Zagrebčana] M[D.] N[Š.] O[odpeljali] P[v] Q[izolsko] R[bolnišnico] S[zaradi] T[prevelikega] U[odmerka] V[heroina]W[.] ","(Že <advmod naslednji <amod dan) <obl so <aux bili <cop kriminalisti <nsubj spet <advmod obveščeni >ccomp (, <punct da <mark so <aux (Zagrebčana >nmod (D. >flat Š.)) <obj odpeljali >obl (v <case izolsko <amod bolnišnico) >obl (zaradi <case prevelikega <amod odmerka >nmod heroina)) >punct .",
153,ssj495.2640.9438,"Ugotovili so, da ga je nabavil od P. D. iz Pirana, ta pa od T. Š. iz Pirana.",21,21,yes,2.24,2.235294117647059,2.24,yes,0.61,0.6122338563579384,0.61,yes,6,6,yes,2.00,2,yes,1.00,1,yes,2.00,2.0,2.00,yes,"A[Ugotovili] B[so]C[,] D[da] E[ga] F[je] G[nabavil] H[od] I[P.] J[D.] K[iz] L[Pirana]M[,] N[ta] O[pa] P[od] Q[T.] R[Š.] S[iz] T[Pirana]U[.] ","Ugotovili >aux so >ccomp (, <punct da <mark ga <obj je <aux nabavil >obl (od <case P. >flat D. >nmod (iz <case Pirana)) >parataxis (, <punct ta >orphan pa >orphan (od <case T. >flat Š. >nmod (iz <case Pirana)))) >punct .",
154,ssj495.2640.9439,"Na podlagi odredb za hišne preiskave so kriminalisti 5. marca opravili hišne preiskave pri P. D., E. M. in Š. T. iz Pirana.",25,25,yes,2.32,2.3181818181818183,2.32,yes,1.90,1.903685683712333,1.90,yes,5,5,yes,1.00,1,yes,1.00,1,yes,1.00,1.0,1.00,yes,"A[Na] B[podlagi] C[odredb] D[za] E[hišne] F[preiskave] G[so] H[kriminalisti] I[5.] J[marca] K[opravili] L[hišne] M[preiskave] N[pri] O[P.] P[D.]Q[,] R[E.] S[M.] T[in] U[Š.] V[T.] W[iz] X[Pirana]Y[.] ","(Na <case podlagi >nmod (odredb >nmod (za <case hišne <amod preiskave))) <obl so <aux kriminalisti <nsubj (5. <nummod marca) <obl opravili >obj (hišne <amod preiskave) >obl (pri <case P. >flat D. >conj (, <punct E. >flat M.) >conj (in <cc Š. >flat T. >nmod (iz <case Pirana))) >punct .",
155,ssj495.2640.9440,"Pri njih so našli in zasegli eno tableto mamila ecstasy, zavojček kokaina, štiri zavojčke heroina, 30 tablet heptanona in ponarejen bankovec za 200 DEM.",28,28,yes,2.87,2.869565217391304,2.87,yes,1.21,1.2067337624272443,1.21,yes,6,6,yes,2.00,2,yes,2.00,2,yes,1.00,1.0,1.00,yes,"A[Pri] B[njih] C[so] D[našli] E[in] F[zasegli] G[eno] H[tableto] I[mamila] J[ecstasy]K[,] L[zavojček] M[kokaina]N[,] O[štiri] P[zavojčke] Q[heroina]R[,] S[30] T[tablet] U[heptanona] V[in] W[ponarejen] X[bankovec] Y[za] Z[200] A[DEM]B[.] ","(Pri <case njih) <obl so <aux našli >conj (in <cc zasegli >obj (eno <nummod tableto >nmod (mamila >nmod ecstasy) >conj (, <punct zavojček >nmod kokaina) >conj (, <punct štiri <nummod zavojčke >nmod heroina) >conj (, <punct 30 <nummod tablet >nmod heptanona) >conj (in <cc ponarejen <amod bankovec >nmod (za <case 200 <nummod DEM)))) >punct .",
156,ssj495.2640.9441,Zoper P. D. in T. Š. so podali kazensko ovadbo zaradi suma storitve kaznivega dejanja neupravičene proizvodnje in prometa z mamili.,22,22,yes,1.65,1.65,1.65,yes,2.04,2.0368116197044244,2.04,yes,9,9,yes,1.00,1,yes,1.00,1,yes,1.00,1.0,1.00,yes,A[Zoper] B[P.] C[D.] D[in] E[T.] F[Š.] G[so] H[podali] I[kazensko] J[ovadbo] K[zaradi] L[suma] M[storitve] N[kaznivega] O[dejanja] P[neupravičene] Q[proizvodnje] R[in] S[prometa] T[z] U[mamili]V[.] ,(Zoper <case P. >flat D. >conj (in <cc T. >flat Š.)) <obl so <aux podali >obj (kazensko <amod ovadbo >nmod (zaradi <case suma >nmod (storitve >nmod (kaznivega <amod dejanja >nmod (neupravičene <amod proizvodnje >conj (in <cc prometa >nmod (z <case mamili))))))) >punct .,
157,ssj496.2641.9442,»Podatka o narodnosti in o veroizpovedi (ali pa o neveri) sta za državo vendar dragocena!,19,19,yes,3.36,3.357142857142857,3.36,yes,1.55,1.5536242716609117,1.55,yes,5,5,yes,1.00,1,yes,1.00,1,yes,1.00,1.0,1.00,yes,A[»]B[Podatka] C[o] D[narodnosti] E[in] F[o] G[veroizpovedi] H[(]I[ali] J[pa] K[o] L[neveri]M[)] N[sta] O[za] P[državo] Q[vendar] R[dragocena]S[!] ,» <punct (Podatka >nmod (o <case narodnosti >conj (in <cc o <case veroizpovedi) >conj (( <punct ali <cc pa <advmod o <case neveri >punct )))) <nsubj sta <cop (za <case državo) <obl vendar <advmod dragocena >punct !,
158,ssj496.2641.9443,Za našo najglobljo istovetnost gre.,6,6,yes,1.75,1.75,1.75,yes,0.94,0.9382503488415728,0.94,yes,3,3,yes,1.00,1,yes,1.00,1,yes,1.00,1.0,1.00,yes,A[Za] B[našo] C[najglobljo] D[istovetnost] E[gre]F[.] ,(Za <case našo <det najglobljo <amod istovetnost) <obl gre >punct .,
159,ssj496.2641.9444,"Saj država ni nekakšen moloh, ki nemo gleda na ta narod.",13,13,yes,2.30,2.3,2.30,yes,1.12,1.1231023797789692,1.12,yes,4,4,yes,2.00,2,yes,1.00,1,yes,2.00,2.0,2.00,yes,"A[Saj] B[država] C[ni] D[nekakšen] E[moloh]F[,] G[ki] H[nemo] I[gleda] J[na] K[ta] L[narod]M[.] ","Saj <advmod država <nsubj ni <cop nekakšen <det moloh >acl (, <punct ki <mark nemo <advmod gleda >obl (na <case ta <det narod)) >punct .",
160,ssj496.2641.9445,"In to je način našega informiranja, da vemo, kako je z nami.",15,15,yes,2.00,2.0,2.00,yes,1.20,1.1989476363991853,1.20,yes,5,5,yes,3.00,3,yes,1.00,1,yes,3.00,3.0,3.00,yes,"A[In] B[to] C[je] D[način] E[našega] F[informiranja]G[,] H[da] I[vemo]J[,] K[kako] L[je] M[z] N[nami]O[.] ","In <cc to <nsubj je <cop način >nmod (našega <det informiranja) >advcl (, <punct da <mark vemo >ccomp (, <punct kako <advmod je >obl (z <case nami))) >punct .",
161,ssj496.2641.9446,"Zato so ta vprašanja pomembna za celo narodno skupnost, pa tudi za Cerkev.",15,15,yes,2.50,2.5,2.50,yes,1.13,1.1308815492368953,1.13,yes,4,4,yes,1.00,1,yes,1.00,1,yes,1.00,1.0,1.00,yes,"A[Zato] B[so] C[ta] D[vprašanja] E[pomembna] F[za] G[celo] H[narodno] I[skupnost]J[,] K[pa] L[tudi] M[za] N[Cerkev]O[.] ","Zato <cc so <cop (ta <det vprašanja) <nsubj pomembna >obl (za <case celo <amod narodno <amod skupnost >conj (, <punct pa <cc tudi <advmod za <case Cerkev)) >punct .",
162,ssj496.2641.9447,Kakšni bodo rezultati?,4,4,yes,1.50,1.5,1.50,yes,0.06,0.05889151782819164,0.06,yes,2,2,yes,1.00,1,yes,1.00,1,yes,1.00,1.0,1.00,yes,A[Kakšni] B[bodo] C[rezultati]D[?] ,Kakšni >cop bodo >nsubj rezultati >punct ?,
163,ssj496.2641.9448,Bomo videli.,3,3,yes,1.00,1.0,1.00,yes,0.35,0.34657359027997275,0.35,yes,2,2,yes,1.00,1,yes,1.00,1,yes,1.00,1.0,1.00,yes,A[Bomo] B[videli]C[.] ,Bomo <aux videli >punct .,
164,ssj496.2641.9449,"Bojim pa se, da ne bodo ravno realni.",10,10,yes,3.00,3.0,3.00,yes,0.13,0.12565721414045306,0.13,yes,3,3,yes,2.00,2,yes,1.00,1,yes,2.00,2.0,2.00,yes,"A[Bojim] B[pa] C[se]D[,] E[da] F[ne] G[bodo] H[ravno] I[realni]J[.] ","Bojim >advmod pa >expl se >ccomp (, <punct da <mark ne <advmod bodo <cop ravno <advmod realni) >punct .",
165,ssj496.2641.9450,Slišim namreč vse več glasov o nepravilnostih.,8,8,yes,1.67,1.6666666666666667,1.67,yes,0.39,0.38505411084803665,0.39,yes,4,4,yes,1.00,1,yes,1.00,1,yes,1.00,1.0,1.00,yes,A[Slišim] B[namreč] C[vse] D[več] E[glasov] F[o] G[nepravilnostih]H[.] ,Slišim >advmod namreč >obj ((vse <advmod več) <det glasov >nmod (o <case nepravilnostih)) >punct .,
166,ssj496.2641.9451,Vsaj trije ali štirje so prišli na moja ušesa.,10,10,yes,1.88,1.875,1.88,yes,1.31,1.3069918460315713,1.31,yes,4,4,yes,1.00,1,yes,1.00,1,yes,1.00,1.0,1.00,yes,A[Vsaj] B[trije] C[ali] D[štirje] E[so] F[prišli] G[na] H[moja] I[ušesa]J[.] ,(Vsaj <advmod trije >conj (ali <cc štirje)) <nsubj so <aux prišli >obl (na <case moja <det ušesa) >punct .,
167,ssj496.2641.9452,"Da, recimo, nekateri popisovalci niso hoteli vpisati veroizpovedi in narodnosti mlajših od 14 let, češ da pri teh letih še niso odločeni.",26,26,yes,3.00,3.0,3.00,yes,1.46,1.4633697010335198,1.46,yes,6,6,yes,4.00,4,yes,2.00,2,yes,2.00,2.0,2.00,yes,"A[Da]B[,] C[recimo]D[,] E[nekateri] F[popisovalci] G[niso] H[hoteli] I[vpisati] J[veroizpovedi] K[in] L[narodnosti] M[mlajših] N[od] O[14] P[let]Q[,] R[češ] S[da] T[pri] U[teh] V[letih] W[še] X[niso] Y[odločeni]Z[.] ","Da <mark (, <punct recimo >punct ,) <parataxis (nekateri <det popisovalci) <nsubj niso <aux hoteli >xcomp (vpisati >obj (veroizpovedi >conj (in <cc narodnosti) >nmod (mlajših >nmod (od <case 14 <nummod let))) >advcl (, <punct (češ >fixed da) <mark (pri <case teh <det letih) <obl še <advmod niso <cop odločeni)) >punct .",
168,ssj496.2641.9453,Kot da bi starši ne imeli pravice deklarirati narodnosti in veroizpovedi svojih otrok do 14. leta!,17,17,yes,1.80,1.8,1.80,yes,1.66,1.6621181702630135,1.66,yes,8,8,yes,2.00,2,yes,1.00,1,yes,2.00,2.0,2.00,yes,A[Kot] B[da] C[bi] D[starši] E[ne] F[imeli] G[pravice] H[deklarirati] I[narodnosti] J[in] K[veroizpovedi] L[svojih] M[otrok] N[do] O[14.] P[leta]Q[!] ,(Kot >fixed da) <mark bi <aux starši <nsubj ne <advmod imeli >obj (pravice >acl (deklarirati >obj (narodnosti >conj (in <cc veroizpovedi >nmod (svojih <det otrok >nmod (do <case 14. <nummod leta)))))) >punct !,
169,ssj496.2642.9454,"Slovenske Konjice - V Sloveniji se z ekološkim kmetovanjem ukvarja približno 1300 kmetij, okoli petina vseh pa jih je z območja koroško-savinjske regije, kjer so pod okriljem strokovnjakov celjske kmetijsko-gozdarske zbornice povezani tudi v združenje ekoloških pridelovalcev in predelovalcev hrane z imenom Deteljica.",50,50,yes,3.19,3.186046511627907,3.19,yes,1.87,1.8731117942092415,1.87,yes,11,11,yes,3.00,3,yes,2.00,2,yes,1.50,1.5,1.50,yes,"A[Slovenske] B[Konjice] C[-] D[V] E[Sloveniji] F[se] G[z] H[ekološkim] I[kmetovanjem] J[ukvarja] K[približno] L[1300] M[kmetij]N[,] O[okoli] P[petina] Q[vseh] R[pa] S[jih] T[je] U[z] V[območja] W[koroško]X[-]Y[savinjske] Z[regije]A[,] B[kjer] C[so] D[pod] E[okriljem] F[strokovnjakov] G[celjske] H[kmetijsko]I[-]J[gozdarske] K[zbornice] L[povezani] M[tudi] N[v] O[združenje] P[ekoloških] Q[pridelovalcev] R[in] S[predelovalcev] T[hrane] U[z] V[imenom] W[Deteljica]X[.] ","(Slovenske <amod Konjice >punct -) <parataxis (V <case Sloveniji) <obl se <expl (z <case ekološkim <amod kmetovanjem) <obl ukvarja >nsubj ((približno <advmod 1300) <nummod kmetij) >parataxis (, <punct (okoli <advmod petina >nmod vseh >nmod jih) <nsubj pa <advmod je >obl (z <case območja >nmod ((koroško >conj (- <punct savinjske)) <amod regije >acl (, <punct kjer <mark so <cop (pod <case okriljem >nmod (strokovnjakov >nmod (celjske <amod (kmetijsko >conj (- <punct gozdarske)) <amod zbornice))) <obl povezani >obl (tudi <advmod v <case združenje >nmod (ekoloških <amod pridelovalcev >conj (in <cc predelovalcev >nmod hrane)) >nmod (z <case imenom >nmod Deteljica)))))) >punct .",
170,ssj496.2642.9455,"Na včerajšnji letni skupščini Deteljice so člani soglašali, da bodo poslej ponujali ekološko pridelano biomeso tudi v velikih trgovskih središčih.",22,22,yes,2.53,2.526315789473684,2.53,yes,1.59,1.5851782286816878,1.59,yes,5,5,yes,2.00,2,yes,1.00,1,yes,2.00,2.0,2.00,yes,"A[Na] B[včerajšnji] C[letni] D[skupščini] E[Deteljice] F[so] G[člani] H[soglašali]I[,] J[da] K[bodo] L[poslej] M[ponujali] N[ekološko] O[pridelano] P[biomeso] Q[tudi] R[v] S[velikih] T[trgovskih] U[središčih]V[.] ","(Na <case včerajšnji <amod letni <amod skupščini >nmod Deteljice) <obl so <aux člani <nsubj soglašali >ccomp (, <punct da <mark bodo <aux poslej <advmod ponujali >obj ((ekološko <advmod pridelano) <amod biomeso) >obl (tudi <advmod v <case velikih <amod trgovskih <amod središčih)) >punct .",
171,ssj496.2643.9456,"Kakor navaja uprava za kulturno dediščino, namerava država svoje spomenike postopoma obnoviti in jim nameniti primerno funkcijo.",19,19,yes,2.06,2.0625,2.06,yes,1.70,1.7020962927331096,1.70,yes,5,5,yes,4.00,4,yes,2.00,2,yes,2.00,2.0,2.00,yes,"A[Kakor] B[navaja] C[uprava] D[za] E[kulturno] F[dediščino]G[,] H[namerava] I[država] J[svoje] K[spomenike] L[postopoma] M[obnoviti] N[in] O[jim] P[nameniti] Q[primerno] R[funkcijo]S[.] ","(Kakor <mark navaja >nsubj (uprava >nmod (za <case kulturno <amod dediščino)) >punct ,) <advcl namerava >nsubj država >xcomp ((svoje <det spomenike) <obj postopoma <advmod obnoviti >conj (in <cc jim <iobj nameniti >obj (primerno <amod funkcijo))) >punct .",
172,ssj496.2643.9457,"»Glede na to, da bomo z obnovo in postopno revitalizacijo gradu Šrajbarski turn kmalu začeli, bi bile dodatne nastanitve v gradu povsem neprimerne,« se je glasil odgovor občini, ki je želela od uprave dobiti soglasje za nastanitev omenjenih dveh oseb.",47,47,yes,3.41,3.41025641025641,3.41,yes,2.32,2.321986943215289,2.32,yes,9,9,yes,5.00,5,yes,1.00,1,yes,5.00,5.0,5.00,yes,"A[»]B[Glede] C[na] D[to]E[,] F[da] G[bomo] H[z] I[obnovo] J[in] K[postopno] L[revitalizacijo] M[gradu] N[Šrajbarski] O[turn] P[kmalu] Q[začeli]R[,] S[bi] T[bile] U[dodatne] V[nastanitve] W[v] X[gradu] Y[povsem] Z[neprimerne]A[,]B[«] C[se] D[je] E[glasil] F[odgovor] G[občini]H[,] I[ki] J[je] K[želela] L[od] M[uprave] N[dobiti] O[soglasje] P[za] Q[nastanitev] R[omenjenih] S[dveh] T[oseb]U[.] ","(» <punct ((Glede >fixed na) <case to >acl (, <punct da <mark bomo <aux (z <case obnovo >conj (in <cc postopno <amod revitalizacijo >nmod (gradu >nmod (Šrajbarski <amod turn)))) <obl kmalu <advmod začeli >punct ,)) <obl bi <aux bile <cop (dodatne <amod nastanitve >nmod (v <case gradu)) <nsubj povsem <advmod neprimerne >punct , >punct «) <ccomp se <expl je <aux glasil >nsubj (odgovor >nmod (občini >acl (, <punct ki <mark je <aux želela >xcomp ((od <case uprave) <obl dobiti >obj (soglasje >nmod (za <case nastanitev >nmod (omenjenih <amod dveh <nummod oseb))))))) >punct .",
173,ssj496.2644.9458,"Delno je k temu prispevala ustanovitev sveta za varstvo občanov, na katerem so obravnavali težave skupaj z romskimi prebivalci",20,20,yes,2.17,2.1666666666666665,2.17,yes,1.48,1.4767149469316507,1.48,yes,6,6,yes,2.00,2,yes,1.00,1,yes,2.00,2.0,2.00,yes,"A[Delno] B[je] C[k] D[temu] E[prispevala] F[ustanovitev] G[sveta] H[za] I[varstvo] J[občanov]K[,] L[na] M[katerem] N[so] O[obravnavali] P[težave] Q[skupaj] R[z] S[romskimi] T[prebivalci] ","Delno <advmod je <aux (k <case temu) <obl prispevala >nsubj (ustanovitev >nmod (sveta >nmod (za <case varstvo >nmod občanov) >acl (, <punct (na <case katerem) <obl so <aux obravnavali >obj težave >obl (skupaj <advmod z <case romskimi <amod prebivalci))))",
174,ssj496.2645.9459,"Petra Škofic z ministrstva za kulturo nam je povedala, da država ni lastnica ateljejev v Sloveniji, upravlja le z ateljejem v New Yorku.",26,26,yes,2.55,2.5454545454545454,2.55,yes,1.71,1.7098242779704342,1.71,yes,5,5,yes,3.00,3,yes,2.00,2,yes,1.50,1.5,1.50,yes,"A[Petra] B[Škofic] C[z] D[ministrstva] E[za] F[kulturo] G[nam] H[je] I[povedala]J[,] K[da] L[država] M[ni] N[lastnica] O[ateljejev] P[v] Q[Sloveniji]R[,] S[upravlja] T[le] U[z] V[ateljejem] W[v] X[New] Y[Yorku]Z[.] ","(Petra >flat Škofic >nmod (z <case ministrstva >nmod (za <case kulturo))) <nsubj nam <iobj je <aux povedala >ccomp (, <punct da <mark država <nsubj ni <cop lastnica >nmod (ateljejev >nmod (v <case Sloveniji)) >punct ,) >parataxis (upravlja >obl (le <advmod z <case ateljejem >nmod (v <case New <nmod Yorku))) >punct .",
175,ssj496.2645.9460,"Zanj vsako leto pripravi razpis, na katerega se lahko prijavijo ustvarjalci z različnih umetniških področij.",17,17,yes,2.14,2.142857142857143,2.14,yes,1.25,1.2505357933206778,1.25,yes,6,6,yes,2.00,2,yes,1.00,1,yes,2.00,2.0,2.00,yes,"A[Zanj] B[vsako] C[leto] D[pripravi] E[razpis]F[,] G[na] H[katerega] I[se] J[lahko] K[prijavijo] L[ustvarjalci] M[z] N[različnih] O[umetniških] P[področij]Q[.] ","Zanj <obl (vsako <det leto) <obl pripravi >obj (razpis >acl (, <punct (na <case katerega) <obl se <expl lahko <advmod prijavijo >nsubj (ustvarjalci >nmod (z <case različnih <amod umetniških <amod področij)))) >punct .",
176,ssj496.2645.9461,"»Problem v zvezi z ateljeji pa se sicer rešuje na mestnih ali občinskih ravneh,« je še dodala.",21,21,yes,3.00,3.0,3.00,yes,1.79,1.7855482092287764,1.79,yes,6,6,yes,2.00,2,yes,1.00,1,yes,2.00,2.0,2.00,yes,"A[»]B[Problem] C[v] D[zvezi] E[z] F[ateljeji] G[pa] H[se] I[sicer] J[rešuje] K[na] L[mestnih] M[ali] N[občinskih] O[ravneh]P[,]Q[«] R[je] S[še] T[dodala]U[.] ","(» <punct (Problem >nmod (v <case zvezi >nmod (z <case ateljeji))) <nsubj pa <advmod se <expl sicer <advmod rešuje >obl (na <case (mestnih >conj (ali <cc občinskih)) <amod ravneh) >punct , >punct «) <ccomp je <aux še <advmod dodala >punct .",
177,ssj496.2645.9462,"Pred leti se je izjalovil za zdaj zadnji poskus »državnih ateljejev«, saj je država - po večletnem vlaganju v obnovo polhograjske graščine, kjer naj bi ustvarjalo šest slikarjev - boj z lokalnimi oblastmi (tudi) zaradi zakonskih nedorečenosti izgubila.",45,45,yes,6.03,6.0285714285714285,6.03,yes,0.79,0.7858829149751041,0.79,yes,8,8,yes,3.00,3,yes,2.00,2,yes,1.50,1.5,1.50,yes,"A[Pred] B[leti] C[se] D[je] E[izjalovil] F[za] G[zdaj] H[zadnji] I[poskus] J[»]K[državnih] L[ateljejev]M[«]N[,] O[saj] P[je] Q[država] R[-] S[po] T[večletnem] U[vlaganju] V[v] W[obnovo] X[polhograjske] Y[graščine]Z[,] A[kjer] B[naj] C[bi] D[ustvarjalo] E[šest] F[slikarjev] G[-] H[boj] I[z] J[lokalnimi] K[oblastmi] L[(]M[tudi]N[)] O[zaradi] P[zakonskih] Q[nedorečenosti] R[izgubila]S[.] ","(Pred <case leti) <obl se <expl je <aux izjalovil >nsubj (((za <case zdaj) <advmod zadnji) <amod poskus >nmod (» <punct državnih <amod ateljejev >punct «)) >conj (, <punct saj <cc je <aux država <nsubj (- <punct po <case večletnem <amod vlaganju >nmod (v <case obnovo >nmod (polhograjske <amod graščine >acl (, <punct kjer <mark naj <advmod bi <aux ustvarjalo >nsubj (šest <nummod slikarjev)))) >punct -) <obl (boj >nmod (z <case lokalnimi <amod oblastmi)) <obj ((( <punct tudi >punct )) <advmod zaradi <case zakonskih <amod nedorečenosti) <obl izgubila) >punct .",
178,ssj496.2646.9463,"Množica konceptualnih in izključno likovnih elementov, ki jih Bernard vključuje v svoje umetnine, nikjer ne ustvarja praznega aditivnega dela, v katerem bi bili le sešteti posamezni postopki.",31,31,yes,3.04,3.0384615384615383,3.04,yes,1.96,1.962882833513284,1.96,yes,6,6,yes,3.00,3,yes,1.00,1,yes,3.00,3.0,3.00,yes,"A[Množica] B[konceptualnih] C[in] D[izključno] E[likovnih] F[elementov]G[,] H[ki] I[jih] J[Bernard] K[vključuje] L[v] M[svoje] N[umetnine]O[,] P[nikjer] Q[ne] R[ustvarja] S[praznega] T[aditivnega] U[dela]V[,] W[v] X[katerem] Y[bi] Z[bili] A[le] B[sešteti] C[posamezni] D[postopki]E[.] ","(Množica >nmod ((konceptualnih >conj (in <cc izključno <advmod likovnih)) <amod elementov >acl (, <punct ki <mark jih <obj Bernard <nsubj vključuje >obl (v <case svoje <det umetnine) >punct ,))) <nsubj nikjer <advmod ne <advmod ustvarja >obj (praznega <amod aditivnega <amod dela >acl (, <punct (v <case katerem) <obl bi <aux bili <cop le <advmod sešteti >nsubj (posamezni <amod postopki))) >punct .",
179,ssj496.2646.9464,"Za njegovo slikarstvo je značilno vizualno natančno opredeljevanje prostorske in semantične lastnosti površine, njeno prehajanje iz ploskega vzorca v aluzivno prostorsko naracijo in izpostavljanje sintaktičnih lastnosti slikarskih sredstev.",30,30,yes,2.78,2.7777777777777777,2.78,yes,1.43,1.4309861416872334,1.43,yes,6,6,yes,1.00,1,yes,1.00,1,yes,1.00,1.0,1.00,yes,"A[Za] B[njegovo] C[slikarstvo] D[je] E[značilno] F[vizualno] G[natančno] H[opredeljevanje] I[prostorske] J[in] K[semantične] L[lastnosti] M[površine]N[,] O[njeno] P[prehajanje] Q[iz] R[ploskega] S[vzorca] T[v] U[aluzivno] V[prostorsko] W[naracijo] X[in] Y[izpostavljanje] Z[sintaktičnih] A[lastnosti] B[slikarskih] C[sredstev]D[.] ","(Za <case njegovo <det slikarstvo) <obl je <cop značilno >nsubj (vizualno <amod natančno <amod opredeljevanje >nmod ((prostorske >conj (in <cc semantične)) <amod lastnosti >nmod površine) >conj (, <punct njeno <det prehajanje >nmod (iz <case ploskega <amod vzorca) >nmod (v <case aluzivno <amod prostorsko <amod naracijo)) >conj (in <cc izpostavljanje >nmod (sintaktičnih <amod lastnosti >nmod (slikarskih <amod sredstev)))) >punct .",
180,ssj496.2646.9465,"Predvsem pa je izpostavljen oseben odnos med slikarjevim telesom in sliko, ki dobi včasih lastnosti objekta.",18,18,yes,1.73,1.7333333333333334,1.73,yes,1.50,1.4971259441917784,1.50,yes,7,7,yes,2.00,2,yes,1.00,1,yes,2.00,2.0,2.00,yes,"A[Predvsem] B[pa] C[je] D[izpostavljen] E[oseben] F[odnos] G[med] H[slikarjevim] I[telesom] J[in] K[sliko]L[,] M[ki] N[dobi] O[včasih] P[lastnosti] Q[objekta]R[.] ","Predvsem <advmod pa <advmod je <cop izpostavljen >nsubj (oseben <amod odnos >nmod (med <case slikarjevim <amod telesom >conj (in <cc sliko >acl (, <punct ki <mark dobi >advmod včasih >obj (lastnosti >nmod objekta))))) >punct .",
181,ssj496.2646.9466,Ta pridobi lastnosti izrazite empatije in prenosa dinamike lastnega dojemanja sveta ter eksistenčnega položaja avtorjevega telesa v njem na platno.,21,21,yes,2.21,2.210526315789474,2.21,yes,1.03,1.025562440746265,1.03,yes,9,9,yes,1.00,1,yes,1.00,1,yes,1.00,1.0,1.00,yes,A[Ta] B[pridobi] C[lastnosti] D[izrazite] E[empatije] F[in] G[prenosa] H[dinamike] I[lastnega] J[dojemanja] K[sveta] L[ter] M[eksistenčnega] N[položaja] O[avtorjevega] P[telesa] Q[v] R[njem] S[na] T[platno]U[.] ,Ta <nsubj pridobi >obj (lastnosti >nmod (izrazite <amod empatije >conj (in <cc prenosa >nmod (dinamike >nmod (lastnega <amod dojemanja >nmod sveta >conj (ter <cc eksistenčnega <amod položaja >nmod (avtorjevega <amod telesa) >nmod (v <case njem)))) >nmod (na <case platno)))) >punct .,
182,ssj496.2647.9467,"V Ardenih je tokrat zablestel Aerts, ki mu je bila to šele četrta zmaga v 7-letni karieri profesionalca.",22,22,yes,3.17,3.1666666666666665,3.17,yes,1.10,1.097225325226747,1.10,yes,6,6,yes,2.00,2,yes,1.00,1,yes,2.00,2.0,2.00,yes,"A[V] B[Ardenih] C[je] D[tokrat] E[zablestel] F[Aerts]G[,] H[ki] I[mu] J[je] K[bila] L[to] M[šele] N[četrta] O[zmaga] P[v] Q[7]R[-]S[letni] T[karieri] U[profesionalca]V[.] ","(V <case Ardenih) <obl je <aux tokrat <advmod zablestel >nsubj (Aerts >acl (, <punct ki <mark mu <iobj je <aux bila <cop to <nsubj (šele <advmod četrta) <amod zmaga >obl (v <case (7 <nummod - <punct letni) <amod karieri >nmod profesionalca))) >punct .",
183,ssj496.2647.9468,"Aerts je v zadnjih 8 kilometrih sledil napadu rojaka Axla Merckxa, nato pa v boju z Unaijem Etxebarrio, Bartolijem, Azevedom in Noeom modro čuval moč za skok na 20 odstotnem ciljnem klancu na Mur de Huy.",40,40,yes,3.60,3.6,3.60,yes,1.47,1.4696952598102992,1.47,yes,7,7,yes,2.00,2,yes,2.00,2,yes,1.00,1.0,1.00,yes,"A[Aerts] B[je] C[v] D[zadnjih] E[8] F[kilometrih] G[sledil] H[napadu] I[rojaka] J[Axla] K[Merckxa]L[,] M[nato] N[pa] O[v] P[boju] Q[z] R[Unaijem] S[Etxebarrio]T[,] U[Bartolijem]V[,] W[Azevedom] X[in] Y[Noeom] Z[modro] A[čuval] B[moč] C[za] D[skok] E[na] F[20] G[odstotnem] H[ciljnem] I[klancu] J[na] K[Mur] L[de] M[Huy]N[.] ","Aerts <nsubj je <aux (v <case zadnjih <amod 8 <nummod kilometrih) <obl sledil >obj (napadu >nmod (rojaka >nmod (Axla >flat Merckxa))) >parataxis (, <punct nato <advmod pa <advmod (v <case boju >nmod (z <case Unaijem >flat Etxebarrio >conj (, <punct Bartolijem) >conj (, <punct Azevedom) >conj (in <cc Noeom))) <obl modro <advmod čuval >obj moč >obl (za <case skok >nmod (na <case (20 <nummod odstotnem) <amod ciljnem <amod klancu >nmod (na <case Mur >nmod (de <nmod Huy))))) >punct .",
184,ssj496.2647.9469,"Oster ovinek tik pred ciljem, ki je največkrat odločil zmagovalca, je sijajno izpeljal in edini ni izgubil hitrosti.",21,21,yes,2.88,2.8823529411764706,2.88,yes,1.71,1.7120248185248026,1.71,yes,4,4,yes,3.00,3,yes,2.00,2,yes,1.50,1.5,1.50,yes,"A[Oster] B[ovinek] C[tik] D[pred] E[ciljem]F[,] G[ki] H[je] I[največkrat] J[odločil] K[zmagovalca]L[,] M[je] N[sijajno] O[izpeljal] P[in] Q[edini] R[ni] S[izgubil] T[hitrosti]U[.] ","(Oster <amod ovinek >nmod (tik <advmod pred <case ciljem) >acl (, <punct ki <mark je <aux največkrat <advmod odločil >obj zmagovalca >punct ,)) <obj je <aux sijajno <advmod izpeljal >conj (in <cc edini <obl ni <aux izgubil >obj hitrosti) >punct .",
185,ssj496.2648.9470,"»Za nami je en teden napornega dela in prav je, da imamo zdaj resno preskušnjo na tujem.",20,20,yes,1.88,1.875,1.88,yes,1.45,1.4508328822574619,1.45,yes,6,6,yes,3.00,3,yes,2.00,2,yes,1.50,1.5,1.50,yes,"A[»]B[Za] C[nami] D[je] E[en] F[teden] G[napornega] H[dela] I[in] J[prav] K[je]L[,] M[da] N[imamo] O[zdaj] P[resno] Q[preskušnjo] R[na] S[tujem]T[.] ","» <punct (Za <case nami) <obl je >nsubj (en <nummod teden >nmod (napornega <amod dela)) >conj (in <cc prav <advmod je >csubj (, <punct da <mark imamo >advmod zdaj >obj (resno <amod preskušnjo >nmod (na <case tujem)))) >punct .",
186,ssj496.2648.9471,"Gostovali bomo pač tudi na bližnjem SP, napočil pa je čas za dobre in odgovorne predstave še kje drugje, ne le v domačem okolju,« je poudaril slovenski selektor Matjaž Sekelj, a se pri priči spomnil tudi zadnjega, spodbudnega turnirja v tujini, februarja na Danskem.",52,52,yes,3.40,3.395348837209302,3.40,yes,0.66,0.6581935518320073,0.66,yes,8,8,yes,4.00,4,yes,4.00,4,yes,1.00,1.0,1.00,yes,"A[Gostovali] B[bomo] C[pač] D[tudi] E[na] F[bližnjem] G[SP]H[,] I[napočil] J[pa] K[je] L[čas] M[za] N[dobre] O[in] P[odgovorne] Q[predstave] R[še] S[kje] T[drugje]U[,] V[ne] W[le] X[v] Y[domačem] Z[okolju]A[,]B[«] C[je] D[poudaril] E[slovenski] F[selektor] G[Matjaž] H[Sekelj]I[,] J[a] K[se] L[pri] M[priči] N[spomnil] O[tudi] P[zadnjega]Q[,] R[spodbudnega] S[turnirja] T[v] U[tujini]V[,] W[februarja] X[na] Y[Danskem]Z[.] ","Gostovali >aux bomo >advmod pač >obl (tudi <advmod na <case bližnjem <amod SP) >parataxis (, <punct napočil >advmod pa >aux je >nsubj (čas >nmod (za <case (dobre >conj (in <cc odgovorne)) <amod predstave >advmod (še <advmod kje <advmod drugje >conj (, <punct (ne >fixed le) <cc v <case domačem <amod okolju))))) >punct , >punct « >parataxis (je <aux poudaril >nsubj (slovenski <amod selektor >nmod (Matjaž >flat Sekelj)) >conj (, <punct a <cc se <expl (pri <case priči) <obl spomnil >obj (tudi <advmod (zadnjega >conj (, <punct spodbudnega)) <amod turnirja >nmod (v <case tujini) >nmod (, <punct februarja) >nmod (na <case Danskem)))) >punct .",
187,ssj496.2648.9472,"Slovenija je tam celo osvojila 1. mesto, izgubila pa je le z drevišnjimi tekmeci z 0:1.",18,18,yes,2.73,2.7333333333333334,2.73,yes,1.15,1.1532221911660576,1.15,yes,4,4,yes,2.00,2,yes,2.00,2,yes,1.00,1.0,1.00,yes,"A[Slovenija] B[je] C[tam] D[celo] E[osvojila] F[1.] G[mesto]H[,] I[izgubila] J[pa] K[je] L[le] M[z] N[drevišnjimi] O[tekmeci] P[z] Q[0:1]R[.] ","Slovenija <nsubj je <aux tam <advmod celo <advmod osvojila >obj (1. <nummod mesto) >parataxis (, <punct izgubila >advmod pa >aux je >obl (le <advmod z <case drevišnjimi <amod tekmeci) >obl (z <case 0:1)) >punct .",
188,ssj496.2648.9473,"»Upam, da bomo ponovili pristop s tistih tekem na Danskem, lepo pa bi bilo, če bi se' azzurrom' oddolžili za poraz,« je še pristavil Sekelj.",34,34,yes,4.17,4.166666666666667,4.17,yes,0.51,0.5084841498137996,0.51,yes,6,6,yes,5.00,5,yes,3.00,3,yes,1.67,1.6666666666666667,1.67,yes,"A[»]B[Upam]C[,] D[da] E[bomo] F[ponovili] G[pristop] H[s] I[tistih] J[tekem] K[na] L[Danskem]M[,] N[lepo] O[pa] P[bi] Q[bilo]R[,] S[če] T[bi] U[se]V['] W[azzurrom]X['] Y[oddolžili] Z[za] A[poraz]B[,]C[«] D[je] E[še] F[pristavil] G[Sekelj]H[.] ","» <punct Upam >ccomp (, <punct da <mark bomo <aux ponovili >obj (pristop >nmod (s <case tistih <det tekem >nmod (na <case Danskem)))) >parataxis (, <punct lepo >advmod pa >aux bi >cop bilo >csubj (, <punct če <mark bi <aux se <expl (' <punct azzurrom >punct ') <obj oddolžili >obl (za <case poraz))) >punct , >punct « >parataxis (je <aux še <advmod pristavil >nsubj Sekelj) >punct .",
189,ssj497.2649.9474,"Leta 1948 je Gradbeno podjetje Primorje skupaj z Marjanom Černigojem, ki še danes vodi mlade novogoriške gimnastičarke, ustanovilo Fiskulturno društvo Nova Gorica.",25,25,yes,4.38,4.380952380952381,4.38,yes,1.54,1.5428612163130895,1.54,yes,5,5,yes,2.00,2,yes,1.00,1,yes,2.00,2.0,2.00,yes,"A[Leta] B[1948] C[je] D[Gradbeno] E[podjetje] F[Primorje] G[skupaj] H[z] I[Marjanom] J[Černigojem]K[,] L[ki] M[še] N[danes] O[vodi] P[mlade] Q[novogoriške] R[gimnastičarke]S[,] T[ustanovilo] U[Fiskulturno] V[društvo] W[Nova] X[Gorica]Y[.] ","(Leta >nummod 1948) <obl je <aux (Gradbeno <amod podjetje >nmod Primorje) <nsubj (skupaj <advmod z <case Marjanom >flat Černigojem >acl (, <punct ki <mark (še <advmod danes) <advmod vodi >obj (mlade <amod novogoriške <amod gimnastičarke) >punct ,)) <obl ustanovilo >obj (Fiskulturno <amod društvo >nmod (Nova <amod Gorica)) >punct .",
190,ssj497.2649.9475,"V začetku je društvo razpolagalo le z nekaj metrov dolgim in širokim prostorom v solkanski frnaži, kjer je vadila predvsem solkanska mladina.",24,24,yes,2.76,2.761904761904762,2.76,yes,1.31,1.3110596022557652,1.31,yes,5,5,yes,2.00,2,yes,1.00,1,yes,2.00,2.0,2.00,yes,"A[V] B[začetku] C[je] D[društvo] E[razpolagalo] F[le] G[z] H[nekaj] I[metrov] J[dolgim] K[in] L[širokim] M[prostorom] N[v] O[solkanski] P[frnaži]Q[,] R[kjer] S[je] T[vadila] U[predvsem] V[solkanska] W[mladina]X[.] ","(V <case začetku) <obl je <aux društvo <nsubj razpolagalo >obl (le <advmod z <case ((nekaj <det metrov) <nmod dolgim >conj (in <cc širokim)) <amod prostorom >nmod (v <case solkanski <amod frnaži) >acl (, <punct kjer <mark je <aux vadila >nsubj (predvsem <advmod solkanska <amod mladina))) >punct .",
191,ssj497.2649.9476,Kmalu nato so se Novogoričani povezali s sorodnimi društvi v Šempetru in Biljah in organizirali prve atletske troboje.,19,19,yes,2.29,2.2941176470588234,2.29,yes,1.48,1.4821381045687052,1.48,yes,5,5,yes,2.00,2,yes,2.00,2,yes,1.00,1.0,1.00,yes,A[Kmalu] B[nato] C[so] D[se] E[Novogoričani] F[povezali] G[s] H[sorodnimi] I[društvi] J[v] K[Šempetru] L[in] M[Biljah] N[in] O[organizirali] P[prve] Q[atletske] R[troboje]S[.] ,(Kmalu <advmod nato) <advmod so <aux se <expl Novogoričani <nsubj povezali >obl (s <case sorodnimi <amod društvi >nmod (v <case Šempetru >conj (in <cc Biljah))) >conj (in <cc organizirali >obj (prve <amod atletske <amod troboje)) >punct .,
192,ssj497.2649.9477,"Na rezultate dobrega dela so pokazali predvsem tekmovalni uspehi Julijana Gomiščka, Andreja in Joška Štruklja, Marjana Černigoja in Marjana Šebenika.",23,23,yes,2.42,2.4210526315789473,2.42,yes,1.48,1.4838968068745932,1.48,yes,6,6,yes,1.00,1,yes,1.00,1,yes,1.00,1.0,1.00,yes,"A[Na] B[rezultate] C[dobrega] D[dela] E[so] F[pokazali] G[predvsem] H[tekmovalni] I[uspehi] J[Julijana] K[Gomiščka]L[,] M[Andreja] N[in] O[Joška] P[Štruklja]Q[,] R[Marjana] S[Černigoja] T[in] U[Marjana] V[Šebenika]W[.] ","(Na <case rezultate >nmod (dobrega <amod dela)) <obl so <aux pokazali >nsubj (predvsem <advmod tekmovalni <amod uspehi >nmod (Julijana >flat Gomiščka >conj (, <punct Andreja >conj (in <cc Joška >flat Štruklja)) >conj (, <punct Marjana >flat Černigoja) >conj (in <cc Marjana >flat Šebenika))) >punct .",
193,ssj498.2650.9478,"Imenovanje Slovenca Stojana Spetiča za vodjo vladnega urada za manjšine je gotovo spodbudilo priprave za sprejem slovenskega zakona, še prej pa krovnega zakona o zaščiti manjšin, ki so ga lani že prejeli v poslanski zbornici, zataknil pa se je v senatu.",45,45,yes,2.73,2.725,2.73,yes,2.12,2.1244459776725293,2.12,yes,6,6,yes,3.00,3,yes,2.00,2,yes,1.50,1.5,1.50,yes,"A[Imenovanje] B[Slovenca] C[Stojana] D[Spetiča] E[za] F[vodjo] G[vladnega] H[urada] I[za] J[manjšine] K[je] L[gotovo] M[spodbudilo] N[priprave] O[za] P[sprejem] Q[slovenskega] R[zakona]S[,] T[še] U[prej] V[pa] W[krovnega] X[zakona] Y[o] Z[zaščiti] A[manjšin]B[,] C[ki] D[so] E[ga] F[lani] G[že] H[prejeli] I[v] J[poslanski] K[zbornici]L[,] M[zataknil] N[pa] O[se] P[je] Q[v] R[senatu]S[.] ","(Imenovanje >nmod (Slovenca >nmod (Stojana >flat Spetiča))) <nsubj (za <case vodjo >nmod (vladnega <amod urada >nmod (za <case manjšine))) <obl je <aux gotovo <advmod spodbudilo >obj (priprave >nmod (za <case sprejem >nmod (slovenskega <amod zakona))) >parataxis (, <punct (še <advmod prej) <orphan pa <orphan krovnega <amod zakona >nmod (o <case zaščiti >nmod manjšin) >acl (, <punct ki <mark so <aux ga <obj lani <advmod že <advmod prejeli >obl (v <case poslanski <amod zbornici) >parataxis (, <punct zataknil >advmod pa >expl se >aux je >obl (v <case senatu)))) >punct .",
194,ssj498.2650.9479,"V Italiji je namreč dvanajst manjšin, zares zaščiteni pa sta samo dve, nemška in francoska, ki sta vedno imeli za seboj močna, mednarodno vplivna in vztrajna matična naroda.",33,33,yes,2.63,2.6296296296296298,2.63,yes,1.23,1.230381566299233,1.23,yes,9,9,yes,3.00,3,yes,2.00,2,yes,1.50,1.5,1.50,yes,"A[V] B[Italiji] C[je] D[namreč] E[dvanajst] F[manjšin]G[,] H[zares] I[zaščiteni] J[pa] K[sta] L[samo] M[dve]N[,] O[nemška] P[in] Q[francoska]R[,] S[ki] T[sta] U[vedno] V[imeli] W[za] X[seboj] Y[močna]Z[,] A[mednarodno] B[vplivna] C[in] D[vztrajna] E[matična] F[naroda]G[.] ","(V <case Italiji) <obl je >advmod namreč >nsubj (dvanajst <nummod manjšin) >parataxis (, <punct zares <advmod zaščiteni >advmod pa >cop sta >nsubj (samo <advmod dve >appos (, <punct nemška >conj (in <cc francoska) >acl (, <punct ki <mark sta <aux vedno <advmod imeli >obl (za <case seboj) >obj ((močna >conj (, <punct mednarodno <advmod vplivna) >conj (in <cc vztrajna)) <amod matična <amod naroda))))) >punct .",
195,ssj498.2650.9480,"Ministrica Belillova se zavzema za to, da bi krovni manjšinski zakon na hitro odobrili brez popravkov in razprav.",20,20,yes,2.59,2.588235294117647,2.59,yes,1.16,1.1587775627260082,1.16,yes,6,6,yes,2.00,2,yes,1.00,1,yes,2.00,2.0,2.00,yes,"A[Ministrica] B[Belillova] C[se] D[zavzema] E[za] F[to]G[,] H[da] I[bi] J[krovni] K[manjšinski] L[zakon] M[na] N[hitro] O[odobrili] P[brez] Q[popravkov] R[in] S[razprav]T[.] ","(Ministrica >amod Belillova) <nsubj se <expl zavzema >obl (za <case to >acl (, <punct da <mark bi <aux (krovni <amod manjšinski <amod zakon) <obj (na <case hitro) <obl odobrili >obl (brez <case popravkov >conj (in <cc razprav)))) >punct .",
196,ssj499.2651.9481,"LJUBLJANA Letošnji Festival za tretje življenjsko obdobje bo starejšim ljudem ponudil bogato izbiro zamisli in možnosti, kako v zrelih letih živeti čim bolj polno in zadovoljno.",28,28,yes,2.52,2.52,2.52,yes,1.88,1.8841266473099538,1.88,yes,8,8,yes,2.00,2,yes,1.00,1,yes,2.00,2.0,2.00,yes,"A[LJUBLJANA] B[Letošnji] C[Festival] D[za] E[tretje] F[življenjsko] G[obdobje] H[bo] I[starejšim] J[ljudem] K[ponudil] L[bogato] M[izbiro] N[zamisli] O[in] P[možnosti]Q[,] R[kako] S[v] T[zrelih] U[letih] V[živeti] W[čim] X[bolj] Y[polno] Z[in] A[zadovoljno]B[.] ","LJUBLJANA <parataxis (Letošnji <amod Festival >nmod (za <case tretje <amod življenjsko <amod obdobje)) <nsubj bo <aux (starejšim <amod ljudem) <iobj ponudil >obj (bogato <amod izbiro >nmod (zamisli >conj (in <cc možnosti >acl (, <punct kako <advmod (v <case zrelih <amod letih) <obl živeti >advmod ((čim <advmod bolj) <advmod polno >conj (in <cc zadovoljno)))))) >punct .",
197,ssj499.2651.9482,"Tako zatrjujejo v Zvezi društev upokojencev Slovenije, ki organizira to že tradicionalno jesensko prireditev za starejše v Cankarjevem domu.",21,21,yes,2.39,2.388888888888889,2.39,yes,0.92,0.9209311114306573,0.92,yes,6,6,yes,2.00,2,yes,1.00,1,yes,2.00,2.0,2.00,yes,"A[Tako] B[zatrjujejo] C[v] D[Zvezi] E[društev] F[upokojencev] G[Slovenije]H[,] I[ki] J[organizira] K[to] L[že] M[tradicionalno] N[jesensko] O[prireditev] P[za] Q[starejše] R[v] S[Cankarjevem] T[domu]U[.] ","Tako <advmod zatrjujejo >obl (v <case Zvezi >nmod (društev >nmod (upokojencev >nmod Slovenije)) >acl (, <punct ki <mark organizira >obj (to <det (že <advmod tradicionalno) <amod jesensko <amod prireditev >nmod (za <case starejše)) >obl (v <case Cankarjevem <amod domu))) >punct .",
198,ssj499.2651.9483,"Dvodnevni festival se pričenja danes dopoldne, potekal pa bo pod geslom Starejši spreminjamo sebe in svet za vse generacije.",21,21,yes,1.94,1.9444444444444444,1.94,yes,1.47,1.4733567559147787,1.47,yes,7,7,yes,3.00,3,yes,2.00,2,yes,1.50,1.5,1.50,yes,"A[Dvodnevni] B[festival] C[se] D[pričenja] E[danes] F[dopoldne]G[,] H[potekal] I[pa] J[bo] K[pod] L[geslom] M[Starejši] N[spreminjamo] O[sebe] P[in] Q[svet] R[za] S[vse] T[generacije]U[.] ","(Dvodnevni <amod festival) <nsubj se <expl pričenja >advmod danes >advmod dopoldne >parataxis (, <punct potekal >advmod pa >aux bo >obl (pod <case geslom >acl (Starejši <nsubj spreminjamo >obj (sebe >conj (in <cc svet)) >obl (za <case vse <det generacije)))) >punct .",
199,ssj499.2651.9484,"S pestrejšo predstavitvijo dejavnosti starejših in storitev, namenjenih starejšim ljudem, s predavanji, okroglimi mizami in izobraževalnimi delavnicami ter spremljajočim kulturnim in družabnim dogajanjem želijo organizatorji na to prireditev privabiti še več obiskovalcev kot prejšnja leta.",39,39,yes,4.41,4.411764705882353,4.41,yes,1.93,1.9268239258301507,1.93,yes,8,8,yes,2.00,2,yes,1.00,1,yes,2.00,2.0,2.00,yes,"A[S] B[pestrejšo] C[predstavitvijo] D[dejavnosti] E[starejših] F[in] G[storitev]H[,] I[namenjenih] J[starejšim] K[ljudem]L[,] M[s] N[predavanji]O[,] P[okroglimi] Q[mizami] R[in] S[izobraževalnimi] T[delavnicami] U[ter] V[spremljajočim] W[kulturnim] X[in] Y[družabnim] Z[dogajanjem] A[želijo] B[organizatorji] C[na] D[to] E[prireditev] F[privabiti] G[še] H[več] I[obiskovalcev] J[kot] K[prejšnja] L[leta]M[.] ","želijo >nsubj organizatorji >xcomp ((S <case pestrejšo <amod predstavitvijo >nmod (dejavnosti >amod starejših >conj (in <cc storitev >amod (, <punct namenjenih >nmod (starejšim <amod ljudem)))) >conj (, <punct s <case predavanji) >conj (, <punct okroglimi <amod mizami) >conj (in <cc izobraževalnimi <amod delavnicami) >conj (ter <cc spremljajočim <amod (kulturnim >conj (in <cc družabnim)) <amod dogajanjem)) <obl (na <case to <det prireditev) <obl privabiti >obj ((še <advmod več >obl (kot <case prejšnja <amod leta)) <det obiskovalcev)) >punct .",
200,ssj499.2651.9485,"Irena Levičnik iz ZDUS ugotavlja, da so prejšnje festivale za starejše najbolj številčno in organizirano obiskala društva upokojencev iz okoliških krajev, manj zanimanja pa so pokazali starejši Ljubljančani, ki jim je prizorišče festivala najbolj pri roki.",40,40,yes,3.31,3.3142857142857145,3.31,yes,1.38,1.3841508573448058,1.38,yes,6,6,yes,4.00,4,yes,2.00,2,yes,2.00,2.0,2.00,yes,"A[Irena] B[Levičnik] C[iz] D[ZDUS] E[ugotavlja]F[,] G[da] H[so] I[prejšnje] J[festivale] K[za] L[starejše] M[najbolj] N[številčno] O[in] P[organizirano] Q[obiskala] R[društva] S[upokojencev] T[iz] U[okoliških] V[krajev]W[,] X[manj] Y[zanimanja] Z[pa] A[so] B[pokazali] C[starejši] D[Ljubljančani]E[,] F[ki] G[jim] H[je] I[prizorišče] J[festivala] K[najbolj] L[pri] M[roki]N[.] ","(Irena >flat Levičnik >nmod (iz <case ZDUS)) <nsubj ugotavlja >ccomp (, <punct da <mark so <aux (prejšnje <amod festivale >nmod (za <case starejše)) <obj (najbolj <advmod številčno >conj (in <cc organizirano)) <advmod obiskala >nsubj (društva >nmod (upokojencev >nmod (iz <case okoliških <amod krajev))) >punct ,) >parataxis ((manj <det zanimanja) <obj pa <advmod so <aux pokazali >nsubj (starejši <amod Ljubljančani >acl (, <punct ki <mark jim <obj je >nsubj (prizorišče >nmod festivala) >obl (najbolj <advmod pri <case roki)))) >punct .",
201,ssj499.2651.9486,Na vse prireditve je vstop prost.,7,7,yes,1.80,1.8,1.80,yes,1.11,1.1128120259289587,1.11,yes,3,3,yes,1.00,1,yes,1.00,1,yes,1.00,1.0,1.00,yes,A[Na] B[vse] C[prireditve] D[je] E[vstop] F[prost]G[.] ,(Na <case vse <det prireditve) <obl je <cop vstop <nsubj prost >punct .,
202,ssj499.2651.9487,(mu),3,3,yes,0.00,n/a,n/a,NO,0.00,n/a,n/a,NO,2,2,yes,1.00,1,yes,1.00,1,yes,1.00,1.0,1.00,yes,A[(]B[mu]C[)] ,( <punct mu >punct ),MDD: STARK=0.00 vs SyntComplex=n/a (na_vs_numeric); NDD: STARK=0.00 vs SyntComplex=n/a (na_vs_numeric)
203,ssj499.2652.9488,"Ali kmetje res ne uporabljajo več herbicidov za zatiranje plevela, so se prejšnji teden hotele prepričati tudi inšpektorice kmetijskega inšpektorata, delavci Zavoda za zdravstveno varstvo Maribor pa so vzeli vzorce zemlje.",34,34,yes,2.87,2.8666666666666667,2.87,yes,2.03,2.033743137359616,2.03,yes,6,6,yes,4.00,4,yes,2.00,2,yes,2.00,2.0,2.00,yes,"A[Ali] B[kmetje] C[res] D[ne] E[uporabljajo] F[več] G[herbicidov] H[za] I[zatiranje] J[plevela]K[,] L[so] M[se] N[prejšnji] O[teden] P[hotele] Q[prepričati] R[tudi] S[inšpektorice] T[kmetijskega] U[inšpektorata]V[,] W[delavci] X[Zavoda] Y[za] Z[zdravstveno] A[varstvo] B[Maribor] C[pa] D[so] E[vzeli] F[vzorce] G[zemlje]H[.] ","so <aux hotele >xcomp ((Ali <mark kmetje <nsubj res <advmod ne <advmod uporabljajo >advmod več >obj (herbicidov >nmod (za <case zatiranje >nmod plevela)) >punct ,) <ccomp se <expl (prejšnji <amod teden) <obl prepričati >nsubj (tudi <advmod inšpektorice >nmod (kmetijskega <amod inšpektorata))) >parataxis (, <punct (delavci >nmod (Zavoda >nmod (za <case zdravstveno <amod varstvo) >nmod Maribor)) <nsubj pa <advmod so <aux vzeli >obj (vzorce >nmod zemlje)) >punct .",
204,ssj499.2652.9489,"Več bo znano po opravljenih analizah, dejstvo pa je, da vsebnost strupa v vodi upada, vendar je zaradi počasne razstrupitve voda še vedno neprimerna za pitje.",30,30,yes,3.24,3.24,3.24,yes,0.98,0.9831707269639173,0.98,yes,6,6,yes,4.00,4,yes,3.00,3,yes,1.33,1.3333333333333333,1.33,yes,"A[Več] B[bo] C[znano] D[po] E[opravljenih] F[analizah]G[,] H[dejstvo] I[pa] J[je]K[,] L[da] M[vsebnost] N[strupa] O[v] P[vodi] Q[upada]R[,] S[vendar] T[je] U[zaradi] V[počasne] W[razstrupitve] X[voda] Y[še] Z[vedno] A[neprimerna] B[za] C[pitje]D[.] ","Več <advmod bo <cop znano >obl (po <case opravljenih <amod analizah) >parataxis (, <punct dejstvo >advmod pa >cop je >csubj (, <punct da <mark (vsebnost >nmod strupa >nmod (v <case vodi)) <nsubj upada >conj (, <punct vendar <cc je <cop (zaradi <case počasne <amod razstrupitve) <obl voda <nsubj še <advmod vedno <advmod neprimerna >obl (za <case pitje)))) >punct .",
205,ssj500.2653.9490,"Prizori, da te zmrazi - z brizgalkami očitno igrajo pikado, nesnage vseh vrst do stropa",17,17,yes,2.46,2.4615384615384617,2.46,yes,0.38,0.3816881333925785,0.38,yes,5,5,yes,3.00,3,yes,2.00,2,yes,1.50,1.5,1.50,yes,"A[Prizori]B[,] C[da] D[te] E[zmrazi] F[-] G[z] H[brizgalkami] I[očitno] J[igrajo] K[pikado]L[,] M[nesnage] N[vseh] O[vrst] P[do] Q[stropa] ","Prizori >acl (, <punct da <mark te <obj zmrazi) >parataxis (- <punct (z <case brizgalkami) <obl očitno <advmod igrajo >obj pikado >conj (, <punct nesnage >nmod (vseh <det vrst) >nmod (do <case stropa)))",
206,ssj500.2654.9491,Zgrabil je Madreouovega zasebnega tajnika Dimitriosa Joannidisa v ilegalni igralnici v starem delu Aten.,15,15,yes,2.23,2.230769230769231,2.23,yes,0.48,0.48012820620583097,0.48,yes,4,4,yes,1.00,1,yes,1.00,1,yes,1.00,1.0,1.00,yes,A[Zgrabil] B[je] C[Madreouovega] D[zasebnega] E[tajnika] F[Dimitriosa] G[Joannidisa] H[v] I[ilegalni] J[igralnici] K[v] L[starem] M[delu] N[Aten]O[.] ,Zgrabil >aux je >obj (Madreouovega <amod zasebnega <amod tajnika >nmod (Dimitriosa >flat Joannidisa)) >obl (v <case ilegalni <amod igralnici >nmod (v <case starem <amod delu >nmod Aten)) >punct .,
207,ssj500.2654.9492,"Jim je dobil namig o njegovem ukvarjanju s prepovedanimi igrami od nekega politika, ki je bil blizu družini Andraxos.",21,21,yes,2.22,2.2222222222222223,2.22,yes,1.20,1.1959843270643655,1.20,yes,5,5,yes,2.00,2,yes,1.00,1,yes,2.00,2.0,2.00,yes,"A[Jim] B[je] C[dobil] D[namig] E[o] F[njegovem] G[ukvarjanju] H[s] I[prepovedanimi] J[igrami] K[od] L[nekega] M[politika]N[,] O[ki] P[je] Q[bil] R[blizu] S[družini] T[Andraxos]U[.] ","Jim <nsubj je <aux dobil >obj (namig >nmod (o <case njegovem <det ukvarjanju >nmod (s <case prepovedanimi <amod igrami))) >obl (od <case nekega <det politika >acl (, <punct ki <mark je <aux bil >obl (blizu <case družini >nmod Andraxos))) >punct .",
208,ssj500.2655.9493,"Ribji zvitki s špinačo: 60 dag očiščene in oprane špinače dušimo na margarini 20 minut, jo začinimo s soljo in poprom.",24,24,yes,2.60,2.6,2.60,yes,1.78,1.7848080166435594,1.78,yes,6,6,yes,2.00,2,yes,2.00,2,yes,1.00,1.0,1.00,yes,"A[Ribji] B[zvitki] C[s] D[špinačo]E[:] F[60] G[dag] H[očiščene] I[in] J[oprane] K[špinače] L[dušimo] M[na] N[margarini] O[20] P[minut]Q[,] R[jo] S[začinimo] T[s] U[soljo] V[in] W[poprom]X[.] ","(Ribji <amod zvitki >nmod (s <case špinačo) >punct :) <parataxis (60 <nummod dag >nmod ((očiščene >conj (in <cc oprane)) <amod špinače)) <obj dušimo >obl (na <case margarini) >obl (20 <nummod minut) >parataxis (, <punct jo <obj začinimo >obl (s <case soljo >conj (in <cc poprom))) >punct .",
209,ssj500.2655.9494,"4 osličeve fileje solimo, popopramo in pokapamo z limoninim sokom in na vsakega položimo rezino pršuta.",18,18,yes,1.93,1.9333333333333333,1.93,yes,1.39,1.3879266522267864,1.39,yes,6,6,yes,4.00,4,yes,4.00,4,yes,1.00,1.0,1.00,yes,"A[4] B[osličeve] C[fileje] D[solimo]E[,] F[popopramo] G[in] H[pokapamo] I[z] J[limoninim] K[sokom] L[in] M[na] N[vsakega] O[položimo] P[rezino] Q[pršuta]R[.] ","(4 <nummod osličeve <amod fileje) <obj solimo >parataxis (, <punct popopramo >conj (in <cc pokapamo >obl (z <case limoninim <amod sokom) >conj (in <cc (na <case vsakega) <obl položimo >obj (rezino >nmod pršuta)))) >punct .",
210,ssj500.2655.9495,Fileje zvijemo in jih povežemo z nitko.,8,8,yes,1.67,1.6666666666666667,1.67,yes,0.73,0.7316277011280093,0.73,yes,4,4,yes,2.00,2,yes,2.00,2,yes,1.00,1.0,1.00,yes,A[Fileje] B[zvijemo] C[in] D[jih] E[povežemo] F[z] G[nitko]H[.] ,Fileje <obj zvijemo >conj (in <cc jih <obj povežemo >obl (z <case nitko)) >punct .,
211,ssj500.2655.9496,"Na olju svetlo zdušimo sesekljano čebulo, dodamo 3 lovorove liste, 3 nageljnove žbice, rezino limone in četrt litra belega vina.",24,24,yes,2.47,2.473684210526316,2.47,yes,1.26,1.2596580475995474,1.26,yes,6,6,yes,2.00,2,yes,2.00,2,yes,1.00,1.0,1.00,yes,"A[Na] B[olju] C[svetlo] D[zdušimo] E[sesekljano] F[čebulo]G[,] H[dodamo] I[3] J[lovorove] K[liste]L[,] M[3] N[nageljnove] O[žbice]P[,] Q[rezino] R[limone] S[in] T[četrt] U[litra] V[belega] W[vina]X[.] ","(Na <case olju) <obl svetlo <advmod zdušimo >obj (sesekljano <amod čebulo) >parataxis (, <punct dodamo >obj (3 <nummod lovorove <amod liste >conj (, <punct 3 <nummod nageljnove <amod žbice) >conj (, <punct rezino >nmod limone) >conj (in <cc četrt <det litra >nmod (belega <amod vina)))) >punct .",
212,ssj500.2655.9497,"Ko vse skupaj zavre, vložimo fileje in jih dušimo dobrih 10 minut.",14,14,yes,2.00,2.0,2.00,yes,1.40,1.4016801904532676,1.40,yes,4,4,yes,3.00,3,yes,2.00,2,yes,1.50,1.5,1.50,yes,"A[Ko] B[vse] C[skupaj] D[zavre]E[,] F[vložimo] G[fileje] H[in] I[jih] J[dušimo] K[dobrih] L[10] M[minut]N[.] ","(Ko <mark vse <nsubj skupaj <advmod zavre >punct ,) <advcl vložimo >obj fileje >conj (in <cc jih <obj dušimo >obl (dobrih <amod 10 <nummod minut)) >punct .",
213,ssj500.2655.9498,"Dušeno špinačo naložimo na krožnik, na njo položimo ribje zvitke in polijemo z omako, ki jo prej legiramo z rumenjakom in smetano.",25,25,yes,1.95,1.9523809523809523,1.95,yes,1.40,1.4025177342148816,1.40,yes,8,8,yes,4.00,4,yes,3.00,3,yes,1.33,1.3333333333333333,1.33,yes,"A[Dušeno] B[špinačo] C[naložimo] D[na] E[krožnik]F[,] G[na] H[njo] I[položimo] J[ribje] K[zvitke] L[in] M[polijemo] N[z] O[omako]P[,] Q[ki] R[jo] S[prej] T[legiramo] U[z] V[rumenjakom] W[in] X[smetano]Y[.] ","(Dušeno <amod špinačo) <obj naložimo >obl (na <case krožnik) >parataxis (, <punct (na <case njo) <obl položimo >obj (ribje <amod zvitke) >conj (in <cc polijemo >obl (z <case omako >acl (, <punct ki <mark jo <obj prej <advmod legiramo >obl (z <case rumenjakom >conj (in <cc smetano)))))) >punct .",
214,ssj501.2656.9499,"Češčenje Marijinega Srca so posebno pospeševale bratovščine v 18., 19. in 20. stoletju, in to tudi pri nas.",21,21,yes,3.53,3.5294117647058822,3.53,yes,1.05,1.0513551884762509,1.05,yes,5,5,yes,1.00,1,yes,1.00,1,yes,1.00,1.0,1.00,yes,"A[Češčenje] B[Marijinega] C[Srca] D[so] E[posebno] F[pospeševale] G[bratovščine] H[v] I[18.]J[,] K[19.] L[in] M[20.] N[stoletju]O[,] P[in] Q[to] R[tudi] S[pri] T[nas]U[.] ","(Češčenje >nmod (Marijinega <amod Srca)) <obj so <aux posebno <advmod pospeševale >nsubj bratovščine >obl (v <case (18. >conj (, <punct 19.) >conj (in <cc 20.)) <nummod stoletju) >conj (, <punct (in >fixed to) <cc tudi <advmod pri <case nas) >punct .",
215,ssj501.2656.9500,Prva bratovščina Marijinega Srca na Slovenskem je bila ustanovljena leta 1718 v samostanu klaris v Mekinjah na Gorenjskem.,19,19,yes,2.00,2.0,2.00,yes,1.82,1.8220717801362725,1.82,yes,5,5,yes,1.00,1,yes,1.00,1,yes,1.00,1.0,1.00,yes,A[Prva] B[bratovščina] C[Marijinega] D[Srca] E[na] F[Slovenskem] G[je] H[bila] I[ustanovljena] J[leta] K[1718] L[v] M[samostanu] N[klaris] O[v] P[Mekinjah] Q[na] R[Gorenjskem]S[.] ,(Prva <amod bratovščina >nmod (Marijinega <amod Srca) >nmod (na <case Slovenskem)) <nsubj je <aux bila <cop ustanovljena >obl (leta >nummod 1718) >obl (v <case samostanu >nmod klaris >nmod (v <case Mekinjah >nmod (na <case Gorenjskem))) >punct .,
216,ssj501.2656.9501,Škof Anton Martin Slomšek je ustanovil leta 1861 v mariborskem bogoslovnem semenišču takšno bratovščino.,15,15,yes,2.54,2.5384615384615383,2.54,yes,1.25,1.2467962093398526,1.25,yes,4,4,yes,1.00,1,yes,1.00,1,yes,1.00,1.0,1.00,yes,A[Škof] B[Anton] C[Martin] D[Slomšek] E[je] F[ustanovil] G[leta] H[1861] I[v] J[mariborskem] K[bogoslovnem] L[semenišču] M[takšno] N[bratovščino]O[.] ,(Škof >nmod (Anton >flat Martin >flat Slomšek)) <nsubj je <aux ustanovil >obl (leta >nummod 1861) >obl (v <case mariborskem <amod bogoslovnem <amod semenišču) >obj (takšno <det bratovščino) >punct .,
217,ssj501.2656.9502,Škof Friderik Baraga je imel v svojem škofovskem grbu Marijino Srce.,12,12,yes,2.40,2.4,2.40,yes,1.08,1.0805427653601731,1.08,yes,4,4,yes,1.00,1,yes,1.00,1,yes,1.00,1.0,1.00,yes,A[Škof] B[Friderik] C[Baraga] D[je] E[imel] F[v] G[svojem] H[škofovskem] I[grbu] J[Marijino] K[Srce]L[.] ,(Škof >nmod (Friderik >flat Baraga)) <nsubj je <aux imel >obl (v <case svojem <det škofovskem <amod grbu) >obj (Marijino <amod Srce) >punct .,
218,ssj501.2656.9503,"Nadškof Anton Bonaventura Jeglič je bil goreč častilec in apostol Marijinega Srca, prav tako tudi škof Janez Gnidovec.",20,20,yes,2.35,2.3529411764705883,2.35,yes,1.60,1.6006613328103059,1.60,yes,4,4,yes,1.00,1,yes,1.00,1,yes,1.00,1.0,1.00,yes,"A[Nadškof] B[Anton] C[Bonaventura] D[Jeglič] E[je] F[bil] G[goreč] H[častilec] I[in] J[apostol] K[Marijinega] L[Srca]M[,] N[prav] O[tako] P[tudi] Q[škof] R[Janez] S[Gnidovec]T[.] ","(Nadškof >nmod (Anton >flat Bonaventura >flat Jeglič)) <nsubj je <aux bil <cop goreč <amod častilec >conj (in <cc apostol) >nmod (Marijinega <amod Srca) >parataxis (, <punct (prav <advmod tako) <orphan tudi <advmod škof >nmod (Janez >flat Gnidovec)) >punct .",
219,ssj501.2657.9504,"Kot domača Cerkev naj bo naša družina skupnost milosti in molitve, šola človeških in krščanskih kreposti, zlasti ljubezni.",21,21,yes,2.35,2.3529411764705883,2.35,yes,1.60,1.6006613328103059,1.60,yes,6,6,yes,1.00,1,yes,1.00,1,yes,1.00,1.0,1.00,yes,"A[Kot] B[domača] C[Cerkev] D[naj] E[bo] F[naša] G[družina] H[skupnost] I[milosti] J[in] K[molitve]L[,] M[šola] N[človeških] O[in] P[krščanskih] Q[kreposti]R[,] S[zlasti] T[ljubezni]U[.] ","(Kot <case domača <amod Cerkev) <obl naj <advmod bo <cop (naša <det družina) <nsubj skupnost >nmod (milosti >conj (in <cc molitve)) >conj (, <punct šola >nmod ((človeških >conj (in <cc krščanskih)) <amod kreposti >appos (, <punct zlasti <advmod ljubezni))) >punct .",
220,ssj501.2657.9505,"Radi bomo sodelovali pri življenju župnije, se udeleževali svete maše in v zakramentu svete pokore uresničevali spravo z Bogom in med seboj.",24,24,yes,2.24,2.238095238095238,2.24,yes,1.27,1.2659421992091309,1.27,yes,7,7,yes,3.00,3,yes,3.00,3,yes,1.00,1.0,1.00,yes,"A[Radi] B[bomo] C[sodelovali] D[pri] E[življenju] F[župnije]G[,] H[se] I[udeleževali] J[svete] K[maše] L[in] M[v] N[zakramentu] O[svete] P[pokore] Q[uresničevali] R[spravo] S[z] T[Bogom] U[in] V[med] W[seboj]X[.] ","Radi <advmod bomo <aux sodelovali >obl (pri <case življenju >nmod župnije) >parataxis (, <punct se <expl udeleževali >obj (svete <amod maše) >conj (in <cc (v <case zakramentu >nmod (svete <amod pokore)) <obl uresničevali >obj (spravo >nmod (z <case Bogom >conj (in <cc med <case seboj))))) >punct .",
221,ssj501.2657.9506,Evharistični Kruh naj napravlja iz nas eno samo telo.,10,10,yes,1.88,1.875,1.88,yes,1.10,1.1042592919774892,1.10,yes,3,3,yes,1.00,1,yes,1.00,1,yes,1.00,1.0,1.00,yes,A[Evharistični] B[Kruh] C[naj] D[napravlja] E[iz] F[nas] G[eno] H[samo] I[telo]J[.] ,(Evharistični <amod Kruh) <nsubj naj <advmod napravlja >obl (iz <case nas) >obj (eno <nummod samo <amod telo) >punct .,
222,ssj501.2657.9507,"Vsakodnevna družinska in osebna molitev pa naj nam bo najmočnejša spodbuda za sprejemanje odgovornosti, ki jih imamo kot krščanska družina.",22,22,yes,2.53,2.526315789473684,2.53,yes,1.74,1.744405094240955,1.74,yes,6,6,yes,2.00,2,yes,1.00,1,yes,2.00,2.0,2.00,yes,"A[Vsakodnevna] B[družinska] C[in] D[osebna] E[molitev] F[pa] G[naj] H[nam] I[bo] J[najmočnejša] K[spodbuda] L[za] M[sprejemanje] N[odgovornosti]O[,] P[ki] Q[jih] R[imamo] S[kot] T[krščanska] U[družina]V[.] ","(Vsakodnevna <amod (družinska >conj (in <cc osebna)) <amod molitev) <nsubj pa <advmod naj <advmod nam <obj bo <cop najmočnejša <amod spodbuda >nmod (za <case sprejemanje >nmod (odgovornosti >acl (, <punct ki <mark jih <obj imamo >obl (kot <case krščanska <amod družina)))) >punct .",
223,ssj502.2658.9508,"Ameriški predsednik George Bush je le uro pozneje na ameriški televiziji že pojasnjeval, zakaj so se Združene države Amerike skupaj ""s prijateljsko Veliko Britanijo"" odločile za vojaške protiukrepe.",32,32,yes,4.52,4.518518518518518,4.52,yes,1.42,1.4222089330040053,1.42,yes,4,4,yes,2.00,2,yes,1.00,1,yes,2.00,2.0,2.00,yes,"A[Ameriški] B[predsednik] C[George] D[Bush] E[je] F[le] G[uro] H[pozneje] I[na] J[ameriški] K[televiziji] L[že] M[pojasnjeval]N[,] O[zakaj] P[so] Q[se] R[Združene] S[države] T[Amerike] U[skupaj] V[""]W[s] X[prijateljsko] Y[Veliko] Z[Britanijo]A[""] B[odločile] C[za] D[vojaške] E[protiukrepe]F[.] ","(Ameriški <amod predsednik >nmod (George >flat Bush)) <nsubj je <aux le <advmod (uro <nmod pozneje) <advmod (na <case ameriški <amod televiziji) <obl že <advmod pojasnjeval >ccomp (, <punct zakaj <advmod so <aux se <expl (Združene <amod države >nmod Amerike) <nsubj (skupaj <advmod "" <punct s <case prijateljsko <amod Veliko <amod Britanijo >punct "") <obl odločile >obl (za <case vojaške <amod protiukrepe)) >punct .",
224,ssj502.2658.9509,"Spregovoril je o široki akciji proti svetovnemu terorizmu, ob tem pa poudaril, da je njihov napad usmerjen predvsem proti teroristični skupini Al Kaida in njenemu vodji Osami bin Ladnu.",32,32,yes,2.50,2.5,2.50,yes,0.75,0.7498115232134469,0.75,yes,7,7,yes,3.00,3,yes,2.00,2,yes,1.50,1.5,1.50,yes,"A[Spregovoril] B[je] C[o] D[široki] E[akciji] F[proti] G[svetovnemu] H[terorizmu]I[,] J[ob] K[tem] L[pa] M[poudaril]N[,] O[da] P[je] Q[njihov] R[napad] S[usmerjen] T[predvsem] U[proti] V[teroristični] W[skupini] X[Al] Y[Kaida] Z[in] A[njenemu] B[vodji] C[Osami] D[bin] E[Ladnu]F[.] ","Spregovoril >aux je >obl (o <case široki <amod akciji >nmod (proti <case svetovnemu <amod terorizmu)) >parataxis (, <punct (ob <case tem) <obl pa <advmod poudaril >ccomp (, <punct da <mark je <cop (njihov <det napad) <nsubj usmerjen >obl (predvsem <advmod proti <case teroristični <amod skupini >nmod (Al <nmod Kaida) >conj (in <cc njenemu <det vodji >nmod (Osami >flat bin >flat Ladnu))))) >punct .",
225,ssj502.2659.9510,"Ameriški vojaki bodo vsekakor stopili na afganistanska tla, saj morajo na lov za bin Ladnom.",17,17,yes,2.07,2.0714285714285716,2.07,yes,1.40,1.3960091206534642,1.40,yes,5,5,yes,2.00,2,yes,2.00,2,yes,1.00,1.0,1.00,yes,"A[Ameriški] B[vojaki] C[bodo] D[vsekakor] E[stopili] F[na] G[afganistanska] H[tla]I[,] J[saj] K[morajo] L[na] M[lov] N[za] O[bin] P[Ladnom]Q[.] ","(Ameriški <amod vojaki) <nsubj bodo <aux vsekakor <advmod stopili >obl (na <case afganistanska <amod tla) >conj (, <punct saj <cc morajo >obl (na <case lov >nmod (za <case bin <nmod Ladnom))) >punct .",
226,ssj502.2659.9511,"Sicer pa se sedanje vojaško posredovanje v Afganistanu ne razlikuje bistveno od dosedanjih ameriških posredovanj, kot sta bili v zalivski vojni leta 1991 in v Srbiji zaradi srbske zasedbe Kosova.",32,32,yes,2.93,2.9310344827586206,2.93,yes,1.76,1.7595850349864175,1.76,yes,6,6,yes,2.00,2,yes,1.00,1,yes,2.00,2.0,2.00,yes,"A[Sicer] B[pa] C[se] D[sedanje] E[vojaško] F[posredovanje] G[v] H[Afganistanu] I[ne] J[razlikuje] K[bistveno] L[od] M[dosedanjih] N[ameriških] O[posredovanj]P[,] Q[kot] R[sta] S[bili] T[v] U[zalivski] V[vojni] W[leta] X[1991] Y[in] Z[v] A[Srbiji] B[zaradi] C[srbske] D[zasedbe] E[Kosova]F[.] ","Sicer <cc pa <advmod se <expl (sedanje <amod vojaško <amod posredovanje >nmod (v <case Afganistanu)) <nsubj ne <advmod razlikuje >advmod bistveno >obl (od <case dosedanjih <amod ameriških <amod posredovanj >acl (, <punct kot <mark sta <aux bili >obl (v <case zalivski <amod vojni >nmod (leta >nummod 1991) >conj (in <cc v <case Srbiji)) >obl (zaradi <case srbske <amod zasedbe >nmod Kosova))) >punct .",
227,ssj502.2659.9512,"Najprej so z letali in vodenimi raketami silovito napadli položaje protiletalske obrambe, položaje vojaških poveljstev in vojaška oporišča.",20,20,yes,3.00,3.0,3.00,yes,1.42,1.4166066720281079,1.42,yes,5,5,yes,1.00,1,yes,1.00,1,yes,1.00,1.0,1.00,yes,"A[Najprej] B[so] C[z] D[letali] E[in] F[vodenimi] G[raketami] H[silovito] I[napadli] J[položaje] K[protiletalske] L[obrambe]M[,] N[položaje] O[vojaških] P[poveljstev] Q[in] R[vojaška] S[oporišča]T[.] ","Najprej <advmod so <aux (z <case letali >conj (in <cc vodenimi <amod raketami)) <obl silovito <advmod napadli >obj (položaje >nmod (protiletalske <amod obrambe) >conj (, <punct položaje >nmod (vojaških <amod poveljstev)) >conj (in <cc vojaška <amod oporišča)) >punct .",
228,ssj502.2659.9513,"V zalivski vojni so nato z ogromnimi kopenskimi silami napadli Irak, da bi zlomili iraško vojsko.",18,18,yes,2.67,2.6666666666666665,2.67,yes,1.52,1.5244883940364018,1.52,yes,4,4,yes,2.00,2,yes,1.00,1,yes,2.00,2.0,2.00,yes,"A[V] B[zalivski] C[vojni] D[so] E[nato] F[z] G[ogromnimi] H[kopenskimi] I[silami] J[napadli] K[Irak]L[,] M[da] N[bi] O[zlomili] P[iraško] Q[vojsko]R[.] ","(V <case zalivski <amod vojni) <obl so <aux nato <advmod (z <case ogromnimi <amod kopenskimi <amod silami) <obl napadli >obj Irak >advcl (, <punct da <mark bi <aux zlomili >obj (iraško <amod vojsko)) >punct .",
229,ssj502.2660.9514,"Plakate z dolgo listo pravic slehernega stanovalca imajo v zavodu razobešene na vseh oddelkih, tako da človeka spremljajo domala na vsakem koraku.",24,24,yes,2.76,2.761904761904762,2.76,yes,1.55,1.546061416878633,1.55,yes,6,6,yes,2.00,2,yes,2.00,2,yes,1.00,1.0,1.00,yes,"A[Plakate] B[z] C[dolgo] D[listo] E[pravic] F[slehernega] G[stanovalca] H[imajo] I[v] J[zavodu] K[razobešene] L[na] M[vseh] N[oddelkih]O[,] P[tako] Q[da] R[človeka] S[spremljajo] T[domala] U[na] V[vsakem] W[koraku]X[.] ","(Plakate >nmod (z <case dolgo <amod listo >nmod (pravic >nmod (slehernega <amod stanovalca)))) <obj imajo >obl (v <case zavodu) >advcl razobešene >obl (na <case vseh <det oddelkih) >conj (, <punct (tako >fixed da) <cc človeka <obj spremljajo >obl (domala <advmod na <case vsakem <det koraku)) >punct .",
230,ssj502.2660.9515,"A to ni le zavodska krinka, pod katero bi se skrivalo vse kaj drugega.",16,16,yes,2.46,2.4615384615384617,2.46,yes,1.28,1.277567868006606,1.28,yes,4,4,yes,2.00,2,yes,1.00,1,yes,2.00,2.0,2.00,yes,"A[A] B[to] C[ni] D[le] E[zavodska] F[krinka]G[,] H[pod] I[katero] J[bi] K[se] L[skrivalo] M[vse] N[kaj] O[drugega]P[.] ","A <cc to <nsubj ni <cop le <advmod zavodska <amod krinka >acl (, <punct (pod <case katero) <obl bi <aux se <expl skrivalo >nsubj (vse <det kaj >amod drugega)) >punct .",
231,ssj502.2660.9516,"O dejanskem spoštovanju pravic stanovalcev največ povesta ravnanje uslužbencev in njihov odnos do drugačnih, duševno prizadetih in bolnih stanovalcev, ki so jim zaupani v varstvo in oskrbo.",30,30,yes,2.58,2.576923076923077,2.58,yes,1.66,1.6554072621689135,1.66,yes,8,8,yes,2.00,2,yes,1.00,1,yes,2.00,2.0,2.00,yes,"A[O] B[dejanskem] C[spoštovanju] D[pravic] E[stanovalcev] F[največ] G[povesta] H[ravnanje] I[uslužbencev] J[in] K[njihov] L[odnos] M[do] N[drugačnih]O[,] P[duševno] Q[prizadetih] R[in] S[bolnih] T[stanovalcev]U[,] V[ki] W[so] X[jim] Y[zaupani] Z[v] A[varstvo] B[in] C[oskrbo]D[.] ","(O <case dejanskem <amod spoštovanju >nmod (pravic >nmod stanovalcev)) <obl največ <advmod povesta >nsubj (ravnanje >nmod uslužbencev >conj (in <cc njihov <det odnos >nmod (do <case (drugačnih >conj (, <punct duševno <advmod prizadetih) >conj (in <cc bolnih)) <amod stanovalcev >acl (, <punct ki <mark so <cop jim <obj zaupani >obl (v <case varstvo >conj (in <cc oskrbo)))))) >punct .",
232,ssj502.2660.9517,V njih iščejo dobro in nemalokrat odkrijejo tudi skrito nadarjenost.,11,11,yes,1.78,1.7777777777777777,1.78,yes,1.07,1.0725542880986028,1.07,yes,4,4,yes,2.00,2,yes,2.00,2,yes,1.00,1.0,1.00,yes,A[V] B[njih] C[iščejo] D[dobro] E[in] F[nemalokrat] G[odkrijejo] H[tudi] I[skrito] J[nadarjenost]K[.] ,(V <case njih) <obl iščejo >obj dobro >conj (in <cc nemalokrat <advmod odkrijejo >obj (tudi <advmod skrito <amod nadarjenost)) >punct .,
233,ssj502.2660.9518,Imajo gluhonemega fanta z izjemnim darom opažanja najmanjših podrobnosti dogodkov in in v okolju in se ponašajo že s pravcato razstavo njegovih slik.,24,24,yes,2.55,2.5454545454545454,2.55,yes,0.61,0.6112119893023246,0.61,yes,8,8,yes,2.00,2,yes,2.00,2,yes,1.00,1.0,1.00,yes,A[Imajo] B[gluhonemega] C[fanta] D[z] E[izjemnim] F[darom] G[opažanja] H[najmanjših] I[podrobnosti] J[dogodkov] K[in] L[in] M[v] N[okolju] O[in] P[se] Q[ponašajo] R[že] S[s] T[pravcato] U[razstavo] V[njegovih] W[slik]X[.] ,Imajo >obj (gluhonemega <amod fanta >nmod (z <case izjemnim <amod darom >nmod (opažanja >nmod (najmanjših <amod podrobnosti >nmod (dogodkov >conj (in <cc in <cc v <case okolju)))))) >conj (in <cc se <expl ponašajo >obl (že <advmod s <case pravcato <amod razstavo >nmod (njegovih <det slik))) >punct .,
234,ssj502.2660.9519,"Imajo varovanko, ki je ostala brez rok in je k njim prišla brez protez.",16,16,yes,2.31,2.3076923076923075,2.31,yes,0.45,0.44622665453014976,0.45,yes,6,6,yes,3.00,3,yes,2.00,2,yes,1.50,1.5,1.50,yes,"A[Imajo] B[varovanko]C[,] D[ki] E[je] F[ostala] G[brez] H[rok] I[in] J[je] K[k] L[njim] M[prišla] N[brez] O[protez]P[.] ","Imajo >obj (varovanko >acl (, <punct ki <mark je <aux ostala >obl (brez <case rok) >conj (in <cc je <aux (k <case njim) <obl prišla >obl (brez <case protez)))) >punct .",
235,ssj502.2660.9520,"V zavodu ju je dobila, se ju navadila uporabljati in zdaj z njima neutrudno riše...",19,19,yes,2.50,2.5,2.50,yes,1.21,1.2079568891505246,1.21,yes,6,6,yes,4.00,4,yes,3.00,3,yes,1.33,1.3333333333333333,1.33,yes,"A[V] B[zavodu] C[ju] D[je] E[dobila]F[,] G[se] H[ju] I[navadila] J[uporabljati] K[in] L[zdaj] M[z] N[njima] O[neutrudno] P[riše]Q[.]R[.]S[.] ","(V <case zavodu) <obl ju <obj je <aux dobila >parataxis (, <punct se <expl navadila >xcomp (ju <obj uporabljati >conj (in <cc zdaj <advmod (z <case njima) <obl neutrudno <advmod riše))) >punct . >punct . >punct .",
236,ssj502.2661.9521,Toda tisti so v njegov hotel prihajali le v sanjah.,11,11,yes,2.78,2.7777777777777777,2.78,yes,1.05,1.049916115663785,1.05,yes,3,3,yes,1.00,1,yes,1.00,1,yes,1.00,1.0,1.00,yes,A[Toda] B[tisti] C[so] D[v] E[njegov] F[hotel] G[prihajali] H[le] I[v] J[sanjah]K[.] ,Toda <cc tisti <nsubj so <aux (v <case njegov <det hotel) <obl prihajali >obl (le <advmod v <case sanjah) >punct .,
237,ssj502.2662.9522,"V prodajalni živali opazuje kupec papigo, ki ima na obeh nogah privezano vrvico.",15,15,yes,1.92,1.9166666666666667,1.92,yes,1.29,1.2850129393127958,1.29,yes,5,5,yes,2.00,2,yes,1.00,1,yes,2.00,2.0,2.00,yes,"A[V] B[prodajalni] C[živali] D[opazuje] E[kupec] F[papigo]G[,] H[ki] I[ima] J[na] K[obeh] L[nogah] M[privezano] N[vrvico]O[.] ","(V <case prodajalni >nmod živali) <obl opazuje >nsubj kupec >obj (papigo >acl (, <punct ki <mark ima >obl (na <case obeh <det nogah) >obj (privezano <amod vrvico))) >punct .",
238,ssj502.2662.9523,Prodajalca vpraša:,3,3,yes,1.00,1.0,1.00,yes,0.35,0.34657359027997275,0.35,yes,2,2,yes,1.00,1,yes,1.00,1,yes,1.00,1.0,1.00,yes,A[Prodajalca] B[vpraša]C[:] ,Prodajalca <obj vpraša >punct :,
239,ssj502.2663.9524,"- V tretji fazi senat sedmih sodnikov odloči, katere pritožbe so sprejemljive, pri čemer lahko odstopi zadevo v obravnavo velikemu senatu (v sestavi 17 sodnikov) v obravnavo, če zadeva, ki jo obravnava, načenja vprašanja v zvezi z razlago konvencije ali njenih protokolov ali pa bi lahko rešitev vprašanja privedla do protislovja s predhodno izrečeno sodbo.",63,63,yes,3.25,3.2452830188679247,3.25,yes,1.85,1.8476641643546476,1.85,yes,9,9,yes,6.00,6,yes,3.00,3,yes,2.00,2.0,2.00,yes,"A[-] B[V] C[tretji] D[fazi] E[senat] F[sedmih] G[sodnikov] H[odloči]I[,] J[katere] K[pritožbe] L[so] M[sprejemljive]N[,] O[pri] P[čemer] Q[lahko] R[odstopi] S[zadevo] T[v] U[obravnavo] V[velikemu] W[senatu] X[(]Y[v] Z[sestavi] A[17] B[sodnikov]C[)] D[v] E[obravnavo]F[,] G[če] H[zadeva]I[,] J[ki] K[jo] L[obravnava]M[,] N[načenja] O[vprašanja] P[v] Q[zvezi] R[z] S[razlago] T[konvencije] U[ali] V[njenih] W[protokolov] X[ali] Y[pa] Z[bi] A[lahko] B[rešitev] C[vprašanja] D[privedla] E[do] F[protislovja] G[s] H[predhodno] I[izrečeno] J[sodbo]K[.] ","- <punct (V <case tretji <amod fazi) <obl (senat >nmod (sedmih <nummod sodnikov)) <nsubj odloči >ccomp (, <punct (katere <det pritožbe) <nsubj so <cop sprejemljive) >parataxis (, <punct (pri <case čemer) <obl lahko <advmod odstopi >obj zadevo >obl (v <case obravnavo >nmod (velikemu <amod senatu >appos (( <punct v <case sestavi >nmod (17 <nummod sodnikov) >punct )))) >obl (v <case obravnavo) >advcl (, <punct če <mark (zadeva >acl (, <punct ki <mark jo <obj obravnava >punct ,)) <nsubj načenja >obj (vprašanja >nmod (v <case zvezi >nmod (z <case razlago >nmod (konvencije >conj (ali <cc njenih <det protokolov))))) >conj (ali <cc pa <advmod bi <aux lahko <advmod (rešitev >nmod vprašanja) <nsubj privedla >obl (do <case protislovja) >obl (s <case (predhodno <advmod izrečeno) <amod sodbo)))) >punct .",
240,ssj502.2664.9525,"Alex Cvetkov je fant, ki se rad postavi po robu nevarnosti in izzivom.",15,15,yes,2.08,2.0833333333333335,2.08,yes,1.20,1.201631330373745,1.20,yes,5,5,yes,2.00,2,yes,1.00,1,yes,2.00,2.0,2.00,yes,"A[Alex] B[Cvetkov] C[je] D[fant]E[,] F[ki] G[se] H[rad] I[postavi] J[po] K[robu] L[nevarnosti] M[in] N[izzivom]O[.] ","(Alex >flat Cvetkov) <nsubj je <cop fant >acl (, <punct ki <mark se <expl rad <advmod postavi >obl (po <case robu) >obj (nevarnosti >conj (in <cc izzivom))) >punct .",
241,ssj502.2664.9526,"Nekaj je zasluga njegove fantovske pustolovske žilice, večina pa najverjetneje krvi, ki se pretaka po njegovih žilah.",20,20,yes,2.38,2.375,2.38,yes,1.07,1.0706030679673408,1.07,yes,6,6,yes,2.00,2,yes,1.00,1,yes,2.00,2.0,2.00,yes,"A[Nekaj] B[je] C[zasluga] D[njegove] E[fantovske] F[pustolovske] G[žilice]H[,] I[večina] J[pa] K[najverjetneje] L[krvi]M[,] N[ki] O[se] P[pretaka] Q[po] R[njegovih] S[žilah]T[.] ","Nekaj <nsubj je <cop zasluga >nmod (njegove <det fantovske <amod pustolovske <amod žilice) >parataxis (, <punct večina >orphan pa >orphan najverjetneje >orphan (krvi >acl (, <punct ki <mark se <expl pretaka >obl (po <case njegovih <det žilah)))) >punct .",
242,ssj502.2664.9527,"Mali Postojnčan je namreč sin Roka Cvetkova, enega izmed najboljših kaskaderjev na svetu.",15,15,yes,1.75,1.75,1.75,yes,1.49,1.4875564931756278,1.49,yes,6,6,yes,1.00,1,yes,1.00,1,yes,1.00,1.0,1.00,yes,"A[Mali] B[Postojnčan] C[je] D[namreč] E[sin] F[Roka] G[Cvetkova]H[,] I[enega] J[izmed] K[najboljših] L[kaskaderjev] M[na] N[svetu]O[.] ","(Mali <amod Postojnčan) <nsubj je <cop namreč <advmod sin >nmod (Roka >flat Cvetkova >appos (, <punct enega >nmod (izmed <case najboljših <amod kaskaderjev >nmod (na <case svetu)))) >punct .",
243,ssj502.2665.9528,"Ko se modni oblikovalci trudijo zaznati razpoloženje sodobnega porabnika, ugotavljajo, da je vse bolj dovzeten za nenavadno sestavljanje posameznih kosov oblačil, ki se kljub očitni različnosti zlivajo v harmonično podobo.",34,34,yes,2.45,2.4482758620689653,2.45,yes,1.99,1.9872115043375809,1.99,yes,8,8,yes,5.00,5,yes,1.00,1,yes,5.00,5.0,5.00,yes,"A[Ko] B[se] C[modni] D[oblikovalci] E[trudijo] F[zaznati] G[razpoloženje] H[sodobnega] I[porabnika]J[,] K[ugotavljajo]L[,] M[da] N[je] O[vse] P[bolj] Q[dovzeten] R[za] S[nenavadno] T[sestavljanje] U[posameznih] V[kosov] W[oblačil]X[,] Y[ki] Z[se] A[kljub] B[očitni] C[različnosti] D[zlivajo] E[v] F[harmonično] G[podobo]H[.] ","(Ko <mark se <expl (modni <amod oblikovalci) <nsubj trudijo >xcomp (zaznati >obj (razpoloženje >nmod (sodobnega <amod porabnika))) >punct ,) <advcl ugotavljajo >ccomp (, <punct da <mark je <cop (vse <advmod bolj) <advmod dovzeten >obl (za <case nenavadno <amod sestavljanje >nmod (posameznih <amod kosov >nmod (oblačil >acl (, <punct ki <mark se <expl (kljub <case očitni <amod različnosti) <obl zlivajo >obl (v <case harmonično <amod podobo)))))) >punct .",
244,ssj502.2666.9529,"Starši lahko s pobotanjem otroku pokažejo, da življenje ni ena sama idila",13,13,yes,3.18,3.1818181818181817,3.18,yes,0.94,0.9373745823221697,0.94,yes,3,3,yes,2.00,2,yes,1.00,1,yes,2.00,2.0,2.00,yes,"A[Starši] B[lahko] C[s] D[pobotanjem] E[otroku] F[pokažejo]G[,] H[da] I[življenje] J[ni] K[ena] L[sama] M[idila] ","Starši <nsubj lahko <advmod (s <case pobotanjem) <obl otroku <iobj pokažejo >ccomp (, <punct da <mark življenje <nsubj ni <cop ena <nummod sama <amod idila)",
245,ssj502.2667.9530,"O čipih pri domačih živalih se večkrat bere v dnevnem časopisju, o označevanjih s čipi oziroma mikročipi pri plazilcih pa podatkov tudi mi nismo veliko zasledili.",28,28,yes,3.44,3.44,3.44,yes,1.41,1.4136872118887114,1.41,yes,6,6,yes,2.00,2,yes,2.00,2,yes,1.00,1.0,1.00,yes,"A[O] B[čipih] C[pri] D[domačih] E[živalih] F[se] G[večkrat] H[bere] I[v] J[dnevnem] K[časopisju]L[,] M[o] N[označevanjih] O[s] P[čipi] Q[oziroma] R[mikročipi] S[pri] T[plazilcih] U[pa] V[podatkov] W[tudi] X[mi] Y[nismo] Z[veliko] A[zasledili]B[.] ","(O <case čipih >nmod (pri <case domačih <amod živalih)) <obl se <expl večkrat <advmod bere >obl (v <case dnevnem <amod časopisju) >parataxis (, <punct (o <case označevanjih >nmod (s <case čipi >conj (oziroma <cc mikročipi)) >nmod (pri <case plazilcih)) <obl pa <advmod podatkov <obj (tudi <advmod mi) <nsubj nismo <aux veliko <advmod zasledili) >punct .",
246,ssj502.2667.9531,"V EU, pa tako tudi v Nemčiji, kot vi omenjate, se to izvaja in je zakonsko predpisano.",21,21,yes,3.19,3.1875,3.19,yes,1.61,1.6133518117552368,1.61,yes,4,4,yes,3.00,3,yes,2.00,2,yes,1.50,1.5,1.50,yes,"A[V] B[EU]C[,] D[pa] E[tako] F[tudi] G[v] H[Nemčiji]I[,] J[kot] K[vi] L[omenjate]M[,] N[se] O[to] P[izvaja] Q[in] R[je] S[zakonsko] T[predpisano]U[.] ","(V <case EU >conj (, <punct pa <cc tako <advmod tudi <advmod v <case Nemčiji)) <obl (, <punct kot <mark vi <nsubj omenjate >punct ,) <advcl se <expl to <nsubj izvaja >conj (in <cc je <cop zakonsko <advmod predpisano) >punct .",
247,ssj502.2667.9532,"Kolikor vem, pa imajo tudi v EU še vedno težave z mikročipi.",14,14,yes,2.64,2.6363636363636362,2.64,yes,0.58,0.5761206694910547,0.58,yes,5,5,yes,2.00,2,yes,2.00,2,yes,1.00,1.0,1.00,yes,"A[Kolikor] B[vem]C[,] D[pa] E[imajo] F[tudi] G[v] H[EU] I[še] J[vedno] K[težave] L[z] M[mikročipi]N[.] ","Kolikor <mark vem >parataxis (, <punct pa <advmod imajo >obl (tudi <advmod v <case EU) >advmod še >advmod vedno >obj (težave >nmod (z <case mikročipi))) >punct .",
248,ssj502.2667.9533,"Po eni strani ugotavljajo, da se mikročip, ki ga npr. apliciramo (razmeroma preprosto ""kot z injekcijo"") pri plazilcih (legvanih, želvah, kuščarjih, gekonih) večinoma v podkožje vratu, rad izmakne v soseščino tkiv - potuje, po drugi strani pa imajo težave s čitalci za posamezne vrste mikročipov.",59,59,yes,7.14,7.1395348837209305,7.14,yes,0.61,0.6080996065130918,0.61,yes,8,8,yes,5.00,5,yes,3.00,3,yes,1.67,1.6666666666666667,1.67,yes,"A[Po] B[eni] C[strani] D[ugotavljajo]E[,] F[da] G[se] H[mikročip]I[,] J[ki] K[ga] L[npr.] M[apliciramo] N[(]O[razmeroma] P[preprosto] Q[""]R[kot] S[z] T[injekcijo]U[""]V[)] W[pri] X[plazilcih] Y[(]Z[legvanih]A[,] B[želvah]C[,] D[kuščarjih]E[,] F[gekonih]G[)] H[večinoma] I[v] J[podkožje] K[vratu]L[,] M[rad] N[izmakne] O[v] P[soseščino] Q[tkiv] R[-] S[potuje]T[,] U[po] V[drugi] W[strani] X[pa] Y[imajo] Z[težave] A[s] B[čitalci] C[za] D[posamezne] E[vrste] F[mikročipov]G[.] ","(Po <case eni <nummod strani) <obl ugotavljajo >ccomp (, <punct da <mark se <expl (mikročip >acl (, <punct ki <mark ga <obj npr. <dep apliciramo >advmod (( <punct razmeroma <advmod preprosto >obl ("" <punct kot <case z <case injekcijo >punct "") >punct )) >obl (pri <case plazilcih >appos (( <punct legvanih >conj (, <punct želvah) >conj (, <punct kuščarjih) >conj (, <punct gekonih) >punct ))) >advmod večinoma >obl (v <case podkožje >nmod vratu) >punct ,)) <nsubj rad <advmod izmakne >obl (v <case soseščino >nmod tkiv) >parataxis (- <punct potuje)) >parataxis (, <punct (po <case drugi <amod strani) <obl pa <advmod imajo >obj (težave >nmod (s <case čitalci >nmod (za <case posamezne <amod vrste >nmod mikročipov)))) >punct .",
249,ssj502.2667.9534,Nekaj takih univerzalnih čitalcev (cena za enega je menda le okrog 20000 SIT) je pri nas že.,20,20,yes,3.00,3.0,3.00,yes,1.67,1.6739764335716716,1.67,yes,5,5,yes,2.00,2,yes,2.00,2,yes,1.00,1.0,1.00,yes,A[Nekaj] B[takih] C[univerzalnih] D[čitalcev] E[(]F[cena] G[za] H[enega] I[je] J[menda] K[le] L[okrog] M[20000] N[SIT]O[)] P[je] Q[pri] R[nas] S[že]T[.] ,(Nekaj <det takih <det univerzalnih <amod čitalcev) <nsubj (( <punct (cena >nmod (za <case enega)) <nsubj je >advmod menda >obl (le <advmod (okrog <advmod 20000) <nummod SIT) >punct )) <parataxis je >obl (pri <case nas) >advmod že >punct .,
250,ssj503.2668.9535,"Uradna spletna stran rock skupine iz Škofje Loke je profesionalno oblikovana in vizualno zelo privlačna v duhu starih fotografij, tako da imamo občutek, kot bi stali pred zaprašeno oglasno desko ali listali po babičini arhivski knjigi.",39,39,yes,2.54,2.5428571428571427,2.54,yes,2.04,2.0433333589011657,2.04,yes,7,7,yes,4.00,4,yes,3.00,3,yes,1.33,1.3333333333333333,1.33,yes,"A[Uradna] B[spletna] C[stran] D[rock] E[skupine] F[iz] G[Škofje] H[Loke] I[je] J[profesionalno] K[oblikovana] L[in] M[vizualno] N[zelo] O[privlačna] P[v] Q[duhu] R[starih] S[fotografij]T[,] U[tako] V[da] W[imamo] X[občutek]Y[,] Z[kot] A[bi] B[stali] C[pred] D[zaprašeno] E[oglasno] F[desko] G[ali] H[listali] I[po] J[babičini] K[arhivski] L[knjigi]M[.] ","(Uradna <amod spletna <amod stran >nmod (rock <nmod skupine >nmod (iz <case Škofje <amod Loke))) <nsubj je <cop profesionalno <advmod oblikovana >conj (in <cc vizualno <advmod zelo <advmod privlačna >nmod (v <case duhu >nmod (starih <amod fotografij))) >conj (, <punct (tako >fixed da) <cc imamo >obj (občutek >acl (, <punct kot <mark bi <aux stali >obl (pred <case zaprašeno <amod oglasno <amod desko) >conj (ali <cc listali >obl (po <case babičini <amod arhivski <amod knjigi))))) >punct .",
251,ssj503.2668.9536,"Poleg novic, koncertov in slik posebej priporočam poslušanje osmih demo komadov, ki vas bodo prepričali, da fantje dobro žagajo.",23,23,yes,2.44,2.4444444444444446,2.44,yes,1.59,1.5910887737659039,1.59,yes,6,6,yes,3.00,3,yes,1.00,1,yes,3.00,3.0,3.00,yes,"A[Poleg] B[novic]C[,] D[koncertov] E[in] F[slik] G[posebej] H[priporočam] I[poslušanje] J[osmih] K[demo] L[komadov]M[,] N[ki] O[vas] P[bodo] Q[prepričali]R[,] S[da] T[fantje] U[dobro] V[žagajo]W[.] ","(Poleg <case novic >conj (, <punct koncertov) >conj (in <cc slik)) <obl posebej <advmod priporočam >obj (poslušanje >nmod (osmih <nummod demo <nmod komadov >acl (, <punct ki <mark vas <iobj bodo <aux prepričali >ccomp (, <punct da <mark fantje <nsubj dobro <advmod žagajo)))) >punct .",
252,ssj503.2668.9537,"Nedvomno ena boljših uradnih strani slovenske glasbene skupine, kar sem jih videl.",14,14,yes,2.73,2.727272727272727,2.73,yes,1.00,1.0003644837524506,1.00,yes,3,3,yes,2.00,2,yes,1.00,1,yes,2.00,2.0,2.00,yes,"A[Nedvomno] B[ena] C[boljših] D[uradnih] E[strani] F[slovenske] G[glasbene] H[skupine]I[,] J[kar] K[sem] L[jih] M[videl]N[.] ","Nedvomno <orphan ena <nummod boljših <amod uradnih <amod strani >nmod (slovenske <amod glasbene <amod skupine) >acl (, <punct kar <iobj sem <aux jih <obj videl) >punct .",
253,ssj503.2669.9538,Simpatična uradna stran z nekaj prav zanimivimi rubrikami.,9,9,yes,2.43,2.4285714285714284,2.43,yes,0.63,0.6349580238608088,0.63,yes,4,4,yes,1.00,1,yes,1.00,1,yes,1.00,1.0,1.00,yes,A[Simpatična] B[uradna] C[stran] D[z] E[nekaj] F[prav] G[zanimivimi] H[rubrikami]I[.] ,Simpatična <amod uradna <amod stran >nmod (z <case nekaj <det (prav <advmod zanimivimi) <amod rubrikami) >punct .,
254,ssj503.2669.9539,"Avtorji se standardni vsebini niso pretirano posvečali, čeprav to ne pomeni, da ni podatkov o zakulisju snemanja, ekipi in igralcih.",24,24,yes,2.47,2.473684210526316,2.47,yes,1.54,1.5394659415672587,1.54,yes,7,7,yes,3.00,3,yes,1.00,1,yes,3.00,3.0,3.00,yes,"A[Avtorji] B[se] C[standardni] D[vsebini] E[niso] F[pretirano] G[posvečali]H[,] I[čeprav] J[to] K[ne] L[pomeni]M[,] N[da] O[ni] P[podatkov] Q[o] R[zakulisju] S[snemanja]T[,] U[ekipi] V[in] W[igralcih]X[.] ","Avtorji <nsubj se <expl (standardni <amod vsebini) <obj niso <aux pretirano <advmod posvečali >advcl (, <punct čeprav <mark to <nsubj ne <advmod pomeni >ccomp (, <punct da <mark ni >nsubj (podatkov >nmod (o <case zakulisju >nmod snemanja >conj (, <punct ekipi) >conj (in <cc igralcih))))) >punct .",
255,ssj503.2669.9540,"Poleg množice fotografij, odlomkov skladb iz zgoščenke s filmsko glasbo in Quick Time napovednika je tu še vrsta kratkih video intervjujev z glavnimi igralci in režiserko.",28,28,yes,2.72,2.72,2.72,yes,2.00,1.995100393246085,2.00,yes,7,7,yes,1.00,1,yes,1.00,1,yes,1.00,1.0,1.00,yes,"A[Poleg] B[množice] C[fotografij]D[,] E[odlomkov] F[skladb] G[iz] H[zgoščenke] I[s] J[filmsko] K[glasbo] L[in] M[Quick] N[Time] O[napovednika] P[je] Q[tu] R[še] S[vrsta] T[kratkih] U[video] V[intervjujev] W[z] X[glavnimi] Y[igralci] Z[in] A[režiserko]B[.] ","(Poleg <case množice >nmod fotografij >conj (, <punct odlomkov >nmod (skladb >nmod (iz <case zgoščenke >nmod (s <case filmsko <amod glasbo)))) >conj (in <cc (Quick >nmod Time) <nmod napovednika)) <obl je >advmod tu >nsubj (še <advmod vrsta >nmod (kratkih <amod video <nmod intervjujev >nmod (z <case glavnimi <amod igralci >conj (in <cc režiserko)))) >punct .",
256,ssj503.2669.9541,"Marisa Tomei tako denimo odgovori na vprašanje, česa si želijo ženske.; -)",16,16,yes,1.90,1.9,1.90,yes,1.31,1.3141576165416782,1.31,yes,4,4,yes,3.00,3,yes,2.00,2,yes,1.50,1.5,1.50,yes,"A[Marisa] B[Tomei] C[tako] D[denimo] E[odgovori] F[na] G[vprašanje]H[,] I[česa] J[si] K[želijo] L[ženske]M[.]N[;] O[-]P[)] ","(Marisa >flat Tomei) <nsubj tako <advmod denimo <parataxis odgovori >obl (na <case vprašanje >acl (, <punct česa <obj si <expl želijo >nsubj ženske)) >punct . >punct ; >punct - >punct )",
257,ssj503.2669.9542,Najbolj zanimivi pa so nasveti moškim o ženskah.,9,9,yes,1.57,1.5714285714285714,1.57,yes,0.87,0.867543541064572,0.87,yes,5,5,yes,1.00,1,yes,1.00,1,yes,1.00,1.0,1.00,yes,A[Najbolj] B[zanimivi] C[pa] D[so] E[nasveti] F[moškim] G[o] H[ženskah]I[.] ,Najbolj <advmod zanimivi >advmod pa >cop so >nsubj (nasveti >nmod (moškim >nmod (o <case ženskah))) >punct .,
258,ssj503.2669.9543,"Rezultati ankete na 25 tisoč spletnih obiskovalcev je razkrilo navade in poglede na razmerja, kariero, spolnost in o samih seboj.",23,23,yes,2.68,2.6842105263157894,2.68,yes,1.58,1.5834451246934447,1.58,yes,6,6,yes,1.00,1,yes,1.00,1,yes,1.00,1.0,1.00,yes,"A[Rezultati] B[ankete] C[na] D[25] E[tisoč] F[spletnih] G[obiskovalcev] H[je] I[razkrilo] J[navade] K[in] L[poglede] M[na] N[razmerja]O[,] P[kariero]Q[,] R[spolnost] S[in] T[o] U[samih] V[seboj]W[.] ","(Rezultati >nmod (ankete >nmod (na <case (25 >flat tisoč) <nummod spletnih <amod obiskovalcev))) <nsubj je <aux razkrilo >obj (navade >conj (in <cc poglede >nmod (na <case razmerja >conj (, <punct kariero) >conj (, <punct spolnost) >conj (in <cc o <case samih <amod seboj)))) >punct .",
259,ssj503.2669.9544,"Pri drugem pa so našteti tudi namigi, ki jih dekleta ovrednotijo in s tem fantom pomagajo bolje razumeti, kaj si res želijo oziroma katere stvari se jim zdijo pomembne.",32,32,yes,2.39,2.392857142857143,2.39,yes,1.60,1.59833310208889,1.60,yes,9,9,yes,6.00,6,yes,3.00,3,yes,2.00,2.0,2.00,yes,"A[Pri] B[drugem] C[pa] D[so] E[našteti] F[tudi] G[namigi]H[,] I[ki] J[jih] K[dekleta] L[ovrednotijo] M[in] N[s] O[tem] P[fantom] Q[pomagajo] R[bolje] S[razumeti]T[,] U[kaj] V[si] W[res] X[želijo] Y[oziroma] Z[katere] A[stvari] B[se] C[jim] D[zdijo] E[pomembne]F[.] ","(Pri <case drugem) <obl pa <advmod so <cop našteti >advmod tudi >nsubj (namigi >acl (, <punct ki <mark jih <obj dekleta <nsubj ovrednotijo >conj (in <cc (s <case tem) <obl fantom <iobj pomagajo >xcomp (bolje <advmod razumeti >ccomp (, <punct kaj <obj si <expl res <advmod želijo >conj (oziroma <cc (katere <det stvari) <nsubj se <expl jim <obj zdijo >xcomp pomembne)))))) >punct .",
260,ssj503.2669.9545,"Ne spreglejte tudi peščico primerov, kaj ženske v resnici mislijo, kadar rečejo...",17,17,yes,2.18,2.1818181818181817,2.18,yes,0.77,0.765362669129583,0.77,yes,6,6,yes,3.00,3,yes,1.00,1,yes,3.00,3.0,3.00,yes,"A[Ne] B[spreglejte] C[tudi] D[peščico] E[primerov]F[,] G[kaj] H[ženske] I[v] J[resnici] K[mislijo]L[,] M[kadar] N[rečejo]O[.]P[.]Q[.] ","Ne <advmod spreglejte >advmod tudi >obj (peščico >nmod (primerov >acl (, <punct kaj <obj ženske <nsubj (v <case resnici) <obl mislijo >advcl (, <punct kadar <mark rečejo)))) >punct . >punct . >punct .",
261,ssj504.2670.9546,Od 1. julija plačujemo pri uvozu DDV po dveh stopnjah: 8- in 19-odstotni,17,17,yes,2.38,2.3846153846153846,2.38,yes,1.11,1.1065840122671042,1.11,yes,5,5,yes,1.00,1,yes,1.00,1,yes,1.00,1.0,1.00,yes,A[Od] B[1.] C[julija] D[plačujemo] E[pri] F[uvozu] G[DDV] H[po] I[dveh] J[stopnjah]K[:] L[8]M[-] N[in] O[19]P[-]Q[odstotni] ,(Od <case 1. <nummod julija) <obl plačujemo >obl (pri <case uvozu) >obj DDV >obl (po <case dveh <nummod stopnjah >appos (: <punct 8 >punct - >conj (in <cc 19 <nummod - <punct odstotni))),
262,ssj504.2671.9547,"Veterinarji Veterinarske bolnice Maribor, d. o. o., Šentiljska cesta 109, za velike živali, so dosegljivi na številki 228-37, nočno dežurstvo na številki 0609 638-781; veterinarji, specializirani za male živali, so dosegljivi na številki 22-837, nočno dežurstvo na 0609 656-320, v ambulanti Hoče 611-801 in v veterinarski posvetovalnici na telefonski številki 211-244.",74,74,yes,3.57,3.5714285714285716,3.57,yes,2.21,2.2119296591379074,2.21,yes,7,7,yes,2.00,2,yes,2.00,2,yes,1.00,1.0,1.00,yes,"A[Veterinarji] B[Veterinarske] C[bolnice] D[Maribor]E[,] F[d.] G[o.] H[o.]I[,] J[Šentiljska] K[cesta] L[109]M[,] N[za] O[velike] P[živali]Q[,] R[so] S[dosegljivi] T[na] U[številki] V[228]W[-]X[37]Y[,] Z[nočno] A[dežurstvo] B[na] C[številki] D[0609] E[638]F[-]G[781]H[;] I[veterinarji]J[,] K[specializirani] L[za] M[male] N[živali]O[,] P[so] Q[dosegljivi] R[na] S[številki] T[22]U[-]V[837]W[,] X[nočno] Y[dežurstvo] Z[na] A[0609] B[656]C[-]D[320]E[,] F[v] G[ambulanti] H[Hoče] I[611]J[-]K[801] L[in] M[v] N[veterinarski] O[posvetovalnici] P[na] Q[telefonski] R[številki] S[211]T[-]U[244]V[.] ","(Veterinarji >nmod (Veterinarske <amod bolnice >nmod Maribor >nmod (, <punct d. >fixed o. >fixed o.) >list (, <punct Šentiljska <amod cesta >nummod 109) >nmod (, <punct za <case velike <amod živali >punct ,))) <nsubj so <cop dosegljivi >obl (na <case številki >nummod (228 >conj (- <punct 37))) >parataxis (, <punct nočno <amod dežurstvo >orphan (na <case številki >nummod (0609 >flat (638 >conj (- <punct 781))))) >parataxis (; <punct (veterinarji >amod (, <punct specializirani >nmod (za <case male <amod živali) >punct ,)) <nsubj so <cop dosegljivi >obl (na <case številki >nummod (22 >conj (- <punct 837))) >conj (, <punct nočno <amod dežurstvo >orphan (na <case 0609 >flat (656 >conj (- <punct 320)))) >conj (, <punct v <case ambulanti >nmod Hoče >orphan (611 >conj (- <punct 801))) >conj (in <cc v <case veterinarski <amod posvetovalnici >orphan (na <case telefonski <amod številki >nummod (211 >conj (- <punct 244))))) >punct .",
263,ssj504.2672.9548,"Bleda in drobcena sedi ob mizi na zanjo kar prevelikem in neudobnem stolu in ubada iglo s črno nitjo v stramin, kamor je prej Branko zarisal žalostnega klovna.",30,30,yes,2.89,2.888888888888889,2.89,yes,1.28,1.2801936528768472,1.28,yes,6,6,yes,3.00,3,yes,2.00,2,yes,1.50,1.5,1.50,yes,"A[Bleda] B[in] C[drobcena] D[sedi] E[ob] F[mizi] G[na] H[zanjo] I[kar] J[prevelikem] K[in] L[neudobnem] M[stolu] N[in] O[ubada] P[iglo] Q[s] R[črno] S[nitjo] T[v] U[stramin]V[,] W[kamor] X[je] Y[prej] Z[Branko] A[zarisal] B[žalostnega] C[klovna]D[.] ","(Bleda >conj (in <cc drobcena)) <advcl sedi >obl (ob <case mizi) >obl (na <case (zanjo <nmod kar <advmod prevelikem >conj (in <cc neudobnem)) <amod stolu) >conj (in <cc ubada >obj (iglo >nmod (s <case črno <amod nitjo)) >obl (v <case stramin >acl (, <punct kamor <mark je <aux prej <advmod Branko <nsubj zarisal >obj (žalostnega <amod klovna)))) >punct .",
264,ssj504.2672.9549,"Sandi je ne more pustiti pri miru in ji z zavistjo in v zadregi oporeka Ameriko: ""Kaj boš važna, ti, ki greš v Ameriko!",29,29,yes,3.30,3.3043478260869565,3.30,yes,1.07,1.0656551641673386,1.07,yes,6,6,yes,5.00,5,yes,3.00,3,yes,1.67,1.6666666666666667,1.67,yes,"A[Sandi] B[je] C[ne] D[more] E[pustiti] F[pri] G[miru] H[in] I[ji] J[z] K[zavistjo] L[in] M[v] N[zadregi] O[oporeka] P[Ameriko]Q[:] R[""]S[Kaj] T[boš] U[važna]V[,] W[ti]X[,] Y[ki] Z[greš] A[v] B[Ameriko]C[!] ","Sandi <nsubj ne <advmod more >xcomp (je <obj pustiti >obl (pri <case miru)) >conj (in <cc ji <iobj (z <case zavistjo >conj (in <cc v <case zadregi)) <obl oporeka >obj Ameriko) >parataxis (: <punct "" <punct Kaj <advmod boš <cop važna >vocative (, <punct ti >acl (, <punct ki <mark greš >obl (v <case Ameriko))) >punct !)",
265,ssj504.2672.9550,""" Ona pa je, še bolj tiha in še bolj bleda in za spoznanje drobnejša, sklonjena nad delom.",21,21,yes,4.88,4.875,4.88,yes,1.25,1.2473601356181623,1.25,yes,6,6,yes,1.00,1,yes,1.00,1,yes,1.00,1.0,1.00,yes,"A[""] B[Ona] C[pa] D[je]E[,] F[še] G[bolj] H[tiha] I[in] J[še] K[bolj] L[bleda] M[in] N[za] O[spoznanje] P[drobnejša]Q[,] R[sklonjena] S[nad] T[delom]U[.] ",""" <punct (Ona >acl (, <punct (še <advmod bolj) <advmod tiha >conj (in <cc (še <advmod bolj) <advmod bleda) >conj (in <cc (za <case spoznanje) <nmod drobnejša) >punct ,)) <nsubj pa <advmod je <cop sklonjena >obl (nad <case delom) >punct .",
266,ssj504.2673.9551,"Vladimir Rudl: ""Petletni program Phare za obdobje 1995-99 se bo letos iztekel, pripravljen je nov program za obdobje 2000-2004...",29,29,yes,2.70,2.7,2.70,yes,1.89,1.8909087248866028,1.89,yes,7,7,yes,2.00,2,yes,2.00,2,yes,1.00,1.0,1.00,yes,"A[Vladimir] B[Rudl]C[:] D[""]E[Petletni] F[program] G[Phare] H[za] I[obdobje] J[1995]K[-]L[99] M[se] N[bo] O[letos] P[iztekel]Q[,] R[pripravljen] S[je] T[nov] U[program] V[za] W[obdobje] X[2000]Y[-]Z[2004]A[.]B[.]C[.] ","(Vladimir >flat Rudl >punct :) <parataxis "" <punct (Petletni <amod program >nmod Phare >nmod (za <case obdobje >nummod (1995 >conj (- <punct 99)))) <nsubj se <expl bo <aux letos <advmod iztekel >parataxis (, <punct pripravljen >cop je >nsubj (nov <amod program >nmod (za <case obdobje >nummod (2000 >conj (- <punct 2004))))) >punct . >punct . >punct .",
267,ssj504.2673.9552,""" Na voljo naj bi bilo milijon ekujev.",9,9,yes,1.50,1.5,1.50,yes,1.39,1.3862943611198906,1.39,yes,3,3,yes,1.00,1,yes,1.00,1,yes,1.00,1.0,1.00,yes,"A[""] B[Na] C[voljo] D[naj] E[bi] F[bilo] G[milijon] H[ekujev]I[.] ",""" <punct (Na <case voljo) <obl naj <advmod bi <aux bilo >nsubj (milijon >nmod ekujev) >punct .",
268,ssj504.2674.9553,"""V predstavah na prostem moramo seveda upoštevati ambient celjskega Starega gradu, na eni strani se je mogoče odločiti za Celjske kronike, na drugi strani pa za svetovne dramatike, Shakespeara na primer, in prav Sen kresne noči se mi je zdel najprimernejši,"" pravi umetniški vodja SLG Matija Logar, ki je po uspeli režiji predstave Hiša iz kart v SLG Celje k ponovnemu sodelovanju povabil mladega režiserja Aleša Novaka, naj na celjski oder prvič postavi to v svetu in pri nas priljubljeno Shakespearovo komedijo o ljubezni.",94,94,yes,3.70,3.6987951807228914,3.70,yes,1.80,1.7972928987217272,1.80,yes,11,11,yes,8.00,8,yes,4.00,4,yes,2.00,2.0,2.00,yes,"A[""]B[V] C[predstavah] D[na] E[prostem] F[moramo] G[seveda] H[upoštevati] I[ambient] J[celjskega] K[Starega] L[gradu]M[,] N[na] O[eni] P[strani] Q[se] R[je] S[mogoče] T[odločiti] U[za] V[Celjske] W[kronike]X[,] Y[na] Z[drugi] A[strani] B[pa] C[za] D[svetovne] E[dramatike]F[,] G[Shakespeara] H[na] I[primer]J[,] K[in] L[prav] M[Sen] N[kresne] O[noči] P[se] Q[mi] R[je] S[zdel] T[najprimernejši]U[,]V[""] W[pravi] X[umetniški] Y[vodja] Z[SLG] A[Matija] B[Logar]C[,] D[ki] E[je] F[po] G[uspeli] H[režiji] I[predstave] J[Hiša] K[iz] L[kart] M[v] N[SLG] O[Celje] P[k] Q[ponovnemu] R[sodelovanju] S[povabil] T[mladega] U[režiserja] V[Aleša] W[Novaka]X[,] Y[naj] Z[na] A[celjski] B[oder] C[prvič] D[postavi] E[to] F[v] G[svetu] H[in] I[pri] J[nas] K[priljubljeno] L[Shakespearovo] M[komedijo] N[o] O[ljubezni]P[.] ",""" <punct moramo >advmod seveda >xcomp ((V <case predstavah >nmod (na <case prostem)) <obl upoštevati >obj (ambient >nmod (celjskega <amod Starega <amod gradu))) >parataxis (, <punct je <cop mogoče >csubj ((na <case eni <nummod strani) <obl se <expl odločiti >obl (za <case Celjske <amod kronike)) >parataxis (, <punct (na <case drugi <amod strani) <orphan pa <orphan za <case svetovne <amod dramatike >appos (, <punct Shakespeara >advmod (na >fixed primer) >punct ,) >conj (in <cc (prav <advmod Sen >nmod (kresne <amod noči)) <nsubj se <expl mi <obj je <aux zdel >xcomp najprimernejši))) >punct , >punct "" >parataxis (pravi >nsubj (umetniški <amod vodja >nmod SLG >nmod (Matija >flat Logar >acl (, <punct ki <mark je <aux (po <case uspeli <amod režiji >nmod (predstave >nmod (Hiša >nmod (iz <case kart))) >nmod (v <case SLG >nmod Celje)) <obl (k <case ponovnemu <amod sodelovanju) <obl povabil >iobj (mladega <amod režiserja >nmod (Aleša >flat Novaka)) >ccomp (, <punct naj <mark (na <case celjski <amod oder) <obl prvič <advmod postavi >obj (to <det ((v <case svetu >conj (in <cc pri <case nas)) <nmod priljubljeno) <amod Shakespearovo <amod komedijo >nmod (o <case ljubezni))))))) >punct .",
269,ssj504.2675.9554,"Prometni koledar, tista analiza, ki sledi trendom v cestnem prometu, je pravilno napovedal, da je bil minuli konec tedna eden prometno najbolj obremenjenih vikendov na evropskih cestah.",32,32,yes,3.58,3.576923076923077,3.58,yes,1.74,1.7408396749988575,1.74,yes,7,7,yes,3.00,3,yes,1.00,1,yes,3.00,3.0,3.00,yes,"A[Prometni] B[koledar]C[,] D[tista] E[analiza]F[,] G[ki] H[sledi] I[trendom] J[v] K[cestnem] L[prometu]M[,] N[je] O[pravilno] P[napovedal]Q[,] R[da] S[je] T[bil] U[minuli] V[konec] W[tedna] X[eden] Y[prometno] Z[najbolj] A[obremenjenih] B[vikendov] C[na] D[evropskih] E[cestah]F[.] ","(Prometni <amod koledar >appos (, <punct tista <det analiza >acl (, <punct ki <mark sledi >obj (trendom >nmod (v <case cestnem <amod prometu)) >punct ,))) <nsubj je <aux pravilno <advmod napovedal >ccomp (, <punct da <mark je <aux bil <cop (minuli <amod konec >nmod tedna) <nsubj eden <nummod ((prometno <advmod najbolj) <advmod obremenjenih) <amod vikendov >nmod (na <case evropskih <amod cestah)) >punct .",
270,ssj504.2675.9555,"Marsikje, še posebno v deželah zahodne Evrope, so se pričele počitnice in karavane motornih vozil so se valile proti letoviščem, zlasti ob morju.",27,27,yes,2.95,2.9545454545454546,2.95,yes,1.70,1.7046297350358368,1.70,yes,5,5,yes,2.00,2,yes,2.00,2,yes,1.00,1.0,1.00,yes,"A[Marsikje]B[,] C[še] D[posebno] E[v] F[deželah] G[zahodne] H[Evrope]I[,] J[so] K[se] L[pričele] M[počitnice] N[in] O[karavane] P[motornih] Q[vozil] R[so] S[se] T[valile] U[proti] V[letoviščem]W[,] X[zlasti] Y[ob] Z[morju]A[.] ","(Marsikje >appos (, <punct (še >fixed posebno) <advmod v <case deželah >nmod (zahodne <amod Evrope) >punct ,)) <advmod so <aux se <expl pričele >nsubj počitnice >conj (in <cc (karavane >nmod (motornih <amod vozil)) <nsubj so <aux se <expl valile >obl (proti <case letoviščem) >obl (, <punct zlasti <advmod ob <case morju)) >punct .",
271,ssj504.2675.9556,"Začuda od nikoder iz Evrope niso poročali o zelo hudih prometnih nesrečah, verižnih trčenjih z nekaj smrtnimi žrtvami in podobnih katastrofah, pa tudi v Sloveniji se je ob koncu tedna zgodila ""le"" ena prometna nesreča, v kateri je ugasnilo človeško življenje.",47,47,yes,3.38,3.375,3.38,yes,1.60,1.6009994772601317,1.60,yes,6,6,yes,3.00,3,yes,2.00,2,yes,1.50,1.5,1.50,yes,"A[Začuda] B[od] C[nikoder] D[iz] E[Evrope] F[niso] G[poročali] H[o] I[zelo] J[hudih] K[prometnih] L[nesrečah]M[,] N[verižnih] O[trčenjih] P[z] Q[nekaj] R[smrtnimi] S[žrtvami] T[in] U[podobnih] V[katastrofah]W[,] X[pa] Y[tudi] Z[v] A[Sloveniji] B[se] C[je] D[ob] E[koncu] F[tedna] G[zgodila] H[""]I[le]J[""] K[ena] L[prometna] M[nesreča]N[,] O[v] P[kateri] Q[je] R[ugasnilo] S[človeško] T[življenje]U[.] ","Začuda <advmod (od <case nikoder >nmod (iz <case Evrope)) <advmod niso <aux poročali >obl (o <case (zelo <advmod hudih) <amod prometnih <amod nesrečah >conj (, <punct verižnih <amod trčenjih >nmod (z <case nekaj <det smrtnimi <amod žrtvami)) >conj (in <cc podobnih <amod katastrofah)) >parataxis (, <punct pa <advmod (tudi <advmod v <case Sloveniji) <obl se <expl je <aux (ob <case koncu >nmod tedna) <obl zgodila >nsubj ((("" <punct le >punct "") <advmod ena) <nummod prometna <amod nesreča >acl (, <punct (v <case kateri) <obl je <aux ugasnilo >nsubj (človeško <amod življenje)))) >punct .",
272,ssj504.2676.9557,"Domžale: Klešnik 7, Auguštin 7,5, Hribar 7,5, Šalja 8, Mrak 7 (Žinič -), Cvijanović 7 (Brkić 7,5), Sulejmani 7,5 (Vončina -), Kušar 7, Birjukov 7, Kostić 7, Stefanović 7,5.",47,47,yes,11.73,11.73076923076923,11.73,yes,0.83,0.8331669695751885,0.83,yes,4,4,yes,1.00,1,yes,1.00,1,yes,1.00,1.0,1.00,yes,"A[Domžale]B[:] C[Klešnik] D[7]E[,] F[Auguštin] G[7,5]H[,] I[Hribar] J[7,5]K[,] L[Šalja] M[8]N[,] O[Mrak] P[7] Q[(]R[Žinič] S[-]T[)]U[,] V[Cvijanović] W[7] X[(]Y[Brkić] Z[7,5]A[)]B[,] C[Sulejmani] D[7,5] E[(]F[Vončina] G[-]H[)]I[,] J[Kušar] K[7]L[,] M[Birjukov] N[7]O[,] P[Kostić] Q[7]R[,] S[Stefanović] T[7,5]U[.] ","Domžale >appos (: <punct Klešnik >nummod 7 >list (, <punct Auguštin >nummod 7,5) >list (, <punct Hribar >nummod 7,5) >list (, <punct Šalja >nummod 8) >list (, <punct Mrak >nummod 7) >list (( <punct Žinič >punct - >punct )) >list (, <punct Cvijanović >nummod 7) >list (( <punct Brkić >nummod 7,5 >punct )) >list (, <punct Sulejmani >nummod 7,5) >list (( <punct Vončina >punct - >punct )) >list (, <punct Kušar >nummod 7) >list (, <punct Birjukov >nummod 7) >list (, <punct Kostić >nummod 7) >list (, <punct Stefanović >nummod 7,5)) >punct .",
273,ssj504.2677.9558,Na podoben način lahko sodelujejo podjetja; na podlagi izpolnjenega zahtevka za iskanje kandidatov skušamo najti zanje najprimernejše delavce.,20,20,yes,2.24,2.235294117647059,2.24,yes,1.42,1.4169528125749884,1.42,yes,7,7,yes,3.00,3,yes,2.00,2,yes,1.50,1.5,1.50,yes,A[Na] B[podoben] C[način] D[lahko] E[sodelujejo] F[podjetja]G[;] H[na] I[podlagi] J[izpolnjenega] K[zahtevka] L[za] M[iskanje] N[kandidatov] O[skušamo] P[najti] Q[zanje] R[najprimernejše] S[delavce]T[.] ,(Na <case podoben <amod način) <obl lahko <advmod sodelujejo >nsubj podjetja >parataxis (; <punct skušamo >xcomp ((na <case podlagi >nmod (izpolnjenega <amod zahtevka >nmod (za <case iskanje >nmod kandidatov))) <obl najti >obl zanje >obj (najprimernejše <amod delavce))) >punct .,
274,ssj504.2678.9559,Krizni štab ima dobro osnovo za delo.,8,8,yes,1.33,1.3333333333333333,1.33,yes,1.16,1.1575038064963012,1.16,yes,4,4,yes,1.00,1,yes,1.00,1,yes,1.00,1.0,1.00,yes,A[Krizni] B[štab] C[ima] D[dobro] E[osnovo] F[za] G[delo]H[.] ,(Krizni <amod štab) <nsubj ima >obj (dobro <amod osnovo >nmod (za <case delo)) >punct .,
275,ssj504.2678.9560,"Imamo že izdelan projekt Maribor jutri, ki je bil zelo drago plačan, ampak s pravim kriznim štabom, ki bi deloval na nivoju mesta, bi se ga dalo uresničiti!",33,33,yes,3.81,3.814814814814815,3.81,yes,0.31,0.3090263107768579,0.31,yes,9,9,yes,5.00,5,yes,2.00,2,yes,2.50,2.5,2.50,yes,"A[Imamo] B[že] C[izdelan] D[projekt] E[Maribor] F[jutri]G[,] H[ki] I[je] J[bil] K[zelo] L[drago] M[plačan]N[,] O[ampak] P[s] Q[pravim] R[kriznim] S[štabom]T[,] U[ki] V[bi] W[deloval] X[na] Y[nivoju] Z[mesta]A[,] B[bi] C[se] D[ga] E[dalo] F[uresničiti]G[!] ","Imamo >obj (že <advmod izdelan <amod projekt >nmod (Maribor >advmod jutri) >acl (, <punct ki <mark je <aux bil <cop (zelo <advmod drago) <advmod plačan >punct , >conj (ampak <cc bi <aux se <expl dalo >xcomp ((s <case pravim <amod kriznim <amod štabom >acl (, <punct ki <mark bi <aux deloval >obl (na <case nivoju >nmod mesta) >punct ,)) <obl ga <obj uresničiti)))) >punct !",
276,ssj505.2679.9561,"Večina navzočih v dvorani je nato podprla predlog Toneta Anderliča (LDS), s katerim so na eno prihodnjih sej preložili obravnavo novele zakona o zdravstveni dejavnosti.",29,29,yes,2.54,2.5416666666666665,2.54,yes,1.63,1.629161955876264,1.63,yes,8,8,yes,2.00,2,yes,1.00,1,yes,2.00,2.0,2.00,yes,"A[Večina] B[navzočih] C[v] D[dvorani] E[je] F[nato] G[podprla] H[predlog] I[Toneta] J[Anderliča] K[(]L[LDS]M[)]N[,] O[s] P[katerim] Q[so] R[na] S[eno] T[prihodnjih] U[sej] V[preložili] W[obravnavo] X[novele] Y[zakona] Z[o] A[zdravstveni] B[dejavnosti]C[.] ","(Večina >amod (navzočih >nmod (v <case dvorani))) <nsubj je <aux nato <advmod podprla >obj (predlog >nmod (Toneta >flat Anderliča >appos (( <punct LDS >punct ))) >acl (, <punct (s <case katerim) <obl so <aux (na <case eno <nummod prihodnjih <amod sej) <obl preložili >obj (obravnavo >nmod (novele >nmod (zakona >nmod (o <case zdravstveni <amod dejavnosti)))))) >punct .",
277,ssj505.2679.9562,"Predložitvi je že na seji nasprotoval minister za zdravstvo Dušan Keber, ki prav tako prihaja iz vrst LDS.",20,20,yes,2.12,2.1176470588235294,2.12,yes,1.56,1.5621808122422416,1.56,yes,6,6,yes,2.00,2,yes,1.00,1,yes,2.00,2.0,2.00,yes,"A[Predložitvi] B[je] C[že] D[na] E[seji] F[nasprotoval] G[minister] H[za] I[zdravstvo] J[Dušan] K[Keber]L[,] M[ki] N[prav] O[tako] P[prihaja] Q[iz] R[vrst] S[LDS]T[.] ","Predložitvi <obj je <aux (že <advmod na <case seji) <obl nasprotoval >nsubj (minister >nmod (za <case zdravstvo) >nmod (Dušan >flat Keber >acl (, <punct ki <mark (prav <advmod tako) <advmod prihaja >obl (iz <case vrst >nmod LDS)))) >punct .",
278,ssj505.2680.9563,"Če bo ustava spremenjena, bi bilo zagotovo preprosteje dosledneje povzeti nemško ureditev kot pa v ustavi povsem na novo urediti poglavje o vladi",24,24,yes,2.68,2.6818181818181817,2.68,yes,1.53,1.5319813106594111,1.53,yes,6,6,yes,4.00,4,yes,1.00,1,yes,4.00,4.0,4.00,yes,"A[Če] B[bo] C[ustava] D[spremenjena]E[,] F[bi] G[bilo] H[zagotovo] I[preprosteje] J[dosledneje] K[povzeti] L[nemško] M[ureditev] N[kot] O[pa] P[v] Q[ustavi] R[povsem] S[na] T[novo] U[urediti] V[poglavje] W[o] X[vladi] ","(Če <mark bo <cop ustava <nsubj spremenjena >punct ,) <advcl bi <aux bilo >advmod zagotovo >advmod (preprosteje >advcl (kot <mark pa <advmod (v <case ustavi) <obl (povsem <advmod na <case novo) <obl urediti >obj (poglavje >nmod (o <case vladi)))) >csubj (dosledneje <advmod povzeti >obj (nemško <amod ureditev))",
279,ssj506.2681.9564,"Ljudi pogosto ocenjujemo na podlagi prvega vtisa, pri katerem igra pomembno vlogo tudi barva las.",17,17,yes,1.71,1.7142857142857142,1.71,yes,1.33,1.3298383084089973,1.33,yes,6,6,yes,2.00,2,yes,1.00,1,yes,2.00,2.0,2.00,yes,"A[Ljudi] B[pogosto] C[ocenjujemo] D[na] E[podlagi] F[prvega] G[vtisa]H[,] I[pri] J[katerem] K[igra] L[pomembno] M[vlogo] N[tudi] O[barva] P[las]Q[.] ","Ljudi <obj pogosto <advmod ocenjujemo >obl (na <case podlagi >nmod (prvega <amod vtisa >acl (, <punct (pri <case katerem) <obl igra >obj (pomembno <amod vlogo) >nsubj (tudi <advmod barva >nmod las)))) >punct .",
280,ssj506.2681.9565,In kaj lahko iz nje razberemo?,7,7,yes,2.80,2.8,2.80,yes,0.67,0.6709792736499196,0.67,yes,3,3,yes,1.00,1,yes,1.00,1,yes,1.00,1.0,1.00,yes,A[In] B[kaj] C[lahko] D[iz] E[nje] F[razberemo]G[?] ,In <cc kaj <obj lahko <advmod (iz <case nje) <obl razberemo >punct ?,
281,ssj506.2681.9566,Berite dalje!,3,3,yes,1.00,1.0,1.00,yes,0.00,0.0,0.00,yes,2,2,yes,1.00,1,yes,1.00,1,yes,1.00,1.0,1.00,yes,A[Berite] B[dalje]C[!] ,Berite >advmod dalje >punct !,
282,ssj506.2682.9567,"Kaspofungin, inovativno protiglivično zdravilo, je rezultat skoraj petnajstletnih raziskav, ki so sledile odkritju naravne učinkovine v nekem ribniku v dolini reke Lozoye blizu Madrida.",28,28,yes,2.13,2.130434782608696,2.13,yes,1.85,1.851141796623016,1.85,yes,8,8,yes,2.00,2,yes,1.00,1,yes,2.00,2.0,2.00,yes,"A[Kaspofungin]B[,] C[inovativno] D[protiglivično] E[zdravilo]F[,] G[je] H[rezultat] I[skoraj] J[petnajstletnih] K[raziskav]L[,] M[ki] N[so] O[sledile] P[odkritju] Q[naravne] R[učinkovine] S[v] T[nekem] U[ribniku] V[v] W[dolini] X[reke] Y[Lozoye] Z[blizu] A[Madrida]B[.] ","(Kaspofungin >appos (, <punct inovativno <amod protiglivično <amod zdravilo >punct ,)) <nsubj je <cop rezultat >nmod ((skoraj <advmod petnajstletnih) <amod raziskav >acl (, <punct ki <mark so <aux sledile >obj (odkritju >nmod (naravne <amod učinkovine) >nmod (v <case nekem <det ribniku >nmod (v <case dolini >nmod (reke >nmod Lozoye) >nmod (blizu <case Madrida)))))) >punct .",
283,ssj506.2682.9568,"Kaspofungin je prvi v novem razredu protiglivičnih zdravil, imenovanih ehinokandini oziroma zaviralci sinteze glukana, ki so prišli na tržišče po več kot desetletju.",26,26,yes,2.00,2.0,2.00,yes,1.40,1.4016801904532676,1.40,yes,10,10,yes,2.00,2,yes,1.00,1,yes,2.00,2.0,2.00,yes,"A[Kaspofungin] B[je] C[prvi] D[v] E[novem] F[razredu] G[protiglivičnih] H[zdravil]I[,] J[imenovanih] K[ehinokandini] L[oziroma] M[zaviralci] N[sinteze] O[glukana]P[,] Q[ki] R[so] S[prišli] T[na] U[tržišče] V[po] W[več] X[kot] Y[desetletju]Z[.] ","Kaspofungin <nsubj je <cop prvi >obl (v <case novem <amod razredu >nmod (protiglivičnih <amod zdravil >amod (, <punct imenovanih >obl (ehinokandini >conj (oziroma <cc zaviralci >nmod (sinteze >nmod glukana) >acl (, <punct ki <mark so <aux prišli >obl (na <case tržišče) >obl (po <case (več >fixed kot) <advmod desetletju))))))) >punct .",
284,ssj506.2682.9569,"Kaspofungin se uporablja za zdravljenje invazivne aspergiloze pri bolnikih, ki niso odzivni na druga protiglivična zdravila ali jih ne prenašajo (na primer amfotericin B, lipidni pripravki amfotericina B in/ ali itrakonazol).",37,37,yes,2.63,2.6333333333333333,2.63,yes,1.28,1.2816543643602665,1.28,yes,10,10,yes,3.00,3,yes,2.00,2,yes,1.50,1.5,1.50,yes,"A[Kaspofungin] B[se] C[uporablja] D[za] E[zdravljenje] F[invazivne] G[aspergiloze] H[pri] I[bolnikih]J[,] K[ki] L[niso] M[odzivni] N[na] O[druga] P[protiglivična] Q[zdravila] R[ali] S[jih] T[ne] U[prenašajo] V[(]W[na] X[primer] Y[amfotericin] Z[B]A[,] B[lipidni] C[pripravki] D[amfotericina] E[B] F[in]G[/] H[ali] I[itrakonazol]J[)]K[.] ","Kaspofungin <nsubj se <expl uporablja >obl (za <case zdravljenje >nmod (invazivne <amod aspergiloze) >nmod (pri <case bolnikih >acl (, <punct ki <mark niso <cop odzivni >obl (na <case druga <amod protiglivična <amod zdravila >appos (( <punct (na >fixed primer) <cc amfotericin >nmod B >conj (, <punct lipidni <amod pripravki >nmod (amfotericina >nmod B)) >conj ((in >conj (/ <punct ali)) <cc itrakonazol) >punct ))) >conj (ali <cc jih <obj ne <advmod prenašajo)))) >punct .",
285,ssj506.2682.9570,Registriran je tudi za zdravljenje invazivne kandidiaze pri odraslih in za izkustveno zdravljenje domnevnih glivičnih okužb (na primer s kandido ali aspergilusom) pri odraslih bolnikih z vročino in nevtropenijo.,32,32,yes,2.57,2.5714285714285716,2.57,yes,0.72,0.7216406462467505,0.72,yes,7,7,yes,1.00,1,yes,1.00,1,yes,1.00,1.0,1.00,yes,A[Registriran] B[je] C[tudi] D[za] E[zdravljenje] F[invazivne] G[kandidiaze] H[pri] I[odraslih] J[in] K[za] L[izkustveno] M[zdravljenje] N[domnevnih] O[glivičnih] P[okužb] Q[(]R[na] S[primer] T[s] U[kandido] V[ali] W[aspergilusom]X[)] Y[pri] Z[odraslih] A[bolnikih] B[z] C[vročino] D[in] E[nevtropenijo]F[.] ,Registriran >cop je >obl (tudi <advmod za <case zdravljenje >nmod (invazivne <amod kandidiaze) >nmod (pri <case odraslih) >conj (in <cc za <case izkustveno <amod zdravljenje >nmod (domnevnih <amod glivičnih <amod okužb >appos (( <punct (na >fixed primer) <cc s <case kandido >conj (ali <cc aspergilusom) >punct ))) >nmod (pri <case odraslih <amod bolnikih >nmod (z <case vročino >conj (in <cc nevtropenijo))))) >punct .,
286,ssj506.2683.9571,"Juhe teknejo, če jih serviramo vroče ali pa tudi hladne.",12,12,yes,2.56,2.5555555555555554,2.56,yes,0.51,0.5069162403551519,0.51,yes,5,5,yes,2.00,2,yes,1.00,1,yes,2.00,2.0,2.00,yes,"A[Juhe] B[teknejo]C[,] D[če] E[jih] F[serviramo] G[vroče] H[ali] I[pa] J[tudi] K[hladne]L[.] ","Juhe <nsubj teknejo >advcl (, <punct če <mark jih <obj serviramo >advcl (vroče >conj (ali <cc hladne)) >advmod pa >advmod tudi) >punct .",
287,ssj506.2683.9572,"Kadar je zunaj mraz, lahko vroča juha izzove prijetne občutke vsem, tudi tistim, ki se prehranjujejo v naglici.",22,22,yes,2.12,2.1176470588235294,2.12,yes,1.76,1.7649133662963237,1.76,yes,6,6,yes,3.00,3,yes,1.00,1,yes,3.00,3.0,3.00,yes,"A[Kadar] B[je] C[zunaj] D[mraz]E[,] F[lahko] G[vroča] H[juha] I[izzove] J[prijetne] K[občutke] L[vsem]M[,] N[tudi] O[tistim]P[,] Q[ki] R[se] S[prehranjujejo] T[v] U[naglici]V[.] ","(Kadar <mark je >advmod zunaj >nsubj mraz >punct ,) <advcl lahko <advmod (vroča <amod juha) <nsubj izzove >obj (prijetne <amod občutke) >iobj (vsem >appos (, <punct tudi <advmod tistim >acl (, <punct ki <mark se <expl prehranjujejo >obl (v <case naglici)))) >punct .",
288,ssj506.2683.9573,"Splošno je znano, da lahko isto jed, če jo zaužijemo pri sobni temperaturi, pojemo v veliko večji količini, kot če jo pojemo vročo.",28,28,yes,3.91,3.909090909090909,3.91,yes,0.73,0.7315225281180209,0.73,yes,7,7,yes,4.00,4,yes,1.00,1,yes,4.00,4.0,4.00,yes,"A[Splošno] B[je] C[znano]D[,] E[da] F[lahko] G[isto] H[jed]I[,] J[če] K[jo] L[zaužijemo] M[pri] N[sobni] O[temperaturi]P[,] Q[pojemo] R[v] S[veliko] T[večji] U[količini]V[,] W[kot] X[če] Y[jo] Z[pojemo] A[vročo]B[.] ","Splošno <advmod je <cop znano >csubj (, <punct da <mark lahko <advmod (isto <det jed) <obj (, <punct če <mark jo <obj zaužijemo >obl (pri <case sobni <amod temperaturi) >punct ,) <advcl pojemo >obl (v <case veliko <det (večji >advcl (, <punct (kot >fixed če) <mark jo <obj pojemo >advcl vročo)) <amod količini)) >punct .",
289,ssj506.2684.9574,"Za zmanjšanje izgube vitaminov, občutljivih na vročino, kuhajte juhe v ekonom loncu.",15,15,yes,2.18,2.1818181818181817,2.18,yes,1.57,1.5700816253466332,1.57,yes,7,7,yes,1.00,1,yes,1.00,1,yes,1.00,1.0,1.00,yes,"A[Za] B[zmanjšanje] C[izgube] D[vitaminov]E[,] F[občutljivih] G[na] H[vročino]I[,] J[kuhajte] K[juhe] L[v] M[ekonom] N[loncu]O[.] ","(Za <case zmanjšanje >nmod (izgube >nmod (vitaminov >amod (, <punct občutljivih >nmod (na <case vročino) >punct ,)))) <obl kuhajte >obj juhe >obl (v <case ekonom <nmod loncu) >punct .",
290,ssj506.2685.9575,Kaj menijo strokovnjaki?,4,4,yes,1.00,1.0,1.00,yes,0.69,0.6931471805599453,0.69,yes,2,2,yes,1.00,1,yes,1.00,1,yes,1.00,1.0,1.00,yes,A[Kaj] B[menijo] C[strokovnjaki]D[?] ,Kaj <obj menijo >nsubj strokovnjaki >punct ?,
291,ssj506.2685.9576,Redni in uravnoteženi obroki ohranjajo vašo težo stabilno.,9,9,yes,1.86,1.8571428571428572,1.86,yes,1.16,1.1586348223384833,1.16,yes,5,5,yes,1.00,1,yes,1.00,1,yes,1.00,1.0,1.00,yes,A[Redni] B[in] C[uravnoteženi] D[obroki] E[ohranjajo] F[vašo] G[težo] H[stabilno]I[.] ,((Redni >conj (in <cc uravnoteženi)) <amod obroki) <nsubj ohranjajo >obj (vašo <det težo) >xcomp stabilno >punct .,
292,ssj506.2685.9577,Tudi tukaj lahko potiskanje lakote privede do basanja kasneje.,10,10,yes,2.12,2.125,2.12,yes,1.18,1.1818287030775654,1.18,yes,3,3,yes,1.00,1,yes,1.00,1,yes,1.00,1.0,1.00,yes,A[Tudi] B[tukaj] C[lahko] D[potiskanje] E[lakote] F[privede] G[do] H[basanja] I[kasneje]J[.] ,(Tudi <advmod tukaj) <advmod lahko <advmod (potiskanje >nmod lakote) <nsubj privede >obl (do <case basanja) >advmod kasneje >punct .,
293,ssj506.2686.9578,• Prepoznajte svojo sitost.,5,5,yes,1.50,1.5,1.50,yes,0.29,0.2876820724517809,0.29,yes,3,3,yes,1.00,1,yes,1.00,1,yes,1.00,1.0,1.00,yes,A[•] B[Prepoznajte] C[svojo] D[sitost]E[.] ,• <punct Prepoznajte >obj (svojo <det sitost) >punct .,
294,ssj506.2686.9579,"To se pravi, da veste, kdaj bi lahko še jedli, vendar ste prijetno siti, tako da lahko nehate jesti.",24,24,yes,2.78,2.7777777777777777,2.78,yes,0.97,0.9728407757501558,0.97,yes,6,6,yes,6.00,6,yes,3.00,3,yes,2.00,2.0,2.00,yes,"A[To] B[se] C[pravi]D[,] E[da] F[veste]G[,] H[kdaj] I[bi] J[lahko] K[še] L[jedli]M[,] N[vendar] O[ste] P[prijetno] Q[siti]R[,] S[tako] T[da] U[lahko] V[nehate] W[jesti]X[.] ","To <nsubj se <expl pravi >ccomp (, <punct da <mark veste >ccomp (, <punct kdaj <mark bi <aux lahko <advmod še <advmod jedli >conj (, <punct vendar <cc ste <cop prijetno <advmod siti) >conj (, <punct (tako >fixed da) <cc lahko <advmod nehate >xcomp jesti))) >punct .",
295,ssj506.2687.9580,"Nič ne de, vsi jemo prigrizke.",8,8,yes,1.60,1.6,1.60,yes,0.88,0.8840214713053695,0.88,yes,3,3,yes,2.00,2,yes,2.00,2,yes,1.00,1.0,1.00,yes,"A[Nič] B[ne] C[de]D[,] E[vsi] F[jemo] G[prigrizke]H[.] ","Nič <nsubj ne <advmod de >parataxis (, <punct vsi <nsubj jemo >obj prigrizke) >punct .",
296,ssj506.2687.9581,Zakaj ne bi za prigrizek pojedli kaj koristnega in ne vedno le mastnega čipsa.,15,15,yes,2.23,2.230769230769231,2.23,yes,1.38,1.3760079408198587,1.38,yes,4,4,yes,1.00,1,yes,1.00,1,yes,1.00,1.0,1.00,yes,A[Zakaj] B[ne] C[bi] D[za] E[prigrizek] F[pojedli] G[kaj] H[koristnega] I[in] J[ne] K[vedno] L[le] M[mastnega] N[čipsa]O[.] ,Zakaj <advmod ne <advmod bi <aux (za <case prigrizek) <obl pojedli >obj (kaj >amod koristnega) >conj (in <cc ne >orphan vedno >orphan (le <advmod mastnega <amod čipsa)) >punct .,
297,ssj506.2688.9582,"Potrebujemo: 1 kg belušev, 8 jajc, 80 g masla, nariban parmezan",15,15,yes,3.10,3.1,3.10,yes,0.02,0.01989043500592233,0.02,yes,4,4,yes,1.00,1,yes,1.00,1,yes,1.00,1.0,1.00,yes,"A[Potrebujemo]B[:] C[1] D[kg] E[belušev]F[,] G[8] H[jajc]I[,] J[80] K[g] L[masla]M[,] N[nariban] O[parmezan] ","Potrebujemo >obj (: <punct 1 <nummod kg >nmod belušev >conj (, <punct 8 <nummod jajc) >conj (, <punct 80 <nummod g >nmod masla) >conj (, <punct nariban <amod parmezan))",
298,ssj506.2689.9583,"Pomembno pa je poudariti, da zaščita pred neželeno zanositvijo ni zaščita pred spolno nalezljivimi boleznimi, zato ob partnerju, ki ga slabo poznate, za lastno zaščito uporabite metodo, ki je v svetu poznana kot Double Dutch: poleg hormonske kontracepcije se zaščitite tudi s kondom in bodite dosledne.",53,53,yes,3.47,3.466666666666667,3.47,yes,0.66,0.6601377274059426,0.66,yes,8,8,yes,8.00,8,yes,4.00,4,yes,2.00,2.0,2.00,yes,"A[Pomembno] B[pa] C[je] D[poudariti]E[,] F[da] G[zaščita] H[pred] I[neželeno] J[zanositvijo] K[ni] L[zaščita] M[pred] N[spolno] O[nalezljivimi] P[boleznimi]Q[,] R[zato] S[ob] T[partnerju]U[,] V[ki] W[ga] X[slabo] Y[poznate]Z[,] A[za] B[lastno] C[zaščito] D[uporabite] E[metodo]F[,] G[ki] H[je] I[v] J[svetu] K[poznana] L[kot] M[Double] N[Dutch]O[:] P[poleg] Q[hormonske] R[kontracepcije] S[se] T[zaščitite] U[tudi] V[s] W[kondom] X[in] Y[bodite] Z[dosledne]A[.] ","Pomembno >advmod pa >cop je >csubj (poudariti >ccomp (, <punct da <mark (zaščita >nmod (pred <case neželeno <amod zanositvijo)) <nsubj ni <cop zaščita >nmod (pred <case (spolno <advmod nalezljivimi) <amod boleznimi) >conj (, <punct zato <cc (ob <case partnerju >acl (, <punct ki <mark ga <obj slabo <advmod poznate >punct ,)) <obl (za <case lastno <amod zaščito) <obl uporabite >obj (metodo >acl (, <punct ki <mark je <cop (v <case svetu) <obl poznana >obl (kot <case Double <nmod Dutch))) >parataxis (: <punct (poleg <case hormonske <amod kontracepcije) <obl se <obj zaščitite >obl (tudi <advmod s <case kondom) >conj (in <cc bodite <cop dosledne))))) >punct .",
299,ssj506.2690.9584,Od uporabe prve kontracepcijske tabletke je minilo že štirideset let.,11,11,yes,2.11,2.111111111111111,2.11,yes,1.32,1.3243529613655454,1.32,yes,4,4,yes,1.00,1,yes,1.00,1,yes,1.00,1.0,1.00,yes,A[Od] B[uporabe] C[prve] D[kontracepcijske] E[tabletke] F[je] G[minilo] H[že] I[štirideset] J[let]K[.] ,(Od <case uporabe >nmod (prve <amod kontracepcijske <amod tabletke)) <obl je <aux minilo >nsubj (že <advmod štirideset <nummod let) >punct .,
300,ssj506.2691.9585,"- Pomembno je, da eyeliner uporabite v miru in tišini, brez naglice, posebej če še niste najbolj spretni.",22,22,yes,3.12,3.125,3.12,yes,0.59,0.5934336682114986,0.59,yes,5,5,yes,3.00,3,yes,1.00,1,yes,3.00,3.0,3.00,yes,"A[-] B[Pomembno] C[je]D[,] E[da] F[eyeliner] G[uporabite] H[v] I[miru] J[in] K[tišini]L[,] M[brez] N[naglice]O[,] P[posebej] Q[če] R[še] S[niste] T[najbolj] U[spretni]V[.] ","- <punct Pomembno >cop je >csubj (, <punct da <mark eyeliner <obj uporabite >obl (v <case miru >conj (in <cc tišini) >conj (, <punct brez <case naglice)) >advcl (, <punct posebej <advmod če <mark še <advmod niste <cop najbolj <advmod spretni)) >punct .",
301,ssj506.2691.9586,"Usedite se na stol pred ogledalom in roko, s katero boste vlekli črto, naslonite na ravno in trdo podlago.",22,22,yes,3.33,3.3333333333333335,3.33,yes,0.24,0.24121307462214617,0.24,yes,6,6,yes,3.00,3,yes,2.00,2,yes,1.50,1.5,1.50,yes,"A[Usedite] B[se] C[na] D[stol] E[pred] F[ogledalom] G[in] H[roko]I[,] J[s] K[katero] L[boste] M[vlekli] N[črto]O[,] P[naslonite] Q[na] R[ravno] S[in] T[trdo] U[podlago]V[.] ","Usedite >expl se >obl (na <case stol) >obl (pred <case ogledalom) >parataxis ((in <cc roko >acl (, <punct (s <case katero) <obl boste <aux vlekli >obj črto >punct ,)) <obj naslonite >obl (na <case (ravno >conj (in <cc trdo)) <amod podlago)) >punct .",
302,ssj506.2692.9587,"Danes je vozniško dovoljenje eden od temeljnih dokumentov, ki omogoča mobilnost in opravljanje vseh nalog in funkcij, ki jih imamo.",23,23,yes,1.89,1.894736842105263,1.89,yes,1.64,1.6378584865106007,1.64,yes,9,9,yes,3.00,3,yes,1.00,1,yes,3.00,3.0,3.00,yes,"A[Danes] B[je] C[vozniško] D[dovoljenje] E[eden] F[od] G[temeljnih] H[dokumentov]I[,] J[ki] K[omogoča] L[mobilnost] M[in] N[opravljanje] O[vseh] P[nalog] Q[in] R[funkcij]S[,] T[ki] U[jih] V[imamo]W[.] ","Danes <advmod je <cop (vozniško <amod dovoljenje) <nsubj eden >nmod (od <case temeljnih <amod dokumentov >acl (, <punct ki <mark omogoča >obj (mobilnost >conj (in <cc opravljanje >nmod (vseh <det nalog >conj (in <cc funkcij >acl (, <punct ki <mark jih <obj imamo))))))) >punct .",
303,ssj506.2693.9588,"Draga Mojca, z dietami se kar nehajte spopadati, saj so rezultati ponavadi kratkotrajni.",16,16,yes,2.83,2.8333333333333335,2.83,yes,1.24,1.2407202209057568,1.24,yes,4,4,yes,3.00,3,yes,2.00,2,yes,1.50,1.5,1.50,yes,"A[Draga] B[Mojca]C[,] D[z] E[dietami] F[se] G[kar] H[nehajte] I[spopadati]J[,] K[saj] L[so] M[rezultati] N[ponavadi] O[kratkotrajni]P[.] ","(Draga <amod Mojca >punct ,) <vocative kar <advmod nehajte >xcomp ((z <case dietami) <obl se <expl spopadati) >conj (, <punct saj <cc so <cop rezultati <nsubj ponavadi <advmod kratkotrajni) >punct .",
304,ssj506.2693.9589,Predvsem se morate naučiti vsakodnevne pravilne prehrane.,8,8,yes,1.83,1.8333333333333333,1.83,yes,0.84,0.8390500753777668,0.84,yes,4,4,yes,2.00,2,yes,1.00,1,yes,2.00,2.0,2.00,yes,A[Predvsem] B[se] C[morate] D[naučiti] E[vsakodnevne] F[pravilne] G[prehrane]H[.] ,Predvsem <advmod morate >xcomp (se <expl naučiti >obj (vsakodnevne <amod pravilne <amod prehrane)) >punct .,
305,ssj506.2693.9590,"To ne pomeni, da se ne smete kdaj pa kdaj ""prekršiti"", ampak predvsem to, da ne zaužijete več kalorij, kakor pa jih porabite.",30,30,yes,3.23,3.227272727272727,3.23,yes,0.92,0.9231899473302133,0.92,yes,7,7,yes,5.00,5,yes,1.00,1,yes,5.00,5.0,5.00,yes,"A[To] B[ne] C[pomeni]D[,] E[da] F[se] G[ne] H[smete] I[kdaj] J[pa] K[kdaj] L[""]M[prekršiti]N[""]O[,] P[ampak] Q[predvsem] R[to]S[,] T[da] U[ne] V[zaužijete] W[več] X[kalorij]Y[,] Z[kakor] A[pa] B[jih] C[porabite]D[.] ","To <nsubj ne <advmod pomeni >ccomp (, <punct da <mark ne <advmod smete >xcomp (se <expl (kdaj >conj (pa <cc kdaj)) <advmod "" <punct prekršiti >punct "")) >conj (, <punct ampak <cc predvsem <advmod to >acl (, <punct da <mark ne <advmod zaužijete >obj ((več >advcl (, <punct kakor <mark pa <advmod jih <obj porabite)) <det kalorij))) >punct .",
306,ssj506.2693.9591,"Pomembno je, da zaužijete tri do štiri manjše obroke na dan.",13,13,yes,2.70,2.7,2.70,yes,0.16,0.15804077348673942,0.16,yes,6,6,yes,2.00,2,yes,1.00,1,yes,2.00,2.0,2.00,yes,"A[Pomembno] B[je]C[,] D[da] E[zaužijete] F[tri] G[do] H[štiri] I[manjše] J[obroke] K[na] L[dan]M[.] ","Pomembno >cop je >csubj (, <punct da <mark zaužijete >obj ((tri >conj (do <case štiri)) <nummod manjše <amod obroke) >obl (na <case dan)) >punct .",
307,ssj506.2693.9592,"Ne stradajte, ker boste tako težko shujšali in tudi motivacija zato vam bo pošla!",16,16,yes,3.15,3.1538461538461537,3.15,yes,0.48,0.48042555976796997,0.48,yes,5,5,yes,3.00,3,yes,2.00,2,yes,1.50,1.5,1.50,yes,"A[Ne] B[stradajte]C[,] D[ker] E[boste] F[tako] G[težko] H[shujšali] I[in] J[tudi] K[motivacija] L[zato] M[vam] N[bo] O[pošla]P[!] ","Ne <advmod stradajte >advcl (, <punct ker <mark boste <aux tako <advmod težko <advmod shujšali >conj (in <cc (tudi <advmod motivacija) <nsubj zato <advmod vam <iobj bo <aux pošla)) >punct !",
308,ssj506.2693.9593,Če si preberete enega od mojih prejšnjih člankov v reviji Lepa& zdrava boste dobili nekaj podrobnejših informacij o tem.,21,21,yes,2.26,2.263157894736842,2.26,yes,2.01,2.0094834536072037,2.01,yes,8,8,yes,2.00,2,yes,1.00,1,yes,2.00,2.0,2.00,yes,A[Če] B[si] C[preberete] D[enega] E[od] F[mojih] G[prejšnjih] H[člankov] I[v] J[reviji] K[Lepa]L[&] M[zdrava] N[boste] O[dobili] P[nekaj] Q[podrobnejših] R[informacij] S[o] T[tem]U[.] ,(Če <mark si <expl preberete >obl (enega >nmod (od <case mojih <det prejšnjih <amod člankov >nmod (v <case reviji >amod (Lepa >conj (& <cc zdrava)))))) <advcl boste <aux dobili >obj (nekaj <det podrobnejših <amod informacij >nmod (o <case tem)) >punct .,
309,ssj506.2694.9594,"Sporočilo: Bistvo odgovarjanja na zgornja vprašanja je v tem, da boste poslej ob pomembnih odločitvah in neprijetnih okoliščinah napravili korak nazaj in se vprašali, kaj si v resnici želite.",33,33,yes,3.39,3.392857142857143,3.39,yes,1.48,1.484150644502183,1.48,yes,7,7,yes,4.00,4,yes,2.00,2,yes,2.00,2.0,2.00,yes,"A[Sporočilo]B[:] C[Bistvo] D[odgovarjanja] E[na] F[zgornja] G[vprašanja] H[je] I[v] J[tem]K[,] L[da] M[boste] N[poslej] O[ob] P[pomembnih] Q[odločitvah] R[in] S[neprijetnih] T[okoliščinah] U[napravili] V[korak] W[nazaj] X[in] Y[se] Z[vprašali]A[,] B[kaj] C[si] D[v] E[resnici] F[želite]G[.] ","(Sporočilo >punct :) <parataxis (Bistvo >nmod (odgovarjanja >nmod (na <case zgornja <amod vprašanja))) <nsubj je >obl (v <case tem >acl (, <punct da <mark boste <aux poslej <advmod (ob <case pomembnih <amod odločitvah >conj (in <cc neprijetnih <amod okoliščinah)) <obl napravili >obj (korak >advmod nazaj) >conj (in <cc se <expl vprašali >ccomp (, <punct kaj <obj si <expl (v <case resnici) <obl želite)))) >punct .",
310,ssj506.2694.9595,"In odslej naprej boste počeli samo tisto, kar vas resnično veseli in izpopolnjuje.",15,15,yes,2.08,2.0833333333333335,2.08,yes,1.31,1.31320310603085,1.31,yes,5,5,yes,3.00,3,yes,2.00,2,yes,1.50,1.5,1.50,yes,"A[In] B[odslej] C[naprej] D[boste] E[počeli] F[samo] G[tisto]H[,] I[kar] J[vas] K[resnično] L[veseli] M[in] N[izpopolnjuje]O[.] ","In <cc (odslej <advmod naprej) <advmod boste <aux počeli >obj (samo <advmod tisto >acl (, <punct kar <nsubj vas <obj resnično <advmod veseli >conj (in <cc izpopolnjuje))) >punct .",
311,ssj506.2694.9596,"Naj bo tako, čeprav vas nihče ne bo podpiral, in daleč boste prišli.",16,16,yes,3.00,3.0,3.00,yes,0.49,0.49041462650586304,0.49,yes,4,4,yes,3.00,3,yes,2.00,2,yes,1.50,1.5,1.50,yes,"A[Naj] B[bo] C[tako]D[,] E[čeprav] F[vas] G[nihče] H[ne] I[bo] J[podpiral]K[,] L[in] M[daleč] N[boste] O[prišli]P[.] ","Naj <mark bo >advmod tako >advcl (, <punct čeprav <mark vas <obj nihče <nsubj ne <advmod bo <aux podpiral >punct , >conj (in <cc daleč <advmod boste <aux prišli)) >punct .",
312,ssj506.2695.9597,"Osnovni nasvet: Nihče drug vam ne piše urnika, samo vi sami.",14,14,yes,2.20,2.2,2.20,yes,0.71,0.7094087764127253,0.71,yes,4,4,yes,2.00,2,yes,2.00,2,yes,1.00,1.0,1.00,yes,"A[Osnovni] B[nasvet]C[:] D[Nihče] E[drug] F[vam] G[ne] H[piše] I[urnika]J[,] K[samo] L[vi] M[sami]N[.] ","Osnovni <amod nasvet >parataxis (: <punct (Nihče >amod drug) <nsubj vam <iobj ne <advmod piše >obj urnika >parataxis (, <punct samo <advmod vi >amod sami)) >punct .",
313,ssj506.2695.9598,"In če ste ga znali zapolniti z balastom, kot je nepotrebno pospravljanje stanovanja sredi tedna oziroma vsakodnevno posedanje s kolegico na kavici, potem ste ga sposobni tudi očistiti nepotrebnih opravkov.",33,33,yes,3.07,3.0689655172413794,3.07,yes,2.23,2.228409630335173,2.23,yes,9,9,yes,5.00,5,yes,1.00,1,yes,5.00,5.0,5.00,yes,"A[In] B[če] C[ste] D[ga] E[znali] F[zapolniti] G[z] H[balastom]I[,] J[kot] K[je] L[nepotrebno] M[pospravljanje] N[stanovanja] O[sredi] P[tedna] Q[oziroma] R[vsakodnevno] S[posedanje] T[s] U[kolegico] V[na] W[kavici]X[,] Y[potem] Z[ste] A[ga] B[sposobni] C[tudi] D[očistiti] E[nepotrebnih] F[opravkov]G[.] ","ste <cop sposobni >xcomp ((In <cc če <mark ste <aux znali >xcomp (ga <obj zapolniti >obl (z <case balastom >acl (, <punct kot <mark je <cop nepotrebno <amod pospravljanje >nmod stanovanja >nmod (sredi <case tedna) >conj (oziroma <cc vsakodnevno <amod posedanje >nmod (s <case kolegico) >nmod (na <case kavici)) >punct ,)))) <advcl potem <advmod ga <iobj tudi <advmod očistiti >obj (nepotrebnih <amod opravkov)) >punct .",
314,ssj506.2695.9599,In se spraviti na lov za ciljem.,8,8,yes,1.50,1.5,1.50,yes,1.04,1.0397207708399179,1.04,yes,4,4,yes,1.00,1,yes,1.00,1,yes,1.00,1.0,1.00,yes,A[In] B[se] C[spraviti] D[na] E[lov] F[za] G[ciljem]H[.] ,In <cc se <expl spraviti >obl (na <case lov >nmod (za <case ciljem)) >punct .,
315,ssj506.2696.9600,"- Naredite izpadni korak v stran, tako da sta obe stopali še vedno obrnjeni naprej, noga, ki je ostala na mestu, pa je skoraj popolnoma iztegnjena.",31,31,yes,4.12,4.125,4.12,yes,0.52,0.5185344856673012,0.52,yes,6,6,yes,4.00,4,yes,2.00,2,yes,2.00,2.0,2.00,yes,"A[-] B[Naredite] C[izpadni] D[korak] E[v] F[stran]G[,] H[tako] I[da] J[sta] K[obe] L[stopali] M[še] N[vedno] O[obrnjeni] P[naprej]Q[,] R[noga]S[,] T[ki] U[je] V[ostala] W[na] X[mestu]Y[,] Z[pa] A[je] B[skoraj] C[popolnoma] D[iztegnjena]E[.] ","- <punct Naredite >obj (izpadni <amod korak >nmod (v <case stran)) >advcl (, <punct (tako >fixed da) <mark sta <cop (obe <det stopali) <nsubj še <advmod vedno <advmod obrnjeni >advmod naprej) >parataxis (, <punct (noga >acl (, <punct ki <mark je <aux ostala >obl (na <case mestu) >punct ,)) <nsubj pa <advmod je <cop (skoraj <advmod popolnoma) <advmod iztegnjena) >punct .",
316,ssj507.2697.9601,"»Samo še ščepec teme, stric, samo še malo; nočem, da se vsa tema vrne.",20,20,yes,3.15,3.1538461538461537,3.15,yes,0.83,0.8269991500479427,0.83,yes,5,5,yes,3.00,3,yes,2.00,2,yes,1.50,1.5,1.50,yes,"A[»]B[Samo] C[še] D[ščepec] E[teme]F[,] G[stric]H[,] I[samo] J[še] K[malo]L[;] M[nočem]N[,] O[da] P[se] Q[vsa] R[tema] S[vrne]T[.] ","» <punct Samo <advmod še <advmod ščepec >nmod teme >vocative (, <punct stric) >parataxis (, <punct samo <advmod še <advmod malo) >parataxis (; <punct nočem >ccomp (, <punct da <mark se <expl (vsa <det tema) <nsubj vrne)) >punct .",
317,ssj507.2697.9602,"Samo malo, malo, malo.«",8,8,yes,2.33,2.3333333333333335,2.33,yes,0.05,0.048581874226823765,0.05,yes,3,3,yes,1.00,1,yes,1.00,1,yes,1.00,1.0,1.00,yes,"A[Samo] B[malo]C[,] D[malo]E[,] F[malo]G[.]H[«] ","Samo <advmod malo >conj (, <punct malo) >conj (, <punct malo) >punct . >punct «",
318,ssj507.2697.9603,"Mož je še enkrat iztegnil roko skozi režo in potem je pomencal s prsti, mračilo se je.",19,19,yes,2.75,2.75,2.75,yes,1.18,1.179412405658461,1.18,yes,4,4,yes,3.00,3,yes,3.00,3,yes,1.00,1.0,1.00,yes,"A[Mož] B[je] C[še] D[enkrat] E[iztegnil] F[roko] G[skozi] H[režo] I[in] J[potem] K[je] L[pomencal] M[s] N[prsti]O[,] P[mračilo] Q[se] R[je]S[.] ","Mož <nsubj je <aux (še <advmod enkrat) <advmod iztegnil >obj roko >obl (skozi <case režo) >conj (in <cc potem <advmod je <aux pomencal >obl (s <case prsti)) >parataxis (, <punct mračilo >expl se >aux je) >punct .",
319,ssj507.2697.9604,"Tonove veke so se zagrinjale, mož je šepetal:",10,10,yes,2.00,2.0,2.00,yes,1.08,1.0845268501847616,1.08,yes,3,3,yes,2.00,2,yes,2.00,2,yes,1.00,1.0,1.00,yes,"A[Tonove] B[veke] C[so] D[se] E[zagrinjale]F[,] G[mož] H[je] I[šepetal]J[:] ","(Tonove <amod veke) <nsubj so <aux se <expl zagrinjale >parataxis (, <punct mož <nsubj je <aux šepetal) >punct :",
320,ssj508.2698.9605,"Moher je po svojih fizikalnih in kemijskih lastnostih, odpornosti proti kemijskim reagentom, toploti, mikroorganizmom in mrčesu podoben volni.",22,22,yes,5.06,5.0588235294117645,5.06,yes,1.29,1.293338856607812,1.29,yes,6,6,yes,1.00,1,yes,1.00,1,yes,1.00,1.0,1.00,yes,"A[Moher] B[je] C[po] D[svojih] E[fizikalnih] F[in] G[kemijskih] H[lastnostih]I[,] J[odpornosti] K[proti] L[kemijskim] M[reagentom]N[,] O[toploti]P[,] Q[mikroorganizmom] R[in] S[mrčesu] T[podoben] U[volni]V[.] ","Moher <nsubj je <cop (po <case svojih <det (fizikalnih >conj (in <cc kemijskih)) <amod lastnostih >conj (, <punct odpornosti >nmod (proti <case kemijskim <amod reagentom >conj (, <punct toploti) >conj (, <punct mikroorganizmom) >conj (in <cc mrčesu)))) <obl podoben >obj volni >punct .",
321,ssj508.2698.9606,Odlikuje se predvsem po svoji izredni odpornosti na drgnjenje.,10,10,yes,2.50,2.5,2.50,yes,0.12,0.12343003896576299,0.12,yes,4,4,yes,1.00,1,yes,1.00,1,yes,1.00,1.0,1.00,yes,A[Odlikuje] B[se] C[predvsem] D[po] E[svoji] F[izredni] G[odpornosti] H[na] I[drgnjenje]J[.] ,Odlikuje >expl se >obl (predvsem <advmod po <case svoji <det izredni <amod odpornosti >nmod (na <case drgnjenje)) >punct .,
322,ssj508.2698.9607,"Uporablja se večinoma za pletenine, pa tudi za tkanine za vrhnja oblačila, dekorativne tkanine, pohištveno blago, preproge in polsti ter v avtomobilski industriji.",28,28,yes,5.23,5.2272727272727275,5.23,yes,0.11,0.10836844832577634,0.11,yes,5,5,yes,1.00,1,yes,1.00,1,yes,1.00,1.0,1.00,yes,"A[Uporablja] B[se] C[večinoma] D[za] E[pletenine]F[,] G[pa] H[tudi] I[za] J[tkanine] K[za] L[vrhnja] M[oblačila]N[,] O[dekorativne] P[tkanine]Q[,] R[pohištveno] S[blago]T[,] U[preproge] V[in] W[polsti] X[ter] Y[v] Z[avtomobilski] A[industriji]B[.] ","Uporablja >expl se >advmod večinoma >obl (za <case pletenine >conj (, <punct pa <cc tudi <advmod za <case tkanine >nmod (za <case vrhnja <amod oblačila)) >conj (, <punct dekorativne <amod tkanine) >conj (, <punct pohištveno <amod blago) >conj (, <punct preproge) >conj (in <cc polsti) >conj (ter <cc v <case avtomobilski <amod industriji)) >punct .",
323,ssj508.2698.9608,Zaradi svojih lastnosti je uporaben tudi za poletna oblačila.,10,10,yes,2.00,2.0,2.00,yes,1.15,1.1512925464970227,1.15,yes,3,3,yes,1.00,1,yes,1.00,1,yes,1.00,1.0,1.00,yes,A[Zaradi] B[svojih] C[lastnosti] D[je] E[uporaben] F[tudi] G[za] H[poletna] I[oblačila]J[.] ,(Zaradi <case svojih <det lastnosti) <obl je <cop uporaben >obl (tudi <advmod za <case poletna <amod oblačila) >punct .,
324,ssj509.2699.9609,"Na sedežu severnoatlantskega zavezništva še vedno odmeva novica o umoru Fehmija Aganija, ki je bil med pogajanji v Rambouilletu glavni svetovalec Ibrahima Rugove.",25,25,yes,2.77,2.772727272727273,2.77,yes,1.50,1.498644890391819,1.50,yes,8,8,yes,2.00,2,yes,1.00,1,yes,2.00,2.0,2.00,yes,"A[Na] B[sedežu] C[severnoatlantskega] D[zavezništva] E[še] F[vedno] G[odmeva] H[novica] I[o] J[umoru] K[Fehmija] L[Aganija]M[,] N[ki] O[je] P[bil] Q[med] R[pogajanji] S[v] T[Rambouilletu] U[glavni] V[svetovalec] W[Ibrahima] X[Rugove]Y[.] ","(Na <case sedežu >nmod (severnoatlantskega <amod zavezništva)) <obl še <advmod vedno <advmod odmeva >nsubj (novica >nmod (o <case umoru >nmod (Fehmija >flat Aganija >acl (, <punct ki <mark je <aux bil <cop (med <case pogajanji >nmod (v <case Rambouilletu)) <obl glavni <amod svetovalec >nmod (Ibrahima >flat Rugove))))) >punct .",
325,ssj509.2699.9610,"Informacija je po zatrdilu brigadirja Wilbyja prišla iz »zelo zanesljivih virov«, vendar so v diplomatskih predstavništvih nekaterih zaveznic včeraj izrazili dvom o resničnosti podatka o smrti enega najuglednejših predstavnikov zmernih kosovskih sil, češ da novica ni potrjena.",42,42,yes,3.22,3.2222222222222223,3.22,yes,1.59,1.594643291105457,1.59,yes,9,9,yes,3.00,3,yes,2.00,2,yes,1.50,1.5,1.50,yes,"A[Informacija] B[je] C[po] D[zatrdilu] E[brigadirja] F[Wilbyja] G[prišla] H[iz] I[»]J[zelo] K[zanesljivih] L[virov]M[«]N[,] O[vendar] P[so] Q[v] R[diplomatskih] S[predstavništvih] T[nekaterih] U[zaveznic] V[včeraj] W[izrazili] X[dvom] Y[o] Z[resničnosti] A[podatka] B[o] C[smrti] D[enega] E[najuglednejših] F[predstavnikov] G[zmernih] H[kosovskih] I[sil]J[,] K[češ] L[da] M[novica] N[ni] O[potrjena]P[.] ","Informacija <nsubj je <aux (po <case zatrdilu >nmod (brigadirja >nmod Wilbyja)) <obl prišla >obl (iz <case » <punct (zelo <advmod zanesljivih) <amod virov >punct «) >conj (, <punct vendar <cc so <aux (v <case diplomatskih <amod predstavništvih >nmod (nekaterih <det zaveznic)) <obl včeraj <advmod izrazili >obj (dvom >nmod (o <case resničnosti >nmod (podatka >nmod (o <case smrti >nmod (enega <nummod najuglednejših <amod predstavnikov >nmod (zmernih <amod kosovskih <amod sil)))))) >advcl (, <punct (češ >fixed da) <mark novica <nsubj ni <cop potrjena)) >punct .",
326,ssj509.2699.9611,"Na vprašanje, zakaj komandosi, ki so jih velike države najverjetneje že poslale v žarišče konfliktov, da bi sabotirali vojaške naprave in zbirali podatke o premikih srbskih enot, niso pravočasno odpeljali Rugove in drugih političnih osebnosti s Kosova, kar bi nedvomno lahko storili, kot priča uspešno reševanje pilota strmoglavljenega letala F-117, v diplomatskih krogih odgovarjajo, da niso dobili nobene zahteve.",70,70,yes,4.90,4.898305084745763,4.90,yes,2.52,2.5214468409419135,2.52,yes,11,11,yes,8.00,8,yes,3.00,3,yes,2.67,2.6666666666666665,2.67,yes,"A[Na] B[vprašanje]C[,] D[zakaj] E[komandosi]F[,] G[ki] H[so] I[jih] J[velike] K[države] L[najverjetneje] M[že] N[poslale] O[v] P[žarišče] Q[konfliktov]R[,] S[da] T[bi] U[sabotirali] V[vojaške] W[naprave] X[in] Y[zbirali] Z[podatke] A[o] B[premikih] C[srbskih] D[enot]E[,] F[niso] G[pravočasno] H[odpeljali] I[Rugove] J[in] K[drugih] L[političnih] M[osebnosti] N[s] O[Kosova]P[,] Q[kar] R[bi] S[nedvomno] T[lahko] U[storili]V[,] W[kot] X[priča] Y[uspešno] Z[reševanje] A[pilota] B[strmoglavljenega] C[letala] D[F]E[-]F[117]G[,] H[v] I[diplomatskih] J[krogih] K[odgovarjajo]L[,] M[da] N[niso] O[dobili] P[nobene] Q[zahteve]R[.] ","(Na <case vprašanje >acl (, <punct zakaj <advmod (komandosi >acl (, <punct ki <mark so <aux jih <obj (velike <amod države) <nsubj najverjetneje <advmod že <advmod poslale >obl (v <case žarišče >nmod konfliktov) >advcl (, <punct da <mark bi <aux sabotirali >obj (vojaške <amod naprave) >conj (in <cc zbirali >obj (podatke >nmod (o <case premikih >nmod (srbskih <amod enot)))) >punct ,))) <nsubj niso <aux pravočasno <advmod odpeljali >obj (Rugove >conj (in <cc drugih <amod političnih <amod osebnosti)) >obl (s <case Kosova) >parataxis (, <punct kar <obj bi <aux nedvomno <advmod lahko <advmod storili >advcl (, <punct kot <mark priča >nsubj (uspešno <amod reševanje >nmod (pilota >nmod (strmoglavljenega <amod letala >nmod (F >nummod (- <punct 117))))) >punct ,)))) <obl (v <case diplomatskih <amod krogih) <obl odgovarjajo >ccomp (, <punct da <mark niso <aux dobili >obj (nobene <det zahteve)) >punct .",
327,ssj509.2699.9612,"»Če bi dobili en sam namig, bi jih gotovo poskušali spraviti s Kosova,« pristavljajo.",19,19,yes,2.69,2.6923076923076925,2.69,yes,1.74,1.7372618536509736,1.74,yes,6,6,yes,4.00,4,yes,1.00,1,yes,4.00,4.0,4.00,yes,"A[»]B[Če] C[bi] D[dobili] E[en] F[sam] G[namig]H[,] I[bi] J[jih] K[gotovo] L[poskušali] M[spraviti] N[s] O[Kosova]P[,]Q[«] R[pristavljajo]S[.] ","(» <punct bi <aux gotovo <advmod poskušali >xcomp ((Če <mark bi <aux dobili >obj (en <nummod sam <amod namig) >punct ,) <advcl jih <obj spraviti >obl (s <case Kosova)) >punct , >punct «) <ccomp pristavljajo >punct .",
328,ssj510.2700.9613,Prvo pravilo: Za nakup si je treba vzeti čas.,11,11,yes,2.25,2.25,2.25,yes,1.20,1.2017456291512458,1.20,yes,4,4,yes,2.00,2,yes,1.00,1,yes,2.00,2.0,2.00,yes,A[Prvo] B[pravilo]C[:] D[Za] E[nakup] F[si] G[je] H[treba] I[vzeti] J[čas]K[.] ,(Prvo <amod pravilo >punct :) <parataxis je >advmod treba >csubj ((Za <case nakup) <obl si <expl vzeti >obj čas) >punct .,
329,ssj510.2700.9614,Še najbolje je darila kupovati vnaprej.,7,7,yes,1.20,1.2,1.20,yes,1.17,1.1717035437571504,1.17,yes,3,3,yes,2.00,2,yes,1.00,1,yes,2.00,2.0,2.00,yes,A[Še] B[najbolje] C[je] D[darila] E[kupovati] F[vnaprej]G[.] ,(Še <advmod najbolje) <advmod je >csubj (darila <obj kupovati >advmod vnaprej) >punct .,
330,ssj510.2700.9615,"Če gremo kdaj v to ali ono trgovino, mimogrede poglejmo, ali imajo na policah kaj takšnega, kar bi lahko uporabili za rojstne dneve sorodnikov ali prijateljev, če imajo kaj primernega za darila otrokom.",38,38,yes,2.38,2.375,2.38,yes,2.07,2.066818150312444,2.07,yes,10,10,yes,5.00,5,yes,1.00,1,yes,5.00,5.0,5.00,yes,"A[Če] B[gremo] C[kdaj] D[v] E[to] F[ali] G[ono] H[trgovino]I[,] J[mimogrede] K[poglejmo]L[,] M[ali] N[imajo] O[na] P[policah] Q[kaj] R[takšnega]S[,] T[kar] U[bi] V[lahko] W[uporabili] X[za] Y[rojstne] Z[dneve] A[sorodnikov] B[ali] C[prijateljev]D[,] E[če] F[imajo] G[kaj] H[primernega] I[za] J[darila] K[otrokom]L[.] ","(Če <mark gremo >advmod kdaj >obl (v <case (to >conj (ali <cc ono)) <det trgovino) >punct ,) <advcl mimogrede <advmod poglejmo >ccomp (, <punct ali <mark imajo >obl (na <case policah) >obj (kaj >nmod (takšnega >acl (, <punct kar <obj bi <aux lahko <advmod uporabili >obl (za <case rojstne <amod dneve >nmod (sorodnikov >conj (ali <cc prijateljev))) >advcl (, <punct če <mark imajo >obj (kaj >amod (primernega >nmod (za <case darila >nmod otrokom)))))))) >punct .",
331,ssj510.2700.9616,"Ko pride čas treh dobrih mož, tedaj so trgovine navadno že izropane.",14,14,yes,3.09,3.090909090909091,3.09,yes,1.35,1.3529570633121628,1.35,yes,5,5,yes,2.00,2,yes,1.00,1,yes,2.00,2.0,2.00,yes,"A[Ko] B[pride] C[čas] D[treh] E[dobrih] F[mož]G[,] H[tedaj] I[so] J[trgovine] K[navadno] L[že] M[izropane]N[.] ","(Ko <mark pride >nsubj (čas >nmod (treh <nummod dobrih <amod mož)) >punct ,) <advcl tedaj <advmod so <cop trgovine <nsubj navadno <advmod že <advmod izropane >punct .",
332,ssj510.2700.9617,Na prodajnih policah ostajajo največkrat samo neuporabna in draga darila.,11,11,yes,2.33,2.3333333333333335,2.33,yes,0.94,0.9444616088408514,0.94,yes,5,5,yes,1.00,1,yes,1.00,1,yes,1.00,1.0,1.00,yes,A[Na] B[prodajnih] C[policah] D[ostajajo] E[največkrat] F[samo] G[neuporabna] H[in] I[draga] J[darila]K[.] ,(Na <case prodajnih <amod policah) <obl ostajajo >advmod največkrat >nsubj (samo <advmod (neuporabna >conj (in <cc draga)) <amod darila) >punct .,
333,ssj510.2701.9618,"Bilo je, toda če je bilo treba, smo si veliko pomagali med seboj, ne samo mi, v našem okolju je veljalo to pravilo.",28,28,yes,3.23,3.227272727272727,3.23,yes,0.37,0.3738838029961585,0.37,yes,5,5,yes,4.00,4,yes,3.00,3,yes,1.33,1.3333333333333333,1.33,yes,"A[Bilo] B[je]C[,] D[toda] E[če] F[je] G[bilo] H[treba]I[,] J[smo] K[si] L[veliko] M[pomagali] N[med] O[seboj]P[,] Q[ne] R[samo] S[mi]T[,] U[v] V[našem] W[okolju] X[je] Y[veljalo] Z[to] A[pravilo]B[.] ","Bilo >aux je >conj (, <punct toda <cc (če <mark je <aux bilo >advmod treba >punct ,) <advcl smo <aux si <expl veliko <advmod pomagali >obl (med <case seboj) >nsubj (, <punct (ne >fixed samo) <advmod mi) >parataxis (, <punct (v <case našem <det okolju) <obl je <aux veljalo >nsubj (to <det pravilo))) >punct .",
334,ssj510.2701.9619,"Spominjam se dveh sosedov, ki sta bila med seboj skregana.",12,12,yes,2.89,2.888888888888889,2.89,yes,0.04,0.037740327982847086,0.04,yes,5,5,yes,2.00,2,yes,1.00,1,yes,2.00,2.0,2.00,yes,"A[Spominjam] B[se] C[dveh] D[sosedov]E[,] F[ki] G[sta] H[bila] I[med] J[seboj] K[skregana]L[.] ","Spominjam >expl se >obj (dveh <nummod sosedov >acl (, <punct ki <mark sta <aux bila <cop (med <case seboj) <obl skregana)) >punct .",
335,ssj510.2701.9620,"Pa se je pripravljalo k nevihti in takrat smo v vseh hišah pogledali skozi okno, če je treba komu pomagati pospraviti seno.",24,24,yes,2.52,2.5238095238095237,2.52,yes,1.29,1.289638923592958,1.29,yes,6,6,yes,5.00,5,yes,2.00,2,yes,2.50,2.5,2.50,yes,"A[Pa] B[se] C[je] D[pripravljalo] E[k] F[nevihti] G[in] H[takrat] I[smo] J[v] K[vseh] L[hišah] M[pogledali] N[skozi] O[okno]P[,] Q[če] R[je] S[treba] T[komu] U[pomagati] V[pospraviti] W[seno]X[.] ","Pa <cc se <expl je <aux pripravljalo >obl (k <case nevihti) >conj (in <cc takrat <advmod smo <aux (v <case vseh <det hišah) <obl pogledali >obl (skozi <case okno) >advcl (, <punct če <mark je >advmod treba >csubj (komu <iobj pomagati >xcomp (pospraviti >obj seno)))) >punct .",
336,ssj510.2701.9621,"K sosedu, potrebnemu pomoči, smo hiteli vsi, tudi tisti, s katerim sta imela zamero.",19,19,yes,2.00,2.0,2.00,yes,1.63,1.629048269010741,1.63,yes,6,6,yes,2.00,2,yes,1.00,1,yes,2.00,2.0,2.00,yes,"A[K] B[sosedu]C[,] D[potrebnemu] E[pomoči]F[,] G[smo] H[hiteli] I[vsi]J[,] K[tudi] L[tisti]M[,] N[s] O[katerim] P[sta] Q[imela] R[zamero]S[.] ","(K <case sosedu >amod (, <punct potrebnemu >obj pomoči >punct ,)) <obl smo <aux hiteli >nsubj (vsi >appos (, <punct tudi <advmod tisti >acl (, <punct (s <case katerim) <obl sta <aux imela >obj zamero))) >punct .",
337,ssj510.2701.9622,"Jaz sem na vozu poprijemala seno in sem videla, kako sta prišla skupaj, se spogledala in delala.",20,20,yes,2.56,2.5625,2.56,yes,1.25,1.2500299728724142,1.25,yes,4,4,yes,5.00,5,yes,4.00,4,yes,1.25,1.25,1.25,yes,"A[Jaz] B[sem] C[na] D[vozu] E[poprijemala] F[seno] G[in] H[sem] I[videla]J[,] K[kako] L[sta] M[prišla] N[skupaj]O[,] P[se] Q[spogledala] R[in] S[delala]T[.] ","Jaz <nsubj sem <aux (na <case vozu) <obl poprijemala >obj seno >conj (in <cc sem <aux videla >ccomp (, <punct kako <advmod sta <aux prišla >advmod skupaj >punct ,)) >parataxis (se <expl spogledala >conj (in <cc delala)) >punct .",
338,ssj510.2701.9623,Premagala sta medsebojno bitko in si pomagala.,8,8,yes,2.33,2.3333333333333335,2.33,yes,0.05,0.048581874226823765,0.05,yes,3,3,yes,2.00,2,yes,2.00,2,yes,1.00,1.0,1.00,yes,A[Premagala] B[sta] C[medsebojno] D[bitko] E[in] F[si] G[pomagala]H[.] ,Premagala >aux sta >obj (medsebojno <amod bitko) >conj (in <cc si <expl pomagala) >punct .,
339,ssj510.2701.9624,"Imeli smo torej mero, do kje se še sme prerekati in kje je treba zamero prerasti.",18,18,yes,2.33,2.3333333333333335,2.33,yes,0.51,0.5067272401639015,0.51,yes,7,7,yes,5.00,5,yes,2.00,2,yes,2.50,2.5,2.50,yes,"A[Imeli] B[smo] C[torej] D[mero]E[,] F[do] G[kje] H[se] I[še] J[sme] K[prerekati] L[in] M[kje] N[je] O[treba] P[zamero] Q[prerasti]R[.] ","Imeli >aux smo >advmod torej >obj (mero >acl (, <punct (do <case kje) <advmod še <advmod sme >xcomp (se <expl prerekati >conj (in <cc je >advmod treba >csubj (kje <advmod zamero <obj prerasti))))) >punct .",
340,ssj510.2702.9625,"Ta prostor obstaja, če ga neguješ.",8,8,yes,1.80,1.8,1.80,yes,0.77,0.7662384356489861,0.77,yes,3,3,yes,2.00,2,yes,1.00,1,yes,2.00,2.0,2.00,yes,"A[Ta] B[prostor] C[obstaja]D[,] E[če] F[ga] G[neguješ]H[.] ","(Ta <det prostor) <nsubj obstaja >advcl (, <punct če <mark ga <obj neguješ) >punct .",
341,ssj510.2702.9626,"Treba pa je za to veliko narediti in ne dopustiti, da se vse nadomesti z interesi in kratkoročnimi cilji.",21,21,yes,2.06,2.0555555555555554,2.06,yes,1.27,1.2739458685340777,1.27,yes,7,7,yes,4.00,4,yes,2.00,2,yes,2.00,2.0,2.00,yes,"A[Treba] B[pa] C[je] D[za] E[to] F[veliko] G[narediti] H[in] I[ne] J[dopustiti]K[,] L[da] M[se] N[vse] O[nadomesti] P[z] Q[interesi] R[in] S[kratkoročnimi] T[cilji]U[.] ","Treba <advmod pa <advmod je >csubj ((za <case to) <obl veliko <advmod narediti >conj (in <cc ne <advmod dopustiti >ccomp (, <punct da <mark se <expl vse <obj nadomesti >obl (z <case interesi >conj (in <cc kratkoročnimi <amod cilji))))) >punct .",
342,ssj510.2702.9627,"Če je tako, se razosebi tudi politiko, ki naj bi zagotavljala mir, sproščenost, vzdušje, v katerem človek lahko dela ter se kulturno in čustveno razvija.",31,31,yes,2.58,2.5833333333333335,2.58,yes,1.54,1.5358260950908542,1.54,yes,10,10,yes,5.00,5,yes,2.00,2,yes,2.50,2.5,2.50,yes,"A[Če] B[je] C[tako]D[,] E[se] F[razosebi] G[tudi] H[politiko]I[,] J[ki] K[naj] L[bi] M[zagotavljala] N[mir]O[,] P[sproščenost]Q[,] R[vzdušje]S[,] T[v] U[katerem] V[človek] W[lahko] X[dela] Y[ter] Z[se] A[kulturno] B[in] C[čustveno] D[razvija]E[.] ","(Če <mark je >advmod tako >punct ,) <advcl se <expl razosebi >obj (tudi <advmod politiko >acl (, <punct ki <mark naj <advmod bi <aux zagotavljala >obj (mir >conj (, <punct sproščenost) >conj (, <punct vzdušje >acl (, <punct (v <case katerem) <obl človek <nsubj lahko <advmod dela >conj (ter <cc se <expl (kulturno >conj (in <cc čustveno)) <advmod razvija)))))) >punct .",
343,ssj510.2703.9628,"Katarina je veliki roman o velikem romanju v Kelmorajn, ki je v bistvu romanje k sebi.",18,18,yes,2.33,2.3333333333333335,2.33,yes,1.20,1.1998744207238468,1.20,yes,5,5,yes,2.00,2,yes,1.00,1,yes,2.00,2.0,2.00,yes,"A[Katarina] B[je] C[veliki] D[roman] E[o] F[velikem] G[romanju] H[v] I[Kelmorajn]J[,] K[ki] L[je] M[v] N[bistvu] O[romanje] P[k] Q[sebi]R[.] ","Katarina <nsubj je <cop veliki <amod roman >nmod (o <case velikem <amod romanju >nmod (v <case Kelmorajn) >acl (, <punct ki <mark je <cop (v <case bistvu) <obl romanje >nmod (k <case sebi))) >punct .",
344,ssj510.2703.9629,"Ali ni morda dandanes človeku teže najti poti k sebi, kot je bilo najti pot do zlate skrinje?",20,20,yes,2.29,2.2941176470588234,2.29,yes,0.93,0.9328319602346504,0.93,yes,7,7,yes,4.00,4,yes,1.00,1,yes,4.00,4.0,4.00,yes,"A[Ali] B[ni] C[morda] D[dandanes] E[človeku] F[teže] G[najti] H[poti] I[k] J[sebi]K[,] L[kot] M[je] N[bilo] O[najti] P[pot] Q[do] R[zlate] S[skrinje]T[?] ","Ali <advmod ni >advmod morda >advmod (teže >advcl (, <punct kot <mark je <aux bilo >csubj (najti >obj (pot >nmod (do <case zlate <amod skrinje))))) >csubj (dandanes <advmod človeku <iobj najti >obj (poti >nmod (k <case sebi))) >punct ?",
345,ssj510.2704.9630,"Človek, rojen v znamenju Opice, je ena sama utelešena improvizacija.",13,13,yes,3.00,3.0,3.00,yes,1.24,1.2424533248940002,1.24,yes,5,5,yes,1.00,1,yes,1.00,1,yes,1.00,1.0,1.00,yes,"A[Človek]B[,] C[rojen] D[v] E[znamenju] F[Opice]G[,] H[je] I[ena] J[sama] K[utelešena] L[improvizacija]M[.] ","(Človek >amod (, <punct rojen >nmod (v <case znamenju >nmod Opice) >punct ,)) <nsubj je <cop ena <nummod sama <amod utelešena <amod improvizacija >punct .",
346,ssj510.2704.9631,"Veliko inovativnih sposobnosti premore, ne boji se jih udejanjati in po pravilu mu taki poskusi uspevajo.",18,18,yes,2.40,2.4,2.40,yes,1.17,1.1717035437571504,1.17,yes,6,6,yes,4.00,4,yes,3.00,3,yes,1.33,1.3333333333333333,1.33,yes,"A[Veliko] B[inovativnih] C[sposobnosti] D[premore]E[,] F[ne] G[boji] H[se] I[jih] J[udejanjati] K[in] L[po] M[pravilu] N[mu] O[taki] P[poskusi] Q[uspevajo]R[.] ","(Veliko <det inovativnih <amod sposobnosti) <obj premore >parataxis (, <punct ne <advmod boji >expl se >xcomp (jih <obj udejanjati >conj (in <cc (po <case pravilu) <obl mu <obj (taki <det poskusi) <nsubj uspevajo))) >punct .",
347,ssj510.2704.9632,"Med najboljše igralce, odvetnike, politike, diplomate in pisatelje spadajo rojeni pod vladavino Opice.",17,17,yes,3.17,3.1666666666666665,3.17,yes,1.33,1.3322271398496148,1.33,yes,4,4,yes,1.00,1,yes,1.00,1,yes,1.00,1.0,1.00,yes,"A[Med] B[najboljše] C[igralce]D[,] E[odvetnike]F[,] G[politike]H[,] I[diplomate] J[in] K[pisatelje] L[spadajo] M[rojeni] N[pod] O[vladavino] P[Opice]Q[.] ","(Med <case najboljše <amod igralce >conj (, <punct odvetnike) >conj (, <punct politike) >conj (, <punct diplomate) >conj (in <cc pisatelje)) <obl spadajo >nsubj (rojeni >nmod (pod <case vladavino >nmod Opice)) >punct .",
348,ssj510.2704.9633,"Z veliko mero humorja in užitka se ponorčujejo iz bolj resnih, preračunljivo znajo v vsakem trenutku napeljati vodo na svoj mlin.",23,23,yes,2.30,2.3,2.30,yes,1.70,1.7046777846818097,1.70,yes,5,5,yes,3.00,3,yes,2.00,2,yes,1.50,1.5,1.50,yes,"A[Z] B[veliko] C[mero] D[humorja] E[in] F[užitka] G[se] H[ponorčujejo] I[iz] J[bolj] K[resnih]L[,] M[preračunljivo] N[znajo] O[v] P[vsakem] Q[trenutku] R[napeljati] S[vodo] T[na] U[svoj] V[mlin]W[.] ","(Z <case veliko <amod mero >nmod (humorja >conj (in <cc užitka))) <obl se <expl ponorčujejo >obl (iz <case bolj <advmod resnih) >parataxis (, <punct znajo >xcomp (preračunljivo <advmod (v <case vsakem <det trenutku) <obl napeljati >obj vodo >obl (na <case svoj <det mlin))) >punct .",
349,ssj510.2704.9634,"Z lahkoto obdelujejo tudi najbolj resne situacije, ker mnenj drugih skorajda ne upoštevajo.",15,15,yes,2.92,2.9166666666666665,2.92,yes,0.72,0.7213180575266417,0.72,yes,4,4,yes,2.00,2,yes,1.00,1,yes,2.00,2.0,2.00,yes,"A[Z] B[lahkoto] C[obdelujejo] D[tudi] E[najbolj] F[resne] G[situacije]H[,] I[ker] J[mnenj] K[drugih] L[skorajda] M[ne] N[upoštevajo]O[.] ","(Z <case lahkoto) <obl obdelujejo >obj (tudi <advmod (najbolj <advmod resne) <amod situacije) >advcl (, <punct ker <mark (mnenj >amod drugih) <obj skorajda <advmod ne <advmod upoštevajo) >punct .",
350,ssj510.2704.9635,Zanašajo se le na lastna.,6,6,yes,2.00,2.0,2.00,yes,0.00,0.0,0.00,yes,3,3,yes,1.00,1,yes,1.00,1,yes,1.00,1.0,1.00,yes,A[Zanašajo] B[se] C[le] D[na] E[lastna]F[.] ,Zanašajo >expl se >obl (le <advmod na <case lastna) >punct .,
351,ssj510.2704.9636,V skrajnih primerih jih pesti že kar kompleks superiornosti.,10,10,yes,1.50,1.5,1.50,yes,1.44,1.4389746189488037,1.44,yes,3,3,yes,1.00,1,yes,1.00,1,yes,1.00,1.0,1.00,yes,A[V] B[skrajnih] C[primerih] D[jih] E[pesti] F[že] G[kar] H[kompleks] I[superiornosti]J[.] ,(V <case skrajnih <amod primerih) <obl jih <obj pesti >advmod že >nsubj (kar <advmod kompleks >nmod superiornosti) >punct .,
352,ssj510.2705.9637,"Vsebnost surovih beljakovin, njihova razgradljivost in vsebnost prebavljivih nerazgradljivih beljakovin v različnih krmilih",14,14,yes,2.67,2.6666666666666665,2.67,yes,0.26,0.2616240718822739,0.26,yes,4,4,yes,1.00,1,yes,1.00,1,yes,1.00,1.0,1.00,yes,"A[Vsebnost] B[surovih] C[beljakovin]D[,] E[njihova] F[razgradljivost] G[in] H[vsebnost] I[prebavljivih] J[nerazgradljivih] K[beljakovin] L[v] M[različnih] N[krmilih] ","Vsebnost >nmod (surovih <amod beljakovin) >conj (, <punct njihova <det razgradljivost) >conj (in <cc vsebnost >nmod (prebavljivih <amod nerazgradljivih <amod beljakovin) >nmod (v <case različnih <amod krmilih))",
353,ssj510.2706.9638,"Vlada je po enajstih letih usklajevanj sprejela predloga zakonov o urejanju prostora in gradnji objektov, ki naj bi bila pomemben del t. i. antibirokratskega programa.",27,27,yes,2.75,2.75,2.75,yes,1.55,1.5503810780231495,1.55,yes,6,6,yes,2.00,2,yes,1.00,1,yes,2.00,2.0,2.00,yes,"A[Vlada] B[je] C[po] D[enajstih] E[letih] F[usklajevanj] G[sprejela] H[predloga] I[zakonov] J[o] K[urejanju] L[prostora] M[in] N[gradnji] O[objektov]P[,] Q[ki] R[naj] S[bi] T[bila] U[pomemben] V[del] W[t.] X[i.] Y[antibirokratskega] Z[programa]A[.] ","Vlada <nsubj je <aux (po <case enajstih <nummod letih >nmod usklajevanj) <obl sprejela >obj (predloga >nmod (zakonov >nmod (o <case urejanju >nmod prostora >conj (in <cc gradnji >nmod objektov))) >acl (, <punct ki <mark naj <advmod bi <aux bila <cop pomemben <amod del >nmod ((t. >fixed i.) <amod antibirokratskega <amod programa))) >punct .",
354,ssj510.2706.9639,Novi zakon o urejanju prostora naj bi poenostavil sprejemanje občinskih prostorskih dokumentov in ugotavljanje njihove skladnosti z državnim prostorskim načrtom.,21,21,yes,2.11,2.1052631578947367,2.11,yes,1.77,1.7674997854756425,1.77,yes,6,6,yes,1.00,1,yes,1.00,1,yes,1.00,1.0,1.00,yes,A[Novi] B[zakon] C[o] D[urejanju] E[prostora] F[naj] G[bi] H[poenostavil] I[sprejemanje] J[občinskih] K[prostorskih] L[dokumentov] M[in] N[ugotavljanje] O[njihove] P[skladnosti] Q[z] R[državnim] S[prostorskim] T[načrtom]U[.] ,(Novi <amod zakon >nmod (o <case urejanju >nmod prostora)) <nsubj naj <advmod bi <aux poenostavil >obj (sprejemanje >nmod (občinskih <amod prostorskih <amod dokumentov) >conj (in <cc ugotavljanje >nmod (njihove <det skladnosti >nmod (z <case državnim <amod prostorskim <amod načrtom)))) >punct .,
355,ssj510.2706.9640,"Z zakonom o gradnji objektov namerava vlada poenostaviti postopek in skrajšati čas za pridobivanje dovoljenj, potrebnih pri gradnji.",20,20,yes,1.71,1.7058823529411764,1.71,yes,1.78,1.7784039207118776,1.78,yes,9,9,yes,3.00,3,yes,2.00,2,yes,1.50,1.5,1.50,yes,"A[Z] B[zakonom] C[o] D[gradnji] E[objektov] F[namerava] G[vlada] H[poenostaviti] I[postopek] J[in] K[skrajšati] L[čas] M[za] N[pridobivanje] O[dovoljenj]P[,] Q[potrebnih] R[pri] S[gradnji]T[.] ","namerava >nsubj vlada >xcomp ((Z <case zakonom >nmod (o <case gradnji >nmod objektov)) <obl poenostaviti >obj postopek >conj (in <cc skrajšati >obj (čas >nmod (za <case pridobivanje >nmod (dovoljenj >amod (, <punct potrebnih >nmod (pri <case gradnji))))))) >punct .",
356,ssj510.2706.9641,"Po novem bo tako kot v svetu potrebno samo eno, tj. gradbeno dovoljenje, kar naj bi vse skupaj po besedah okoljskega ministra Janeza Kopača tudi pocenilo naložbe.",30,30,yes,4.19,4.1923076923076925,4.19,yes,1.24,1.2355176956429974,1.24,yes,6,6,yes,2.00,2,yes,2.00,2,yes,1.00,1.0,1.00,yes,"A[Po] B[novem] C[bo] D[tako] E[kot] F[v] G[svetu] H[potrebno] I[samo] J[eno]K[,] L[tj.] M[gradbeno] N[dovoljenje]O[,] P[kar] Q[naj] R[bi] S[vse] T[skupaj] U[po] V[besedah] W[okoljskega] X[ministra] Y[Janeza] Z[Kopača] A[tudi] B[pocenilo] C[naložbe]D[.] ","(Po <case novem) <obl bo <cop (tako >obl (kot <case v <case svetu)) <advmod potrebno >nsubj (samo <advmod eno >appos (, <punct tj. <cc gradbeno <amod dovoljenje)) >parataxis (, <punct kar <nsubj naj <advmod bi <aux (vse >advmod skupaj) <obl (po <case besedah >nmod (okoljskega <amod ministra >nmod (Janeza >flat Kopača))) <obl tudi <advmod pocenilo >obj naložbe) >punct .",
357,ssj510.2706.9642,"Zakon predvideva še številne druge novosti, med drugim tudi zoženje kroga strank v postopku, kar naj bi v primeru slabih sosedskih odnosov onemogočalo upravne spore in s tem zavlačevanje postopka pri izdaji gradbenega dovoljenja.",37,37,yes,3.12,3.121212121212121,3.12,yes,0.96,0.9566059442500573,0.96,yes,8,8,yes,2.00,2,yes,2.00,2,yes,1.00,1.0,1.00,yes,"A[Zakon] B[predvideva] C[še] D[številne] E[druge] F[novosti]G[,] H[med] I[drugim] J[tudi] K[zoženje] L[kroga] M[strank] N[v] O[postopku]P[,] Q[kar] R[naj] S[bi] T[v] U[primeru] V[slabih] W[sosedskih] X[odnosov] Y[onemogočalo] Z[upravne] A[spore] B[in] C[s] D[tem] E[zavlačevanje] F[postopka] G[pri] H[izdaji] I[gradbenega] J[dovoljenja]K[.] ","Zakon <nsubj predvideva >obj (še <advmod številne <amod druge <amod novosti) >parataxis (, <punct (med <case drugim) <orphan tudi <advmod zoženje >nmod (kroga >nmod (strank >nmod (v <case postopku)))) >parataxis (, <punct kar <nsubj naj <advmod bi <aux (v <case primeru >nmod (slabih <amod sosedskih <amod odnosov)) <obl onemogočalo >obj (upravne <amod spore >conj (in <cc (s <case tem) <orphan zavlačevanje >nmod (postopka >nmod (pri <case izdaji >nmod (gradbenega <amod dovoljenja)))))) >punct .",
358,ssj510.2706.9643,"Pri sprejemanju novih zakonov na vladi je kljub nasprotovanju kmetijskega ministra Franca Buta obveljalo mnenje njegovih vladnih kolegov, po katerem plačevanja nadomestila za spremembo namembnosti zemljišča ob sprejetju nove zakonodaje ne bi bilo več.",36,36,yes,3.33,3.3333333333333335,3.33,yes,1.86,1.8638096412149334,1.86,yes,8,8,yes,2.00,2,yes,1.00,1,yes,2.00,2.0,2.00,yes,"A[Pri] B[sprejemanju] C[novih] D[zakonov] E[na] F[vladi] G[je] H[kljub] I[nasprotovanju] J[kmetijskega] K[ministra] L[Franca] M[Buta] N[obveljalo] O[mnenje] P[njegovih] Q[vladnih] R[kolegov]S[,] T[po] U[katerem] V[plačevanja] W[nadomestila] X[za] Y[spremembo] Z[namembnosti] A[zemljišča] B[ob] C[sprejetju] D[nove] E[zakonodaje] F[ne] G[bi] H[bilo] I[več]J[.] ","(Pri <case sprejemanju >nmod (novih <amod zakonov) >nmod (na <case vladi)) <obl je <aux (kljub <case nasprotovanju >nmod (kmetijskega <amod ministra >nmod (Franca >flat Buta))) <obl obveljalo >nsubj (mnenje >nmod (njegovih <det vladnih <amod kolegov) >acl (, <punct (po <case katerem) <obl (plačevanja >nmod (nadomestila >nmod (za <case spremembo >nmod (namembnosti >nmod zemljišča)))) <nsubj (ob <case sprejetju >nmod (nove <amod zakonodaje)) <obl ne <advmod bi <aux bilo >advmod več)) >punct .",
359,ssj511.2707.9644,- Kakšen kredit vzeti?,5,5,yes,1.00,1.0,1.00,yes,1.04,1.039720770839918,1.04,yes,3,3,yes,1.00,1,yes,1.00,1,yes,1.00,1.0,1.00,yes,A[-] B[Kakšen] C[kredit] D[vzeti]E[?] ,- <punct (Kakšen <det kredit) <obj vzeti >punct ?,
360,ssj511.2707.9645,Praviloma takega s čim krajšo dobo vračila v okviru odplačilne sposobnosti.,12,12,yes,1.70,1.7,1.70,yes,0.97,0.967237885714825,0.97,yes,6,6,yes,1.00,1,yes,1.00,1,yes,1.00,1.0,1.00,yes,A[Praviloma] B[takega] C[s] D[čim] E[krajšo] F[dobo] G[vračila] H[v] I[okviru] J[odplačilne] K[sposobnosti]L[.] ,Praviloma <advmod takega >nmod (s <case (čim <advmod krajšo) <amod dobo >nmod (vračila >nmod (v <case okviru >nmod (odplačilne <amod sposobnosti)))) >punct .,
361,ssj511.2708.9646,"Celjsko gradbeno podjetje Ingrad VNG, ki je od začetka meseca v prisilni poravnavi, bo v prihodnjih tednih odpustilo 66 trajno presežnih delavcev od skupno 320 zaposlenih.",29,29,yes,2.68,2.68,2.68,yes,2.12,2.1214872546883305,2.12,yes,5,5,yes,2.00,2,yes,1.00,1,yes,2.00,2.0,2.00,yes,"A[Celjsko] B[gradbeno] C[podjetje] D[Ingrad] E[VNG]F[,] G[ki] H[je] I[od] J[začetka] K[meseca] L[v] M[prisilni] N[poravnavi]O[,] P[bo] Q[v] R[prihodnjih] S[tednih] T[odpustilo] U[66] V[trajno] W[presežnih] X[delavcev] Y[od] Z[skupno] A[320] B[zaposlenih]C[.] ","(Celjsko <amod gradbeno <amod podjetje >nmod (Ingrad >nmod VNG) >acl (, <punct ki <mark je >obl (od <case začetka >nmod meseca) >obl (v <case prisilni <amod poravnavi) >punct ,)) <nsubj bo <aux (v <case prihodnjih <amod tednih) <obl odpustilo >obj (66 <nummod (trajno <advmod presežnih) <amod delavcev >nmod (od <case (skupno <advmod 320) <nummod zaposlenih)) >punct .",
362,ssj511.2709.9647,"Prestolnica je idealno mesto za organizacijo mednarodnih kongresov z udeležbo do 1000 ljudi, torej za več kot 80 odstotkov vseh mednarodnih srečanj.",24,24,yes,2.71,2.7142857142857144,2.71,yes,1.22,1.2168795693105294,1.22,yes,6,6,yes,1.00,1,yes,1.00,1,yes,1.00,1.0,1.00,yes,"A[Prestolnica] B[je] C[idealno] D[mesto] E[za] F[organizacijo] G[mednarodnih] H[kongresov] I[z] J[udeležbo] K[do] L[1000] M[ljudi]N[,] O[torej] P[za] Q[več] R[kot] S[80] T[odstotkov] U[vseh] V[mednarodnih] W[srečanj]X[.] ","Prestolnica <nsubj je <cop idealno <amod mesto >nmod (za <case organizacijo >nmod (mednarodnih <amod kongresov >nmod (z <case udeležbo >nmod (do <case 1000 <nummod ljudi)))) >appos (, <punct torej <cc za <case (več >fixed kot) <advmod 80 <nummod odstotkov >nmod (vseh <det mednarodnih <amod srečanj)) >punct .",
363,ssj511.2709.9648,"Če je udeležencev več, pa nastopijo težave zaradi omejenih hotelskih zmogljivosti, saj Ljubljana nima dovolj sob za prenočitev dva tisoč gostov.",24,24,yes,2.40,2.4,2.40,yes,1.60,1.5953524739507523,1.60,yes,6,6,yes,3.00,3,yes,2.00,2,yes,1.50,1.5,1.50,yes,"A[Če] B[je] C[udeležencev] D[več]E[,] F[pa] G[nastopijo] H[težave] I[zaradi] J[omejenih] K[hotelskih] L[zmogljivosti]M[,] N[saj] O[Ljubljana] P[nima] Q[dovolj] R[sob] S[za] T[prenočitev] U[dva] V[tisoč] W[gostov]X[.] ","(Če <mark je >nsubj udeležencev >obl več >punct ,) <advcl pa <advmod nastopijo >nsubj težave >obl (zaradi <case omejenih <amod hotelskih <amod zmogljivosti) >conj (, <punct saj <cc Ljubljana <nsubj nima >obj (dovolj <det sob) >obl (za <case prenočitev >nmod ((dva >flat tisoč) <nummod gostov))) >punct .",
364,ssj511.2709.9649,"To rešijo tako, da goste vozijo, na primer na Bled.",13,13,yes,2.56,2.5555555555555554,2.56,yes,0.51,0.5069162403551519,0.51,yes,5,5,yes,2.00,2,yes,1.00,1,yes,2.00,2.0,2.00,yes,"A[To] B[rešijo] C[tako]D[,] E[da] F[goste] G[vozijo]H[,] I[na] J[primer] K[na] L[Bled]M[.] ","To <obj rešijo >advcl ((tako >punct , >fixed da) <mark goste <obj vozijo >obl (, <punct (na >fixed primer) <cc na <case Bled)) >punct .",
365,ssj511.2709.9650,"Med prednostmi Ljubljane so bližina letališča, relativna majhnost mesta, bližina hotelov in strogega mestnega središča.",18,18,yes,2.21,2.2142857142857144,2.21,yes,1.22,1.217745970497687,1.22,yes,5,5,yes,1.00,1,yes,1.00,1,yes,1.00,1.0,1.00,yes,"A[Med] B[prednostmi] C[Ljubljane] D[so] E[bližina] F[letališča]G[,] H[relativna] I[majhnost] J[mesta]K[,] L[bližina] M[hotelov] N[in] O[strogega] P[mestnega] Q[središča]R[.] ","(Med <case prednostmi >nmod Ljubljane) <obl so >nsubj (bližina >nmod letališča >conj (, <punct relativna <amod majhnost >nmod mesta) >conj (, <punct bližina >nmod hotelov >conj (in <cc strogega <amod mestnega <amod središča))) >punct .",
366,ssj511.2709.9651,Organizatorji kongresa so tako odvisni od števila prenočitvenih kapacitet pa tudi od števila letov.,15,15,yes,2.08,2.076923076923077,2.08,yes,1.36,1.356306126405026,1.36,yes,4,4,yes,1.00,1,yes,1.00,1,yes,1.00,1.0,1.00,yes,A[Organizatorji] B[kongresa] C[so] D[tako] E[odvisni] F[od] G[števila] H[prenočitvenih] I[kapacitet] J[pa] K[tudi] L[od] M[števila] N[letov]O[.] ,(Organizatorji >nmod kongresa) <nsubj so <cop tako <advmod odvisni >obl (od <case števila >nmod (prenočitvenih <amod kapacitet) >conj (pa <cc tudi <advmod od <case števila >nmod letov)) >punct .,
367,ssj512.2710.9652,"Skratka, Cefta mora čimprej revidirati svoj sistem in stopnjo liberalizacije trgovine z agro-živilskimi proizvodi.",18,18,yes,2.07,2.0714285714285716,2.07,yes,1.28,1.284437344996359,1.28,yes,10,10,yes,2.00,2,yes,1.00,1,yes,2.00,2.0,2.00,yes,"A[Skratka]B[,] C[Cefta] D[mora] E[čimprej] F[revidirati] G[svoj] H[sistem] I[in] J[stopnjo] K[liberalizacije] L[trgovine] M[z] N[agro]O[-]P[živilskimi] Q[proizvodi]R[.] ","(Skratka >punct ,) <discourse Cefta <nsubj mora >xcomp (čimprej <advmod revidirati >obj (svoj <det sistem >conj (in <cc stopnjo >nmod (liberalizacije >nmod (trgovine >nmod (z <case (agro >conj (- <punct živilskimi)) <amod proizvodi)))))) >punct .",
368,ssj512.2710.9653,"Dve vrstici v Praški deklaraciji, ki se nanašata na ustanovitev pododbora za kmetijstvo, vlivata upanje, da je to spoznanje končno dozorelo v vseh članicah Cefte.",29,29,yes,2.75,2.75,2.75,yes,1.96,1.9637203646153834,1.96,yes,7,7,yes,3.00,3,yes,1.00,1,yes,3.00,3.0,3.00,yes,"A[Dve] B[vrstici] C[v] D[Praški] E[deklaraciji]F[,] G[ki] H[se] I[nanašata] J[na] K[ustanovitev] L[pododbora] M[za] N[kmetijstvo]O[,] P[vlivata] Q[upanje]R[,] S[da] T[je] U[to] V[spoznanje] W[končno] X[dozorelo] Y[v] Z[vseh] A[članicah] B[Cefte]C[.] ","(Dve <nummod vrstici >nmod (v <case Praški <amod deklaraciji) >acl (, <punct ki <mark se <expl nanašata >obl (na <case ustanovitev >nmod (pododbora >nmod (za <case kmetijstvo))) >punct ,)) <nsubj vlivata >obj (upanje >acl (, <punct da <mark je <aux (to <det spoznanje) <nsubj končno <advmod dozorelo >obl (v <case vseh <det članicah >nmod Cefte))) >punct .",
369,ssj512.2710.9654,"A to še zdaleč ne pomeni, da v tem primeru lahko Slovenija spet zadrema.",16,16,yes,3.23,3.230769230769231,3.23,yes,1.01,1.0056341525229644,1.01,yes,4,4,yes,2.00,2,yes,1.00,1,yes,2.00,2.0,2.00,yes,"A[A] B[to] C[še] D[zdaleč] E[ne] F[pomeni]G[,] H[da] I[v] J[tem] K[primeru] L[lahko] M[Slovenija] N[spet] O[zadrema]P[.] ","A <cc to <nsubj (še <advmod zdaleč) <advmod ne <advmod pomeni >ccomp (, <punct da <mark (v <case tem <det primeru) <obl lahko <advmod Slovenija <nsubj spet <advmod zadrema) >punct .",
370,ssj512.2710.9655,"V EU bomo šli čez nekaj let najbrž s polovico Cefte, zaradi česar je kajpak treba takoj opustiti nestvarna pričakovanja, da bo probleme našega kmetijstva reševala skupna bruseljska blagajna.",32,32,yes,2.64,2.642857142857143,2.64,yes,1.39,1.3873888526185816,1.39,yes,8,8,yes,4.00,4,yes,2.00,2,yes,2.00,2.0,2.00,yes,"A[V] B[EU] C[bomo] D[šli] E[čez] F[nekaj] G[let] H[najbrž] I[s] J[polovico] K[Cefte]L[,] M[zaradi] N[česar] O[je] P[kajpak] Q[treba] R[takoj] S[opustiti] T[nestvarna] U[pričakovanja]V[,] W[da] X[bo] Y[probleme] Z[našega] A[kmetijstva] B[reševala] C[skupna] D[bruseljska] E[blagajna]F[.] ","(V <case EU) <obl bomo <aux šli >obl (čez <case nekaj <det let) >advmod najbrž >obl (s <case polovico >nmod Cefte) >parataxis (, <punct (zaradi <case česar) <obl je >advmod kajpak >advmod treba >csubj (takoj <advmod opustiti >obj (nestvarna <amod pričakovanja >acl (, <punct da <mark bo <aux (probleme >nmod (našega <det kmetijstva)) <obj reševala >nsubj (skupna <amod bruseljska <amod blagajna))))) >punct .",
371,ssj512.2711.9656,"Grožnje z odstavitvijo Jelcina same po sebi niti niso tako nevarne, saj najmočnejša stranka v parlamentu kljub vsem retoričnim grožnjam v svojih arzenalih (še) nima vzvodov, s katerimi bi kar tako čez noč podirala Kremelj.",40,40,yes,3.79,3.7941176470588234,3.79,yes,1.63,1.6286760189617553,1.63,yes,6,6,yes,3.00,3,yes,2.00,2,yes,1.50,1.5,1.50,yes,"A[Grožnje] B[z] C[odstavitvijo] D[Jelcina] E[same] F[po] G[sebi] H[niti] I[niso] J[tako] K[nevarne]L[,] M[saj] N[najmočnejša] O[stranka] P[v] Q[parlamentu] R[kljub] S[vsem] T[retoričnim] U[grožnjam] V[v] W[svojih] X[arzenalih] Y[(]Z[še]A[)] B[nima] C[vzvodov]D[,] E[s] F[katerimi] G[bi] H[kar] I[tako] J[čez] K[noč] L[podirala] M[Kremelj]N[.] ","(Grožnje >nmod (z <case odstavitvijo >nmod Jelcina)) <nsubj (same >nmod (po <case sebi)) <obl niti <advmod niso <cop tako <advmod nevarne >conj (, <punct saj <cc (najmočnejša <amod stranka >nmod (v <case parlamentu)) <nsubj (kljub <case vsem <det retoričnim <amod grožnjam) <obl (v <case svojih <det arzenalih) <obl (( <punct še >punct )) <advmod nima >obj (vzvodov >acl (, <punct (s <case katerimi) <obl bi <aux (kar <advmod tako) <advmod (čez <case noč) <obl podirala >obj Kremelj))) >punct .",
372,ssj512.2711.9657,"Skrb zbuja predvsem to, da ima opozicija na svoji strani vedno več zaveznikov, med katerimi je zdaj opaziti že tudi predstavnike ruske finančno-ekonomske elite, ki ji tod na kratko pravijo kar oligarhija.",38,38,yes,2.41,2.40625,2.41,yes,1.20,1.2013720226258786,1.20,yes,11,11,yes,5.00,5,yes,1.00,1,yes,5.00,5.0,5.00,yes,"A[Skrb] B[zbuja] C[predvsem] D[to]E[,] F[da] G[ima] H[opozicija] I[na] J[svoji] K[strani] L[vedno] M[več] N[zaveznikov]O[,] P[med] Q[katerimi] R[je] S[zdaj] T[opaziti] U[že] V[tudi] W[predstavnike] X[ruske] Y[finančno]Z[-]A[ekonomske] B[elite]C[,] D[ki] E[ji] F[tod] G[na] H[kratko] I[pravijo] J[kar] K[oligarhija]L[.] ","Skrb <obj zbuja >nsubj (predvsem <advmod to >acl (, <punct da <mark ima >nsubj opozicija >obl (na <case svoji <det strani) >obj ((vedno <advmod več) <det zaveznikov >acl (, <punct (med <case katerimi) <obl je >csubj (zdaj <advmod opaziti >advmod že >obj (tudi <advmod predstavnike >nmod (ruske <amod (finančno >conj (- <punct ekonomske)) <amod elite >acl (, <punct ki <mark ji <obj tod <advmod (na <case kratko) <obl pravijo >obl (kar <advmod oligarhija))))))))) >punct .",
373,ssj512.2711.9658,"Tudi ta je namreč vedno bolj nezadovoljna z Jelcinom, ki neusmiljeno izgublja moč, vpliv in s tem nekdanje politične pozicije.",23,23,yes,2.53,2.526315789473684,2.53,yes,1.52,1.5184125323694264,1.52,yes,7,7,yes,2.00,2,yes,1.00,1,yes,2.00,2.0,2.00,yes,"A[Tudi] B[ta] C[je] D[namreč] E[vedno] F[bolj] G[nezadovoljna] H[z] I[Jelcinom]J[,] K[ki] L[neusmiljeno] M[izgublja] N[moč]O[,] P[vpliv] Q[in] R[s] S[tem] T[nekdanje] U[politične] V[pozicije]W[.] ","(Tudi <advmod ta) <nsubj je <cop namreč <advmod (vedno <advmod bolj) <advmod nezadovoljna >obl (z <case Jelcinom >acl (, <punct ki <mark neusmiljeno <advmod izgublja >obj (moč >conj (, <punct vpliv) >conj (in <cc (s <case tem) <orphan nekdanje <amod politične <amod pozicije)))) >punct .",
374,ssj513.2712.9659,Zgodba je napeta.,4,4,yes,1.50,1.5,1.50,yes,0.49,0.49041462650586304,0.49,yes,2,2,yes,1.00,1,yes,1.00,1,yes,1.00,1.0,1.00,yes,A[Zgodba] B[je] C[napeta]D[.] ,Zgodba <nsubj je <cop napeta >punct .,
375,ssj513.2712.9660,"Čeprav od začetka veš, da bo mladeničevo potovanje skozi grozo afriške vojne nesrečno, ker drugačno sploh ne more biti, saj odrašča iz otroka v moža v času biaferske vojne, razpleta dogodkov vendarle ne moreš predvidevati vnaprej.",41,41,yes,3.83,3.8285714285714287,3.83,yes,2.25,2.253975372146402,2.25,yes,10,10,yes,7.00,7,yes,2.00,2,yes,3.50,3.5,3.50,yes,"A[Čeprav] B[od] C[začetka] D[veš]E[,] F[da] G[bo] H[mladeničevo] I[potovanje] J[skozi] K[grozo] L[afriške] M[vojne] N[nesrečno]O[,] P[ker] Q[drugačno] R[sploh] S[ne] T[more] U[biti]V[,] W[saj] X[odrašča] Y[iz] Z[otroka] A[v] B[moža] C[v] D[času] E[biaferske] F[vojne]G[,] H[razpleta] I[dogodkov] J[vendarle] K[ne] L[moreš] M[predvidevati] N[vnaprej]O[.] ","vendarle <advmod ne <advmod moreš >xcomp ((Čeprav <mark (od <case začetka) <obl veš >ccomp (, <punct da <mark bo <cop (mladeničevo <amod potovanje >nmod (skozi <case grozo >nmod (afriške <amod vojne))) <nsubj nesrečno >advcl (, <punct ker <mark (drugačno >cop biti >conj (saj <cc odrašča >obl (iz <case otroka) >obl (v <case moža) >obl (v <case času >nmod (biaferske <amod vojne)))) <xcomp sploh <advmod ne <advmod more >punct ,)) >punct ,) <advcl (razpleta >nmod dogodkov) <obj predvidevati >advmod vnaprej) >punct .",
376,ssj513.2713.9661,"Srečanje s tradicionalnimi plemenskimi ljudmi mi ni samo osmislilo poti, ampak za vedno spremenilo moj pogled na svet.",20,20,yes,2.47,2.4705882352941178,2.47,yes,1.61,1.6107626864690654,1.61,yes,5,5,yes,2.00,2,yes,2.00,2,yes,1.00,1.0,1.00,yes,"A[Srečanje] B[s] C[tradicionalnimi] D[plemenskimi] E[ljudmi] F[mi] G[ni] H[samo] I[osmislilo] J[poti]K[,] L[ampak] M[za] N[vedno] O[spremenilo] P[moj] Q[pogled] R[na] S[svet]T[.] ","(Srečanje >nmod (s <case tradicionalnimi <amod plemenskimi <amod ljudmi)) <nsubj mi <iobj ni <aux samo <advmod osmislilo >obj poti >conj (, <punct ampak <cc (za <case vedno) <advmod spremenilo >obj (moj <det pogled >nmod (na <case svet))) >punct .",
377,ssj513.2713.9662,"Evropocentrična vrednostna lestvica, na kateri so oni spodaj in primitivni, mi pa zgoraj ter napredni, se mi je prekucnila na glavo.",25,25,yes,2.75,2.75,2.75,yes,2.03,2.0317864517776734,2.03,yes,7,7,yes,2.00,2,yes,1.00,1,yes,2.00,2.0,2.00,yes,"A[Evropocentrična] B[vrednostna] C[lestvica]D[,] E[na] F[kateri] G[so] H[oni] I[spodaj] J[in] K[primitivni]L[,] M[mi] N[pa] O[zgoraj] P[ter] Q[napredni]R[,] S[se] T[mi] U[je] V[prekucnila] W[na] X[glavo]Y[.] ","(Evropocentrična <amod vrednostna <amod lestvica >acl (, <punct (na <case kateri) <obl so >nsubj oni >advmod (spodaj >conj (in <cc primitivni)) >parataxis (, <punct mi >orphan pa >orphan (zgoraj >conj (ter <cc napredni))) >punct ,)) <nsubj se <expl mi <obj je <aux prekucnila >obl (na <case glavo) >punct .",
378,ssj513.2713.9663,"Vsesplošno sprejeto stališče, da pripadniki plemena nimajo od lastne skupnosti ločene osebnosti, za razliko od nas, ki smo predvsem posamezniki, združeni v skupine, pa se mi tudi ne zdi več samo po sebi umevno.",40,40,yes,3.15,3.1515151515151514,3.15,yes,2.36,2.3635507053664284,2.36,yes,10,10,yes,3.00,3,yes,1.00,1,yes,3.00,3.0,3.00,yes,"A[Vsesplošno] B[sprejeto] C[stališče]D[,] E[da] F[pripadniki] G[plemena] H[nimajo] I[od] J[lastne] K[skupnosti] L[ločene] M[osebnosti]N[,] O[za] P[razliko] Q[od] R[nas]S[,] T[ki] U[smo] V[predvsem] W[posamezniki]X[,] Y[združeni] Z[v] A[skupine]B[,] C[pa] D[se] E[mi] F[tudi] G[ne] H[zdi] I[več] J[samo] K[po] L[sebi] M[umevno]N[.] ","((Vsesplošno <advmod sprejeto) <amod stališče >acl (, <punct da <mark (pripadniki >nmod plemena) <nsubj nimajo >obj (((od <case lastne <amod skupnosti) <nmod ločene) <amod osebnosti >appos (, <punct za <case razliko >nmod (od <case nas >acl (, <punct ki <mark smo <cop predvsem <advmod posamezniki >amod (, <punct združeni >nmod (v <case skupine)) >punct ,)))))) <nsubj pa <advmod se <expl mi <obj tudi <advmod ne <advmod zdi >advmod več >xcomp ((samo >nmod (po <case sebi)) <amod umevno) >punct .",
379,ssj513.2713.9664,"In medtem ko je ladja drsela skozi neskončno zelenino papirusa in plavajočih hijacint, iz katere se je morda enkrat na dan kot privid prikazal deblak z golim veslačem, sem se v mislih zahvaljevala vsem tistim, ki so me napotili v Sudan.",45,45,yes,3.62,3.625,3.62,yes,2.33,2.334259469495037,2.33,yes,7,7,yes,4.00,4,yes,1.00,1,yes,4.00,4.0,4.00,yes,"A[In] B[medtem] C[ko] D[je] E[ladja] F[drsela] G[skozi] H[neskončno] I[zelenino] J[papirusa] K[in] L[plavajočih] M[hijacint]N[,] O[iz] P[katere] Q[se] R[je] S[morda] T[enkrat] U[na] V[dan] W[kot] X[privid] Y[prikazal] Z[deblak] A[z] B[golim] C[veslačem]D[,] E[sem] F[se] G[v] H[mislih] I[zahvaljevala] J[vsem] K[tistim]L[,] M[ki] N[so] O[me] P[napotili] Q[v] R[Sudan]S[.] ","(In <cc (medtem >fixed ko) <mark je <aux ladja <nsubj drsela >obl (skozi <case neskončno <amod zelenino >nmod (papirusa >conj (in <cc plavajočih <amod hijacint)) >acl (, <punct (iz <case katere) <obl se <expl je <aux morda <advmod (enkrat >nmod (na <case dan)) <advmod (kot <case privid) <obl prikazal >nsubj (deblak >nmod (z <case golim <amod veslačem)) >punct ,))) <advcl sem <aux se <expl (v <case mislih) <obl zahvaljevala >iobj (vsem <det tistim >acl (, <punct ki <mark so <aux me <obj napotili >obl (v <case Sudan))) >punct .",
380,ssj513.2713.9665,"Trdili so, da tako ohranjenih samosvojih kultur in tako naravnih ljudi, kot živijo na jugu Sudana, ni nikjer več; ne v Afriki, kaj šele kje drugje.",32,32,yes,3.72,3.72,3.72,yes,0.30,0.2957142441490452,0.30,yes,7,7,yes,3.00,3,yes,1.00,1,yes,3.00,3.0,3.00,yes,"A[Trdili] B[so]C[,] D[da] E[tako] F[ohranjenih] G[samosvojih] H[kultur] I[in] J[tako] K[naravnih] L[ljudi]M[,] N[kot] O[živijo] P[na] Q[jugu] R[Sudana]S[,] T[ni] U[nikjer] V[več]W[;] X[ne] Y[v] Z[Afriki]A[,] B[kaj] C[šele] D[kje] E[drugje]F[.] ","Trdili >aux so >ccomp (, <punct da <mark ((tako <advmod ohranjenih) <amod samosvojih <amod kultur >conj (in <cc (tako <advmod naravnih) <amod ljudi) >acl (, <punct kot <mark živijo >obl (na <case jugu >nmod Sudana) >punct ,)) <nsubj ni >advmod (nikjer >advmod več >appos (; <punct ne <cc v <case Afriki >conj (, <punct (kaj >fixed šele) <cc kje <advmod drugje)))) >punct .",
381,ssj513.2713.9666,"No, mogoče so še, nekje globoko v Amazoniji ali v Novi Gvineji, toda če jih želiš obiskati, moraš biti pustolovec in še športnik povrhu.",29,29,yes,3.26,3.260869565217391,3.26,yes,1.08,1.0789003909173593,1.08,yes,6,6,yes,5.00,5,yes,2.00,2,yes,2.50,2.5,2.50,yes,"A[No]B[,] C[mogoče] D[so] E[še]F[,] G[nekje] H[globoko] I[v] J[Amazoniji] K[ali] L[v] M[Novi] N[Gvineji]O[,] P[toda] Q[če] R[jih] S[želiš] T[obiskati]U[,] V[moraš] W[biti] X[pustolovec] Y[in] Z[še] A[športnik] B[povrhu]C[.] ","(No >punct ,) <discourse mogoče <advmod so >obl (še <advmod , <punct nekje <advmod globoko <advmod v <case Amazoniji >conj (ali <cc v <case Novi <amod Gvineji)) >conj (, <punct toda <cc moraš >xcomp ((če <mark želiš >xcomp (jih <obj obiskati) >punct ,) <advcl biti <cop pustolovec >conj (in <cc še <advmod športnik >advmod povrhu))) >punct .",
382,ssj513.2713.9667,"V Sudanu pa so bili vsepovsod, celo v mestih, na vlakih in ladjah.",16,16,yes,2.08,2.0833333333333335,2.08,yes,1.31,1.31320310603085,1.31,yes,5,5,yes,1.00,1,yes,1.00,1,yes,1.00,1.0,1.00,yes,"A[V] B[Sudanu] C[pa] D[so] E[bili] F[vsepovsod]G[,] H[celo] I[v] J[mestih]K[,] L[na] M[vlakih] N[in] O[ladjah]P[.] ","(V <case Sudanu) <obl pa <advmod so <aux bili >advmod (vsepovsod >appos (, <punct celo <advmod v <case mestih >conj (, <punct na <case vlakih) >conj (in <cc ladjah))) >punct .",
383,ssj513.2713.9668,Njihov spokojni življenski ritem se ni kresal z našim.,10,10,yes,1.88,1.875,1.88,yes,1.38,1.3840671859452005,1.38,yes,3,3,yes,1.00,1,yes,1.00,1,yes,1.00,1.0,1.00,yes,A[Njihov] B[spokojni] C[življenski] D[ritem] E[se] F[ni] G[kresal] H[z] I[našim]J[.] ,(Njihov <det spokojni <amod življenski <amod ritem) <nsubj se <expl ni <aux kresal >obl (z <case našim) >punct .,
384,ssj513.2714.9669,"Nubijci so bili prva tarča organizirane gonje, s katero želi Kartum islamizirati oziroma ""civilizirati"" celotno državo.",20,20,yes,2.07,2.066666666666667,2.07,yes,1.43,1.432807053385219,1.43,yes,7,7,yes,4.00,4,yes,2.00,2,yes,2.00,2.0,2.00,yes,"A[Nubijci] B[so] C[bili] D[prva] E[tarča] F[organizirane] G[gonje]H[,] I[s] J[katero] K[želi] L[Kartum] M[islamizirati] N[oziroma] O[""]P[civilizirati]Q[""] R[celotno] S[državo]T[.] ","Nubijci <nsubj so <aux bili <cop prva <amod tarča >nmod (organizirane <amod gonje >acl (, <punct (s <case katero) <obl želi >nsubj Kartum >xcomp (islamizirati >conj (oziroma <cc "" <punct civilizirati >punct "" >obj (celotno <amod državo))))) >punct .",
385,ssj513.2714.9670,Že Nimeiri je z zakonom prepovedal goloto,7,7,yes,1.83,1.8333333333333333,1.83,yes,1.19,1.1856236656577395,1.19,yes,3,3,yes,1.00,1,yes,1.00,1,yes,1.00,1.0,1.00,yes,A[Že] B[Nimeiri] C[je] D[z] E[zakonom] F[prepovedal] G[goloto] ,(Že <advmod Nimeiri) <nsubj je <aux (z <case zakonom) <obl prepovedal >obj goloto,
386,ssj513.2714.9671,(Nubijci naj bi nosili vsaj kratke hlače.,9,9,yes,2.00,2.0,2.00,yes,1.01,1.0074515102711326,1.01,yes,3,3,yes,1.00,1,yes,1.00,1,yes,1.00,1.0,1.00,yes,A[(]B[Nubijci] C[naj] D[bi] E[nosili] F[vsaj] G[kratke] H[hlače]I[.] ,( <punct Nubijci <nsubj naj <advmod bi <aux nosili >obj (vsaj <advmod kratke <amod hlače) >punct .,
387,ssj513.2714.9672,"Če so jih ujeli gole, so morali plačati visoko denarno odškodnino.)",14,14,yes,2.00,2.0,2.00,yes,1.50,1.4978661367769954,1.50,yes,4,4,yes,3.00,3,yes,1.00,1,yes,3.00,3.0,3.00,yes,"A[Če] B[so] C[jih] D[ujeli] E[gole]F[,] G[so] H[morali] I[plačati] J[visoko] K[denarno] L[odškodnino]M[.]N[)] ","so <aux morali >xcomp ((Če <mark so <aux jih <obj ujeli >advcl gole >punct ,) <advcl plačati >obj (visoko <amod denarno <amod odškodnino)) >punct . >punct )",
388,ssj513.2714.9673,"in tradicionalno rokoborbo dawas, ki je zaradi pokrajinske in jezikovne razdrobljenosti ljudstva edini zunanji dokaz nubijske plemenske enovitosti.",20,20,yes,3.53,3.5294117647058822,3.53,yes,0.70,0.7047815981962784,0.70,yes,6,6,yes,2.00,2,yes,1.00,1,yes,2.00,2.0,2.00,yes,"A[in] B[tradicionalno] C[rokoborbo] D[dawas]E[,] F[ki] G[je] H[zaradi] I[pokrajinske] J[in] K[jezikovne] L[razdrobljenosti] M[ljudstva] N[edini] O[zunanji] P[dokaz] Q[nubijske] R[plemenske] S[enovitosti]T[.] ","in <cc tradicionalno <amod rokoborbo >nmod dawas >acl (, <punct ki <mark je <cop (zaradi <case (pokrajinske >conj (in <cc jezikovne)) <amod razdrobljenosti >nmod ljudstva) <obl edini <amod zunanji <amod dokaz >nmod (nubijske <amod plemenske <amod enovitosti)) >punct .",
389,ssj513.2714.9674,"Dawas je požetveni obred, izraz zahvale bogovom za radodarno pomoč.",12,12,yes,1.89,1.8888888888888888,1.89,yes,1.16,1.1557707025080584,1.16,yes,5,5,yes,1.00,1,yes,1.00,1,yes,1.00,1.0,1.00,yes,"A[Dawas] B[je] C[požetveni] D[obred]E[,] F[izraz] G[zahvale] H[bogovom] I[za] J[radodarno] K[pomoč]L[.] ","Dawas <nsubj je <cop požetveni <amod obred >appos (, <punct izraz >nmod (zahvale >nmod bogovom >nmod (za <case radodarno <amod pomoč))) >punct .",
390,ssj513.2714.9675,Na obredni zabavi se zbere vse ljudstvo in s tem potrdi pripadnost plemenu.,14,14,yes,1.83,1.8333333333333333,1.83,yes,1.44,1.441036477540735,1.44,yes,4,4,yes,2.00,2,yes,2.00,2,yes,1.00,1.0,1.00,yes,A[Na] B[obredni] C[zabavi] D[se] E[zbere] F[vse] G[ljudstvo] H[in] I[s] J[tem] K[potrdi] L[pripadnost] M[plemenu]N[.] ,(Na <case obredni <amod zabavi) <obl se <expl zbere >nsubj (vse <det ljudstvo) >conj (in <cc (s <case tem) <obl potrdi >obj (pripadnost >nmod plemenu)) >punct .,
391,ssj513.2714.9676,"Nubijci visoko cenijo telesno lepoto in moč, zato jim prepoved rokoborbe pomeni isto kot kristjanu porušena cerkev.",19,19,yes,2.50,2.5,2.50,yes,1.02,1.0193097735797902,1.02,yes,5,5,yes,2.00,2,yes,2.00,2,yes,1.00,1.0,1.00,yes,"A[Nubijci] B[visoko] C[cenijo] D[telesno] E[lepoto] F[in] G[moč]H[,] I[zato] J[jim] K[prepoved] L[rokoborbe] M[pomeni] N[isto] O[kot] P[kristjanu] Q[porušena] R[cerkev]S[.] ","Nubijci <nsubj visoko <advmod cenijo >obj (telesno <amod lepoto >conj (in <cc moč)) >conj (, <punct zato <cc jim <iobj (prepoved >nmod rokoborbe) <nsubj pomeni >obj (isto >advcl (kot <case kristjanu <orphan porušena <amod cerkev))) >punct .",
392,ssj513.2714.9677,"Od leta 1989 dalje, piše londonski novinar Peter Moszynski v Africa Confidential, si morajo Nubijke zakrivati prsi in obraz.",22,22,yes,2.94,2.9444444444444446,2.94,yes,1.26,1.2611454579061525,1.26,yes,6,6,yes,3.00,3,yes,2.00,2,yes,1.50,1.5,1.50,yes,"A[Od] B[leta] C[1989] D[dalje]E[,] F[piše] G[londonski] H[novinar] I[Peter] J[Moszynski] K[v] L[Africa] M[Confidential]N[,] O[si] P[morajo] Q[Nubijke] R[zakrivati] S[prsi] T[in] U[obraz]V[.] ","piše >nsubj (londonski <amod novinar >nmod (Peter >flat Moszynski)) >obl (v <case Africa >nmod Confidential) >parataxis (, <punct morajo >nsubj Nubijke >xcomp ((Od <case leta >nummod 1989 >advmod dalje >punct ,) <obl si <iobj zakrivati >obj (prsi >conj (in <cc obraz)))) >punct .",
393,ssj513.2714.9678,Njihovo zakonsko nezvestobo iz Kartuma uvožena lokalna oblast kaznuje z usmrtitvijo.,12,12,yes,1.80,1.8,1.80,yes,1.66,1.6621181702630135,1.66,yes,5,5,yes,1.00,1,yes,1.00,1,yes,1.00,1.0,1.00,yes,A[Njihovo] B[zakonsko] C[nezvestobo] D[iz] E[Kartuma] F[uvožena] G[lokalna] H[oblast] I[kaznuje] J[z] K[usmrtitvijo]L[.] ,(Njihovo <det zakonsko <amod nezvestobo) <obj (((iz <case Kartuma) <nmod uvožena) <amod lokalna <amod oblast) <nsubj kaznuje >obl (z <case usmrtitvijo) >punct .,
394,ssj513.2714.9679,Ukrep je v grobem nasprotju s sproščenim nubijskim odnosom do spolnosti.,12,12,yes,2.00,2.0,2.00,yes,0.80,0.8047189562170503,0.80,yes,5,5,yes,1.00,1,yes,1.00,1,yes,1.00,1.0,1.00,yes,A[Ukrep] B[je] C[v] D[grobem] E[nasprotju] F[s] G[sproščenim] H[nubijskim] I[odnosom] J[do] K[spolnosti]L[.] ,Ukrep <nsubj je >obl (v <case grobem <amod nasprotju >nmod (s <case sproščenim <amod nubijskim <amod odnosom >nmod (do <case spolnosti))) >punct .,
395,ssj513.2714.9680,"Zdaj velja popolna prepoved uživanja alkohola, vključno s prosenim pivom marissa, ki je osnovni del tradicionalne prehrane.",20,20,yes,2.00,2.0,2.00,yes,1.04,1.039720770839918,1.04,yes,9,9,yes,2.00,2,yes,1.00,1,yes,2.00,2.0,2.00,yes,"A[Zdaj] B[velja] C[popolna] D[prepoved] E[uživanja] F[alkohola]G[,] H[vključno] I[s] J[prosenim] K[pivom] L[marissa]M[,] N[ki] O[je] P[osnovni] Q[del] R[tradicionalne] S[prehrane]T[.] ","Zdaj <advmod velja >nsubj (popolna <amod prepoved >nmod (uživanja >nmod (alkohola >appos (, <punct vključno <advmod s <case prosenim <amod pivom >nmod (marissa >acl (, <punct ki <mark je <cop osnovni <amod del >nmod (tradicionalne <amod prehrane))))))) >punct .",
396,ssj513.2715.9681,Na festivalu je bilo več obiskovalcev kot kdajkoli prej in tudi seznam nastopajočih ni bil še nikoli daljši.,19,19,yes,3.53,3.5294117647058822,3.53,yes,0.85,0.8486226344221688,0.85,yes,5,5,yes,2.00,2,yes,2.00,2,yes,1.00,1.0,1.00,yes,A[Na] B[festivalu] C[je] D[bilo] E[več] F[obiskovalcev] G[kot] H[kdajkoli] I[prej] J[in] K[tudi] L[seznam] M[nastopajočih] N[ni] O[bil] P[še] Q[nikoli] R[daljši]S[.] ,(Na <case festivalu) <obl je <aux bilo >nsubj ((več >obl (kot <case kdajkoli <advmod prej)) <det obiskovalcev) >conj (in <cc tudi <advmod (seznam >amod nastopajočih) <nsubj ni <aux bil <cop še <advmod nikoli <advmod daljši) >punct .,
397,ssj513.2715.9682,"Šotor v resnici ni izginil, stal je nekaj sto metrov stran od osrednjega koncertnega prizorišča.",17,17,yes,2.29,2.2857142857142856,2.29,yes,1.30,1.2975690478402115,1.30,yes,5,5,yes,2.00,2,yes,2.00,2,yes,1.00,1.0,1.00,yes,"A[Šotor] B[v] C[resnici] D[ni] E[izginil]F[,] G[stal] H[je] I[nekaj] J[sto] K[metrov] L[stran] M[od] N[osrednjega] O[koncertnega] P[prizorišča]Q[.] ","Šotor <nsubj (v <case resnici) <obl ni <aux izginil >parataxis (, <punct stal >aux je >obl ((nekaj <advmod sto) <nummod metrov >nmod (stran <advmod od <case osrednjega <amod koncertnega <amod prizorišča))) >punct .",
398,ssj513.2715.9683,"Okrašen je bil nadvse domiselno, s stropa so visele ribiške mreže ter stare padalske ponjave, in vsi so se čudili nad okusom ter spretnostjo oblikovalcev Whirl-Y-Gig.",33,33,yes,3.00,3.0,3.00,yes,0.55,0.5493061443340549,0.55,yes,7,7,yes,3.00,3,yes,3.00,3,yes,1.00,1.0,1.00,yes,"A[Okrašen] B[je] C[bil] D[nadvse] E[domiselno]F[,] G[s] H[stropa] I[so] J[visele] K[ribiške] L[mreže] M[ter] N[stare] O[padalske] P[ponjave]Q[,] R[in] S[vsi] T[so] U[se] V[čudili] W[nad] X[okusom] Y[ter] Z[spretnostjo] A[oblikovalcev] B[Whirl]C[-]D[Y]E[-]F[Gig]G[.] ","Okrašen >aux je >cop bil >advmod (nadvse <advmod domiselno) >parataxis (, <punct (s <case stropa) <obl so <aux visele >nsubj (ribiške <amod mreže >conj (ter <cc stare <amod padalske <amod ponjave)) >punct ,) >conj (in <cc vsi <nsubj so <aux se <expl čudili >obl (nad <case okusom >conj (ter <cc spretnostjo) >nmod (oblikovalcev >nmod (Whirl >nmod (- <punct Y) >nmod (- <punct Gig))))) >punct .",
399,ssj513.2715.9684,"Saj je bilo res lepo na pogled, a platnena koncertna dvorana je le bila spremenjena v novodobniški disko.",20,20,yes,2.94,2.9411764705882355,2.94,yes,1.14,1.142515966873228,1.14,yes,4,4,yes,2.00,2,yes,2.00,2,yes,1.00,1.0,1.00,yes,"A[Saj] B[je] C[bilo] D[res] E[lepo] F[na] G[pogled]H[,] I[a] J[platnena] K[koncertna] L[dvorana] M[je] N[le] O[bila] P[spremenjena] Q[v] R[novodobniški] S[disko]T[.] ","Saj <advmod je <aux bilo <cop res <advmod lepo >obl (na <case pogled) >conj (, <punct a <cc (platnena <amod koncertna <amod dvorana) <nsubj je <aux le <advmod bila <cop spremenjena >obl (v <case novodobniški <amod disko)) >punct .",
400,ssj513.2715.9685,"In tudi glasba, ki so jo igrali v šotoru, je bila nekoliko“ preveč lepa” in“ kozmična”.",23,23,yes,4.20,4.2,4.20,yes,1.34,1.3355472472898904,1.34,yes,5,5,yes,2.00,2,yes,1.00,1,yes,2.00,2.0,2.00,yes,"A[In] B[tudi] C[glasba]D[,] E[ki] F[so] G[jo] H[igrali] I[v] J[šotoru]K[,] L[je] M[bila] N[nekoliko]O[“] P[preveč] Q[lepa]R[”] S[in]T[“] U[kozmična]V[”]W[.] ","In <cc (tudi <advmod glasba >acl (, <punct ki <mark so <aux jo <obj igrali >obl (v <case šotoru) >punct ,)) <nsubj je <aux bila <cop (nekoliko <advmod “ <punct preveč) <advmod lepa >punct ” >conj (in <cc “ <punct kozmična >punct ”) >punct .",
401,ssj513.2715.9686,"Transglobal Underground, Astralasia, Monkey Pilot, Suns of Arqa ter njim podobni so med seboj tekmovali, komu po žilah teče več vode in koliko raznolikih glasbenih kapljic lahko skondenzirajo v ničemur na tem svetu oporekajočo mavrico.",40,40,yes,3.59,3.588235294117647,3.59,yes,1.93,1.9307056211390679,1.93,yes,8,8,yes,3.00,3,yes,2.00,2,yes,1.50,1.5,1.50,yes,"A[Transglobal] B[Underground]C[,] D[Astralasia]E[,] F[Monkey] G[Pilot]H[,] I[Suns] J[of] K[Arqa] L[ter] M[njim] N[podobni] O[so] P[med] Q[seboj] R[tekmovali]S[,] T[komu] U[po] V[žilah] W[teče] X[več] Y[vode] Z[in] A[koliko] B[raznolikih] C[glasbenih] D[kapljic] E[lahko] F[skondenzirajo] G[v] H[ničemur] I[na] J[tem] K[svetu] L[oporekajočo] M[mavrico]N[.] ","(Transglobal >nmod Underground >conj (, <punct Astralasia) >conj (, <punct Monkey >nmod Pilot) >conj (, <punct Suns >nmod (of <nmod Arqa)) >conj (ter <cc njim <nmod podobni)) <nsubj so <aux (med <case seboj) <obl tekmovali >ccomp (, <punct komu <obj (po <case žilah) <obl teče >nsubj (več <det vode) >conj (in <cc koliko <advmod (raznolikih <amod glasbenih <amod kapljic) <obl lahko <advmod skondenzirajo >obl (v <case ((ničemur >nmod (na <case tem <det svetu)) <nmod oporekajočo) <amod mavrico))) >punct .",
402,ssj513.2715.9687,"Bojim se, da je tistega sončnega poletnega dne v Srebrenici umiralo na stotine nedolžnih ljudi.",17,17,yes,3.29,3.2857142857142856,3.29,yes,0.13,0.12994459793379293,0.13,yes,5,5,yes,2.00,2,yes,1.00,1,yes,2.00,2.0,2.00,yes,"A[Bojim] B[se]C[,] D[da] E[je] F[tistega] G[sončnega] H[poletnega] I[dne] J[v] K[Srebrenici] L[umiralo] M[na] N[stotine] O[nedolžnih] P[ljudi]Q[.] ","Bojim >expl se >ccomp (, <punct da <mark je <aux (tistega <det sončnega <amod poletnega <amod dne) <obl (v <case Srebrenici) <obl umiralo >nsubj ((na <case stotine) <nmod nedolžnih <amod ljudi)) >punct .",
403,ssj513.2715.9688,"Tudi sama še pomislila nisem na ljudi in zveri v Srebrenici - prav je, da ljudje na festivalih ne razmišljamo o žalostnih rečeh - dokler ni na velikem odru Marta Sebestyan zapela srbske ljudske poročne pesmice.",38,38,yes,3.48,3.484848484848485,3.48,yes,1.19,1.1929763943964156,1.19,yes,5,5,yes,4.00,4,yes,2.00,2,yes,2.00,2.0,2.00,yes,"A[Tudi] B[sama] C[še] D[pomislila] E[nisem] F[na] G[ljudi] H[in] I[zveri] J[v] K[Srebrenici] L[-] M[prav] N[je]O[,] P[da] Q[ljudje] R[na] S[festivalih] T[ne] U[razmišljamo] V[o] W[žalostnih] X[rečeh] Y[-] Z[dokler] A[ni] B[na] C[velikem] D[odru] E[Marta] F[Sebestyan] G[zapela] H[srbske] I[ljudske] J[poročne] K[pesmice]L[.] ","(Tudi <advmod sama) <nsubj še <advmod pomislila >aux nisem >obl (na <case ljudi >conj (in <cc zveri) >nmod (v <case Srebrenici)) >parataxis (- <punct prav <advmod je >csubj (, <punct da <mark ljudje <nsubj (na <case festivalih) <obl ne <advmod razmišljamo >obl (o <case žalostnih <amod rečeh)) >punct -) >advcl (dokler <mark ni <aux (na <case velikem <amod odru) <obl (Marta >flat Sebestyan) <nsubj zapela >obj (srbske <amod ljudske <amod poročne <amod pesmice)) >punct .",
404,ssj513.2715.9689,"Pesem je bila radostna ter lepa in Marta je pela s čistim, občutljivim glasom.",16,16,yes,2.69,2.6923076923076925,2.69,yes,0.99,0.9852231552628367,0.99,yes,6,6,yes,2.00,2,yes,2.00,2,yes,1.00,1.0,1.00,yes,"A[Pesem] B[je] C[bila] D[radostna] E[ter] F[lepa] G[in] H[Marta] I[je] J[pela] K[s] L[čistim]M[,] N[občutljivim] O[glasom]P[.] ","Pesem <nsubj je <aux bila <cop radostna >conj (ter <cc lepa) >conj (in <cc Marta <nsubj je <aux pela >obl (s <case (čistim >conj (, <punct občutljivim)) <amod glasom)) >punct .",
405,ssj513.2715.9690,"A nekaj v meni mi ni dovolilo, da bi zaploskala.",12,12,yes,2.67,2.6666666666666665,2.67,yes,1.09,1.09073811018404,1.09,yes,4,4,yes,2.00,2,yes,1.00,1,yes,2.00,2.0,2.00,yes,"A[A] B[nekaj] C[v] D[meni] E[mi] F[ni] G[dovolilo]H[,] I[da] J[bi] K[zaploskala]L[.] ","A <cc (nekaj >nmod (v <case meni)) <nsubj mi <iobj ni <aux dovolilo >ccomp (, <punct da <mark bi <aux zaploskala) >punct .",
406,ssj513.2715.9691,Tudi drugi so bili nekam kratki.,7,7,yes,2.20,2.2,2.20,yes,0.91,0.9121413304668073,0.91,yes,3,3,yes,1.00,1,yes,1.00,1,yes,1.00,1.0,1.00,yes,A[Tudi] B[drugi] C[so] D[bili] E[nekam] F[kratki]G[.] ,(Tudi <advmod drugi) <nsubj so <aux bili <cop nekam <advmod kratki >punct .,
407,ssj513.2715.9692,"Začutili smo pač, da se v dneh, ko si žrtve kopljejo grobove, ne spodobi rajati ob veselih ritmih zmagovalcev, in da je Marta, čeprav zagotovo nehote, zagrešila nekaj nespametnega.",36,36,yes,4.54,4.535714285714286,4.54,yes,0.15,0.15411967880421465,0.15,yes,6,6,yes,5.00,5,yes,2.00,2,yes,2.50,2.5,2.50,yes,"A[Začutili] B[smo] C[pač]D[,] E[da] F[se] G[v] H[dneh]I[,] J[ko] K[si] L[žrtve] M[kopljejo] N[grobove]O[,] P[ne] Q[spodobi] R[rajati] S[ob] T[veselih] U[ritmih] V[zmagovalcev]W[,] X[in] Y[da] Z[je] A[Marta]B[,] C[čeprav] D[zagotovo] E[nehote]F[,] G[zagrešila] H[nekaj] I[nespametnega]J[.] ","Začutili >aux smo >advmod pač >ccomp (, <punct da <mark se <expl ne <advmod spodobi >xcomp ((v <case dneh >acl (, <punct ko <mark si <iobj žrtve <nsubj kopljejo >obj grobove >punct ,)) <obl rajati >obl (ob <case veselih <amod ritmih >nmod zmagovalcev)) >conj (, <punct in <cc da <mark je <aux Marta <nsubj (, <punct čeprav <mark zagotovo <advmod nehote >punct ,) <advcl zagrešila >obj (nekaj >amod nespametnega))) >punct .",
408,ssj513.2715.9693,"Večini poslušalcev, ki so bili v povprečju stari štiriindvajset let, pa se je tako ali tako najbolj ogrela nad glasbeniki, ki so igrali“ poduhovljeno”, sprijaznjeno in hibridno glasbo.",35,35,yes,3.81,3.814814814814815,3.81,yes,1.81,1.8068924475538533,1.81,yes,7,7,yes,3.00,3,yes,1.00,1,yes,3.00,3.0,3.00,yes,"A[Večini] B[poslušalcev]C[,] D[ki] E[so] F[bili] G[v] H[povprečju] I[stari] J[štiriindvajset] K[let]L[,] M[pa] N[se] O[je] P[tako] Q[ali] R[tako] S[najbolj] T[ogrela] U[nad] V[glasbeniki]W[,] X[ki] Y[so] Z[igrali]A[“] B[poduhovljeno]C[”]D[,] E[sprijaznjeno] F[in] G[hibridno] H[glasbo]I[.] ","(Večini >nmod (poslušalcev >acl (, <punct ki <mark so <aux bili <cop (v <case povprečju) <obl stari >obl (štiriindvajset <nummod let) >punct ,))) <iobj pa <advmod se <expl je <aux (tako >advmod (ali <cc tako)) <advmod najbolj <advmod ogrela >obl (nad <case glasbeniki >acl (, <punct ki <mark so <aux igrali >obj ((“ <punct poduhovljeno >punct ” >conj (, <punct sprijaznjeno) >conj (in <cc hibridno)) <amod glasbo))) >punct .",
409,ssj513.2715.9694,Še enkrat sem se ustrašila.,6,6,yes,1.75,1.75,1.75,yes,0.94,0.9382503488415728,0.94,yes,3,3,yes,1.00,1,yes,1.00,1,yes,1.00,1.0,1.00,yes,A[Še] B[enkrat] C[sem] D[se] E[ustrašila]F[.] ,(Še <advmod enkrat) <advmod sem <aux se <expl ustrašila >punct .,
410,ssj513.2715.9695,Se morda staram in se nisem več sposobna prilagoditi novemu ali se navdušiti nad prihajajočim?,16,16,yes,2.21,2.2142857142857144,2.21,yes,1.07,1.0739049342717963,1.07,yes,6,6,yes,4.00,4,yes,3.00,3,yes,1.33,1.3333333333333333,1.33,yes,A[Se] B[morda] C[staram] D[in] E[se] F[nisem] G[več] H[sposobna] I[prilagoditi] J[novemu] K[ali] L[se] M[navdušiti] N[nad] O[prihajajočim]P[?] ,Se <expl morda <advmod staram >conj (in <cc nisem <cop več <advmod sposobna >xcomp (se <expl prilagoditi >iobj novemu >conj (ali <cc se <expl navdušiti >obl (nad <case prihajajočim)))) >punct ?,
411,ssj513.2715.9696,Vendar sem se naglo potolažila.,6,6,yes,2.50,2.5,2.50,yes,0.58,0.5815754049028404,0.58,yes,2,2,yes,1.00,1,yes,1.00,1,yes,1.00,1.0,1.00,yes,A[Vendar] B[sem] C[se] D[naglo] E[potolažila]F[.] ,Vendar <cc sem <aux se <expl naglo <advmod potolažila >punct .,
412,ssj513.2715.9697,"Če se pod odrom, na katerem“ igra” Loop Guru, zbere več ljudi kot pod tistim, na katerem poje Nusrat Fateh Ali Khan, če ljudi bolj od Cesarie Evore gane Natacha Atlas, potem nisem ostarela jaz, ampak so posiveli moderni, mladi časi.",51,51,yes,3.95,3.95,3.95,yes,2.33,2.3275101814960912,2.33,yes,8,8,yes,6.00,6,yes,3.00,3,yes,2.00,2.0,2.00,yes,"A[Če] B[se] C[pod] D[odrom]E[,] F[na] G[katerem]H[“] I[igra]J[”] K[Loop] L[Guru]M[,] N[zbere] O[več] P[ljudi] Q[kot] R[pod] S[tistim]T[,] U[na] V[katerem] W[poje] X[Nusrat] Y[Fateh] Z[Ali] A[Khan]B[,] C[če] D[ljudi] E[bolj] F[od] G[Cesarie] H[Evore] I[gane] J[Natacha] K[Atlas]L[,] M[potem] N[nisem] O[ostarela] P[jaz]Q[,] R[ampak] S[so] T[posiveli] U[moderni]V[,] W[mladi] X[časi]Y[.] ","(Če <mark se <expl (pod <case odrom >acl (, <punct (na <case katerem) <obl “ <punct igra >punct ” >nsubj (Loop >flat Guru) >punct ,)) <obl zbere >nsubj ((več >advcl (kot <mark pod <case tistim >acl (, <punct (na <case katerem) <obl poje >nsubj (Nusrat >flat Fateh >flat Ali >flat Khan)))) <det ljudi) >parataxis (, <punct če <mark ljudi <obj (bolj <advmod od <case Cesarie >flat Evore) <obl gane >nsubj (Natacha >flat Atlas)) >punct ,) <advcl potem <advmod nisem <aux ostarela >nsubj jaz >conj (, <punct ampak <cc so <aux posiveli >nsubj ((moderni >conj (, <punct mladi)) <amod časi)) >punct .",
413,ssj513.2716.9698,Nato sva skupaj razmišljala v rožnat prah avtomobilskih luči pred nama.,12,12,yes,1.80,1.8,1.80,yes,1.26,1.2566530621548493,1.26,yes,5,5,yes,1.00,1,yes,1.00,1,yes,1.00,1.0,1.00,yes,A[Nato] B[sva] C[skupaj] D[razmišljala] E[v] F[rožnat] G[prah] H[avtomobilskih] I[luči] J[pred] K[nama]L[.] ,Nato <advmod sva <aux skupaj <advmod razmišljala >obl (v <case rožnat <amod prah >nmod (avtomobilskih <amod luči >nmod (pred <case nama))) >punct .,
414,ssj513.2716.9699,"Pomislila sem, da me je glasbeni dan vendarle močno utrudil.",12,12,yes,4.00,4.0,4.00,yes,0.29,0.28768207245178085,0.29,yes,4,4,yes,2.00,2,yes,1.00,1,yes,2.00,2.0,2.00,yes,"A[Pomislila] B[sem]C[,] D[da] E[me] F[je] G[glasbeni] H[dan] I[vendarle] J[močno] K[utrudil]L[.] ","Pomislila >aux sem >ccomp (, <punct da <mark me <obj je <aux (glasbeni <amod dan) <nsubj vendarle <advmod močno <advmod utrudil) >punct .",
415,ssj513.2717.9700,"Vstala sem in se pozanimala, kako naj najdem njegov dom.",12,12,yes,2.00,2.0,2.00,yes,0.41,0.40546510810816444,0.41,yes,5,5,yes,3.00,3,yes,2.00,2,yes,1.50,1.5,1.50,yes,"A[Vstala] B[sem] C[in] D[se] E[pozanimala]F[,] G[kako] H[naj] I[najdem] J[njegov] K[dom]L[.] ","Vstala >aux sem >conj (in <cc se <expl pozanimala >ccomp (, <punct kako <advmod naj <advmod najdem >obj (njegov <det dom))) >punct .",
416,ssj513.2718.9701,"V Jenneju je vse staro; pročelja hiš, ometanih z blatom riževih luščin in kravjekov, stoletna mošeja, celo pred petimi leti napeljani električni kabli so tam že od nekdaj.",33,33,yes,4.33,4.333333333333333,4.33,yes,0.99,0.9863003204257876,0.99,yes,9,9,yes,2.00,2,yes,2.00,2,yes,1.00,1.0,1.00,yes,"A[V] B[Jenneju] C[je] D[vse] E[staro]F[;] G[pročelja] H[hiš]I[,] J[ometanih] K[z] L[blatom] M[riževih] N[luščin] O[in] P[kravjekov]Q[,] R[stoletna] S[mošeja]T[,] U[celo] V[pred] W[petimi] X[leti] Y[napeljani] Z[električni] A[kabli] B[so] C[tam] D[že] E[od] F[nekdaj]G[.] ","(V <case Jenneju) <obl je <cop vse <nsubj staro >parataxis (; <punct (pročelja >nmod (hiš >amod (, <punct ometanih >nmod (z <case blatom >nmod (riževih <amod luščin >conj (in <cc kravjekov))))) >conj (, <punct stoletna <amod mošeja) >conj (, <punct celo <advmod ((pred <case petimi <nummod leti) <nmod napeljani) <amod električni <amod kabli)) <nsubj so >advmod tam >advmod že >advmod (od <case nekdaj)) >punct .",
417,ssj513.2718.9702,Trovrata ulična svetilka na praznem trgu brli s staroveško lučjo.,11,11,yes,1.89,1.8888888888888888,1.89,yes,1.44,1.4355785964757697,1.44,yes,3,3,yes,1.00,1,yes,1.00,1,yes,1.00,1.0,1.00,yes,A[Trovrata] B[ulična] C[svetilka] D[na] E[praznem] F[trgu] G[brli] H[s] I[staroveško] J[lučjo]K[.] ,(Trovrata <amod ulična <amod svetilka) <nsubj (na <case praznem <amod trgu) <obl brli >obl (s <case staroveško <amod lučjo) >punct .,
418,ssj513.2718.9703,"Korak, že ko ga stopaš, tone v preteklost.",11,11,yes,2.43,2.4285714285714284,2.43,yes,1.13,1.125372650366672,1.13,yes,4,4,yes,2.00,2,yes,1.00,1,yes,2.00,2.0,2.00,yes,"A[Korak]B[,] C[že] D[ko] E[ga] F[stopaš]G[,] H[tone] I[v] J[preteklost]K[.] ","Korak <nsubj (, <punct (že >fixed ko) <mark ga <obj stopaš >punct ,) <advcl tone >obl (v <case preteklost) >punct .",
419,ssj513.2718.9704,"Molčanje starcev, ki žalujejo pred hišo pokojnega, je zagotovo starodavno.",13,13,yes,2.56,2.5555555555555554,2.56,yes,1.40,1.4027959749691796,1.40,yes,6,6,yes,2.00,2,yes,1.00,1,yes,2.00,2.0,2.00,yes,"A[Molčanje] B[starcev]C[,] D[ki] E[žalujejo] F[pred] G[hišo] H[pokojnega]I[,] J[je] K[zagotovo] L[starodavno]M[.] ","(Molčanje >nmod (starcev >acl (, <punct ki <mark žalujejo >obl (pred <case hišo >amod pokojnega) >punct ,))) <nsubj je <cop zagotovo <advmod starodavno >punct .",
420,ssj513.2718.9705,"Tako kot je starodaven odmev plesnih korakov, s katerimi svatovalke polnijo votlo zemljo.",15,15,yes,1.92,1.9166666666666667,1.92,yes,1.40,1.3965847149699009,1.40,yes,5,5,yes,2.00,2,yes,1.00,1,yes,2.00,2.0,2.00,yes,"A[Tako] B[kot] C[je] D[starodaven] E[odmev] F[plesnih] G[korakov]H[,] I[s] J[katerimi] K[svatovalke] L[polnijo] M[votlo] N[zemljo]O[.] ","(Tako >fixed kot) <mark je <cop starodaven <amod odmev >nmod (plesnih <amod korakov >acl (, <punct (s <case katerimi) <obl svatovalke <nsubj polnijo >obj (votlo <amod zemljo))) >punct .",
421,ssj513.2718.9706,Brenčanje naključnega mopeda le za hip zmoti mestno tišino.,10,10,yes,2.00,2.0,2.00,yes,1.32,1.3195286648076292,1.32,yes,4,4,yes,1.00,1,yes,1.00,1,yes,1.00,1.0,1.00,yes,A[Brenčanje] B[naključnega] C[mopeda] D[le] E[za] F[hip] G[zmoti] H[mestno] I[tišino]J[.] ,(Brenčanje >nmod (naključnega <amod mopeda)) <nsubj (le <advmod za <case hip) <obl zmoti >obj (mestno <amod tišino) >punct .,
422,ssj513.2719.9707,"V okupiranem Sarajevu ga je prijatelj pobaral, naj mu pove, kdo je evropska osebnost dvajsetega stoletja.",19,19,yes,2.27,2.2666666666666666,2.27,yes,1.51,1.5086698515648103,1.51,yes,5,5,yes,3.00,3,yes,1.00,1,yes,3.00,3.0,3.00,yes,"A[V] B[okupiranem] C[Sarajevu] D[ga] E[je] F[prijatelj] G[pobaral]H[,] I[naj] J[mu] K[pove]L[,] M[kdo] N[je] O[evropska] P[osebnost] Q[dvajsetega] R[stoletja]S[.] ","(V <case okupiranem <amod Sarajevu) <obl ga <iobj je <aux prijatelj <nsubj pobaral >ccomp (, <punct naj <mark mu <iobj pove >ccomp (, <punct kdo <nsubj je <cop evropska <amod osebnost >nmod (dvajsetega <amod stoletja))) >punct .",
423,ssj513.2719.9708,"Ervin ni dvakrat pomislil, preden je rekel: ""Hitler.""",13,13,yes,2.29,2.2857142857142856,2.29,yes,0.84,0.8394236819031342,0.84,yes,4,4,yes,2.00,2,yes,1.00,1,yes,2.00,2.0,2.00,yes,"A[Ervin] B[ni] C[dvakrat] D[pomislil]E[,] F[preden] G[je] H[rekel]I[:] J[""]K[Hitler]L[.]M[""] ","Ervin <nsubj ni <aux dvakrat <advmod pomislil >advcl (, <punct preden <mark je <aux rekel >ccomp (: <punct "" <punct Hitler >punct . >punct ""))",
424,ssj513.2719.9709,"""Kdo pa je afriška osebnost stoletja?"" je spraševal dalje.",13,13,yes,2.25,2.25,2.25,yes,1.43,1.4277381910227747,1.43,yes,3,3,yes,2.00,2,yes,1.00,1,yes,2.00,2.0,2.00,yes,"A[""]B[Kdo] C[pa] D[je] E[afriška] F[osebnost] G[stoletja]H[?]I[""] J[je] K[spraševal] L[dalje]M[.] ","("" <punct Kdo <nsubj pa <advmod je <cop afriška <amod osebnost >nmod stoletja >punct ? >punct "") <ccomp je <aux spraševal >advmod dalje >punct .",
425,ssj513.2719.9710,"Tudi tokrat se ni obotavljal: ""Nelson Mandela.",10,10,yes,1.83,1.8333333333333333,1.83,yes,1.09,1.0944628872607622,1.09,yes,3,3,yes,1.00,1,yes,1.00,1,yes,1.00,1.0,1.00,yes,"A[Tudi] B[tokrat] C[se] D[ni] E[obotavljal]F[:] G[""]H[Nelson] I[Mandela]J[.] ","(Tudi <advmod tokrat) <advmod se <expl ni <aux obotavljal >parataxis (: <punct "" <punct Nelson >flat Mandela >punct .)",
426,ssj513.2719.9711,""" Zasmejala sem se, najprej le z usti in takoj zatem na ves glas, dokler nisem hlipala, da me je v trebuhu zabolelo in so mi iz oči pritekle solze.",34,34,yes,3.43,3.4285714285714284,3.43,yes,0.78,0.7805321640749423,0.78,yes,6,6,yes,4.00,4,yes,2.00,2,yes,2.00,2.0,2.00,yes,"A[""] B[Zasmejala] C[sem] D[se]E[,] F[najprej] G[le] H[z] I[usti] J[in] K[takoj] L[zatem] M[na] N[ves] O[glas]P[,] Q[dokler] R[nisem] S[hlipala]T[,] U[da] V[me] W[je] X[v] Y[trebuhu] Z[zabolelo] A[in] B[so] C[mi] D[iz] E[oči] F[pritekle] G[solze]H[.] ",""" <punct Zasmejala >aux sem >expl se >parataxis (, <punct najprej <orphan le <advmod z <case usti >conj (in <cc (takoj <advmod zatem) <orphan na <case ves <det glas)) >advcl (, <punct dokler <mark nisem <aux hlipala >advcl (, <punct da <mark me <obj je <aux (v <case trebuhu) <obl zabolelo >conj (in <cc so <aux mi <obj (iz <case oči) <obl pritekle >nsubj solze))) >punct .",
427,ssj513.2719.9712,"Smeha nisem marala zajeziti, niti sreče, ki me je prežela ob nenadnem spoznanju, da se Nam za Afričane ni treba bati, kaj šele, da bi jih smeli pomilovati.",34,34,yes,3.11,3.111111111111111,3.11,yes,1.06,1.0622446444972349,1.06,yes,10,10,yes,7.00,7,yes,2.00,2,yes,3.50,3.5,3.50,yes,"A[Smeha] B[nisem] C[marala] D[zajeziti]E[,] F[niti] G[sreče]H[,] I[ki] J[me] K[je] L[prežela] M[ob] N[nenadnem] O[spoznanju]P[,] Q[da] R[se] S[Nam] T[za] U[Afričane] V[ni] W[treba] X[bati]Y[,] Z[kaj] A[šele]B[,] C[da] D[bi] E[jih] F[smeli] G[pomilovati]H[.] ","nisem <aux marala >xcomp ((Smeha >conj (, <punct niti <advmod sreče >acl (, <punct ki <mark me <obj je <aux prežela >obl (ob <case nenadnem <amod spoznanju >acl (, <punct da <mark ni >advmod treba >csubj (se <expl Nam <obj (za <case Afričane) <obl bati) >conj (, <punct (kaj >fixed šele) <cc , <punct da <mark bi <aux smeli >xcomp (jih <obj pomilovati))))))) <obj zajeziti) >punct .",
428,ssj513.2719.9713,"Sekou ni prenehal igrati, samo stegnil je vrat, ko me je vprašal:",15,15,yes,2.27,2.272727272727273,2.27,yes,0.93,0.9272732286634099,0.93,yes,4,4,yes,4.00,4,yes,2.00,2,yes,2.00,2.0,2.00,yes,"A[Sekou] B[ni] C[prenehal] D[igrati]E[,] F[samo] G[stegnil] H[je] I[vrat]J[,] K[ko] L[me] M[je] N[vprašal]O[:] ","Sekou <nsubj ni <aux prenehal >xcomp igrati >parataxis (, <punct samo <advmod stegnil >aux je >obj vrat >advcl (, <punct ko <mark me <iobj je <aux vprašal)) >punct :",
429,ssj513.2720.9714,"Kone je bil resnično zadnji človek, o katerem se mi je ljubilo pogovarjati.",15,15,yes,2.83,2.8333333333333335,2.83,yes,1.10,1.0968791846798664,1.10,yes,4,4,yes,3.00,3,yes,1.00,1,yes,3.00,3.0,3.00,yes,"A[Kone] B[je] C[bil] D[resnično] E[zadnji] F[človek]G[,] H[o] I[katerem] J[se] K[mi] L[je] M[ljubilo] N[pogovarjati]O[.] ","Kone <nsubj je <aux bil <cop resnično <advmod zadnji <amod človek >acl (, <punct (o <case katerem) <obl se <expl mi <iobj je <aux ljubilo >xcomp pogovarjati) >punct .",
430,ssj513.2720.9715,"Pričela sem se smejati in rekla nekaj, česar ženska v Maliju ne sme reči.",16,16,yes,2.38,2.3846153846153846,2.38,yes,0.41,0.41343683170715884,0.41,yes,8,8,yes,5.00,5,yes,2.00,2,yes,2.50,2.5,2.50,yes,"A[Pričela] B[sem] C[se] D[smejati] E[in] F[rekla] G[nekaj]H[,] I[česar] J[ženska] K[v] L[Maliju] M[ne] N[sme] O[reči]P[.] ","Pričela >aux sem >xcomp (se <expl smejati >conj (in <cc rekla >obj (nekaj >acl (, <punct česar <obj ženska <nsubj ne <advmod sme >xcomp ((v <case Maliju) <obl reči))))) >punct .",
431,ssj513.2720.9716,Podobne šale so prepovedane:,5,5,yes,1.33,1.3333333333333333,1.33,yes,0.95,0.9547712524422192,0.95,yes,3,3,yes,1.00,1,yes,1.00,1,yes,1.00,1.0,1.00,yes,A[Podobne] B[šale] C[so] D[prepovedane]E[:] ,(Podobne <amod šale) <nsubj so <cop prepovedane >punct :,
432,ssj513.2721.9717,"Ganska pokrajina ni nič posebnega, monotona je in nostalgična, ponekod celo dolgočasna.",15,15,yes,2.36,2.3636363636363638,2.36,yes,1.14,1.143465327393124,1.14,yes,4,4,yes,2.00,2,yes,2.00,2,yes,1.00,1.0,1.00,yes,"A[Ganska] B[pokrajina] C[ni] D[nič] E[posebnega]F[,] G[monotona] H[je] I[in] J[nostalgična]K[,] L[ponekod] M[celo] N[dolgočasna]O[.] ","(Ganska <amod pokrajina) <nsubj ni <cop nič <nmod posebnega >parataxis (, <punct monotona >cop je >conj (in <cc nostalgična)) >parataxis (, <punct ponekod <orphan celo <advmod dolgočasna) >punct .",
433,ssj513.2721.9718,V Gani nam je ugajalo zaradi Gancev.,8,8,yes,1.67,1.6666666666666667,1.67,yes,1.19,1.189773067065087,1.19,yes,3,3,yes,1.00,1,yes,1.00,1,yes,1.00,1.0,1.00,yes,A[V] B[Gani] C[nam] D[je] E[ugajalo] F[zaradi] G[Gancev]H[.] ,(V <case Gani) <obl nam <iobj je <aux ugajalo >obl (zaradi <case Gancev) >punct .,
434,ssj514.2722.9719,"Gospodarsko ministrstvo je Pošto Slovenije opozorilo, a je ta septembra cene vseeno povišala",14,14,yes,3.33,3.3333333333333335,3.33,yes,0.93,0.9343602551820915,0.93,yes,3,3,yes,2.00,2,yes,2.00,2,yes,1.00,1.0,1.00,yes,"A[Gospodarsko] B[ministrstvo] C[je] D[Pošto] E[Slovenije] F[opozorilo]G[,] H[a] I[je] J[ta] K[septembra] L[cene] M[vseeno] N[povišala] ","(Gospodarsko <amod ministrstvo) <nsubj je <aux (Pošto >nmod Slovenije) <obj opozorilo >conj (, <punct a <cc je <aux ta <nsubj septembra <obl cene <obj vseeno <advmod povišala)",
435,ssj514.2723.9720,"WASHINGTON Američani podpirajo zamisel o ustanovitvi mednarodnega sodišča za vojne zločine, ki naj bi jih zagrešil režim iraškega predsednika Sadama Huseina.",23,23,yes,1.90,1.9,1.90,yes,1.41,1.4053183949386556,1.41,yes,10,10,yes,2.00,2,yes,1.00,1,yes,2.00,2.0,2.00,yes,"A[WASHINGTON] B[Američani] C[podpirajo] D[zamisel] E[o] F[ustanovitvi] G[mednarodnega] H[sodišča] I[za] J[vojne] K[zločine]L[,] M[ki] N[naj] O[bi] P[jih] Q[zagrešil] R[režim] S[iraškega] T[predsednika] U[Sadama] V[Huseina]W[.] ","WASHINGTON <parataxis Američani <nsubj podpirajo >obj (zamisel >nmod (o <case ustanovitvi >nmod (mednarodnega <amod sodišča >nmod (za <case vojne <amod zločine >acl (, <punct ki <mark naj <advmod bi <aux jih <obj zagrešil >nsubj (režim >nmod (iraškega <amod predsednika >nmod (Sadama >flat Huseina)))))))) >punct .",
436,ssj514.2723.9721,Ustanovitev takšnega sodišča so predlagali iraški oporečniki na tujem.,10,10,yes,1.75,1.75,1.75,yes,1.28,1.2848239391215455,1.28,yes,4,4,yes,1.00,1,yes,1.00,1,yes,1.00,1.0,1.00,yes,A[Ustanovitev] B[takšnega] C[sodišča] D[so] E[predlagali] F[iraški] G[oporečniki] H[na] I[tujem]J[.] ,(Ustanovitev >nmod (takšnega <det sodišča)) <obj so <aux predlagali >nsubj (iraški <amod oporečniki >nmod (na <case tujem)) >punct .,
437,ssj514.2723.9722,Po njihovem prepričanju bi lahko Sadamu Huseinu sodili za vojne zločine med napadom na Kuvajt ter za poboje Kurdov konec osemdesetih let prejšnjega stoletja in po porazu v Zalivski vojni.,31,31,yes,2.24,2.2413793103448274,2.24,yes,1.92,1.916277245923992,1.92,yes,7,7,yes,1.00,1,yes,1.00,1,yes,1.00,1.0,1.00,yes,A[Po] B[njihovem] C[prepričanju] D[bi] E[lahko] F[Sadamu] G[Huseinu] H[sodili] I[za] J[vojne] K[zločine] L[med] M[napadom] N[na] O[Kuvajt] P[ter] Q[za] R[poboje] S[Kurdov] T[konec] U[osemdesetih] V[let] W[prejšnjega] X[stoletja] Y[in] Z[po] A[porazu] B[v] C[Zalivski] D[vojni]E[.] ,(Po <case njihovem <det prepričanju) <obl bi <aux lahko <advmod (Sadamu >flat Huseinu) <obj sodili >obl (za <case vojne <amod zločine >nmod (med <case napadom >nmod (na <case Kuvajt)) >conj (ter <cc za <case poboje >nmod Kurdov >nmod (konec <case osemdesetih <amod let >nmod (prejšnjega <amod stoletja) >conj (in <cc po <case porazu >nmod (v <case Zalivski <amod vojni))))) >punct .,
438,ssj514.2724.9723,"Odvetnik stanovalcev Jože Kristan je potrdil, da je zadeva v rokah sodišča, in dejal, da bodo stanovalci dolgove za elektriko in druge stroške poravnali.",28,28,yes,3.48,3.4782608695652173,3.48,yes,1.22,1.2170944238338706,1.22,yes,7,7,yes,4.00,4,yes,2.00,2,yes,2.00,2.0,2.00,yes,"A[Odvetnik] B[stanovalcev] C[Jože] D[Kristan] E[je] F[potrdil]G[,] H[da] I[je] J[zadeva] K[v] L[rokah] M[sodišča]N[,] O[in] P[dejal]Q[,] R[da] S[bodo] T[stanovalci] U[dolgove] V[za] W[elektriko] X[in] Y[druge] Z[stroške] A[poravnali]B[.] ","(Odvetnik >nmod stanovalcev >nmod (Jože >flat Kristan)) <nsubj je <aux potrdil >ccomp (, <punct da <mark je >nsubj zadeva >obl (v <case rokah >nmod sodišča) >punct , >conj (in <cc dejal >ccomp (, <punct da <mark bodo <aux stanovalci <nsubj (dolgove >nmod (za <case elektriko) >conj (in <cc druge <amod stroške)) <obj poravnali))) >punct .",
439,ssj514.2724.9724,"Stanovalci nasploh želijo ostati v bloku v Stražišču in v tem primeru bi tudi plačevali vse stroške energije oziroma komunale, česar do zdaj niso počeli redno.",28,28,yes,3.04,3.04,3.04,yes,1.05,1.046886541350025,1.05,yes,7,7,yes,4.00,4,yes,3.00,3,yes,1.33,1.3333333333333333,1.33,yes,"A[Stanovalci] B[nasploh] C[želijo] D[ostati] E[v] F[bloku] G[v] H[Stražišču] I[in] J[v] K[tem] L[primeru] M[bi] N[tudi] O[plačevali] P[vse] Q[stroške] R[energije] S[oziroma] T[komunale]U[,] V[česar] W[do] X[zdaj] Y[niso] Z[počeli] A[redno]B[.] ","Stanovalci <nsubj želijo >xcomp (nasploh <advmod ostati >obl (v <case bloku >nmod (v <case Stražišču)) >conj (in <cc (v <case tem <det primeru) <obl bi <aux tudi <advmod plačevali >obj (vse <det stroške >nmod (energije >conj (oziroma <cc komunale))))) >parataxis (, <punct česar <obj (do <case zdaj) <advmod niso <aux počeli >advmod redno) >punct .",
440,ssj514.2725.9725,"Za zdaj je kemoterapija najboljše sredstvo za odganjanje zaskrbljenosti bolnikov, pravijo raziskovalci iz Heidelberga.",16,16,yes,2.00,2.0,2.00,yes,1.49,1.4852072327848507,1.49,yes,5,5,yes,2.00,2,yes,2.00,2,yes,1.00,1.0,1.00,yes,"A[Za] B[zdaj] C[je] D[kemoterapija] E[najboljše] F[sredstvo] G[za] H[odganjanje] I[zaskrbljenosti] J[bolnikov]K[,] L[pravijo] M[raziskovalci] N[iz] O[Heidelberga]P[.] ","(Za <case zdaj) <advmod je <cop kemoterapija <nsubj najboljše <amod sredstvo >nmod (za <case odganjanje >nmod (zaskrbljenosti >nmod bolnikov)) >parataxis (, <punct pravijo >nsubj (raziskovalci >nmod (iz <case Heidelberga))) >punct .",
441,ssj514.2725.9726,"Znano je, pravi tamkajšnja raziskovalka Monika Keller, da bolniki pristanejo na terapijo, saj jim v brezizhodnem položaju obljubljeni teden podaljšanega življenja pomeni zmago nad boleznijo.",29,29,yes,3.12,3.125,3.12,yes,1.14,1.1427398125455532,1.14,yes,7,7,yes,4.00,4,yes,3.00,3,yes,1.33,1.3333333333333333,1.33,yes,"A[Znano] B[je]C[,] D[pravi] E[tamkajšnja] F[raziskovalka] G[Monika] H[Keller]I[,] J[da] K[bolniki] L[pristanejo] M[na] N[terapijo]O[,] P[saj] Q[jim] R[v] S[brezizhodnem] T[položaju] U[obljubljeni] V[teden] W[podaljšanega] X[življenja] Y[pomeni] Z[zmago] A[nad] B[boleznijo]C[.] ","(Znano >cop je >punct , >csubj (, <punct da <mark bolniki <nsubj pristanejo >obl (na <case terapijo) >conj (, <punct saj <cc jim <iobj (v <case brezizhodnem <amod položaju) <obl (obljubljeni <amod teden >nmod (podaljšanega <amod življenja)) <nsubj pomeni >obj (zmago >nmod (nad <case boleznijo))))) <parataxis pravi >nsubj (tamkajšnja <amod raziskovalka >nmod (Monika >flat Keller)) >punct .",
442,ssj514.2725.9727,"Večina bolnikov pristane na vsako možno zdravljenje raka, četudi je njihov boj z boleznijo brezizhoden, pravi znanstvenica.",20,20,yes,3.81,3.8125,3.81,yes,0.60,0.5973153635204155,0.60,yes,5,5,yes,3.00,3,yes,2.00,2,yes,1.50,1.5,1.50,yes,"A[Večina] B[bolnikov] C[pristane] D[na] E[vsako] F[možno] G[zdravljenje] H[raka]I[,] J[četudi] K[je] L[njihov] M[boj] N[z] O[boleznijo] P[brezizhoden]Q[,] R[pravi] S[znanstvenica]T[.] ","(Večina >nmod bolnikov) <nsubj pristane >obl (na <case vsako <det možno <amod zdravljenje >nmod raka) >advcl (, <punct četudi <mark je <cop (njihov <det boj >nmod (z <case boleznijo)) <nsubj brezizhoden >punct ,) >parataxis (pravi >nsubj znanstvenica) >punct .",
443,ssj514.2725.9728,(fl),3,3,yes,0.00,n/a,n/a,NO,0.00,n/a,n/a,NO,2,2,yes,1.00,1,yes,1.00,1,yes,1.00,1.0,1.00,yes,A[(]B[fl]C[)] ,( <punct fl >punct ),MDD: STARK=0.00 vs SyntComplex=n/a (na_vs_numeric); NDD: STARK=0.00 vs SyntComplex=n/a (na_vs_numeric)
444,ssj514.2726.9729,"Načeloma bi lahko ISS oskrbovali ceneje, če bi stvar prepustili predvsem Rusom.",14,14,yes,2.36,2.3636363636363638,2.36,yes,1.14,1.143465327393124,1.14,yes,4,4,yes,2.00,2,yes,1.00,1,yes,2.00,2.0,2.00,yes,"A[Načeloma] B[bi] C[lahko] D[ISS] E[oskrbovali] F[ceneje]G[,] H[če] I[bi] J[stvar] K[prepustili] L[predvsem] M[Rusom]N[.] ","Načeloma <advmod bi <aux lahko <advmod ISS <obj oskrbovali >advmod ceneje >advcl (, <punct če <mark bi <aux stvar <obj prepustili >iobj (predvsem <advmod Rusom)) >punct .",
445,ssj514.2726.9730,"Prevoz s shuttlom stane pol milijarde dolarjev, približno desetkrat toliko kot ruski transport.",15,15,yes,1.92,1.9166666666666667,1.92,yes,1.29,1.2850129393127958,1.29,yes,5,5,yes,1.00,1,yes,1.00,1,yes,1.00,1.0,1.00,yes,"A[Prevoz] B[s] C[shuttlom] D[stane] E[pol] F[milijarde] G[dolarjev]H[,] I[približno] J[desetkrat] K[toliko] L[kot] M[ruski] N[transport]O[.] ","(Prevoz >nmod (s <case shuttlom)) <nsubj stane >obl (pol <det milijarde >nmod dolarjev >appos (, <punct (približno <advmod desetkrat) <advmod toliko >obl (kot <case ruski <amod transport))) >punct .",
446,ssj514.2726.9731,Toda pošiljanje državnih sredstev Nase ali Ese v Moskvo bi sprožilo močne proteste zahodnih lobistov.,16,16,yes,2.93,2.9285714285714284,2.93,yes,1.44,1.4439615641177654,1.44,yes,6,6,yes,1.00,1,yes,1.00,1,yes,1.00,1.0,1.00,yes,A[Toda] B[pošiljanje] C[državnih] D[sredstev] E[Nase] F[ali] G[Ese] H[v] I[Moskvo] J[bi] K[sprožilo] L[močne] M[proteste] N[zahodnih] O[lobistov]P[.] ,Toda <cc (pošiljanje >nmod (državnih <amod sredstev >nmod (Nase >conj (ali <cc Ese))) >nmod (v <case Moskvo)) <nsubj bi <aux sprožilo >obj (močne <amod proteste >nmod (zahodnih <amod lobistov)) >punct .,
447,ssj514.2726.9732,"Ti nikakor ne bi privolili, da bi nepriljubljeno poceni konkurenco podpirali z že tako skopim denarjem davkoplačevalcev.",19,19,yes,2.69,2.6875,2.69,yes,1.20,1.2024019238831596,1.20,yes,6,6,yes,2.00,2,yes,1.00,1,yes,2.00,2.0,2.00,yes,"A[Ti] B[nikakor] C[ne] D[bi] E[privolili]F[,] G[da] H[bi] I[nepriljubljeno] J[poceni] K[konkurenco] L[podpirali] M[z] N[že] O[tako] P[skopim] Q[denarjem] R[davkoplačevalcev]S[.] ","Ti <nsubj nikakor <advmod ne <advmod bi <aux privolili >ccomp (, <punct da <mark bi <aux (nepriljubljeno <amod poceni <amod konkurenco) <obj podpirali >obl (z <case ((že <advmod tako) <advmod skopim) <amod denarjem >nmod davkoplačevalcev)) >punct .",
448,ssj515.2727.9733,"Uvrščanje ljudi v prevladujoči tip glede na teorijo petih elementov temelji na opazovanju, spraševanju, poslušanju, pregledovanju in tipanju človeka.",23,23,yes,3.00,3.0,3.00,yes,1.55,1.5455212266791578,1.55,yes,5,5,yes,1.00,1,yes,1.00,1,yes,1.00,1.0,1.00,yes,"A[Uvrščanje] B[ljudi] C[v] D[prevladujoči] E[tip] F[glede] G[na] H[teorijo] I[petih] J[elementov] K[temelji] L[na] M[opazovanju]N[,] O[spraševanju]P[,] Q[poslušanju]R[,] S[pregledovanju] T[in] U[tipanju] V[človeka]W[.] ","(Uvrščanje >nmod ljudi >nmod (v <case prevladujoči <amod tip) >nmod ((glede >fixed na) <case teorijo >nmod (petih <nummod elementov))) <nsubj temelji >obl (na <case opazovanju >conj (, <punct spraševanju >conj (, <punct pregledovanju)) >conj (, <punct poslušanju) >conj (in <cc tipanju >nmod človeka)) >punct .",
449,ssj515.2727.9734,Te preiskovalne metode uporabljajo v vseh vrstah medicine.,9,9,yes,1.57,1.5714285714285714,1.57,yes,1.21,1.214117131344545,1.21,yes,3,3,yes,1.00,1,yes,1.00,1,yes,1.00,1.0,1.00,yes,A[Te] B[preiskovalne] C[metode] D[uporabljajo] E[v] F[vseh] G[vrstah] H[medicine]I[.] ,(Te <det preiskovalne <amod metode) <obj uporabljajo >obl (v <case vseh <det vrstah >nmod medicine) >punct .,
450,ssj515.2727.9735,Kitajska tradicionalna medicina uporablja še vonjanje in okušanje.,9,9,yes,1.43,1.4285714285714286,1.43,yes,1.31,1.3094273111488697,1.31,yes,4,4,yes,1.00,1,yes,1.00,1,yes,1.00,1.0,1.00,yes,A[Kitajska] B[tradicionalna] C[medicina] D[uporablja] E[še] F[vonjanje] G[in] H[okušanje]I[.] ,(Kitajska <amod tradicionalna <amod medicina) <nsubj uporablja >obj (še <advmod vonjanje >conj (in <cc okušanje)) >punct .,
451,ssj515.2727.9736,"Tudi konstitucija človeka nakazuje, kateri je njegov prevladujoči element.",11,11,yes,1.75,1.75,1.75,yes,1.17,1.1732521634644406,1.17,yes,4,4,yes,2.00,2,yes,1.00,1,yes,2.00,2.0,2.00,yes,"A[Tudi] B[konstitucija] C[človeka] D[nakazuje]E[,] F[kateri] G[je] H[njegov] I[prevladujoči] J[element]K[.] ","(Tudi <advmod konstitucija >nmod človeka) <nsubj nakazuje >ccomp (, <punct kateri >cop je >nsubj (njegov <det prevladujoči <amod element)) >punct .",
452,ssj515.2728.9737,Z novim letom so se podražili prenosi nekaterih poštnih pošiljk v notranjem prometu ter telefaksne storitve v notranjem in mednarodnem prometu.,22,22,yes,2.60,2.6,2.60,yes,1.44,1.4382344263635867,1.44,yes,7,7,yes,1.00,1,yes,1.00,1,yes,1.00,1.0,1.00,yes,A[Z] B[novim] C[letom] D[so] E[se] F[podražili] G[prenosi] H[nekaterih] I[poštnih] J[pošiljk] K[v] L[notranjem] M[prometu] N[ter] O[telefaksne] P[storitve] Q[v] R[notranjem] S[in] T[mednarodnem] U[prometu]V[.] ,(Z <case novim <amod letom) <obl so <aux se <expl podražili >nsubj (prenosi >nmod (nekaterih <det poštnih <amod pošiljk) >nmod (v <case notranjem <amod prometu) >conj (ter <cc telefaksne <amod storitve >nmod (v <case (notranjem >conj (in <cc mednarodnem)) <amod prometu))) >punct .,
453,ssj515.2728.9738,"Cena prenosa standardiziranega pisma in dopisnice se je tako s 33 zvišala na 38 tolarjev, nestandardiziranega pisma mase do 20 gramov in nestandardizirane dopisnice pa s 36 na 44 tolarjev.",32,32,yes,3.34,3.3448275862068964,3.34,yes,1.72,1.7186860913703284,1.72,yes,6,6,yes,1.00,1,yes,1.00,1,yes,1.00,1.0,1.00,yes,"A[Cena] B[prenosa] C[standardiziranega] D[pisma] E[in] F[dopisnice] G[se] H[je] I[tako] J[s] K[33] L[zvišala] M[na] N[38] O[tolarjev]P[,] Q[nestandardiziranega] R[pisma] S[mase] T[do] U[20] V[gramov] W[in] X[nestandardizirane] Y[dopisnice] Z[pa] A[s] B[36] C[na] D[44] E[tolarjev]F[.] ","(Cena >nmod (prenosa >nmod (standardiziranega <amod pisma >conj (in <cc dopisnice)))) <nsubj se <expl je <aux tako <advmod (s <case 33) <obl zvišala >obl (na <case 38 <nummod tolarjev) >parataxis (, <punct nestandardiziranega <amod pisma >nmod (mase >nmod (do <case 20 <nummod gramov)) >conj (in <cc nestandardizirane <amod dopisnice) >orphan pa >orphan (s <case 36) >orphan (na <case 44 <nummod tolarjev)) >punct .",
454,ssj515.2728.9739,"Prenos nestandardiziranega pisma mase nad 20 do 100 gramov pa po novem stane 76, prej 66 tolarjev.",19,19,yes,2.62,2.625,2.62,yes,1.70,1.703688143807072,1.70,yes,7,7,yes,1.00,1,yes,1.00,1,yes,1.00,1.0,1.00,yes,"A[Prenos] B[nestandardiziranega] C[pisma] D[mase] E[nad] F[20] G[do] H[100] I[gramov] J[pa] K[po] L[novem] M[stane] N[76]O[,] P[prej] Q[66] R[tolarjev]S[.] ","(Prenos >nmod (nestandardiziranega <amod pisma >nmod (mase >nmod ((nad <case 20) <nmod do <case 100 <nummod gramov)))) <nsubj pa <advmod (po <case novem) <obl stane >obl 76 >parataxis (, <punct prej <orphan 66 <nummod tolarjev) >punct .",
455,ssj516.2729.9740,"Po letu 2000, ki je bilo leto ploščic, vas v letu 2001 čakajo nove, fenomenalne nagrade z intelektualnim robom, in sicer šokantna zgodba o Srečku Katancu v knjigi z naslovom Fenomenalno!",36,36,yes,2.60,2.6,2.60,yes,2.10,2.0991123463547465,2.10,yes,6,6,yes,2.00,2,yes,1.00,1,yes,2.00,2.0,2.00,yes,"A[Po] B[letu] C[2000]D[,] E[ki] F[je] G[bilo] H[leto] I[ploščic]J[,] K[vas] L[v] M[letu] N[2001] O[čakajo] P[nove]Q[,] R[fenomenalne] S[nagrade] T[z] U[intelektualnim] V[robom]W[,] X[in] Y[sicer] Z[šokantna] A[zgodba] B[o] C[Srečku] D[Katancu] E[v] F[knjigi] G[z] H[naslovom] I[Fenomenalno]J[!] ","(Po <case letu >nummod 2000 >acl (, <punct ki <mark je <aux bilo <cop leto >nmod ploščic >punct ,)) <obl vas <obj (v <case letu >nummod 2001) <obl čakajo >nsubj ((nove >conj (, <punct fenomenalne)) <amod nagrade >nmod (z <case intelektualnim <amod robom) >appos (, <punct (in >fixed sicer) <cc šokantna <amod zgodba >nmod (o <case Srečku >flat Katancu) >nmod (v <case knjigi >nmod (z <case naslovom >nmod Fenomenalno)))) >punct !",
456,ssj516.2729.9741,"Fenomenalno knjigo bosta prebirala MARIJAN FARAZIN, Travniška 23, 2310 Slovenska Bistrica in MIRKO PODLESNIK, Vipavska 19, 3000 Celje.",23,23,yes,2.65,2.6470588235294117,2.65,yes,1.14,1.1363047068739496,1.14,yes,5,5,yes,1.00,1,yes,1.00,1,yes,1.00,1.0,1.00,yes,"A[Fenomenalno] B[knjigo] C[bosta] D[prebirala] E[MARIJAN] F[FARAZIN]G[,] H[Travniška] I[23]J[,] K[2310] L[Slovenska] M[Bistrica] N[in] O[MIRKO] P[PODLESNIK]Q[,] R[Vipavska] S[19]T[,] U[3000] V[Celje]W[.] ","(Fenomenalno <amod knjigo) <obj bosta <aux prebirala >nsubj (MARIJAN >flat FARAZIN >list (, <punct Travniška >nummod 23) >list (, <punct 2310 <nummod Slovenska <amod Bistrica) >conj (in <cc MIRKO >flat PODLESNIK >list (, <punct Vipavska >nummod 19) >list (, <punct 3000 <nummod Celje))) >punct .",
457,ssj516.2729.9742,Čestitamo in pozdravljamo!,4,4,yes,1.50,1.5,1.50,yes,0.06,0.05889151782819164,0.06,yes,3,3,yes,2.00,2,yes,2.00,2,yes,1.00,1.0,1.00,yes,A[Čestitamo] B[in] C[pozdravljamo]D[!] ,Čestitamo >conj (in <cc pozdravljamo) >punct !,
458,ssj516.2729.9743,"POMEMBNO: Nadležnemu čakanju na nagrade se lahko izognete, če na dopisnico poleg imena, priimka in naslova pripišete še davčno številko.",24,24,yes,3.53,3.526315789473684,3.53,yes,0.21,0.21196584935869475,0.21,yes,6,6,yes,3.00,3,yes,2.00,2,yes,1.50,1.5,1.50,yes,"A[POMEMBNO]B[:] C[Nadležnemu] D[čakanju] E[na] F[nagrade] G[se] H[lahko] I[izognete]J[,] K[če] L[na] M[dopisnico] N[poleg] O[imena]P[,] Q[priimka] R[in] S[naslova] T[pripišete] U[še] V[davčno] W[številko]X[.] ","POMEMBNO >parataxis (: <punct (Nadležnemu <amod čakanju >nmod (na <case nagrade)) <obj se <expl lahko <advmod izognete >advcl (, <punct če <mark (na <case dopisnico) <obl (poleg <case imena >conj (, <punct priimka) >conj (in <cc naslova)) <obl pripišete >obj (še <advmod davčno <amod številko))) >punct .",
459,ssj516.2730.9744,"Naslednji je dobil mikrofon v roke Peter Jančič, pred leti Jurčičev nagrajenec in danes novinar Večera, ki je zadevo zastavil nekoliko drugače.",25,25,yes,2.33,2.3333333333333335,2.33,yes,1.22,1.2242695028085626,1.22,yes,6,6,yes,2.00,2,yes,1.00,1,yes,2.00,2.0,2.00,yes,"A[Naslednji] B[je] C[dobil] D[mikrofon] E[v] F[roke] G[Peter] H[Jančič]I[,] J[pred] K[leti] L[Jurčičev] M[nagrajenec] N[in] O[danes] P[novinar] Q[Večera]R[,] S[ki] T[je] U[zadevo] V[zastavil] W[nekoliko] X[drugače]Y[.] ","Naslednji <advcl je <aux dobil >obj mikrofon >obl (v <case roke) >nsubj (Peter >flat Jančič) >parataxis (, <punct (pred <case leti) <orphan Jurčičev <amod nagrajenec >conj (in <cc danes <orphan novinar >nmod Večera >acl (, <punct ki <mark je <aux zadevo <obj zastavil >advmod (nekoliko <advmod drugače)))) >punct .",
460,ssj516.2730.9745,"Po njegovem imajo naše politične stranke brez izjeme zelo podoben interes podrejanja medijev in ekonomskih centrov moči, za profesionalnost in nepristranskost novinarske službe pa je vsem približno enako malo oziroma sploh ne mar.",35,35,yes,2.91,2.90625,2.91,yes,1.22,1.2153105053803885,1.22,yes,6,6,yes,2.00,2,yes,2.00,2,yes,1.00,1.0,1.00,yes,"A[Po] B[njegovem] C[imajo] D[naše] E[politične] F[stranke] G[brez] H[izjeme] I[zelo] J[podoben] K[interes] L[podrejanja] M[medijev] N[in] O[ekonomskih] P[centrov] Q[moči]R[,] S[za] T[profesionalnost] U[in] V[nepristranskost] W[novinarske] X[službe] Y[pa] Z[je] A[vsem] B[približno] C[enako] D[malo] E[oziroma] F[sploh] G[ne] H[mar]I[.] ","(Po <case njegovem) <obl imajo >nsubj (naše <det politične <amod stranke) >obl (brez <case izjeme) >obj ((zelo <advmod podoben) <amod interes >nmod (podrejanja >nmod (medijev >conj (in <cc ekonomskih <amod centrov >nmod moči)))) >parataxis (, <punct (za <case profesionalnost >conj (in <cc nepristranskost) >nmod (novinarske <amod službe)) <obl pa <advmod je >obj vsem >advmod ((približno <advmod enako) <advmod malo >conj (oziroma <cc sploh <advmod ne)) >advmod mar) >punct .",
461,ssj516.2730.9746,"Sami mediji so tu v obupnem položaju, novi zakon o medijih recimo od prve do zadnje črke omejuje svobodo tiska, in sicer v tolikšni meri, da bi ga kak ameriški kongres zaradi izjemne protiustavnosti preprosto ne mogel sprejeti.",42,42,yes,3.65,3.6486486486486487,3.65,yes,1.06,1.060408234861962,1.06,yes,7,7,yes,5.00,5,yes,3.00,3,yes,1.67,1.6666666666666667,1.67,yes,"A[Sami] B[mediji] C[so] D[tu] E[v] F[obupnem] G[položaju]H[,] I[novi] J[zakon] K[o] L[medijih] M[recimo] N[od] O[prve] P[do] Q[zadnje] R[črke] S[omejuje] T[svobodo] U[tiska]V[,] W[in] X[sicer] Y[v] Z[tolikšni] A[meri]B[,] C[da] D[bi] E[ga] F[kak] G[ameriški] H[kongres] I[zaradi] J[izjemne] K[protiustavnosti] L[preprosto] M[ne] N[mogel] O[sprejeti]P[.] ","(Sami <amod mediji) <nsubj so >advmod tu >obl (v <case obupnem <amod položaju) >parataxis (, <punct (novi <amod zakon >nmod (o <case medijih)) <nsubj recimo <parataxis ((od <case prve) <nmod do <case zadnje <amod črke) <obl omejuje >obj (svobodo >nmod tiska) >appos (, <punct (in >fixed sicer) <cc v <case tolikšni <det meri >acl (, <punct da <mark bi <aux (kak <det ameriški <amod kongres) <nsubj preprosto <advmod ne <advmod mogel >xcomp (ga <obj (zaradi <case izjemne <amod protiustavnosti) <obl sprejeti)))) >punct .",
462,ssj516.2730.9747,"Spisan je bil tako, da varuje pozicije moči pred javnostjo, javnosti odteguje pravico do relevantnih informacij, tako kot zadnjih pet let še nadalje krepi položaj plačanih PR-profesionalcev, ki so tam zato, da javnost zavajajo, za nameček pa si želi vlada kar naenkrat še odmeriti pravico, da bo dajala soglasje k lastniškim deležem vseh pomembnih tiskanih medijev pri nas.",68,68,yes,3.41,3.413793103448276,3.41,yes,0.80,0.8023974851250939,0.80,yes,11,11,yes,9.00,9,yes,4.00,4,yes,2.25,2.25,2.25,yes,"A[Spisan] B[je] C[bil] D[tako]E[,] F[da] G[varuje] H[pozicije] I[moči] J[pred] K[javnostjo]L[,] M[javnosti] N[odteguje] O[pravico] P[do] Q[relevantnih] R[informacij]S[,] T[tako] U[kot] V[zadnjih] W[pet] X[let] Y[še] Z[nadalje] A[krepi] B[položaj] C[plačanih] D[PR]E[-]F[profesionalcev]G[,] H[ki] I[so] J[tam] K[zato]L[,] M[da] N[javnost] O[zavajajo]P[,] Q[za] R[nameček] S[pa] T[si] U[želi] V[vlada] W[kar] X[naenkrat] Y[še] Z[odmeriti] A[pravico]B[,] C[da] D[bo] E[dajala] F[soglasje] G[k] H[lastniškim] I[deležem] J[vseh] K[pomembnih] L[tiskanih] M[medijev] N[pri] O[nas]P[.] ","Spisan >aux je >cop bil >advcl ((tako >punct , >fixed da) <mark varuje >obj (pozicije >nmod moči) >obl (pred <case javnostjo) >parataxis (, <punct javnosti <iobj odteguje >obj (pravico >nmod (do <case relevantnih <amod informacij))) >parataxis (, <punct (tako >obl (kot <case zadnjih <amod pet <nummod let)) <advmod (še <advmod nadalje) <advmod krepi >obj (položaj >nmod (plačanih <amod PR <nmod - <punct profesionalcev >acl (, <punct ki <mark so >advmod tam >advcl ((zato >punct , >fixed da) <mark javnost <obj zavajajo))))) >parataxis (, <punct pa <advmod želi >nsubj vlada >xcomp ((za <case nameček) <obl si <iobj (kar <advmod naenkrat) <advmod še <advmod odmeriti >obj (pravico >acl (, <punct da <mark bo <aux dajala >obj (soglasje >nmod (k <case lastniškim <amod deležem >nmod (vseh <det pomembnih <amod tiskanih <amod medijev >nmod (pri <case nas))))))))) >punct .",
463,ssj516.2731.9748,"Ne moti nas, da so čez cesto ljudje drugačne kože: črni, rjavi, zeleni...",20,20,yes,2.17,2.1666666666666665,2.17,yes,0.82,0.815837026940491,0.82,yes,6,6,yes,2.00,2,yes,1.00,1,yes,2.00,2.0,2.00,yes,"A[Ne] B[moti] C[nas]D[,] E[da] F[so] G[čez] H[cesto] I[ljudje] J[drugačne] K[kože]L[:] M[črni]N[,] O[rjavi]P[,] Q[zeleni]R[.]S[.]T[.] ","Ne <advmod moti >obj nas >csubj (, <punct da <mark so >obl (čez <case cesto) >nsubj (ljudje >nmod (drugačne <amod kože) >appos (: <punct črni >conj (, <punct rjavi) >conj (, <punct zeleni)))) >punct . >punct . >punct .",
464,ssj516.2731.9749,Zaradi nas bi bili lahko tudi snežno beli Slovenci!,10,10,yes,1.88,1.875,1.88,yes,1.10,1.1042592919774892,1.10,yes,4,4,yes,1.00,1,yes,1.00,1,yes,1.00,1.0,1.00,yes,A[Zaradi] B[nas] C[bi] D[bili] E[lahko] F[tudi] G[snežno] H[beli] I[Slovenci]J[!] ,(Zaradi <case nas) <obl bi <aux bili >advmod lahko >nsubj (tudi <advmod (snežno <advmod beli) <amod Slovenci) >punct !,
465,ssj516.2731.9750,Motijo nas samo posledice prenaseljene zgradbe in vzporedne kriminalne dejavnosti!,11,11,yes,2.22,2.2222222222222223,2.22,yes,0.30,0.300104592450338,0.30,yes,4,4,yes,1.00,1,yes,1.00,1,yes,1.00,1.0,1.00,yes,A[Motijo] B[nas] C[samo] D[posledice] E[prenaseljene] F[zgradbe] G[in] H[vzporedne] I[kriminalne] J[dejavnosti]K[!] ,Motijo >obj nas >nsubj (samo <advmod posledice >nmod (prenaseljene <amod zgradbe) >conj (in <cc vzporedne <amod kriminalne <amod dejavnosti)) >punct !,
466,ssj516.2731.9751,"Mi bi bili v nasprotju s številnimi okolji po Sloveniji pripravljeni s tako ustanovo mirno živeti tudi deseto leto in še leta naprej, če bi bile razmere v njej normalne.",32,32,yes,3.69,3.689655172413793,3.69,yes,1.58,1.5770625469169899,1.58,yes,6,6,yes,3.00,3,yes,1.00,1,yes,3.00,3.0,3.00,yes,"A[Mi] B[bi] C[bili] D[v] E[nasprotju] F[s] G[številnimi] H[okolji] I[po] J[Sloveniji] K[pripravljeni] L[s] M[tako] N[ustanovo] O[mirno] P[živeti] Q[tudi] R[deseto] S[leto] T[in] U[še] V[leta] W[naprej]X[,] Y[če] Z[bi] A[bile] B[razmere] C[v] D[njej] E[normalne]F[.] ","Mi <nsubj bi <aux bili <cop pripravljeni >xcomp ((v <case nasprotju >nmod (s <case številnimi <amod okolji >nmod (po <case Sloveniji))) <obl (s <case tako <det ustanovo) <obl mirno <advmod živeti >obl ((tudi <advmod deseto) <amod leto >conj (in <cc še <advmod leta >advmod naprej)) >advcl (, <punct če <mark bi <aux bile <cop (razmere >nmod (v <case njej)) <nsubj normalne)) >punct .",
467,ssj516.2731.9752,"Oziroma bi bili na to pripravljeni, če nas ne bi bila država že tolikokrat izigrala, tako da ji absolutno ne zaupamo več.",25,25,yes,3.76,3.761904761904762,3.76,yes,1.09,1.0932155387321405,1.09,yes,5,5,yes,3.00,3,yes,2.00,2,yes,1.50,1.5,1.50,yes,"A[Oziroma] B[bi] C[bili] D[na] E[to] F[pripravljeni]G[,] H[če] I[nas] J[ne] K[bi] L[bila] M[država] N[že] O[tolikokrat] P[izigrala]Q[,] R[tako] S[da] T[ji] U[absolutno] V[ne] W[zaupamo] X[več]Y[.] ","Oziroma <cc bi <aux bili <cop (na <case to) <obl pripravljeni >advcl (, <punct če <mark nas <obj ne <advmod bi <aux bila <aux država <nsubj (že <advmod tolikokrat) <advmod izigrala >punct , >conj ((tako >fixed da) <cc ji <obj absolutno <advmod ne <advmod zaupamo >advmod več)) >punct .",
468,ssj516.2732.9753,Dobra ponazoritev nove ureditve je primerjava med dvema največjima gospodarskima silama na svetu.,14,14,yes,2.25,2.25,2.25,yes,1.33,1.3274028432916987,1.33,yes,4,4,yes,1.00,1,yes,1.00,1,yes,1.00,1.0,1.00,yes,A[Dobra] B[ponazoritev] C[nove] D[ureditve] E[je] F[primerjava] G[med] H[dvema] I[največjima] J[gospodarskima] K[silama] L[na] M[svetu]N[.] ,(Dobra <amod ponazoritev >nmod (nove <amod ureditve)) <nsubj je <cop primerjava >nmod (med <case dvema <nummod največjima <amod gospodarskima <amod silama >nmod (na <case svetu)) >punct .,
469,ssj516.2732.9754,"Ker Združene države Amerike in EU ubirata povsem drugačne demografske poti, naj bi bilo število Američanov, ki jih je danes okoli 93 milijonov manj, kot je prebivalcev v državah članicah EU, leta 2050 za 58 milijonov večje kot v uniji.",45,45,yes,5.36,5.358974358974359,5.36,yes,2.01,2.0097942505818125,2.01,yes,9,9,yes,4.00,4,yes,1.00,1,yes,4.00,4.0,4.00,yes,"A[Ker] B[Združene] C[države] D[Amerike] E[in] F[EU] G[ubirata] H[povsem] I[drugačne] J[demografske] K[poti]L[,] M[naj] N[bi] O[bilo] P[število] Q[Američanov]R[,] S[ki] T[jih] U[je] V[danes] W[okoli] X[93] Y[milijonov] Z[manj]A[,] B[kot] C[je] D[prebivalcev] E[v] F[državah] G[članicah] H[EU]I[,] J[leta] K[2050] L[za] M[58] N[milijonov] O[večje] P[kot] Q[v] R[uniji]S[.] ","(Ker <mark (Združene <amod države >nmod Amerike >conj (in <cc EU)) <nsubj ubirata >obj ((povsem <advmod drugačne) <amod demografske <amod poti) >punct ,) <advcl naj <advmod bi <aux bilo <cop (število >nmod (Američanov >acl (, <punct ki <mark jih <obj je >advmod danes >advmod ((okoli <case 93 <nummod milijonov) <nmod manj >advcl (, <punct kot <mark je >nsubj prebivalcev >obl (v <case državah >nmod (članicah >nmod EU)) >punct ,))))) <nsubj (leta >nummod 2050) <obl (za <case 58 <nummod milijonov) <nmod večje >obl (kot <case v <case uniji) >punct .",
470,ssj517.2733.9755,"Državni zbor RS je 20. junija sprejel Zakon o spremembi zakona o varnosti cestnega prometa, ki prinaša nekaj sprememb, predvsem pri izvedbi novega načina pobiranja prispevka za uporabo cest pri podaljšanju registracije in označevanju vozil z nalepkami za opravljeni tehnični pregled.",44,44,yes,2.05,2.05,2.05,yes,2.10,2.099555008434308,2.10,yes,11,11,yes,2.00,2,yes,1.00,1,yes,2.00,2.0,2.00,yes,"A[Državni] B[zbor] C[RS] D[je] E[20.] F[junija] G[sprejel] H[Zakon] I[o] J[spremembi] K[zakona] L[o] M[varnosti] N[cestnega] O[prometa]P[,] Q[ki] R[prinaša] S[nekaj] T[sprememb]U[,] V[predvsem] W[pri] X[izvedbi] Y[novega] Z[načina] A[pobiranja] B[prispevka] C[za] D[uporabo] E[cest] F[pri] G[podaljšanju] H[registracije] I[in] J[označevanju] K[vozil] L[z] M[nalepkami] N[za] O[opravljeni] P[tehnični] Q[pregled]R[.] ","(Državni <amod zbor >nmod RS) <nsubj je <aux (20. <nummod junija) <obl sprejel >obj (Zakon >nmod (o <case spremembi >nmod (zakona >nmod (o <case varnosti >nmod (cestnega <amod prometa)))) >acl (, <punct ki <mark prinaša >obj (nekaj <det sprememb) >obl (, <punct predvsem <advmod pri <case izvedbi >nmod (novega <amod načina >nmod (pobiranja >nmod (prispevka >nmod (za <case uporabo >nmod cest)) >nmod (pri <case podaljšanju >nmod registracije >conj (in <cc označevanju >nmod vozil >nmod (z <case nalepkami >nmod (za <case opravljeni <amod tehnični <amod pregled))))))))) >punct .",
471,ssj517.2733.9756,"Bistvena za uporabnike kmetijskih vozil pa je sprememba 188. člena, ki govori o samih tehničnih pregledih.",18,18,yes,2.73,2.7333333333333334,2.73,yes,0.35,0.34850323494900726,0.35,yes,6,6,yes,2.00,2,yes,1.00,1,yes,2.00,2.0,2.00,yes,"A[Bistvena] B[za] C[uporabnike] D[kmetijskih] E[vozil] F[pa] G[je] H[sprememba] I[188.] J[člena]K[,] L[ki] M[govori] N[o] O[samih] P[tehničnih] Q[pregledih]R[.] ","Bistvena >obl (za <case uporabnike >nmod (kmetijskih <amod vozil)) >advmod pa >cop je >nsubj (sprememba >nmod (188. <nummod člena >acl (, <punct ki <mark govori >obl (o <case samih <amod tehničnih <amod pregledih)))) >punct .",
472,ssj517.2733.9757,"Tako bo poslej tudi za traktorje in traktorske priklopnike, starejše od 12 let, potrebno opraviti tehnični pregled enkrat letno in ne več vsakih šest mesecev.",28,28,yes,4.08,4.083333333333333,4.08,yes,1.57,1.5684076279712371,1.57,yes,6,6,yes,2.00,2,yes,1.00,1,yes,2.00,2.0,2.00,yes,"A[Tako] B[bo] C[poslej] D[tudi] E[za] F[traktorje] G[in] H[traktorske] I[priklopnike]J[,] K[starejše] L[od] M[12] N[let]O[,] P[potrebno] Q[opraviti] R[tehnični] S[pregled] T[enkrat] U[letno] V[in] W[ne] X[več] Y[vsakih] Z[šest] A[mesecev]B[.] ","bo <cop poslej <advmod potrebno >csubj (Tako <advmod (tudi <advmod za <case traktorje >conj (in <cc traktorske <amod priklopnike) >amod (, <punct starejše >nmod (od <case 12 <nummod let) >punct ,)) <obl opraviti >obj (tehnični <amod pregled) >advmod (enkrat <advmod letno) >conj (in <cc ne >orphan več >orphan (vsakih <det šest <nummod mesecev))) >punct .",
473,ssj517.2733.9758,Sprememba bo začela veljati po objavi v Uradnem listu.,10,10,yes,1.62,1.625,1.62,yes,1.10,1.1035190993922719,1.10,yes,5,5,yes,2.00,2,yes,1.00,1,yes,2.00,2.0,2.00,yes,A[Sprememba] B[bo] C[začela] D[veljati] E[po] F[objavi] G[v] H[Uradnem] I[listu]J[.] ,Sprememba <nsubj bo <aux začela >xcomp (veljati >obl (po <case objavi >nmod (v <case Uradnem <amod listu))) >punct .,
474,ssj517.2734.9759,"Živali, ki so bolj izpostavljene poškodbam, kot so delovni in vojaški konji, moramo cepiti aktivno.",19,19,yes,4.14,4.142857142857143,4.14,yes,1.28,1.284437344996359,1.28,yes,7,7,yes,4.00,4,yes,1.00,1,yes,4.00,4.0,4.00,yes,"A[Živali]B[,] C[ki] D[so] E[bolj] F[izpostavljene] G[poškodbam]H[,] I[kot] J[so] K[delovni] L[in] M[vojaški] N[konji]O[,] P[moramo] Q[cepiti] R[aktivno]S[.] ","moramo >xcomp ((Živali >acl (, <punct ki <mark so <cop bolj <advmod izpostavljene >obj poškodbam) >acl (, <punct kot <mark so <cop (delovni >conj (in <cc vojaški)) <amod konji >punct ,)) <obj cepiti >advmod aktivno) >punct .",
475,ssj517.2734.9760,Živali cepimo trikrat.,4,4,yes,1.00,1.0,1.00,yes,0.69,0.6931471805599453,0.69,yes,2,2,yes,1.00,1,yes,1.00,1,yes,1.00,1.0,1.00,yes,A[Živali] B[cepimo] C[trikrat]D[.] ,Živali <obj cepimo >advmod trikrat >punct .,
476,ssj517.2734.9761,"Drugo dozo cepiva damo 4-6 tednov po prvi dozi, tretjo dozo pa eno leto po drugi dozi.",21,21,yes,2.59,2.588235294117647,2.59,yes,1.16,1.1587775627260082,1.16,yes,6,6,yes,1.00,1,yes,1.00,1,yes,1.00,1.0,1.00,yes,"A[Drugo] B[dozo] C[cepiva] D[damo] E[4]F[-]G[6] H[tednov] I[po] J[prvi] K[dozi]L[,] M[tretjo] N[dozo] O[pa] P[eno] Q[leto] R[po] S[drugi] T[dozi]U[.] ","(Drugo <amod dozo >nmod cepiva) <obj damo >obl (((4 >conj (- <punct 6)) <nummod tednov) <nmod po <case prvi <amod dozi) >parataxis (, <punct tretjo <amod dozo >orphan pa >orphan (eno <nummod leto >nmod (po <case drugi <amod dozi))) >punct .",
477,ssj517.2734.9762,"Tako dobimo imunost za več let, praktično doživljenjsko.",10,10,yes,1.71,1.7142857142857142,1.71,yes,0.78,0.7805321640749423,0.78,yes,5,5,yes,1.00,1,yes,1.00,1,yes,1.00,1.0,1.00,yes,"A[Tako] B[dobimo] C[imunost] D[za] E[več] F[let]G[,] H[praktično] I[doživljenjsko]J[.] ","Tako <advmod dobimo >obj (imunost >nmod (za <case več <det let >appos (, <punct praktično <advmod doživljenjsko))) >punct .",
478,ssj517.2735.9763,"Podobno kot pri vzorčenju paše se tudi pri jemanju vzorcev iz bal izogibamo pokvarjenim (gnilim) in plesnivim delom, ki jih živali nikakor ne bi zaužile.",29,29,yes,3.62,3.625,3.62,yes,1.58,1.5836473055981033,1.58,yes,5,5,yes,2.00,2,yes,1.00,1,yes,2.00,2.0,2.00,yes,"A[Podobno] B[kot] C[pri] D[vzorčenju] E[paše] F[se] G[tudi] H[pri] I[jemanju] J[vzorcev] K[iz] L[bal] M[izogibamo] N[pokvarjenim] O[(]P[gnilim]Q[)] R[in] S[plesnivim] T[delom]U[,] V[ki] W[jih] X[živali] Y[nikakor] Z[ne] A[bi] B[zaužile]C[.] ","(Podobno >obl (kot <case pri <case vzorčenju >nmod paše)) <advmod se <expl (tudi <advmod pri <case jemanju >nmod (vzorcev >nmod (iz <case bal))) <obl izogibamo >obj ((pokvarjenim >appos (( <punct gnilim >punct )) >conj (in <cc plesnivim)) <amod delom >acl (, <punct ki <mark jih <obj živali <nsubj nikakor <advmod ne <advmod bi <aux zaužile)) >punct .",
479,ssj517.2735.9764,"V vzorec za analizo pa jih moramo vključiti, če bale prodajamo ali pa jih krmimo zmlete.",18,18,yes,2.20,2.2,2.20,yes,1.54,1.5385228147144914,1.54,yes,5,5,yes,4.00,4,yes,2.00,2,yes,2.00,2.0,2.00,yes,"A[V] B[vzorec] C[za] D[analizo] E[pa] F[jih] G[moramo] H[vključiti]I[,] J[če] K[bale] L[prodajamo] M[ali] N[pa] O[jih] P[krmimo] Q[zmlete]R[.] ","pa <advmod moramo >xcomp ((V <case vzorec >nmod (za <case analizo)) <obl jih <obj vključiti >advcl (, <punct če <mark bale <obj prodajamo >conj (ali <cc pa <advmod jih <obj krmimo >advcl zmlete))) >punct .",
480,ssj517.2735.9765,Prav tako moramo v tem primeru v vzorec vključiti tudi zaradi vremenskih vplivov spremenjeno plast mrve.,17,17,yes,2.60,2.6,2.60,yes,0.95,0.9478197998577236,0.95,yes,6,6,yes,2.00,2,yes,1.00,1,yes,2.00,2.0,2.00,yes,A[Prav] B[tako] C[moramo] D[v] E[tem] F[primeru] G[v] H[vzorec] I[vključiti] J[tudi] K[zaradi] L[vremenskih] M[vplivov] N[spremenjeno] O[plast] P[mrve]Q[.] ,moramo >xcomp ((Prav <advmod tako) <advmod (v <case tem <det primeru) <obl (v <case vzorec) <obl vključiti >obj (tudi <advmod ((zaradi <case vremenskih <amod vplivov) <nmod spremenjeno) <amod plast >nmod mrve)) >punct .,
481,ssj517.2736.9766,Za podaljšanje oskrbe trga lahko sladki komarček shranjujejo od 4 do 6 tednov pri temperaturi 0 do 1 oC in relativni vlagi 95 odstotkov.,25,25,yes,2.48,2.4782608695652173,2.48,yes,1.70,1.6999108268990923,1.70,yes,6,6,yes,1.00,1,yes,1.00,1,yes,1.00,1.0,1.00,yes,A[Za] B[podaljšanje] C[oskrbe] D[trga] E[lahko] F[sladki] G[komarček] H[shranjujejo] I[od] J[4] K[do] L[6] M[tednov] N[pri] O[temperaturi] P[0] Q[do] R[1] S[oC] T[in] U[relativni] V[vlagi] W[95] X[odstotkov]Y[.] ,(Za <case podaljšanje >nmod (oskrbe >nmod trga)) <obl lahko <advmod (sladki <amod komarček) <obj shranjujejo >obl ((od <case 4) <nmod do <case 6 <nummod tednov) >obl (pri <case temperaturi >nmod ((0 >conj (do <case 1)) <nummod oC) >conj (in <cc relativni <amod vlagi >nmod (95 <nummod odstotkov))) >punct .,
482,ssj517.2736.9767,"Do 12 tednov lahko shranjujejo sladki komarček v kontrolirani atmosferi pri 0 oC, 3% O2 in 3% CO2.",22,22,yes,2.32,2.3157894736842106,2.32,yes,1.44,1.4371877910484496,1.44,yes,4,4,yes,1.00,1,yes,1.00,1,yes,1.00,1.0,1.00,yes,"A[Do] B[12] C[tednov] D[lahko] E[shranjujejo] F[sladki] G[komarček] H[v] I[kontrolirani] J[atmosferi] K[pri] L[0] M[oC]N[,] O[3]P[%] Q[O2] R[in] S[3]T[%] U[CO2]V[.] ","(Do <case 12 <nummod tednov) <obl lahko <advmod shranjujejo >obj (sladki <amod komarček) >obl (v <case kontrolirani <amod atmosferi) >obl (pri <case 0 <nummod oC >conj (, <punct 3 <nummod % >nmod O2) >conj (in <cc 3 <nummod % >nmod CO2)) >punct .",
483,ssj517.2736.9768,"Pri skladiščenju je zelo pomembno, da sladki komarček ovijejo s polietilansko folijo, ker gomolji ne smejo izgubljati vlage, saj delno oveneli gomolji niso primerni za prodajo.",30,30,yes,2.44,2.44,2.44,yes,1.52,1.5221588293460402,1.52,yes,7,7,yes,5.00,5,yes,2.00,2,yes,2.50,2.5,2.50,yes,"A[Pri] B[skladiščenju] C[je] D[zelo] E[pomembno]F[,] G[da] H[sladki] I[komarček] J[ovijejo] K[s] L[polietilansko] M[folijo]N[,] O[ker] P[gomolji] Q[ne] R[smejo] S[izgubljati] T[vlage]U[,] V[saj] W[delno] X[oveneli] Y[gomolji] Z[niso] A[primerni] B[za] C[prodajo]D[.] ","(Pri <case skladiščenju) <obl je <cop zelo <advmod pomembno >csubj (, <punct da <mark (sladki <amod komarček) <obj ovijejo >obl (s <case polietilansko <amod folijo) >advcl (, <punct ker <mark gomolji <nsubj ne <advmod smejo >xcomp (izgubljati >obj vlage) >punct , >conj (saj <cc ((delno <advmod oveneli) <amod gomolji) <nsubj niso <cop primerni >obl (za <case prodajo)))) >punct .",
484,ssj518.2737.9769,"Kot so povedali na kranjski policijski upravi, bi hlače lahko pripadale komurkoli, zato nadzora na kmetiji niso poostrili in tudi obširnejše akcije iskanja zaenkrat ne načrtujejo.",29,29,yes,3.04,3.04,3.04,yes,1.74,1.7400337219099704,1.74,yes,5,5,yes,4.00,4,yes,3.00,3,yes,1.33,1.3333333333333333,1.33,yes,"A[Kot] B[so] C[povedali] D[na] E[kranjski] F[policijski] G[upravi]H[,] I[bi] J[hlače] K[lahko] L[pripadale] M[komurkoli]N[,] O[zato] P[nadzora] Q[na] R[kmetiji] S[niso] T[poostrili] U[in] V[tudi] W[obširnejše] X[akcije] Y[iskanja] Z[zaenkrat] A[ne] B[načrtujejo]C[.] ","(Kot <mark so <aux povedali >obl (na <case kranjski <amod policijski <amod upravi) >punct ,) <advcl bi <aux hlače <nsubj lahko <advmod pripadale >obj komurkoli >conj (, <punct zato <cc (nadzora >nmod (na <case kmetiji)) <obj niso <aux poostrili >conj (in <cc (tudi <advmod obširnejše <amod akcije >nmod iskanja) <obj zaenkrat <advmod ne <advmod načrtujejo)) >punct .",
485,ssj519.2738.9770,"Makedonija je po mnenju zahodnih vojaških strokovnjakov izjemno pomembna za ohranjanje miru na jugu Balkana, zato se vse pogosteje govori, da utegne že v kratkem postati članica Nata, čeprav glede tega doslej ni bilo nikakršne uradne napovedi.",41,41,yes,2.72,2.7222222222222223,2.72,yes,1.89,1.8889232176817028,1.89,yes,7,7,yes,5.00,5,yes,2.00,2,yes,2.50,2.5,2.50,yes,"A[Makedonija] B[je] C[po] D[mnenju] E[zahodnih] F[vojaških] G[strokovnjakov] H[izjemno] I[pomembna] J[za] K[ohranjanje] L[miru] M[na] N[jugu] O[Balkana]P[,] Q[zato] R[se] S[vse] T[pogosteje] U[govori]V[,] W[da] X[utegne] Y[že] Z[v] A[kratkem] B[postati] C[članica] D[Nata]E[,] F[čeprav] G[glede] H[tega] I[doslej] J[ni] K[bilo] L[nikakršne] M[uradne] N[napovedi]O[.] ","Makedonija <nsubj je <cop (po <case mnenju >nmod (zahodnih <amod vojaških <amod strokovnjakov)) <obl izjemno <advmod pomembna >obl (za <case ohranjanje >nmod miru >nmod (na <case jugu >nmod Balkana)) >conj (, <punct zato <cc se <expl (vse <advmod pogosteje) <advmod govori >ccomp (, <punct da <mark utegne >advmod že >xcomp ((v <case kratkem) <obl postati >xcomp (članica >nmod Nata) >advcl (, <punct čeprav <mark (glede <case tega) <obl doslej <advmod ni <aux bilo >nsubj (nikakršne <det uradne <amod napovedi))))) >punct .",
486,ssj519.2738.9771,"Menda sta nekaj takega na pol obljubila Wesley Clark in Javier Solana, ki pogosto prihaja v Skopje, makedonski funkcionarji pa prav tako pogosto potujejo v Bruselj.",29,29,yes,2.84,2.84,2.84,yes,1.54,1.5385889347886423,1.54,yes,6,6,yes,3.00,3,yes,2.00,2,yes,1.50,1.5,1.50,yes,"A[Menda] B[sta] C[nekaj] D[takega] E[na] F[pol] G[obljubila] H[Wesley] I[Clark] J[in] K[Javier] L[Solana]M[,] N[ki] O[pogosto] P[prihaja] Q[v] R[Skopje]S[,] T[makedonski] U[funkcionarji] V[pa] W[prav] X[tako] Y[pogosto] Z[potujejo] A[v] B[Bruselj]C[.] ","Menda <advmod sta <aux (nekaj >nmod takega) <obj (na <case pol) <advmod obljubila >nsubj (Wesley >flat Clark >conj (in <cc Javier >flat Solana >acl (, <punct ki <mark pogosto <advmod prihaja >obl (v <case Skopje) >punct ,))) >parataxis ((makedonski <amod funkcionarji) <nsubj pa <advmod ((prav <advmod tako) <advmod pogosto) <advmod potujejo >obl (v <case Bruselj)) >punct .",
487,ssj520.2739.9772,Govedo in prašiči Cena za živo maso Cena za meso,10,10,yes,2.44,2.4444444444444446,2.44,yes,0.20,0.20479441264601314,0.20,yes,4,4,yes,1.00,1,yes,1.00,1,yes,1.00,1.0,1.00,yes,A[Govedo] B[in] C[prašiči] D[Cena] E[za] F[živo] G[maso] H[Cena] I[za] J[meso] ,Govedo >conj (in <cc prašiči) >parataxis (Cena >nmod (za <case živo <amod maso)) >parataxis (Cena >nmod (za <case meso)),
488,ssj520.2740.9773,Po zadnjih napovedih Evropske komisije naj bi se o dokončni obliki plačila oz. ustreznega modela s Slovenijo začeli pogovarjati že v prvi polovici leta 2005.,26,26,yes,3.79,3.7916666666666665,3.79,yes,1.70,1.7014071179531507,1.70,yes,5,5,yes,2.00,2,yes,1.00,1,yes,2.00,2.0,2.00,yes,A[Po] B[zadnjih] C[napovedih] D[Evropske] E[komisije] F[naj] G[bi] H[se] I[o] J[dokončni] K[obliki] L[plačila] M[oz.] N[ustreznega] O[modela] P[s] Q[Slovenijo] R[začeli] S[pogovarjati] T[že] U[v] V[prvi] W[polovici] X[leta] Y[2005]Z[.] ,naj <advmod bi <aux začeli >xcomp ((Po <case zadnjih <amod napovedih >nmod (Evropske <amod komisije)) <obl se <expl (o <case dokončni <amod obliki >nmod plačila >conj (oz. <cc ustreznega <amod modela)) <obl (s <case Slovenijo) <obl pogovarjati >obl (že <advmod v <case prvi <amod polovici >nmod (leta >nummod 2005))) >punct .,
489,ssj520.2740.9774,"Ker nimamo referenčnega obdobja, bo skupni znesek plačil t. i. ovojnica, izračunana na podlagi izpogajanih baznih površin in pravic za premije, iz česar bodo izračunana enotna plačila na hektar.",33,33,yes,2.43,2.4285714285714284,2.43,yes,1.82,1.8185198309266173,1.82,yes,8,8,yes,3.00,3,yes,2.00,2,yes,1.50,1.5,1.50,yes,"A[Ker] B[nimamo] C[referenčnega] D[obdobja]E[,] F[bo] G[skupni] H[znesek] I[plačil] J[t.] K[i.] L[ovojnica]M[,] N[izračunana] O[na] P[podlagi] Q[izpogajanih] R[baznih] S[površin] T[in] U[pravic] V[za] W[premije]X[,] Y[iz] Z[česar] A[bodo] B[izračunana] C[enotna] D[plačila] E[na] F[hektar]G[.] ","(Ker <mark nimamo >obj (referenčnega <amod obdobja) >punct ,) <advcl bo <cop skupni <amod znesek >nmod plačil >nsubj ((t. >fixed i.) <amod ovojnica >amod (, <punct izračunana >nmod (na <case podlagi >nmod (izpogajanih <amod baznih <amod površin >conj (in <cc pravic >nmod (za <case premije)))))) >parataxis (, <punct (iz <case česar) <obl bodo <cop izračunana >nsubj (enotna <amod plačila >nmod (na <case hektar))) >punct .",
490,ssj520.2741.9775,"O svoji odločitvi in o izvršitvi uklonilnega zapora sodišče obvesti prekrškovni organ, ki je podal predlog za uklonilni zapor.",21,21,yes,2.06,2.0555555555555554,2.06,yes,1.88,1.8759322706970456,1.88,yes,6,6,yes,2.00,2,yes,1.00,1,yes,2.00,2.0,2.00,yes,"A[O] B[svoji] C[odločitvi] D[in] E[o] F[izvršitvi] G[uklonilnega] H[zapora] I[sodišče] J[obvesti] K[prekrškovni] L[organ]M[,] N[ki] O[je] P[podal] Q[predlog] R[za] S[uklonilni] T[zapor]U[.] ","(O <case svoji <det odločitvi >conj (in <cc o <case izvršitvi >nmod (uklonilnega <amod zapora))) <obl sodišče <nsubj obvesti >obj (prekrškovni <amod organ >acl (, <punct ki <mark je <aux podal >obj (predlog >nmod (za <case uklonilni <amod zapor)))) >punct .",
491,ssj520.2742.9776,"Od zrna do kruha je dolga, toda še kako zanimiva pot",12,12,yes,4.30,4.3,4.30,yes,0.94,0.9351308486915063,0.94,yes,5,5,yes,1.00,1,yes,1.00,1,yes,1.00,1.0,1.00,yes,"A[Od] B[zrna] C[do] D[kruha] E[je] F[dolga]G[,] H[toda] I[še] J[kako] K[zanimiva] L[pot] ","(Od <case zrna) <obl (do <case kruha) <obl je <cop (dolga >conj (, <punct toda <cc (še <advmod kako) <advmod zanimiva)) <amod pot",
492,ssj520.2743.9777,"Pri seriji vision so na voljo štiri različice menjalnika, če dodamo še plazeče prestave.",16,16,yes,2.15,2.1538461538461537,2.15,yes,1.21,1.2083667065770465,1.21,yes,4,4,yes,2.00,2,yes,1.00,1,yes,2.00,2.0,2.00,yes,"A[Pri] B[seriji] C[vision] D[so] E[na] F[voljo] G[štiri] H[različice] I[menjalnika]J[,] K[če] L[dodamo] M[še] N[plazeče] O[prestave]P[.] ","(Pri <case seriji >nmod vision) <obl so >obl (na <case voljo) >nsubj (štiri <nummod različice >nmod menjalnika) >advcl (, <punct če <mark dodamo >obj (še <advmod plazeče <amod prestave)) >punct .",
493,ssj520.2743.9778,"Različica power shuttle ima pet prestav, tri skupine (četrto predstavljajo plazeče prestave po naročilu), dve vmesni prestavi in spremenjevalnik smeri, končna hitrost je 40 km/ h, skupaj torej 30/ 30 prestav (40/ 40 s plazečimi prestavami).",48,48,yes,4.60,4.6,4.60,yes,0.94,0.9447649078096029,0.94,yes,5,5,yes,3.00,3,yes,3.00,3,yes,1.00,1.0,1.00,yes,"A[Različica] B[power] C[shuttle] D[ima] E[pet] F[prestav]G[,] H[tri] I[skupine] J[(]K[četrto] L[predstavljajo] M[plazeče] N[prestave] O[po] P[naročilu]Q[)]R[,] S[dve] T[vmesni] U[prestavi] V[in] W[spremenjevalnik] X[smeri]Y[,] Z[končna] A[hitrost] B[je] C[40] D[km]E[/] F[h]G[,] H[skupaj] I[torej] J[30]K[/] L[30] M[prestav] N[(]O[40]P[/] Q[40] R[s] S[plazečimi] T[prestavami]U[)]V[.] ","(Različica >nmod (power <nmod shuttle)) <nsubj ima >obj (pet <nummod prestav >conj (, <punct tri <nummod skupine) >conj (, <punct dve <nummod vmesni <amod prestavi) >conj (in <cc spremenjevalnik >nmod smeri)) >parataxis (( <punct četrto <obj predstavljajo >nsubj (plazeče <amod prestave >nmod (po <case naročilu)) >punct )) >parataxis (, <punct (končna <amod hitrost) <nsubj je <cop 40 <nummod km >conj (/ <punct h)) >parataxis (, <punct skupaj <orphan torej <orphan (30 >conj (/ <punct 30)) <nummod prestav >appos (( <punct 40 >conj (/ <punct 40) >nmod (s <case plazečimi <amod prestavami) >punct ))) >punct .",
494,ssj520.2743.9779,Za lažje delo je opremljen s hidravličnim spreminjevalnikom smeri (invertorjem).,13,13,yes,1.78,1.7777777777777777,1.78,yes,1.33,1.327967099981598,1.33,yes,4,4,yes,1.00,1,yes,1.00,1,yes,1.00,1.0,1.00,yes,A[Za] B[lažje] C[delo] D[je] E[opremljen] F[s] G[hidravličnim] H[spreminjevalnikom] I[smeri] J[(]K[invertorjem]L[)]M[.] ,(Za <case lažje <advmod delo) <obl je <cop opremljen >obl (s <case hidravličnim <amod spreminjevalnikom >nmod smeri >appos (( <punct invertorjem >punct ))) >punct .,
495,ssj520.2744.9780,"Leto, ki se izteka, so zaznamovali pomembni dogodki.",11,11,yes,2.57,2.5714285714285716,2.57,yes,1.07,1.068214236526723,1.07,yes,4,4,yes,2.00,2,yes,1.00,1,yes,2.00,2.0,2.00,yes,"A[Leto]B[,] C[ki] D[se] E[izteka]F[,] G[so] H[zaznamovali] I[pomembni] J[dogodki]K[.] ","(Leto >acl (, <punct ki <mark se <expl izteka >punct ,)) <obj so <aux zaznamovali >nsubj (pomembni <amod dogodki) >punct .",
496,ssj520.2744.9781,"Največji je zagotovo vstop Slovenije v Evropsko unijo, od katere pričakujemo vsi zelo veliko.",16,16,yes,1.92,1.9230769230769231,1.92,yes,0.63,0.6285482113241043,0.63,yes,6,6,yes,2.00,2,yes,1.00,1,yes,2.00,2.0,2.00,yes,"A[Največji] B[je] C[zagotovo] D[vstop] E[Slovenije] F[v] G[Evropsko] H[unijo]I[,] J[od] K[katere] L[pričakujemo] M[vsi] N[zelo] O[veliko]P[.] ","Največji >cop je >advmod zagotovo >nsubj (vstop >nmod Slovenije >nmod (v <case Evropsko <amod unijo >acl (, <punct (od <case katere) <obl pričakujemo >nsubj vsi >advmod (zelo <advmod veliko)))) >punct .",
497,ssj520.2744.9782,Odprti večstomilijonski trg nas spodbuja k prilagajanju in konkurenčnosti ter daje nove možnosti.,14,14,yes,1.83,1.8333333333333333,1.83,yes,1.44,1.441036477540735,1.44,yes,4,4,yes,2.00,2,yes,2.00,2,yes,1.00,1.0,1.00,yes,A[Odprti] B[večstomilijonski] C[trg] D[nas] E[spodbuja] F[k] G[prilagajanju] H[in] I[konkurenčnosti] J[ter] K[daje] L[nove] M[možnosti]N[.] ,(Odprti <amod večstomilijonski <amod trg) <nsubj nas <obj spodbuja >obl (k <case prilagajanju >conj (in <cc konkurenčnosti)) >conj (ter <cc daje >obj (nove <amod možnosti)) >punct .,
498,ssj520.2744.9783,"Zadružniki se zavedamo, kako pomembne odločitve so pred nami.",11,11,yes,1.75,1.75,1.75,yes,1.03,1.02941112723855,1.03,yes,5,5,yes,2.00,2,yes,1.00,1,yes,2.00,2.0,2.00,yes,"A[Zadružniki] B[se] C[zavedamo]D[,] E[kako] F[pomembne] G[odločitve] H[so] I[pred] J[nami]K[.] ","Zadružniki <nsubj se <expl zavedamo >ccomp (, <punct ((kako <advmod pomembne) <amod odločitve) <nsubj so >obl (pred <case nami)) >punct .",
499,ssj520.2744.9784,"Enotni in povezani bomo uspešno nadaljevali delo, ki smo ga začeli.",13,13,yes,2.30,2.3,2.30,yes,1.21,1.2142631581759464,1.21,yes,4,4,yes,2.00,2,yes,1.00,1,yes,2.00,2.0,2.00,yes,"A[Enotni] B[in] C[povezani] D[bomo] E[uspešno] F[nadaljevali] G[delo]H[,] I[ki] J[smo] K[ga] L[začeli]M[.] ","(Enotni >conj (in <cc povezani)) <advcl bomo <aux uspešno <advmod nadaljevali >obj (delo >acl (, <punct ki <mark smo <aux ga <obj začeli)) >punct .",
500,ssj520.2745.9785,"»Vam vsako leto prinese?« naju je, namesto da bi odgovoril, vprašal tovariš.",18,18,yes,3.55,3.5454545454545454,3.55,yes,0.74,0.7380002192849595,0.74,yes,5,5,yes,3.00,3,yes,2.00,2,yes,1.50,1.5,1.50,yes,"A[»]B[Vam] C[vsako] D[leto] E[prinese]F[?]G[«] H[naju] I[je]J[,] K[namesto] L[da] M[bi] N[odgovoril]O[,] P[vprašal] Q[tovariš]R[.] ","» <punct Vam <iobj (vsako <det leto) <obl prinese >punct ? >punct « >parataxis (naju <obj je <aux (, <punct (namesto >fixed da) <mark bi <aux odgovoril >punct ,) <advcl vprašal >nsubj tovariš) >punct .",
501,ssj520.2746.9786,"»Potem pa le pazi name,« se mu je v odgovor nasmehnila Regina.",16,16,yes,2.82,2.8181818181818183,2.82,yes,0.97,0.9675746609294597,0.97,yes,4,4,yes,2.00,2,yes,2.00,2,yes,1.00,1.0,1.00,yes,"A[»]B[Potem] C[pa] D[le] E[pazi] F[name]G[,]H[«] I[se] J[mu] K[je] L[v] M[odgovor] N[nasmehnila] O[Regina]P[.] ","» <punct Potem <advmod pa <advmod le <advmod pazi >obl name >punct , >punct « >parataxis (se <expl mu <iobj je <aux (v <case odgovor) <obl nasmehnila >nsubj Regina) >punct .",
502,ssj520.2747.9787,»Kaj pa obleka?,5,5,yes,1.50,1.5,1.50,yes,0.63,0.6342556627317537,0.63,yes,2,2,yes,1.00,1,yes,1.00,1,yes,1.00,1.0,1.00,yes,A[»]B[Kaj] C[pa] D[obleka]E[?] ,» <punct Kaj <orphan pa <orphan obleka >punct ?,
503,ssj520.2747.9788,"To ti bodo zagotovo sešili v šivalnici, mar ne?« jo je pobarala druga.",17,17,yes,2.75,2.75,2.75,yes,1.04,1.0355713694325706,1.04,yes,3,3,yes,2.00,2,yes,2.00,2,yes,1.00,1.0,1.00,yes,"A[To] B[ti] C[bodo] D[zagotovo] E[sešili] F[v] G[šivalnici]H[,] I[mar] J[ne]K[?]L[«] M[jo] N[je] O[pobarala] P[druga]Q[.] ","To <obj ti <iobj bodo <aux zagotovo <advmod sešili >obl (v <case šivalnici) >discourse (, <punct mar <advmod ne) >punct ? >punct « >parataxis (jo <obj je <aux pobarala >nsubj druga) >punct .",
504,ssj520.2748.9789,V romanu Doktor Živago ruskega nobelovca Borisa Pasternaka je opisana ena najlepših ljubezenskih zgodb svetovne literature...,19,19,yes,2.13,2.1333333333333333,2.13,yes,1.75,1.7476319453506113,1.75,yes,5,5,yes,1.00,1,yes,1.00,1,yes,1.00,1.0,1.00,yes,A[V] B[romanu] C[Doktor] D[Živago] E[ruskega] F[nobelovca] G[Borisa] H[Pasternaka] I[je] J[opisana] K[ena] L[najlepših] M[ljubezenskih] N[zgodb] O[svetovne] P[literature]Q[.]R[.]S[.] ,(V <case romanu >nmod (Doktor >nmod Živago) >nmod (ruskega <amod nobelovca >nmod (Borisa >flat Pasternaka))) <obl je <cop opisana >nsubj (ena <nummod najlepših <amod ljubezenskih <amod zgodb >nmod (svetovne <amod literature)) >punct . >punct . >punct .,
505,ssj520.2748.9790,"Dogaja se pred veliko rusko oktobrsko revolucijo, med njo in po njej, v časih, ko so bili ljudje nasilno ločeni drug od drugega in je bila prihodnost vsakogar negotova.",33,33,yes,3.25,3.25,3.25,yes,0.49,0.4874472587459559,0.49,yes,7,7,yes,3.00,3,yes,2.00,2,yes,1.50,1.5,1.50,yes,"A[Dogaja] B[se] C[pred] D[veliko] E[rusko] F[oktobrsko] G[revolucijo]H[,] I[med] J[njo] K[in] L[po] M[njej]N[,] O[v] P[časih]Q[,] R[ko] S[so] T[bili] U[ljudje] V[nasilno] W[ločeni] X[drug] Y[od] Z[drugega] A[in] B[je] C[bila] D[prihodnost] E[vsakogar] F[negotova]G[.] ","Dogaja >expl se >obl (pred <case veliko <amod rusko <amod oktobrsko <amod revolucijo >conj (, <punct med <case njo) >conj (in <cc po <case njej) >appos (, <punct v <case časih >acl (, <punct ko <mark so <aux bili <cop ljudje <nsubj nasilno <advmod ločeni >obl drug >obl (od <case drugega) >conj (in <cc je <aux bila <cop (prihodnost >nmod vsakogar) <nsubj negotova)))) >punct .",
506,ssj520.2748.9791,S petimi oskarji in vrsto globusov nagrajeni film je nesporna mojstrovina.,12,12,yes,1.80,1.8,1.80,yes,1.76,1.7624535179940892,1.76,yes,6,6,yes,1.00,1,yes,1.00,1,yes,1.00,1.0,1.00,yes,A[S] B[petimi] C[oskarji] D[in] E[vrsto] F[globusov] G[nagrajeni] H[film] I[je] J[nesporna] K[mojstrovina]L[.] ,(((S <case petimi <nummod oskarji >conj (in <cc vrsto >nmod globusov)) <nmod nagrajeni) <amod film) <nsubj je <cop nesporna <amod mojstrovina >punct .,
507,ssj520.2749.9792,"Programe vzdrževalnih del pripravijo za gozdne ceste v državnih gozdovih, v zasebnih gozdovih in v gozdovih, ki so v postopku vračanja prejšnjim lastnikom.",26,26,yes,2.09,2.090909090909091,2.09,yes,1.50,1.5010694641083242,1.50,yes,9,9,yes,2.00,2,yes,1.00,1,yes,2.00,2.0,2.00,yes,"A[Programe] B[vzdrževalnih] C[del] D[pripravijo] E[za] F[gozdne] G[ceste] H[v] I[državnih] J[gozdovih]K[,] L[v] M[zasebnih] N[gozdovih] O[in] P[v] Q[gozdovih]R[,] S[ki] T[so] U[v] V[postopku] W[vračanja] X[prejšnjim] Y[lastnikom]Z[.] ","(Programe >nmod (vzdrževalnih <amod del)) <obj pripravijo >obl (za <case gozdne <amod ceste >nmod (v <case državnih <amod gozdovih >conj (, <punct v <case zasebnih <amod gozdovih) >conj (in <cc v <case gozdovih >acl (, <punct ki <mark so >obl (v <case postopku >nmod (vračanja >nmod (prejšnjim <amod lastnikom))))))) >punct .",
508,ssj520.2749.9793,V tem prispevku bosta predstavljena področje vzdrževanja gozdnih cest v zasebnih gozdovih in vloga lastnikov gozdov pri tem delu.,20,20,yes,2.00,2.0,2.00,yes,1.56,1.5567576546051873,1.56,yes,7,7,yes,1.00,1,yes,1.00,1,yes,1.00,1.0,1.00,yes,A[V] B[tem] C[prispevku] D[bosta] E[predstavljena] F[področje] G[vzdrževanja] H[gozdnih] I[cest] J[v] K[zasebnih] L[gozdovih] M[in] N[vloga] O[lastnikov] P[gozdov] Q[pri] R[tem] S[delu]T[.] ,(V <case tem <det prispevku) <obl bosta <cop predstavljena >nsubj (področje >nmod (vzdrževanja >nmod (gozdnih <amod cest) >nmod (v <case zasebnih <amod gozdovih)) >conj (in <cc vloga >nmod (lastnikov >nmod (gozdov >nmod (pri <case tem <det delu))))) >punct .,
509,ssj520.2750.9794,"Na ta način opozorijo delavce zavoda za gozdove, katera vzdrževalna dela so najbolj potrebna na posameznih gozdnih cestah:",20,20,yes,2.29,2.2941176470588234,2.29,yes,1.28,1.2794055505146231,1.28,yes,5,5,yes,2.00,2,yes,1.00,1,yes,2.00,2.0,2.00,yes,"A[Na] B[ta] C[način] D[opozorijo] E[delavce] F[zavoda] G[za] H[gozdove]I[,] J[katera] K[vzdrževalna] L[dela] M[so] N[najbolj] O[potrebna] P[na] Q[posameznih] R[gozdnih] S[cestah]T[:] ","(Na <case ta <det način) <obl opozorijo >iobj (delavce >nmod (zavoda >nmod (za <case gozdove))) >ccomp (, <punct (katera <det vzdrževalna <amod dela) <nsubj so <cop najbolj <advmod potrebna >obl (na <case posameznih <amod gozdnih <amod cestah)) >punct :",
510,ssj520.2751.9795,Med obvezno opremo v vozilu spada torbica za prvo pomoč.,11,11,yes,1.78,1.7777777777777777,1.78,yes,1.42,1.4191278783785755,1.42,yes,4,4,yes,1.00,1,yes,1.00,1,yes,1.00,1.0,1.00,yes,A[Med] B[obvezno] C[opremo] D[v] E[vozilu] F[spada] G[torbica] H[za] I[prvo] J[pomoč]K[.] ,(Med <case obvezno <amod opremo >nmod (v <case vozilu)) <obl spada >nsubj (torbica >nmod (za <case prvo <amod pomoč)) >punct .,
511,ssj520.2751.9796,"Vsa tista vozila, ki bodo po 1. januarju 2005 prvič registrirana v Sloveniji, morajo imeti tudi novo torbico, ki ima precej bogatejšo vsebino od dosedanje.",29,29,yes,2.88,2.875,2.88,yes,1.92,1.9192686020445495,1.92,yes,8,8,yes,4.00,4,yes,1.00,1,yes,4.00,4.0,4.00,yes,"A[Vsa] B[tista] C[vozila]D[,] E[ki] F[bodo] G[po] H[1.] I[januarju] J[2005] K[prvič] L[registrirana] M[v] N[Sloveniji]O[,] P[morajo] Q[imeti] R[tudi] S[novo] T[torbico]U[,] V[ki] W[ima] X[precej] Y[bogatejšo] Z[vsebino] A[od] B[dosedanje]C[.] ","(Vsa <det tista <det vozila >acl (, <punct ki <mark bodo <cop (po <case 1. <nummod januarju >nummod 2005) <obl prvič <advmod registrirana >nmod (v <case Sloveniji) >punct ,)) <nsubj morajo >xcomp (imeti >obj (tudi <advmod novo <amod torbico >acl (, <punct ki <mark ima >obj ((precej <advmod bogatejšo >obl (od <case dosedanje)) <amod vsebino)))) >punct .",
512,ssj520.2751.9797,"Lastniki vozil, ki so bila registrirana pred 1. januarjem 2005, imajo lahko v vozilu staro torbico za prvo pomoč.",22,22,yes,2.67,2.6666666666666665,2.67,yes,1.75,1.7468313046671247,1.75,yes,6,6,yes,2.00,2,yes,1.00,1,yes,2.00,2.0,2.00,yes,"A[Lastniki] B[vozil]C[,] D[ki] E[so] F[bila] G[registrirana] H[pred] I[1.] J[januarjem] K[2005]L[,] M[imajo] N[lahko] O[v] P[vozilu] Q[staro] R[torbico] S[za] T[prvo] U[pomoč]V[.] ","(Lastniki >nmod (vozil >acl (, <punct ki <mark so <aux bila <cop registrirana >obl (pred <case 1. <nummod januarjem >nummod 2005) >punct ,))) <nsubj imajo >advmod lahko >obl (v <case vozilu) >obj (staro <amod torbico >nmod (za <case prvo <amod pomoč)) >punct .",
513,ssj521.2752.9798,"O tem, kako pripravimo prostor, orodje in posodo, kdo lahko kolje in katere živali so primerne za zakol, smo že pisali.",26,26,yes,3.45,3.45,3.45,yes,1.58,1.5790205705413565,1.58,yes,7,7,yes,4.00,4,yes,3.00,3,yes,1.33,1.3333333333333333,1.33,yes,"A[O] B[tem]C[,] D[kako] E[pripravimo] F[prostor]G[,] H[orodje] I[in] J[posodo]K[,] L[kdo] M[lahko] N[kolje] O[in] P[katere] Q[živali] R[so] S[primerne] T[za] U[zakol]V[,] W[smo] X[že] Y[pisali]Z[.] ",", <punct kdo <nsubj lahko <advmod kolje >conj (in <cc (katere <det živali) <nsubj so <cop primerne >obl (za <case zakol)) >punct , >parataxis ((O <case tem >acl (, <punct kako <advmod pripravimo >obj (prostor >conj (, <punct orodje) >conj (in <cc posodo)))) <obl smo <aux že <advmod pisali) >punct .",
514,ssj521.2752.9799,"Tudi o tem, s čim krmimo prašiče pred zakolom in kako se izognemo stresu, ki ima za posledico bledo, mehko, vodeno meso, je bilo dovolj rečenega.",32,32,yes,3.36,3.36,3.36,yes,2.08,2.0811448534522246,2.08,yes,10,10,yes,4.00,4,yes,2.00,2,yes,2.00,2.0,2.00,yes,"A[Tudi] B[o] C[tem]D[,] E[s] F[čim] G[krmimo] H[prašiče] I[pred] J[zakolom] K[in] L[kako] M[se] N[izognemo] O[stresu]P[,] Q[ki] R[ima] S[za] T[posledico] U[bledo]V[,] W[mehko]X[,] Y[vodeno] Z[meso]A[,] B[je] C[bilo] D[dovolj] E[rečenega]F[.] ","(Tudi <advmod o <case tem >acl (, <punct (s <case čim) <obl krmimo >obj prašiče >obl (pred <case zakolom) >conj (in <cc kako <advmod se <expl izognemo >obj (stresu >acl (, <punct ki <mark ima >xcomp (za <case posledico) >obj ((bledo >conj (, <punct mehko) >conj (, <punct vodeno)) <amod meso)))) >punct ,)) <obl je <aux bilo >nsubj (dovolj <advmod rečenega) >punct .",
515,ssj521.2752.9800,"V naslednjem delu bomo pisali o poteku zakola, odstranjevanju organov in hlajenju mesa ter slanine.",17,17,yes,1.79,1.7857142857142858,1.79,yes,1.54,1.5444291257717373,1.54,yes,6,6,yes,1.00,1,yes,1.00,1,yes,1.00,1.0,1.00,yes,"A[V] B[naslednjem] C[delu] D[bomo] E[pisali] F[o] G[poteku] H[zakola]I[,] J[odstranjevanju] K[organov] L[in] M[hlajenju] N[mesa] O[ter] P[slanine]Q[.] ","(V <case naslednjem <amod delu) <obl bomo <aux pisali >obl (o <case poteku >nmod zakola >conj (, <punct odstranjevanju >nmod organov) >conj (in <cc hlajenju >nmod (mesa >conj (ter <cc slanine)))) >punct .",
516,ssj522.2753.9801,• Najbolj pomembna za uspešno čiščenje je določitev ustreznega čistila ali kombinacije čistil in pravilne količine čistil.,18,18,yes,2.20,2.2,2.20,yes,1.11,1.1148738845208896,1.11,yes,5,5,yes,1.00,1,yes,1.00,1,yes,1.00,1.0,1.00,yes,A[•] B[Najbolj] C[pomembna] D[za] E[uspešno] F[čiščenje] G[je] H[določitev] I[ustreznega] J[čistila] K[ali] L[kombinacije] M[čistil] N[in] O[pravilne] P[količine] Q[čistil]R[.] ,• <punct Najbolj <advmod pomembna >obl (za <case uspešno <amod čiščenje) >cop je >nsubj (določitev >nmod (ustreznega <amod čistila >conj (ali <cc kombinacije >nmod čistil) >conj (in <cc pravilne <amod količine >nmod čistil))) >punct .,
517,ssj522.2753.9802,"Zato je pomembno, da opravimo preizkus na manjši količini vina.",12,12,yes,1.67,1.6666666666666667,1.67,yes,1.14,1.1370928092361738,1.14,yes,5,5,yes,2.00,2,yes,1.00,1,yes,2.00,2.0,2.00,yes,"A[Zato] B[je] C[pomembno]D[,] E[da] F[opravimo] G[preizkus] H[na] I[manjši] J[količini] K[vina]L[.] ","Zato <cc je <cop pomembno >csubj (, <punct da <mark opravimo >obj (preizkus >nmod (na <case manjši <amod količini >nmod vina))) >punct .",
518,ssj522.2753.9803,"Vzorec za preizkus mora biti povprečen, zato ga vzamemo na sredini posode ali pa vino pred vzorčenjem dobro premešamo.",21,21,yes,2.83,2.8333333333333335,2.83,yes,1.10,1.0968791846798664,1.10,yes,5,5,yes,4.00,4,yes,3.00,3,yes,1.33,1.3333333333333333,1.33,yes,"A[Vzorec] B[za] C[preizkus] D[mora] E[biti] F[povprečen]G[,] H[zato] I[ga] J[vzamemo] K[na] L[sredini] M[posode] N[ali] O[pa] P[vino] Q[pred] R[vzorčenjem] S[dobro] T[premešamo]U[.] ","(Vzorec >nmod (za <case preizkus)) <nsubj mora >xcomp (biti <cop povprečen) >conj (, <punct zato <cc ga <obj vzamemo >obl (na <case sredini >nmod posode) >conj (ali <cc pa <advmod vino <obj (pred <case vzorčenjem) <obl dobro <advmod premešamo)) >punct .",
519,ssj523.2754.9804,"Sicer pa je število obolelih zaradi klopnega meningitisa (sodeč po številu prijav v Centru epidemiologije), v letošnjem letu kljub vsemu malo nižje kot v enakem časovnem obdobju lani, čeprav pričakujejo, da se bo število obolelih dvignilo še v začetku jeseni.",46,46,yes,4.85,4.846153846153846,4.85,yes,1.86,1.8630333665689276,1.86,yes,5,5,yes,3.00,3,yes,1.00,1,yes,3.00,3.0,3.00,yes,"A[Sicer] B[pa] C[je] D[število] E[obolelih] F[zaradi] G[klopnega] H[meningitisa] I[(]J[sodeč] K[po] L[številu] M[prijav] N[v] O[Centru] P[epidemiologije]Q[)]R[,] S[v] T[letošnjem] U[letu] V[kljub] W[vsemu] X[malo] Y[nižje] Z[kot] A[v] B[enakem] C[časovnem] D[obdobju] E[lani]F[,] G[čeprav] H[pričakujejo]I[,] J[da] K[se] L[bo] M[število] N[obolelih] O[dvignilo] P[še] Q[v] R[začetku] S[jeseni]T[.] ","Sicer <advmod pa <advmod je <cop (število >amod (obolelih >nmod (zaradi <case klopnega <amod meningitisa))) <nsubj (( <punct sodeč >nmod (po <case številu >nmod prijav >nmod (v <case Centru >nmod epidemiologije)) >punct )) <advmod , <punct (v <case letošnjem <amod letu) <obl (kljub <case vsemu) <obl malo <advmod nižje >obl (kot <case (v <case enakem <det časovnem <amod obdobju) <nmod lani) >advcl (, <punct čeprav <mark pričakujejo >ccomp (, <punct da <mark se <expl bo <aux (število >amod obolelih) <nsubj dvignilo >obl (še <advmod v <case začetku >nmod jeseni))) >punct .",
520,ssj523.2754.9805,"Morda jih je nekaj manj tudi zaradi preventivnega cepljenja, ki pri nas poteka že nekaj let, vendar pa je, kot pravi Mirjana Stantič - Pavlinič, število cepljenih oseb proti klopnemu meningitisu še vedno nizko.",39,39,yes,5.09,5.09375,5.09,yes,0.65,0.6541597977268823,0.65,yes,6,6,yes,4.00,4,yes,2.00,2,yes,2.00,2.0,2.00,yes,"A[Morda] B[jih] C[je] D[nekaj] E[manj] F[tudi] G[zaradi] H[preventivnega] I[cepljenja]J[,] K[ki] L[pri] M[nas] N[poteka] O[že] P[nekaj] Q[let]R[,] S[vendar] T[pa] U[je]V[,] W[kot] X[pravi] Y[Mirjana] Z[Stantič] A[-] B[Pavlinič]C[,] D[število] E[cepljenih] F[oseb] G[proti] H[klopnemu] I[meningitisu] J[še] K[vedno] L[nizko]M[.] ","Morda <advmod jih <nsubj je >obl (nekaj <advmod manj) >obl (tudi <advmod zaradi <case preventivnega <amod cepljenja >acl (, <punct ki <mark (pri <case nas) <obl poteka >obl (že <advmod nekaj <det let))) >conj (, <punct vendar <cc pa <advmod je <cop (, <punct kot <mark pravi >nsubj (Mirjana >flat Stantič >punct - >flat Pavlinič) >punct ,) <advcl (število >nmod (cepljenih <amod oseb >nmod (proti <case klopnemu <amod meningitisu))) <nsubj še <advmod vedno <advmod nizko) >punct .",
521,ssj523.2754.9806,"""Od začetka cepljenja je minil tudi prekratek čas- šele nekaj let- da bi lahko ocenjevali pozitivni učinek cepljenja na zaščito prebivalstva proti tej bolezni.",28,28,yes,2.30,2.3043478260869565,2.30,yes,1.63,1.6288291449556302,1.63,yes,6,6,yes,2.00,2,yes,1.00,1,yes,2.00,2.0,2.00,yes,"A[""]B[Od] C[začetka] D[cepljenja] E[je] F[minil] G[tudi] H[prekratek] I[čas]J[-] K[šele] L[nekaj] M[let]N[-] O[da] P[bi] Q[lahko] R[ocenjevali] S[pozitivni] T[učinek] U[cepljenja] V[na] W[zaščito] X[prebivalstva] Y[proti] Z[tej] A[bolezni]B[.] ",""" <punct (Od <case začetka >nmod cepljenja) <obl je <aux minil >nsubj (tudi <advmod prekratek <amod čas >appos (- <punct šele <advmod nekaj <det let >punct -)) >advcl (da <mark bi <aux lahko <advmod ocenjevali >obj (pozitivni <amod učinek >nmod cepljenja >nmod (na <case zaščito >nmod prebivalstva >nmod (proti <case tej <det bolezni)))) >punct .",
522,ssj523.2754.9807,"Vsekakor pa priporočamo, da bi bili vsi tisti, ki ste preboleli katerokoli bolezen, ki jo prenašajo klopi, zaščiteni z ustreznimi oblačili in obuvalom, kadar se odpravite tja, kjer živijo klopi.",37,37,yes,4.48,4.482758620689655,4.48,yes,0.73,0.7327154388581836,0.73,yes,7,7,yes,6.00,6,yes,1.00,1,yes,6.00,6.0,6.00,yes,"A[Vsekakor] B[pa] C[priporočamo]D[,] E[da] F[bi] G[bili] H[vsi] I[tisti]J[,] K[ki] L[ste] M[preboleli] N[katerokoli] O[bolezen]P[,] Q[ki] R[jo] S[prenašajo] T[klopi]U[,] V[zaščiteni] W[z] X[ustreznimi] Y[oblačili] Z[in] A[obuvalom]B[,] C[kadar] D[se] E[odpravite] F[tja]G[,] H[kjer] I[živijo] J[klopi]K[.] ","Vsekakor <advmod pa <advmod priporočamo >ccomp (, <punct da <mark bi <aux bili <cop (vsi <det tisti >acl (, <punct ki <mark ste <aux preboleli >obj (katerokoli <det bolezen >acl (, <punct ki <mark jo <obj prenašajo >nsubj klopi >punct ,)))) <nsubj zaščiteni >obl (z <case ustreznimi <amod oblačili >conj (in <cc obuvalom)) >advcl (, <punct kadar <mark se <expl odpravite >advmod tja >advcl (, <punct kjer <mark živijo >nsubj klopi))) >punct .",
523,ssj523.2754.9808,"Prisesanega klopa je potrebno čim prej odstraniti, ker tako lahko zmanjšate tveganje okužbe.",15,15,yes,2.08,2.0833333333333335,2.08,yes,1.20,1.201631330373745,1.20,yes,5,5,yes,3.00,3,yes,1.00,1,yes,3.00,3.0,3.00,yes,"A[Prisesanega] B[klopa] C[je] D[potrebno] E[čim] F[prej] G[odstraniti]H[,] I[ker] J[tako] K[lahko] L[zmanjšate] M[tveganje] N[okužbe]O[.] ","je <cop potrebno >csubj ((Prisesanega <amod klopa) <obj (čim <advmod prej) <advmod odstraniti >advcl (, <punct ker <mark tako <advmod lahko <advmod zmanjšate >obj (tveganje >nmod okužbe))) >punct .",
524,ssj523.2754.9809,""" Cepivo za lymsko boreliozo še ni na voljo, cepljenje proti klopnemu meningitisu pa poteka po vseh večjih slovenskih mestih, v Ljubljani med drugim tudi na Inštitutu za varovanje zdravja Republike Slovenije ter na Zavodu za zdravstveno varstvo Ljubljana na Zaloški cesti 29, kjer je cena za odmerek cepiva 4000 tolarjev (potrebni so trije odmerki).",61,61,yes,2.92,2.9245283018867925,2.92,yes,1.88,1.884967827936593,1.88,yes,9,9,yes,4.00,4,yes,3.00,3,yes,1.33,1.3333333333333333,1.33,yes,"A[""] B[Cepivo] C[za] D[lymsko] E[boreliozo] F[še] G[ni] H[na] I[voljo]J[,] K[cepljenje] L[proti] M[klopnemu] N[meningitisu] O[pa] P[poteka] Q[po] R[vseh] S[večjih] T[slovenskih] U[mestih]V[,] W[v] X[Ljubljani] Y[med] Z[drugim] A[tudi] B[na] C[Inštitutu] D[za] E[varovanje] F[zdravja] G[Republike] H[Slovenije] I[ter] J[na] K[Zavodu] L[za] M[zdravstveno] N[varstvo] O[Ljubljana] P[na] Q[Zaloški] R[cesti] S[29]T[,] U[kjer] V[je] W[cena] X[za] Y[odmerek] Z[cepiva] A[4000] B[tolarjev] C[(]D[potrebni] E[so] F[trije] G[odmerki]H[)]I[.] ",""" <punct (Cepivo >nmod (za <case lymsko <amod boreliozo)) <nsubj še <advmod ni >obl (na <case voljo) >parataxis (, <punct (cepljenje >nmod (proti <case klopnemu <amod meningitisu)) <nsubj pa <advmod poteka >obl (po <case vseh <det večjih <amod slovenskih <amod mestih) >parataxis (, <punct (v <case Ljubljani) <orphan (med <case drugim) <orphan tudi <advmod na <case Inštitutu >nmod (za <case varovanje >nmod zdravja) >nmod (Republike >nmod Slovenije) >conj (ter <cc na <case Zavodu >nmod (za <case zdravstveno <amod varstvo >nmod Ljubljana) >nmod (na <case Zaloški <amod cesti >nummod 29 >acl (, <punct kjer <mark je <cop (cena >nmod (za <case odmerek >nmod cepiva)) <nsubj 4000 <nummod tolarjev >parataxis (( <punct potrebni >cop so >nsubj (trije <nummod odmerki) >punct ))))))) >punct .",
525,ssj523.2754.9810,"Cepljenje poteka vse leto, priporočajo pa ga spomladi, saj s tem preprečijo okužbo v naslednjih šestih mesecih.",20,20,yes,2.44,2.4375,2.44,yes,0.84,0.8418950275099981,0.84,yes,5,5,yes,3.00,3,yes,3.00,3,yes,1.00,1.0,1.00,yes,"A[Cepljenje] B[poteka] C[vse] D[leto]E[,] F[priporočajo] G[pa] H[ga] I[spomladi]J[,] K[saj] L[s] M[tem] N[preprečijo] O[okužbo] P[v] Q[naslednjih] R[šestih] S[mesecih]T[.] ","Cepljenje <nsubj poteka >obl (vse <det leto) >parataxis (, <punct priporočajo >advmod pa >obj ga >advmod spomladi >conj (, <punct saj <cc (s <case tem) <obl preprečijo >obj okužbo >obl (v <case naslednjih <amod šestih <nummod mesecih))) >punct .",
526,ssj523.2755.9811,"Vosek je sicer hitro podlegel vroči vodi pod visokim pritiskom, težje pa bo odstraniti slikarije nesojenih umetnikov z ljubljanskih pročelij.",22,22,yes,2.37,2.3684210526315788,2.37,yes,1.41,1.414714935196391,1.41,yes,6,6,yes,3.00,3,yes,2.00,2,yes,1.50,1.5,1.50,yes,"A[Vosek] B[je] C[sicer] D[hitro] E[podlegel] F[vroči] G[vodi] H[pod] I[visokim] J[pritiskom]K[,] L[težje] M[pa] N[bo] O[odstraniti] P[slikarije] Q[nesojenih] R[umetnikov] S[z] T[ljubljanskih] U[pročelij]V[.] ","Vosek <nsubj je <aux sicer <advmod hitro <advmod podlegel >obj (vroči <amod vodi >nmod (pod <case visokim <amod pritiskom)) >parataxis (, <punct težje >advmod pa >cop bo >csubj (odstraniti >obj (slikarije >nmod (nesojenih <amod umetnikov)) >obl (z <case ljubljanskih <amod pročelij))) >punct .",
527,ssj523.2755.9812,"""Teh necenjenih stenskih poslikav se bomo morali lotiti s posebnimi kemikalijami, ki jih uvaža Sanolabor in ki so hkrati učinkovite in okoljevarstveno neoporečne,"" je razložil Gorazd Topolovec iz podjetja Topolovec.",35,35,yes,2.76,2.7586206896551726,2.76,yes,2.35,2.352565025299066,2.35,yes,8,8,yes,5.00,5,yes,2.00,2,yes,2.50,2.5,2.50,yes,"A[""]B[Teh] C[necenjenih] D[stenskih] E[poslikav] F[se] G[bomo] H[morali] I[lotiti] J[s] K[posebnimi] L[kemikalijami]M[,] N[ki] O[jih] P[uvaža] Q[Sanolabor] R[in] S[ki] T[so] U[hkrati] V[učinkovite] W[in] X[okoljevarstveno] Y[neoporečne]Z[,]A[""] B[je] C[razložil] D[Gorazd] E[Topolovec] F[iz] G[podjetja] H[Topolovec]I[.] ","("" <punct bomo <aux morali >xcomp ((Teh <det necenjenih <amod stenskih <amod poslikav) <obj se <expl lotiti >obl (s <case posebnimi <amod kemikalijami >acl (, <punct ki <mark jih <obj uvaža >nsubj Sanolabor >conj (in <cc ki <mark so <cop hkrati <advmod učinkovite >conj (in <cc okoljevarstveno <advmod neoporečne)) >punct ,))) >punct "") <ccomp je <aux razložil >nsubj (Gorazd >flat Topolovec >nmod (iz <case podjetja >nmod Topolovec)) >punct .",
528,ssj523.2755.9813,"""Resnično odporen pa je proti grafitom le poseben zaščitni premaz, ki preprečuje pronicanje barve v globino.""",20,20,yes,2.20,2.2,2.20,yes,1.11,1.1148738845208896,1.11,yes,6,6,yes,2.00,2,yes,1.00,1,yes,2.00,2.0,2.00,yes,"A[""]B[Resnično] C[odporen] D[pa] E[je] F[proti] G[grafitom] H[le] I[poseben] J[zaščitni] K[premaz]L[,] M[ki] N[preprečuje] O[pronicanje] P[barve] Q[v] R[globino]S[.]T[""] ",""" <punct Resnično <advmod odporen >advmod pa >cop je >obl (proti <case grafitom) >nsubj (le <advmod poseben <amod zaščitni <amod premaz >acl (, <punct ki <mark preprečuje >obj (pronicanje >nmod barve >nmod (v <case globino)))) >punct . >punct """,
529,ssj523.2755.9814,(kg/ foto: Luka Cjuha),8,8,yes,1.67,1.6666666666666667,1.67,yes,0.73,0.7316277011280093,0.73,yes,3,3,yes,1.00,1,yes,1.00,1,yes,1.00,1.0,1.00,yes,A[(]B[kg]C[/] D[foto]E[:] F[Luka] G[Cjuha]H[)] ,( <punct kg <dep / <punct foto >appos (: <punct Luka >flat Cjuha) >punct ),
530,ssj523.2756.9815,"Kot so sporočili iz Republiškega zavoda za zaposlovanje, je Glazerja, ki je bil na tem položaju že doslej, za direktorja tudi v naslednjih štirih letih med šestimi kandidati izbrala razpisna komisija upravnega odbora zavoda.",38,38,yes,4.33,4.333333333333333,4.33,yes,2.01,2.0147846633396767,2.01,yes,5,5,yes,3.00,3,yes,1.00,1,yes,3.00,3.0,3.00,yes,"A[Kot] B[so] C[sporočili] D[iz] E[Republiškega] F[zavoda] G[za] H[zaposlovanje]I[,] J[je] K[Glazerja]L[,] M[ki] N[je] O[bil] P[na] Q[tem] R[položaju] S[že] T[doslej]U[,] V[za] W[direktorja] X[tudi] Y[v] Z[naslednjih] A[štirih] B[letih] C[med] D[šestimi] E[kandidati] F[izbrala] G[razpisna] H[komisija] I[upravnega] J[odbora] K[zavoda]L[.] ","(Kot <mark so <aux sporočili >obl (iz <case Republiškega <amod zavoda >nmod (za <case zaposlovanje)) >punct ,) <advcl je <aux (Glazerja >acl (, <punct ki <mark je <aux bil >obl (na <case tem <det položaju) >advmod (že <advmod doslej) >punct ,)) <obj (za <case direktorja >nmod (v <case naslednjih <amod štirih <nummod letih)) <xcomp tudi <advmod (med <case šestimi <nummod kandidati) <obl izbrala >nsubj (razpisna <amod komisija >nmod (upravnega <amod odbora >nmod zavoda)) >punct .",
531,ssj523.2757.9816,"29. avgust - 56 let bo star trener juda Alfonz HOSTNIK Iz Domžal, 35 let pa alpski smučar Stojan PIHALJ iz Maribora.",24,24,yes,2.20,2.2,2.20,yes,1.68,1.6823638509403818,1.68,yes,5,5,yes,1.00,1,yes,1.00,1,yes,1.00,1.0,1.00,yes,"A[29.] B[avgust] C[-] D[56] E[let] F[bo] G[star] H[trener] I[juda] J[Alfonz] K[HOSTNIK] L[Iz] M[Domžal]N[,] O[35] P[let] Q[pa] R[alpski] S[smučar] T[Stojan] U[PIHALJ] V[iz] W[Maribora]X[.] ","(29. <nummod avgust >punct -) <parataxis (56 <nummod let) <obl bo <cop star >nsubj (trener >nmod juda >nmod (Alfonz >flat HOSTNIK >nmod (Iz <case Domžal))) >parataxis (, <punct (35 <nummod let) <orphan pa <orphan alpski <amod smučar >nmod (Stojan >flat PIHALJ >nmod (iz <case Maribora))) >punct .",
532,ssj523.2758.9817,"V tem primeru, o katerem bi rad potarnal, bi verjetno ravnal z enako pozornostjo in obzirnostjo.",19,19,yes,2.53,2.533333333333333,2.53,yes,1.71,1.7069638206576978,1.71,yes,5,5,yes,2.00,2,yes,1.00,1,yes,2.00,2.0,2.00,yes,"A[V] B[tem] C[primeru]D[,] E[o] F[katerem] G[bi] H[rad] I[potarnal]J[,] K[bi] L[verjetno] M[ravnal] N[z] O[enako] P[pozornostjo] Q[in] R[obzirnostjo]S[.] ","(V <case tem <det primeru >acl (, <punct (o <case katerem) <obl bi <aux rad <advmod potarnal >punct ,)) <obl bi <aux verjetno <advmod ravnal >obl (z <case enako <det pozornostjo >conj (in <cc obzirnostjo)) >punct .",
533,ssj523.2758.9818,"To se pravi - vprašal bi, komu hiša pripada, ali je v družini kdo policaj in tako dalje.",21,21,yes,2.81,2.8125,2.81,yes,0.90,0.9015267379234069,0.90,yes,6,6,yes,4.00,4,yes,3.00,3,yes,1.33,1.3333333333333333,1.33,yes,"A[To] B[se] C[pravi] D[-] E[vprašal] F[bi]G[,] H[komu] I[hiša] J[pripada]K[,] L[ali] M[je] N[v] O[družini] P[kdo] Q[policaj] R[in] S[tako] T[dalje]U[.] ","To <nsubj se <expl pravi >parataxis (- <punct vprašal >aux bi >ccomp (, <punct komu <obj hiša <nsubj pripada >conj (, <punct ali <mark je <cop (v <case družini) <obl kdo <nsubj policaj) >conj (in >fixed tako >fixed dalje))) >punct .",
534,ssj523.2758.9819,"Toda bil sem suh, poleg tega pa se je poročila sestrična.",13,13,yes,2.50,2.5,2.50,yes,0.93,0.9281489951828131,0.93,yes,4,4,yes,2.00,2,yes,2.00,2,yes,1.00,1.0,1.00,yes,"A[Toda] B[bil] C[sem] D[suh]E[,] F[poleg] G[tega] H[pa] I[se] J[je] K[poročila] L[sestrična]M[.] ","Toda <cc bil <cop sem <aux suh >parataxis (, <punct (poleg <case tega) <obl pa <advmod se <expl je <aux poročila >nsubj sestrična) >punct .",
535,ssj523.2758.9820,Rosemary sem imel zelo rad.,6,6,yes,1.50,1.5,1.50,yes,0.84,0.8369882167858357,0.84,yes,3,3,yes,1.00,1,yes,1.00,1,yes,1.00,1.0,1.00,yes,A[Rosemary] B[sem] C[imel] D[zelo] E[rad]F[.] ,Rosemary <obj sem <aux imel >advmod (zelo <advmod rad) >punct .,
536,ssj523.2758.9821,"Hotel sem ji kupiti darilo, ki bi presegalo vsa druga.",12,12,yes,1.78,1.7777777777777777,1.78,yes,0.52,0.5232481437645479,0.52,yes,6,6,yes,3.00,3,yes,1.00,1,yes,3.00,3.0,3.00,yes,"A[Hotel] B[sem] C[ji] D[kupiti] E[darilo]F[,] G[ki] H[bi] I[presegalo] J[vsa] K[druga]L[.] ","Hotel >aux sem >xcomp (ji <iobj kupiti >obj (darilo >acl (, <punct ki <mark bi <aux presegalo >obj (vsa <det druga)))) >punct .",
537,ssj523.2758.9822,"Zato sem se tudi odločil za hitro akcijo, ne da bi prej preverjal.",15,15,yes,2.75,2.75,2.75,yes,1.04,1.0355713694325706,1.04,yes,4,4,yes,2.00,2,yes,1.00,1,yes,2.00,2.0,2.00,yes,"A[Zato] B[sem] C[se] D[tudi] E[odločil] F[za] G[hitro] H[akcijo]I[,] J[ne] K[da] L[bi] M[prej] N[preverjal]O[.] ","Zato <cc sem <aux se <expl tudi <advmod odločil >obl (za <case hitro <amod akcijo) >advcl (, <punct (ne >fixed da) <mark bi <aux prej <advmod preverjal) >punct .",
538,ssj525.2759.9823,Za dom lahko kupimo ciklame v naših vrtnarijah.,9,9,yes,1.57,1.5714285714285714,1.57,yes,1.21,1.214117131344545,1.21,yes,4,4,yes,1.00,1,yes,1.00,1,yes,1.00,1.0,1.00,yes,A[Za] B[dom] C[lahko] D[kupimo] E[ciklame] F[v] G[naših] H[vrtnarijah]I[.] ,(Za <case dom) <obl lahko <advmod kupimo >obj (ciklame >nmod (v <case naših <det vrtnarijah)) >punct .,
539,ssj525.2759.9824,"Najdimo ji primeren plitev glinen lonček, polsenčno mesto in vsako leto nas bo razveseljevala s svojim cvetenjem, preko zime pa z lepoto svojih listov.",27,27,yes,2.91,2.9130434782608696,2.91,yes,0.50,0.4985487045027584,0.50,yes,5,5,yes,2.00,2,yes,2.00,2,yes,1.00,1.0,1.00,yes,"A[Najdimo] B[ji] C[primeren] D[plitev] E[glinen] F[lonček]G[,] H[polsenčno] I[mesto] J[in] K[vsako] L[leto] M[nas] N[bo] O[razveseljevala] P[s] Q[svojim] R[cvetenjem]S[,] T[preko] U[zime] V[pa] W[z] X[lepoto] Y[svojih] Z[listov]A[.] ","Najdimo >iobj ji >obj (primeren <amod plitev <amod glinen <amod lonček >conj (, <punct polsenčno <amod mesto)) >conj (in <cc (vsako <det leto) <obl nas <obj bo <aux razveseljevala >obl (s <case svojim <det cvetenjem) >parataxis (, <punct (preko <case zime) <orphan pa <orphan z <case lepoto >nmod (svojih <det listov))) >punct .",
540,ssj525.2760.9825,"- Da poberemo zimsko korenje, kolerabo, endivijo, rdečo peso in gomoljasto zeleno.",16,16,yes,3.10,3.1,3.10,yes,0.57,0.569196579339977,0.57,yes,4,4,yes,1.00,1,yes,1.00,1,yes,1.00,1.0,1.00,yes,"A[-] B[Da] C[poberemo] D[zimsko] E[korenje]F[,] G[kolerabo]H[,] I[endivijo]J[,] K[rdečo] L[peso] M[in] N[gomoljasto] O[zeleno]P[.] ","- <punct Da <mark poberemo >obj (zimsko <amod korenje >conj (, <punct kolerabo) >conj (, <punct endivijo) >conj (, <punct rdečo <amod peso) >conj (in <cc gomoljasto <amod zeleno)) >punct .",
541,ssj525.2760.9826,"Listov ne režemo, temveč jih potrgamo.",8,8,yes,2.00,2.0,2.00,yes,0.66,0.6608779199911599,0.66,yes,3,3,yes,2.00,2,yes,2.00,2,yes,1.00,1.0,1.00,yes,"A[Listov] B[ne] C[režemo]D[,] E[temveč] F[jih] G[potrgamo]H[.] ","Listov <obj ne <advmod režemo >conj (, <punct temveč <cc jih <obj potrgamo) >punct .",
542,ssj525.2760.9827,Izkopavanja se lotimo z lopatastimi vilami.,7,7,yes,1.80,1.8,1.80,yes,0.77,0.7662384356489861,0.77,yes,3,3,yes,1.00,1,yes,1.00,1,yes,1.00,1.0,1.00,yes,A[Izkopavanja] B[se] C[lotimo] D[z] E[lopatastimi] F[vilami]G[.] ,Izkopavanja <obj se <expl lotimo >obl (z <case lopatastimi <amod vilami) >punct .,
543,ssj525.2761.9828,"Zalijemo in v zemljo zapičimo etiketo z imenom rastlin, da bomo spomladi vedeli, kaj smo kam posadili, saj je pomlad še daleč.",26,26,yes,3.19,3.1904761904761907,3.19,yes,0.36,0.36209103719416835,0.36,yes,5,5,yes,5.00,5,yes,3.00,3,yes,1.67,1.6666666666666667,1.67,yes,"A[Zalijemo] B[in] C[v] D[zemljo] E[zapičimo] F[etiketo] G[z] H[imenom] I[rastlin]J[,] K[da] L[bomo] M[spomladi] N[vedeli]O[,] P[kaj] Q[smo] R[kam] S[posadili]T[,] U[saj] V[je] W[pomlad] X[še] Y[daleč]Z[.] ","Zalijemo >conj (in <cc (v <case zemljo) <obl zapičimo >obj (etiketo >nmod (z <case imenom >nmod rastlin)) >advcl (, <punct da <mark bomo <aux spomladi <advmod vedeli >ccomp (, <punct kaj <obj smo <aux kam <advmod posadili >punct ,))) >conj (saj <cc je >nsubj pomlad >advmod (še <advmod daleč)) >punct .",
544,ssj525.2761.9829,"Lonce podstavimo tako oziroma dvignemo od tal, da voda v njih ne bo zastajala.",16,16,yes,2.85,2.8461538461538463,2.85,yes,0.58,0.5830797138280531,0.58,yes,5,5,yes,3.00,3,yes,2.00,2,yes,1.50,1.5,1.50,yes,"A[Lonce] B[podstavimo] C[tako] D[oziroma] E[dvignemo] F[od] G[tal]H[,] I[da] J[voda] K[v] L[njih] M[ne] N[bo] O[zastajala]P[.] ","Lonce <obj podstavimo >advmod tako >conj (oziroma <cc dvignemo >obl (od <case tal) >advcl (, <punct da <mark voda <nsubj (v <case njih) <obl ne <advmod bo <aux zastajala)) >punct .",
545,ssj525.2761.9830,"Na razpolago so kupljeni podstavki za lonce, sicer pa jih postavimo na razmaknjene opeke ali ploščate kamne.",19,19,yes,2.19,2.1875,2.19,yes,1.15,1.152841166204313,1.15,yes,5,5,yes,2.00,2,yes,2.00,2,yes,1.00,1.0,1.00,yes,"A[Na] B[razpolago] C[so] D[kupljeni] E[podstavki] F[za] G[lonce]H[,] I[sicer] J[pa] K[jih] L[postavimo] M[na] N[razmaknjene] O[opeke] P[ali] Q[ploščate] R[kamne]S[.] ","(Na <case razpolago) <obl so >nsubj (kupljeni <amod podstavki >nmod (za <case lonce)) >conj (, <punct sicer <cc pa <advmod jih <obj postavimo >obl (na <case razmaknjene <amod opeke >conj (ali <cc ploščate <amod kamne))) >punct .",
546,ssj525.2762.9831,"- Kalmthoutu, sanjskem arboretumu v Belgiji, prvotnem domovanju rojakinje Jelene de Belder - Kovačič",16,16,yes,2.27,2.272727272727273,2.27,yes,0.72,0.7245406746093277,0.72,yes,5,5,yes,1.00,1,yes,1.00,1,yes,1.00,1.0,1.00,yes,"A[-] B[Kalmthoutu]C[,] D[sanjskem] E[arboretumu] F[v] G[Belgiji]H[,] I[prvotnem] J[domovanju] K[rojakinje] L[Jelene] M[de] N[Belder] O[-] P[Kovačič] ","- <punct Kalmthoutu >appos (, <punct sanjskem <amod arboretumu >nmod (v <case Belgiji)) >appos (, <punct prvotnem <amod domovanju >nmod (rojakinje >nmod (Jelene >flat de >flat Belder >punct - >flat Kovačič)))",
547,ssj525.2763.9832,Imam dve vprašanji.,4,4,yes,1.50,1.5,1.50,yes,0.06,0.05889151782819164,0.06,yes,3,3,yes,1.00,1,yes,1.00,1,yes,1.00,1.0,1.00,yes,A[Imam] B[dve] C[vprašanji]D[.] ,Imam >obj (dve <nummod vprašanji) >punct .,
548,ssj525.2763.9833,Prvo je glede setvenega koledarja.,6,6,yes,1.75,1.75,1.75,yes,0.48,0.48010498290449527,0.48,yes,3,3,yes,1.00,1,yes,1.00,1,yes,1.00,1.0,1.00,yes,A[Prvo] B[je] C[glede] D[setvenega] E[koledarja]F[.] ,Prvo <nsubj je >obl (glede <case setvenega <amod koledarja) >punct .,
549,ssj525.2763.9834,"V nemški MSG je na koledarju vrisan z rumeno barvo tudi čas presajanja, poleg dnevov za list, korenino in plod.",23,23,yes,2.37,2.3684210526315788,2.37,yes,1.58,1.5829510535069977,1.58,yes,5,5,yes,1.00,1,yes,1.00,1,yes,1.00,1.0,1.00,yes,"A[V] B[nemški] C[MSG] D[je] E[na] F[koledarju] G[vrisan] H[z] I[rumeno] J[barvo] K[tudi] L[čas] M[presajanja]N[,] O[poleg] P[dnevov] Q[za] R[list]S[,] T[korenino] U[in] V[plod]W[.] ","(V <case nemški <amod MSG) <obl je <cop (na <case koledarju) <obl vrisan >obl (z <case rumeno <amod barvo) >nsubj (tudi <advmod čas >nmod presajanja) >obl (, <punct poleg <case dnevov >nmod (za <case list >conj (, <punct korenino) >conj (in <cc plod))) >punct .",
550,ssj525.2763.9835,Tega v vašem koledarju ni.,6,6,yes,2.00,2.0,2.00,yes,0.80,0.8047189562170503,0.80,yes,3,3,yes,1.00,1,yes,1.00,1,yes,1.00,1.0,1.00,yes,A[Tega] B[v] C[vašem] D[koledarju] E[ni]F[.] ,Tega <nsubj (v <case vašem <det koledarju) <obl ni >punct .,
551,ssj525.2763.9836,"Moram reči, da se je prijelo praktično vse, kar sem posadil, če sem se le držal koledarja.",21,21,yes,2.81,2.8125,2.81,yes,0.35,0.3522205935893521,0.35,yes,6,6,yes,5.00,5,yes,1.00,1,yes,5.00,5.0,5.00,yes,"A[Moram] B[reči]C[,] D[da] E[se] F[je] G[prijelo] H[praktično] I[vse]J[,] K[kar] L[sem] M[posadil]N[,] O[če] P[sem] Q[se] R[le] S[držal] T[koledarja]U[.] ","Moram >xcomp (reči >ccomp (, <punct da <mark se <expl je <aux prijelo >nsubj (praktično <advmod vse >acl (, <punct kar <obj sem <aux posadil)) >advcl (, <punct če <mark sem <aux se <expl le <advmod držal >obj koledarja))) >punct .",
552,ssj525.2764.9837,Buč ni težko gojiti.,5,5,yes,1.67,1.6666666666666667,1.67,yes,0.59,0.587786664902119,0.59,yes,3,3,yes,2.00,2,yes,1.00,1,yes,2.00,2.0,2.00,yes,A[Buč] B[ni] C[težko] D[gojiti]E[.] ,ni <cop težko >csubj (Buč <obj gojiti) >punct .,
553,ssj525.2764.9838,"Ni jih potrebno pincirati ali obrezovati, niti škropiti ali dodatno gnojiti.",13,13,yes,2.00,2.0,2.00,yes,1.01,1.0074515102711326,1.01,yes,5,5,yes,5.00,5,yes,4.00,4,yes,1.25,1.25,1.25,yes,"A[Ni] B[jih] C[potrebno] D[pincirati] E[ali] F[obrezovati]G[,] H[niti] I[škropiti] J[ali] K[dodatno] L[gnojiti]M[.] ","Ni <cop potrebno >csubj (jih <obj pincirati >conj (ali <cc obrezovati) >conj (, <punct niti <advmod škropiti >conj (ali <cc dodatno <advmod gnojiti))) >punct .",
554,ssj525.2764.9839,"Počakati moramo, da se bodo pojavili ženski in moški cvetovi.",12,12,yes,2.56,2.5555555555555554,2.56,yes,0.51,0.5069162403551519,0.51,yes,7,7,yes,3.00,3,yes,1.00,1,yes,3.00,3.0,3.00,yes,"A[Počakati] B[moramo]C[,] D[da] E[se] F[bodo] G[pojavili] H[ženski] I[in] J[moški] K[cvetovi]L[.] ","(Počakati >ccomp (, <punct da <mark se <expl bodo <aux pojavili >nsubj ((ženski >conj (in <cc moški)) <amod cvetovi))) <xcomp moramo >punct .",
555,ssj525.2764.9840,"Ženske bomo spoznali po drobnem nastavku ploda tik pod velikim rumenim cvetom, moški cvetovi pa tega nastavka nimajo.",20,20,yes,3.06,3.0588235294117645,3.06,yes,0.85,0.8478824418369517,0.85,yes,4,4,yes,2.00,2,yes,2.00,2,yes,1.00,1.0,1.00,yes,"A[Ženske] B[bomo] C[spoznali] D[po] E[drobnem] F[nastavku] G[ploda] H[tik] I[pod] J[velikim] K[rumenim] L[cvetom]M[,] N[moški] O[cvetovi] P[pa] Q[tega] R[nastavka] S[nimajo]T[.] ","Ženske <obj bomo <aux spoznali >obl (po <case drobnem <amod nastavku >nmod ploda >nmod (tik <advmod pod <case velikim <amod rumenim <amod cvetom)) >parataxis (, <punct (moški <amod cvetovi) <nsubj pa <advmod (tega <det nastavka) <obj nimajo) >punct .",
556,ssj525.2764.9841,"Žuželke bodo poskrbele, da se bo cvetni prah prenesel z moških na ženske cvetove in kmalu se bodo začeli oblikovati mlade bučke.",24,24,yes,2.86,2.857142857142857,2.86,yes,1.02,1.0217452386970887,1.02,yes,6,6,yes,4.00,4,yes,2.00,2,yes,2.00,2.0,2.00,yes,"A[Žuželke] B[bodo] C[poskrbele]D[,] E[da] F[se] G[bo] H[cvetni] I[prah] J[prenesel] K[z] L[moških] M[na] N[ženske] O[cvetove] P[in] Q[kmalu] R[se] S[bodo] T[začeli] U[oblikovati] V[mlade] W[bučke]X[.] ","Žuželke <nsubj bodo <aux poskrbele >ccomp (, <punct da <mark se <expl bo <aux (cvetni <amod prah) <nsubj prenesel >obl (z <case moških) >obl (na <case ženske <amod cvetove) >conj (in <cc bodo <aux začeli >xcomp (kmalu <advmod se <expl oblikovati >nsubj (mlade >nmod bučke)))) >punct .",
557,ssj525.2765.9842,Druga skupina ima manjše plodove (C. pepo) - poletne buče.,13,13,yes,1.75,1.75,1.75,yes,1.03,1.02941112723855,1.03,yes,5,5,yes,1.00,1,yes,1.00,1,yes,1.00,1.0,1.00,yes,A[Druga] B[skupina] C[ima] D[manjše] E[plodove] F[(]G[C.] H[pepo]I[)] J[-] K[poletne] L[buče]M[.] ,(Druga <amod skupina) <nsubj ima >obj (manjše <amod plodove >appos (( <punct C. >flat pepo >punct ) >appos (- <punct poletne <amod buče))) >punct .,
558,ssj525.2765.9843,"Večinoma se razraščajo kot grmiči, veliki okoli 1 kvadratnega metra.",12,12,yes,2.00,2.0,2.00,yes,0.95,0.9547712524422192,0.95,yes,5,5,yes,1.00,1,yes,1.00,1,yes,1.00,1.0,1.00,yes,"A[Večinoma] B[se] C[razraščajo] D[kot] E[grmiči]F[,] G[veliki] H[okoli] I[1] J[kvadratnega] K[metra]L[.] ","Večinoma <advmod se <expl razraščajo >obl (kot <case grmiči >amod (, <punct veliki >nmod (okoli <case 1 <nummod kvadratnega <amod metra))) >punct .",
559,ssj525.2765.9844,"V sredini se oblikujejo plodovi, ki jih moramo obirati in uživati mlade.",14,14,yes,1.64,1.6363636363636365,1.64,yes,1.40,1.3996183318613364,1.40,yes,6,6,yes,4.00,4,yes,2.00,2,yes,2.00,2.0,2.00,yes,"A[V] B[sredini] C[se] D[oblikujejo] E[plodovi]F[,] G[ki] H[jih] I[moramo] J[obirati] K[in] L[uživati] M[mlade]N[.] ","(V <case sredini) <obl se <expl oblikujejo >nsubj (plodovi >acl (, <punct ki <mark moramo >xcomp (jih <obj obirati >conj (in <cc uživati >advcl mlade)))) >punct .",
560,ssj525.2765.9845,"Mlajši plodovi so okusnejši od starejših, najprimernejši so takšni s premerom med 10 in 15 cm.",18,18,yes,1.93,1.9333333333333333,1.93,yes,1.39,1.3879266522267864,1.39,yes,8,8,yes,2.00,2,yes,2.00,2,yes,1.00,1.0,1.00,yes,"A[Mlajši] B[plodovi] C[so] D[okusnejši] E[od] F[starejših]G[,] H[najprimernejši] I[so] J[takšni] K[s] L[premerom] M[med] N[10] O[in] P[15] Q[cm]R[.] ","(Mlajši <amod plodovi) <nsubj so <cop okusnejši >obl (od <case starejših) >parataxis (, <punct najprimernejši >cop so >nsubj (takšni >nmod (s <case premerom >nmod ((med <case 10 >conj (in <cc 15)) <nummod cm)))) >punct .",
561,ssj525.2765.9846,"Če jih obiramo mlade, spodbujamo rastlino, da razvije še več plodov.",14,14,yes,1.90,1.9,1.90,yes,1.41,1.4053183949386556,1.41,yes,4,4,yes,3.00,3,yes,1.00,1,yes,3.00,3.0,3.00,yes,"A[Če] B[jih] C[obiramo] D[mlade]E[,] F[spodbujamo] G[rastlino]H[,] I[da] J[razvije] K[še] L[več] M[plodov]N[.] ","(Če <mark jih <obj obiramo >advcl mlade >punct ,) <advcl spodbujamo >iobj rastlino >ccomp (, <punct da <mark razvije >obj (še <advmod več <det plodov)) >punct .",
562,ssj525.2765.9847,Tako lahko oberemo več ducatov bučk z iste rastline v obdobju nekaj mesecev.,14,14,yes,2.33,2.3333333333333335,2.33,yes,0.94,0.9444616088408514,0.94,yes,4,4,yes,1.00,1,yes,1.00,1,yes,1.00,1.0,1.00,yes,A[Tako] B[lahko] C[oberemo] D[več] E[ducatov] F[bučk] G[z] H[iste] I[rastline] J[v] K[obdobju] L[nekaj] M[mesecev]N[.] ,Tako <advmod lahko <advmod oberemo >obj (več <det ducatov >nmod bučk) >obl (z <case iste <det rastline) >obl (v <case obdobju >nmod (nekaj <det mesecev)) >punct .,
563,ssj525.2765.9848,"V tej skupini so cukete, patišoni in druge poletne oblike.",12,12,yes,2.11,2.111111111111111,2.11,yes,1.04,1.0445450673978338,1.04,yes,4,4,yes,1.00,1,yes,1.00,1,yes,1.00,1.0,1.00,yes,"A[V] B[tej] C[skupini] D[so] E[cukete]F[,] G[patišoni] H[in] I[druge] J[poletne] K[oblike]L[.] ","(V <case tej <det skupini) <obl so >nsubj (cukete >conj (, <punct patišoni) >conj (in <cc druge <amod poletne <amod oblike)) >punct .",
564,ssj525.2766.9849,"S svojo prisotnostjo in ropotom, ki ga občasno povzroča na podstrešju, kuna seveda vnaša nemir med ljudi, ki živijo v hiši.",25,25,yes,2.40,2.4,2.40,yes,2.01,2.008691760542986,2.01,yes,6,6,yes,3.00,3,yes,1.00,1,yes,3.00,3.0,3.00,yes,"A[S] B[svojo] C[prisotnostjo] D[in] E[ropotom]F[,] G[ki] H[ga] I[občasno] J[povzroča] K[na] L[podstrešju]M[,] N[kuna] O[seveda] P[vnaša] Q[nemir] R[med] S[ljudi]T[,] U[ki] V[živijo] W[v] X[hiši]Y[.] ","(S <case svojo <det prisotnostjo >conj (in <cc ropotom >acl (, <punct ki <mark ga <obj občasno <advmod povzroča >obl (na <case podstrešju) >punct ,))) <obl kuna <nsubj seveda <advmod vnaša >obj nemir >obl (med <case ljudi >acl (, <punct ki <mark živijo >obl (v <case hiši))) >punct .",
565,ssj525.2766.9850,"Vendar ropota le kratek čas, bodisi takrat, ko lovi, česar ne počne na »svojem« podstrešju, ker bi tako izdala svojo trajno prisotnost, bodisi v času parjenja ali vzreje mladičev.",37,37,yes,3.36,3.357142857142857,3.36,yes,0.80,0.8015855732727747,0.80,yes,6,6,yes,4.00,4,yes,2.00,2,yes,2.00,2.0,2.00,yes,"A[Vendar] B[ropota] C[le] D[kratek] E[čas]F[,] G[bodisi] H[takrat]I[,] J[ko] K[lovi]L[,] M[česar] N[ne] O[počne] P[na] Q[»]R[svojem]S[«] T[podstrešju]U[,] V[ker] W[bi] X[tako] Y[izdala] Z[svojo] A[trajno] B[prisotnost]C[,] D[bodisi] E[v] F[času] G[parjenja] H[ali] I[vzreje] J[mladičev]K[.] ","Vendar <cc ropota >obl (le <advmod kratek <amod čas) >advcl (, <punct bodisi <cc (takrat >punct , >fixed ko) <mark lovi >parataxis (, <punct česar <obj ne <advmod počne >obl (na <case (» <punct svojem >punct «) <det podstrešju) >advcl (, <punct ker <mark bi <aux tako <advmod izdala >obj (svojo <det trajno <amod prisotnost))) >conj (, <punct bodisi <cc v <case času >nmod (parjenja >conj (ali <cc vzreje >nmod mladičev)))) >punct .",
566,ssj526.2767.9851,"BMW je ena tistih (redkih) znamk, pri kateri je vseeno, v katerega od njihovih avtomobilov sedete, vedno se boste z veseljem peljali.",28,28,yes,3.76,3.761904761904762,3.76,yes,1.24,1.237056574958031,1.24,yes,6,6,yes,4.00,4,yes,2.00,2,yes,2.00,2.0,2.00,yes,"A[BMW] B[je] C[ena] D[tistih] E[(]F[redkih]G[)] H[znamk]I[,] J[pri] K[kateri] L[je] M[vseeno]N[,] O[v] P[katerega] Q[od] R[njihovih] S[avtomobilov] T[sedete]U[,] V[vedno] W[se] X[boste] Y[z] Z[veseljem] A[peljali]B[.] ","BMW <nsubj je <cop ena <nummod tistih <det (( <punct redkih >punct )) <amod znamk >acl (, <punct (pri <case kateri) <obl je >advmod vseeno >csubj (, <punct (v <case katerega >nmod (od <case njihovih <det avtomobilov)) <obl sedete) >parataxis (, <punct vedno <advmod se <expl boste <aux (z <case veseljem) <obl peljali)) >punct .",
567,ssj526.2767.9852,Ali natančneje: z veseljem vozili.,7,7,yes,1.75,1.75,1.75,yes,1.03,1.02941112723855,1.03,yes,3,3,yes,1.00,1,yes,1.00,1,yes,1.00,1.0,1.00,yes,A[Ali] B[natančneje]C[:] D[z] E[veseljem] F[vozili]G[.] ,(Ali <cc natančneje >punct :) <advmod (z <case veseljem) <obl vozili >punct .,
568,ssj526.2767.9853,"Razen seveda, če vam je vožnja že v štartu muka.",12,12,yes,4.00,4.0,4.00,yes,0.91,0.9112655639474043,0.91,yes,3,3,yes,1.00,1,yes,1.00,1,yes,1.00,1.0,1.00,yes,"A[Razen] B[seveda]C[,] D[če] E[vam] F[je] G[vožnja] H[že] I[v] J[štartu] K[muka]L[.] ","(Razen <case seveda >punct ,) <advmod če <mark vam <obj je <cop vožnja <nsubj (že <advmod v <case štartu) <obl muka >punct .",
569,ssj526.2767.9854,"K sreči se tu Bavarci niso »odklonili« od prej začrtane smeri: da bi se v tem avtomobilu počutil slabo, je lahko vzrok izključno lastna kaprica.",30,30,yes,3.96,3.9583333333333335,3.96,yes,1.25,1.2529246247612955,1.25,yes,5,5,yes,3.00,3,yes,2.00,2,yes,1.50,1.5,1.50,yes,"A[K] B[sreči] C[se] D[tu] E[Bavarci] F[niso] G[»]H[odklonili]I[«] J[od] K[prej] L[začrtane] M[smeri]N[:] O[da] P[bi] Q[se] R[v] S[tem] T[avtomobilu] U[počutil] V[slabo]W[,] X[je] Y[lahko] Z[vzrok] A[izključno] B[lastna] C[kaprica]D[.] ","(K <case sreči) <obl se <expl tu <advmod Bavarci <nsubj niso <aux » <punct odklonili >punct « >obl (od <case (prej <advmod začrtane) <amod smeri) >parataxis (: <punct (da <mark bi <aux se <expl (v <case tem <det avtomobilu) <obl počutil >advmod slabo >punct ,) <advcl je <cop lahko <advmod vzrok <nsubj izključno <advmod lastna <amod kaprica) >punct .",
570,ssj527.2768.9855,"Nekaj založniških dejstev zagotovo drži: Slovenija ima 175 založb, razdrobljenih po vseh koncih in krajih.",18,18,yes,1.71,1.7142857142857142,1.71,yes,1.59,1.5852511202919926,1.59,yes,7,7,yes,2.00,2,yes,2.00,2,yes,1.00,1.0,1.00,yes,"A[Nekaj] B[založniških] C[dejstev] D[zagotovo] E[drži]F[:] G[Slovenija] H[ima] I[175] J[založb]K[,] L[razdrobljenih] M[po] N[vseh] O[koncih] P[in] Q[krajih]R[.] ","(Nekaj <det založniških <amod dejstev) <nsubj zagotovo <advmod drži >parataxis (: <punct Slovenija <nsubj ima >obj (175 <nummod založb >amod (, <punct razdrobljenih >nmod (po <case vseh <det koncih >conj (in <cc krajih))))) >punct .",
571,ssj527.2768.9856,"Knjigarnarji že vedo, kako dolgo traja, da pridejo do kake založbe (ali samozaložnika) na naslovu, za katerega nihče ne ve.",26,26,yes,2.47,2.473684210526316,2.47,yes,1.12,1.1158170113736567,1.12,yes,7,7,yes,4.00,4,yes,1.00,1,yes,4.00,4.0,4.00,yes,"A[Knjigarnarji] B[že] C[vedo]D[,] E[kako] F[dolgo] G[traja]H[,] I[da] J[pridejo] K[do] L[kake] M[založbe] N[(]O[ali] P[samozaložnika]Q[)] R[na] S[naslovu]T[,] U[za] V[katerega] W[nihče] X[ne] Y[ve]Z[.] ","Knjigarnarji <nsubj že <advmod vedo >ccomp (, <punct kako <advmod dolgo <advmod traja >csubj (, <punct da <mark pridejo >obl (do <case kake <det založbe >conj (( <punct ali <cc samozaložnika >punct ))) >obl (na <case naslovu >acl (, <punct (za <case katerega) <obl nihče <nsubj ne <advmod ve)))) >punct .",
572,ssj527.2768.9857,"Knjižna produkcija je ogromna in široka, subvencije pa po koščkih doletijo le nekatere izbranke.",16,16,yes,2.31,2.3076923076923075,2.31,yes,1.14,1.139373835090095,1.14,yes,4,4,yes,2.00,2,yes,2.00,2,yes,1.00,1.0,1.00,yes,"A[Knjižna] B[produkcija] C[je] D[ogromna] E[in] F[široka]G[,] H[subvencije] I[pa] J[po] K[koščkih] L[doletijo] M[le] N[nekatere] O[izbranke]P[.] ","(Knjižna <amod produkcija) <nsubj je <cop ogromna >conj (in <cc široka) >parataxis (, <punct subvencije <nsubj pa <advmod (po <case koščkih) <obl doletijo >obj (le <advmod nekatere <det izbranke)) >punct .",
573,ssj527.2768.9858,"Knjižnice so zares polne, kar pa ni slabo, saj je njihov namen prav dostopnost vsakomur, in to brezplačno.",22,22,yes,2.71,2.7058823529411766,2.71,yes,1.11,1.1143258001551744,1.11,yes,6,6,yes,3.00,3,yes,3.00,3,yes,1.00,1.0,1.00,yes,"A[Knjižnice] B[so] C[zares] D[polne]E[,] F[kar] G[pa] H[ni] I[slabo]J[,] K[saj] L[je] M[njihov] N[namen] O[prav] P[dostopnost] Q[vsakomur]R[,] S[in] T[to] U[brezplačno]V[.] ","Knjižnice <nsubj so <cop zares <advmod polne >parataxis (, <punct kar <nsubj pa <advmod ni <cop slabo >conj (, <punct saj <cc je <cop (njihov <det namen) <nsubj prav <advmod dostopnost >nmod vsakomur >appos (, <punct (in >fixed to) <cc brezplačno))) >punct .",
574,ssj527.2768.9859,"Res je tudi, da za Slovence dilema, kupiti knjigo ali nove preobleke za avtomobilske sedeže, ni ravno pretirano težka odločitev.",24,24,yes,5.00,5.0,5.00,yes,0.21,0.20935516742909246,0.21,yes,8,8,yes,3.00,3,yes,1.00,1,yes,3.00,3.0,3.00,yes,"A[Res] B[je] C[tudi]D[,] E[da] F[za] G[Slovence] H[dilema]I[,] J[kupiti] K[knjigo] L[ali] M[nove] N[preobleke] O[za] P[avtomobilske] Q[sedeže]R[,] S[ni] T[ravno] U[pretirano] V[težka] W[odločitev]X[.] ","Res <advmod je >advmod tudi >csubj (, <punct da <mark (za <case Slovence) <obl (dilema >acl (, <punct kupiti >obj (knjigo >conj (ali <cc nove <amod preobleke >nmod (za <case avtomobilske <amod sedeže))) >punct ,)) <nsubj ni <cop ((ravno <advmod pretirano) <advmod težka) <amod odločitev) >punct .",
575,ssj528.2769.9860,"Ti ponavadi trajajo nekje od dvajset do trideset minut in največkrat vključujejo: anksioznost, nervozo ali napetost, pogosto vzdihovanje, občutek, da človek ne dobi dovolj zraka ali da se mora usesti pokonci, da lahko dobro vdihne, razbijanje srca, težave z ravnotežjem, omotičnostjo ali vrtoglavico, otrplost ali mravljinčenje v rokah, stopalih ali okrog ust, napetost, pritisk, občutljivost ali bolečino v prsih.",74,74,yes,7.76,7.758620689655173,7.76,yes,0.53,0.5307230773893185,0.53,yes,9,9,yes,6.00,6,yes,3.00,3,yes,2.00,2.0,2.00,yes,"A[Ti] B[ponavadi] C[trajajo] D[nekje] E[od] F[dvajset] G[do] H[trideset] I[minut] J[in] K[največkrat] L[vključujejo]M[:] N[anksioznost]O[,] P[nervozo] Q[ali] R[napetost]S[,] T[pogosto] U[vzdihovanje]V[,] W[občutek]X[,] Y[da] Z[človek] A[ne] B[dobi] C[dovolj] D[zraka] E[ali] F[da] G[se] H[mora] I[usesti] J[pokonci]K[,] L[da] M[lahko] N[dobro] O[vdihne]P[,] Q[razbijanje] R[srca]S[,] T[težave] U[z] V[ravnotežjem]W[,] X[omotičnostjo] Y[ali] Z[vrtoglavico]A[,] B[otrplost] C[ali] D[mravljinčenje] E[v] F[rokah]G[,] H[stopalih] I[ali] J[okrog] K[ust]L[,] M[napetost]N[,] O[pritisk]P[,] Q[občutljivost] R[ali] S[bolečino] T[v] U[prsih]V[.] ","Ti <nsubj ponavadi <advmod trajajo >obl (nekje <advmod (od <case dvajset) <nmod do <case trideset <nummod minut) >conj (in <cc največkrat <advmod vključujejo >obj (: <punct anksioznost >conj (, <punct nervozo) >conj (ali <cc napetost) >conj (, <punct pogosto <amod vzdihovanje) >conj (, <punct občutek >acl (, <punct da <mark človek <nsubj ne <advmod dobi >obj (dovolj <det zraka) >conj (ali <cc da <mark mora >xcomp (se <expl usesti >advmod pokonci >advcl (, <punct da <mark lahko <advmod dobro <advmod vdihne))))) >conj (, <punct razbijanje >nmod srca) >conj (, <punct težave >nmod (z <case ravnotežjem >conj (, <punct omotičnostjo) >conj (ali <cc vrtoglavico))) >conj (, <punct otrplost >conj (ali <cc mravljinčenje) >nmod (v <case rokah >conj (, <punct stopalih) >conj (ali <cc okrog <case ust))) >conj (, <punct napetost) >conj (, <punct pritisk) >conj (, <punct občutljivost) >conj (ali <cc bolečino >nmod (v <case prsih)))) >punct .",
576,ssj528.2770.9861,"Večerja: krožnik enolončnice iz mešane zelenjave (1 KDP); 50 g parmezana (1 KDP); 250 g špargljev, kuhanih na pari (1 KDP); 50 g kruha (1 KDP); 150 g sadne solate brez dodanega sladkorja (1 KDP); kozarec vina (1 KDP)",58,58,yes,5.84,5.842105263157895,5.84,yes,0.05,0.053701857717299205,0.05,yes,7,7,yes,1.00,1,yes,1.00,1,yes,1.00,1.0,1.00,yes,"A[Večerja]B[:] C[krožnik] D[enolončnice] E[iz] F[mešane] G[zelenjave] H[(]I[1] J[KDP]K[)]L[;] M[50] N[g] O[parmezana] P[(]Q[1] R[KDP]S[)]T[;] U[250] V[g] W[špargljev]X[,] Y[kuhanih] Z[na] A[pari] B[(]C[1] D[KDP]E[)]F[;] G[50] H[g] I[kruha] J[(]K[1] L[KDP]M[)]N[;] O[150] P[g] Q[sadne] R[solate] S[brez] T[dodanega] U[sladkorja] V[(]W[1] X[KDP]Y[)]Z[;] A[kozarec] B[vina] C[(]D[1] E[KDP]F[)] ","Večerja >appos (: <punct krožnik >nmod (enolončnice >nmod (iz <case mešane <amod zelenjave)) >appos (( <punct 1 <nummod KDP >punct )) >list (; <punct 50 <nummod g >nmod parmezana >appos (( <punct 1 <nummod KDP >punct ))) >list (; <punct 250 <nummod g >nmod (špargljev >amod (, <punct kuhanih >nmod (na <case pari))) >appos (( <punct 1 <nummod KDP >punct ))) >list (; <punct 50 <nummod g >nmod kruha >appos (( <punct 1 <nummod KDP >punct ))) >list (; <punct 150 <nummod g >nmod (sadne <amod solate >nmod (brez <case dodanega <amod sladkorja)) >appos (( <punct 1 <nummod KDP >punct ))) >list (; <punct kozarec >nmod vina >appos (( <punct 1 <nummod KDP >punct ))))",
577,ssj528.2771.9862,"Papaja ni le okusen in zdrav sadež, je tudi odlično lepotilno sredstvo za nego telesa.",17,17,yes,2.93,2.9285714285714284,2.93,yes,1.22,1.2179690022462368,1.22,yes,4,4,yes,2.00,2,yes,2.00,2,yes,1.00,1.0,1.00,yes,"A[Papaja] B[ni] C[le] D[okusen] E[in] F[zdrav] G[sadež]H[,] I[je] J[tudi] K[odlično] L[lepotilno] M[sredstvo] N[za] O[nego] P[telesa]Q[.] ","Papaja <nsubj ni <cop le <advmod (okusen >conj (in <cc zdrav)) <amod sadež >parataxis (, <punct je <cop tudi <advmod odlično <amod lepotilno <amod sredstvo >nmod (za <case nego >nmod telesa)) >punct .",
578,ssj528.2771.9863,"Če želite, da bo koža vaših rok mehkejša in mladostnejša, potrebujete le eno manjšo zrelo papajo.",19,19,yes,3.47,3.466666666666667,3.47,yes,1.39,1.393306261802656,1.39,yes,6,6,yes,3.00,3,yes,1.00,1,yes,3.00,3.0,3.00,yes,"A[Če] B[želite]C[,] D[da] E[bo] F[koža] G[vaših] H[rok] I[mehkejša] J[in] K[mladostnejša]L[,] M[potrebujete] N[le] O[eno] P[manjšo] Q[zrelo] R[papajo]S[.] ","(Če <mark želite >ccomp (, <punct da <mark bo <cop (koža >nmod (vaših <det rok)) <nsubj mehkejša >conj (in <cc mladostnejša) >punct ,)) <advcl potrebujete >obj (le <advmod eno <nummod manjšo <amod zrelo <amod papajo) >punct .",
579,ssj528.2771.9864,"Iz lupine izdolbite meso, nato ga pretlačite in kašo nanesite na roke, podlakti in komolce.",18,18,yes,1.93,1.9285714285714286,1.93,yes,1.21,1.2120552727526137,1.21,yes,6,6,yes,3.00,3,yes,3.00,3,yes,1.00,1.0,1.00,yes,"A[Iz] B[lupine] C[izdolbite] D[meso]E[,] F[nato] G[ga] H[pretlačite] I[in] J[kašo] K[nanesite] L[na] M[roke]N[,] O[podlakti] P[in] Q[komolce]R[.] ","(Iz <case lupine) <obl izdolbite >obj meso >parataxis (, <punct nato <advmod ga <obj pretlačite >conj (in <cc kašo <obj nanesite >obl (na <case roke >conj (, <punct podlakti) >conj (in <cc komolce)))) >punct .",
580,ssj528.2771.9865,"Namazane dele rok ovijte v plastično folijo in oblogo pustite delovati dvajset minut, nato pa jo sperite z vodo in roke namažite s hranilno kremo.",27,27,yes,2.50,2.5,2.50,yes,1.37,1.365883363859763,1.37,yes,5,5,yes,5.00,5,yes,4.00,4,yes,1.25,1.25,1.25,yes,"A[Namazane] B[dele] C[rok] D[ovijte] E[v] F[plastično] G[folijo] H[in] I[oblogo] J[pustite] K[delovati] L[dvajset] M[minut]N[,] O[nato] P[pa] Q[jo] R[sperite] S[z] T[vodo] U[in] V[roke] W[namažite] X[s] Y[hranilno] Z[kremo]A[.] ","(Namazane <amod dele >nmod rok) <obj ovijte >obl (v <case plastično <amod folijo) >conj (in <cc oblogo <obj pustite >xcomp (delovati >obl (dvajset <nummod minut))) >parataxis (, <punct nato <advmod pa <advmod jo <obj sperite >obl (z <case vodo) >conj (in <cc roke <obj namažite >obl (s <case hranilno <amod kremo))) >punct .",
581,ssj528.2772.9866,Svetujemo: Bodite pozitivni do sebe in svoje okolice.,10,10,yes,1.86,1.8571428571428572,1.86,yes,0.35,0.3539158661214333,0.35,yes,5,5,yes,2.00,2,yes,2.00,2,yes,1.00,1.0,1.00,yes,A[Svetujemo]B[:] C[Bodite] D[pozitivni] E[do] F[sebe] G[in] H[svoje] I[okolice]J[.] ,Svetujemo >parataxis (: <punct Bodite <cop pozitivni >obl (do <case sebe >conj (in <cc svoje <det okolice))) >punct .,
582,ssj528.2772.9867,"Osredotočite se na pomembnejše stvari, kot je videz, na primer na prijateljstvo.",15,15,yes,2.73,2.727272727272727,2.73,yes,0.20,0.19564552753540052,0.20,yes,5,5,yes,2.00,2,yes,1.00,1,yes,2.00,2.0,2.00,yes,"A[Osredotočite] B[se] C[na] D[pomembnejše] E[stvari]F[,] G[kot] H[je] I[videz]J[,] K[na] L[primer] M[na] N[prijateljstvo]O[.] ","Osredotočite >expl se >obl (na <case (pomembnejše >advcl (, <punct kot <mark je <cop videz)) <amod stvari >appos (, <punct (na >fixed primer) <cc na <case prijateljstvo)) >punct .",
583,ssj528.2773.9868,Za multipla sklerozo ne poznamo niti vzroka niti nastanka bolezni.,11,11,yes,1.44,1.4444444444444444,1.44,yes,1.54,1.5356064647598426,1.54,yes,4,4,yes,1.00,1,yes,1.00,1,yes,1.00,1.0,1.00,yes,A[Za] B[multipla] C[sklerozo] D[ne] E[poznamo] F[niti] G[vzroka] H[niti] I[nastanka] J[bolezni]K[.] ,(Za <case multipla <amod sklerozo) <obl ne <advmod poznamo >obj (niti <cc vzroka >conj (niti <cc nastanka >nmod bolezni)) >punct .,
584,ssj528.2773.9869,"Vemo, da govorimo o avtoimunski bolezni, pri čemer imunski sistem osebe napada telesno lastno tkivo; mielinsko ovojnico.",21,21,yes,2.44,2.4375,2.44,yes,0.50,0.4953214372300254,0.50,yes,6,6,yes,3.00,3,yes,2.00,2,yes,1.50,1.5,1.50,yes,"A[Vemo]B[,] C[da] D[govorimo] E[o] F[avtoimunski] G[bolezni]H[,] I[pri] J[čemer] K[imunski] L[sistem] M[osebe] N[napada] O[telesno] P[lastno] Q[tkivo]R[;] S[mielinsko] T[ovojnico]U[.] ","Vemo >ccomp (, <punct da <mark govorimo >obl (o <case avtoimunski <amod bolezni) >parataxis (, <punct (pri <case čemer) <obl (imunski <amod sistem >nmod osebe) <nsubj napada >obj (telesno <amod lastno <amod tkivo >appos (; <punct mielinsko <amod ovojnico)))) >punct .",
585,ssj528.2773.9870,"Še vedno tečejo številne raziskave, katerih cilj je odkriti, kateri dejavniki vplivajo na takšno reakcijo imunskega sistema.",20,20,yes,1.75,1.75,1.75,yes,1.38,1.3759847175185227,1.38,yes,8,8,yes,4.00,4,yes,1.00,1,yes,4.00,4.0,4.00,yes,"A[Še] B[vedno] C[tečejo] D[številne] E[raziskave]F[,] G[katerih] H[cilj] I[je] J[odkriti]K[,] L[kateri] M[dejavniki] N[vplivajo] O[na] P[takšno] Q[reakcijo] R[imunskega] S[sistema]T[.] ","Še <advmod vedno <advmod tečejo >nsubj (številne <amod raziskave >acl (, <punct katerih <det cilj >cop je >csubj (odkriti >ccomp (, <punct (kateri <det dejavniki) <nsubj vplivajo >obl (na <case takšno <det reakcijo >nmod (imunskega <amod sistema)))))) >punct .",
586,ssj528.2774.9871,"Zakoni vesolja so vedenja, s katerimi uskladimo telo in duha ter preidemo v stanje, ko lahko dosežemo vse, kar si želimo.",25,25,yes,1.95,1.95,1.95,yes,1.52,1.5231839447612854,1.52,yes,8,8,yes,5.00,5,yes,2.00,2,yes,2.50,2.5,2.50,yes,"A[Zakoni] B[vesolja] C[so] D[vedenja]E[,] F[s] G[katerimi] H[uskladimo] I[telo] J[in] K[duha] L[ter] M[preidemo] N[v] O[stanje]P[,] Q[ko] R[lahko] S[dosežemo] T[vse]U[,] V[kar] W[si] X[želimo]Y[.] ","(Zakoni >nmod vesolja) <nsubj so <cop vedenja >acl (, <punct (s <case katerimi) <obl uskladimo >obj (telo >conj (in <cc duha)) >conj (ter <cc preidemo >obl (v <case stanje >acl (, <punct ko <mark lahko <advmod dosežemo >obj (vse >acl (, <punct kar <obj si <expl želimo)))))) >punct .",
587,ssj528.2774.9872,"Kadar bomo uskladili energije, bomo istočasno postali magnet za ljudi, ki so nam podobni, uravnovešeni, srečni.",21,21,yes,2.20,2.2,2.20,yes,1.61,1.6052885110267527,1.61,yes,6,6,yes,3.00,3,yes,1.00,1,yes,3.00,3.0,3.00,yes,"A[Kadar] B[bomo] C[uskladili] D[energije]E[,] F[bomo] G[istočasno] H[postali] I[magnet] J[za] K[ljudi]L[,] M[ki] N[so] O[nam] P[podobni]Q[,] R[uravnovešeni]S[,] T[srečni]U[.] ","(Kadar <mark bomo <aux uskladili >obj energije >punct ,) <advcl bomo <aux istočasno <advmod postali >xcomp (magnet >nmod (za <case ljudi >acl (, <punct ki <mark so <cop nam <obj podobni >conj (, <punct uravnovešeni) >conj (, <punct srečni)))) >punct .",
588,ssj528.2775.9873,"Tudi nohtne glivice lahko dobite v plavalnih bazenih, savnah in tuš kabinah.",14,14,yes,2.00,2.0,2.00,yes,1.31,1.3105194120562902,1.31,yes,4,4,yes,1.00,1,yes,1.00,1,yes,1.00,1.0,1.00,yes,"A[Tudi] B[nohtne] C[glivice] D[lahko] E[dobite] F[v] G[plavalnih] H[bazenih]I[,] J[savnah] K[in] L[tuš] M[kabinah]N[.] ","(Tudi <advmod nohtne <amod glivice) <obj lahko <advmod dobite >obl (v <case plavalnih <amod bazenih >conj (, <punct savnah) >conj (in <cc tuš <nmod kabinah)) >punct .",
589,ssj528.2775.9874,Za okužbo zadostuje že stik z okuženo površino.,9,9,yes,1.57,1.5714285714285714,1.57,yes,1.07,1.0702760951186543,1.07,yes,4,4,yes,1.00,1,yes,1.00,1,yes,1.00,1.0,1.00,yes,A[Za] B[okužbo] C[zadostuje] D[že] E[stik] F[z] G[okuženo] H[površino]I[.] ,(Za <case okužbo) <obl zadostuje >nsubj (že <advmod stik >nmod (z <case okuženo <amod površino)) >punct .,
590,ssj528.2775.9875,"Navadno glivične okužbe na nohtih povzročajo glivice dermatofiti, ki se hranijo s keratinom.",15,15,yes,2.00,2.0,2.00,yes,1.45,1.4451858789480823,1.45,yes,6,6,yes,2.00,2,yes,1.00,1,yes,2.00,2.0,2.00,yes,"A[Navadno] B[glivične] C[okužbe] D[na] E[nohtih] F[povzročajo] G[glivice] H[dermatofiti]I[,] J[ki] K[se] L[hranijo] M[s] N[keratinom]O[.] ","Navadno <advmod (glivične <amod okužbe >nmod (na <case nohtih)) <obj povzročajo >nsubj (glivice >nmod (dermatofiti >acl (, <punct ki <mark se <expl hranijo >obl (s <case keratinom)))) >punct .",
591,ssj528.2775.9876,"Napadajo torej območja, kjer se nahaja keratin, to pa so rožena plast kože, nohti in lasje.",20,20,yes,2.93,2.933333333333333,2.93,yes,0.28,0.2778856677350541,0.28,yes,4,4,yes,3.00,3,yes,2.00,2,yes,1.50,1.5,1.50,yes,"A[Napadajo] B[torej] C[območja]D[,] E[kjer] F[se] G[nahaja] H[keratin]I[,] J[to] K[pa] L[so] M[rožena] N[plast] O[kože]P[,] Q[nohti] R[in] S[lasje]T[.] ","Napadajo >advmod torej >obj (območja >acl (, <punct kjer <mark se <expl nahaja >nsubj keratin >punct ,)) >parataxis (to <nsubj pa <advmod so <cop rožena <amod plast >nmod kože >conj (, <punct nohti) >conj (in <cc lasje)) >punct .",
592,ssj528.2775.9877,"Okužen noht se na koncu obarva belo ali rumenkasto, lahko tudi zelenorjavkasto, odvisno od glivice, ki je prodrla v noht.",24,24,yes,2.42,2.4210526315789473,2.42,yes,1.48,1.4838968068745932,1.48,yes,6,6,yes,2.00,2,yes,1.00,1,yes,2.00,2.0,2.00,yes,"A[Okužen] B[noht] C[se] D[na] E[koncu] F[obarva] G[belo] H[ali] I[rumenkasto]J[,] K[lahko] L[tudi] M[zelenorjavkasto]N[,] O[odvisno] P[od] Q[glivice]R[,] S[ki] T[je] U[prodrla] V[v] W[noht]X[.] ","(Okužen <amod noht) <nsubj se <expl (na <case koncu) <obl obarva >advmod (belo >conj (ali <cc rumenkasto)) >parataxis (, <punct lahko <orphan tudi <advmod zelenorjavkasto) >parataxis (, <punct odvisno >obl (od <case glivice >acl (, <punct ki <mark je <aux prodrla >obl (v <case noht)))) >punct .",
593,ssj528.2775.9878,"Počasi se sprememba barve razširi na cel noht, ki postane lomljiv, zadebeljen, iznakažen in sčasoma lahko tudi odstopi od podlage.",24,24,yes,2.63,2.6315789473684212,2.63,yes,1.31,1.3093544195385647,1.31,yes,6,6,yes,3.00,3,yes,2.00,2,yes,1.50,1.5,1.50,yes,"A[Počasi] B[se] C[sprememba] D[barve] E[razširi] F[na] G[cel] H[noht]I[,] J[ki] K[postane] L[lomljiv]M[,] N[zadebeljen]O[,] P[iznakažen] Q[in] R[sčasoma] S[lahko] T[tudi] U[odstopi] V[od] W[podlage]X[.] ","Počasi <advmod se <expl (sprememba >nmod barve) <nsubj razširi >obl (na <case cel <amod noht >acl (, <punct ki <mark postane >xcomp (lomljiv >conj (, <punct zadebeljen) >conj (, <punct iznakažen)) >conj (in <cc sčasoma <advmod lahko <advmod tudi <advmod odstopi >obl (od <case podlage)))) >punct .",
594,ssj528.2775.9879,"Okužba se lahko iz posameznega nohta, kjer se začne, razširi tudi na druge nohte.",17,17,yes,4.31,4.3076923076923075,4.31,yes,1.06,1.064525670351156,1.06,yes,4,4,yes,2.00,2,yes,1.00,1,yes,2.00,2.0,2.00,yes,"A[Okužba] B[se] C[lahko] D[iz] E[posameznega] F[nohta]G[,] H[kjer] I[se] J[začne]K[,] L[razširi] M[tudi] N[na] O[druge] P[nohte]Q[.] ","Okužba <nsubj se <expl lahko <advmod (iz <case posameznega <amod nohta >acl (, <punct kjer <mark se <expl začne >punct ,)) <obl razširi >obl (tudi <advmod na <case druge <amod nohte) >punct .",
595,ssj528.2775.9880,"Spremembe na nohtu ponavadi niso boleče, ko pa postane noht zadebeljen, pritisk nanj povzroči bolečino.",18,18,yes,2.64,2.642857142857143,2.64,yes,1.24,1.243547816392691,1.24,yes,4,4,yes,3.00,3,yes,2.00,2,yes,1.50,1.5,1.50,yes,"A[Spremembe] B[na] C[nohtu] D[ponavadi] E[niso] F[boleče]G[,] H[ko] I[pa] J[postane] K[noht] L[zadebeljen]M[,] N[pritisk] O[nanj] P[povzroči] Q[bolečino]R[.] ","(Spremembe >nmod (na <case nohtu)) <nsubj ponavadi <advmod niso <cop boleče >parataxis ((, <punct ko <mark pa <advmod postane >nsubj noht >xcomp zadebeljen >punct ,) <advcl (pritisk >nmod nanj) <nsubj povzroči >obj bolečino) >punct .",
596,ssj528.2775.9881,"Tudi tu je pri preprečevanju okužb pomembno, da na bazen hodite obuti in in skrbite za osebno higieno.",20,20,yes,2.24,2.235294117647059,2.24,yes,1.59,1.5851889308855949,1.59,yes,5,5,yes,3.00,3,yes,2.00,2,yes,1.50,1.5,1.50,yes,"A[Tudi] B[tu] C[je] D[pri] E[preprečevanju] F[okužb] G[pomembno]H[,] I[da] J[na] K[bazen] L[hodite] M[obuti] N[in] O[in] P[skrbite] Q[za] R[osebno] S[higieno]T[.] ","(Tudi <advmod tu) <advmod je <cop (pri <case preprečevanju >nmod okužb) <obl pomembno >csubj (, <punct da <mark (na <case bazen) <obl hodite >advcl obuti >conj (in <cc in <cc skrbite >obl (za <case osebno <amod higieno))) >punct .",
597,ssj528.2776.9882,Zdrava pamet: zaščitite druge.,6,6,yes,1.33,1.3333333333333333,1.33,yes,0.95,0.9547712524422192,0.95,yes,3,3,yes,1.00,1,yes,1.00,1,yes,1.00,1.0,1.00,yes,A[Zdrava] B[pamet]C[:] D[zaščitite] E[druge]F[.] ,(Zdrava <amod pamet >punct :) <parataxis zaščitite >obj druge >punct .,
598,ssj528.2776.9883,"Ne uporabljajte bazena, če imate diarejo.",8,8,yes,1.60,1.6,1.60,yes,0.68,0.6812889172512874,0.68,yes,3,3,yes,2.00,2,yes,1.00,1,yes,2.00,2.0,2.00,yes,"A[Ne] B[uporabljajte] C[bazena]D[,] E[če] F[imate] G[diarejo]H[.] ","Ne <advmod uporabljajte >obj bazena >advcl (, <punct če <mark imate >obj diarejo) >punct .",
599,ssj528.2776.9884,Bodite dobri uporabniki.,4,4,yes,1.50,1.5,1.50,yes,0.49,0.49041462650586304,0.49,yes,2,2,yes,1.00,1,yes,1.00,1,yes,1.00,1.0,1.00,yes,A[Bodite] B[dobri] C[uporabniki]D[.] ,Bodite <cop dobri <amod uporabniki >punct .,
600,ssj528.2776.9885,Poročajte upravitelju bazena o morebitnih nevšečnostih.,7,7,yes,2.00,2.0,2.00,yes,0.11,0.11157177565710491,0.11,yes,3,3,yes,1.00,1,yes,1.00,1,yes,1.00,1.0,1.00,yes,A[Poročajte] B[upravitelju] C[bazena] D[o] E[morebitnih] F[nevšečnostih]G[.] ,Poročajte >iobj (upravitelju >nmod bazena) >obl (o <case morebitnih <amod nevšečnostih) >punct .,
601,ssj528.2776.9886,"Imate pravico zahtevati poročilo o vzdrževanosti vode v bazenu, kar pomeni, da imate možnost vpogleda v podatke, kolikokrat preverjajo čistočo vode in vsebnost klora, če je le-ta in pH vode pravilno uravnavan.",39,39,yes,2.91,2.90625,2.91,yes,0.67,0.666004361046334,0.67,yes,11,11,yes,6.00,6,yes,2.00,2,yes,3.00,3.0,3.00,yes,"A[Imate] B[pravico] C[zahtevati] D[poročilo] E[o] F[vzdrževanosti] G[vode] H[v] I[bazenu]J[,] K[kar] L[pomeni]M[,] N[da] O[imate] P[možnost] Q[vpogleda] R[v] S[podatke]T[,] U[kolikokrat] V[preverjajo] W[čistočo] X[vode] Y[in] Z[vsebnost] A[klora]B[,] C[če] D[je] E[le]F[-]G[ta] H[in] I[pH] J[vode] K[pravilno] L[uravnavan]M[.] ","Imate >obj (pravico >acl (zahtevati >obj (poročilo >nmod (o <case vzdrževanosti >nmod vode >nmod (v <case bazenu))))) >parataxis (, <punct kar <nsubj pomeni >ccomp (, <punct da <mark imate >obj (možnost >nmod (vpogleda >nmod (v <case podatke >acl (, <punct kolikokrat <advmod preverjajo >obj (čistočo >nmod vode >conj (in <cc vsebnost >nmod klora)) >advcl (, <punct če <mark je <cop le <advmod - <punct (ta >conj (in <cc pH >nmod vode)) <nsubj pravilno <advmod uravnavan))))))) >punct .",
602,ssj528.2777.9887,"Čebulo olupimo, jo narežemo na obročke.",8,8,yes,1.60,1.6,1.60,yes,0.68,0.6812889172512874,0.68,yes,4,4,yes,2.00,2,yes,2.00,2,yes,1.00,1.0,1.00,yes,"A[Čebulo] B[olupimo]C[,] D[jo] E[narežemo] F[na] G[obročke]H[.] ","Čebulo <obj olupimo >parataxis (, <punct jo <obj narežemo >obl (na <case obročke)) >punct .",
603,ssj528.2777.9888,"V veliki ponvi segrejemo štiri do pet žlic olja in na njem na zmernem ognju popražimo čebulo, zmečkan česen in na koščke narezan feferon.",26,26,yes,2.70,2.6956521739130435,2.70,yes,1.27,1.2692541194085782,1.27,yes,7,7,yes,2.00,2,yes,2.00,2,yes,1.00,1.0,1.00,yes,"A[V] B[veliki] C[ponvi] D[segrejemo] E[štiri] F[do] G[pet] H[žlic] I[olja] J[in] K[na] L[njem] M[na] N[zmernem] O[ognju] P[popražimo] Q[čebulo]R[,] S[zmečkan] T[česen] U[in] V[na] W[koščke] X[narezan] Y[feferon]Z[.] ","(V <case veliki <amod ponvi) <obl segrejemo >obj ((štiri >conj (do <case pet)) <nummod žlic >nmod olja) >conj (in <cc (na <case njem) <obl (na <case zmernem <amod ognju) <obl popražimo >obj (čebulo >conj (, <punct zmečkan <amod česen) >conj (in <cc ((na <case koščke) <nmod narezan) <amod feferon))) >punct .",
604,ssj528.2778.9889,"• Peteršilj operite, osušite in ga nasekljajte.",9,9,yes,1.80,1.8,1.80,yes,0.77,0.7662384356489861,0.77,yes,4,4,yes,3.00,3,yes,3.00,3,yes,1.00,1.0,1.00,yes,"A[•] B[Peteršilj] C[operite]D[,] E[osušite] F[in] G[ga] H[nasekljajte]I[.] ","• <punct Peteršilj <obj operite >parataxis (, <punct osušite >conj (in <cc ga <obj nasekljajte)) >punct .",
605,ssj528.2778.9890,Prav tako nasekljajte tudi česen.,6,6,yes,1.25,1.25,1.25,yes,1.02,1.0193097735797902,1.02,yes,3,3,yes,1.00,1,yes,1.00,1,yes,1.00,1.0,1.00,yes,A[Prav] B[tako] C[nasekljajte] D[tudi] E[česen]F[.] ,(Prav <advmod tako) <advmod nasekljajte >obj (tudi <advmod česen) >punct .,
606,ssj528.2779.9891,"• Spolnim odnosom se je priporočljivo odpovedati tudi, če v visoki nosečnosti odteče plodovnica.",16,16,yes,2.25,2.25,2.25,yes,1.33,1.3274028432916987,1.33,yes,5,5,yes,3.00,3,yes,1.00,1,yes,3.00,3.0,3.00,yes,"A[•] B[Spolnim] C[odnosom] D[se] E[je] F[priporočljivo] G[odpovedati] H[tudi]I[,] J[če] K[v] L[visoki] M[nosečnosti] N[odteče] O[plodovnica]P[.] ","• <punct je <cop priporočljivo >csubj ((Spolnim <amod odnosom) <obj se <expl odpovedati >advmod tudi >advcl (, <punct če <mark (v <case visoki <amod nosečnosti) <obl odteče >nsubj plodovnica)) >punct .",
607,ssj528.2779.9892,"Ovojnica, ki je obdajala plod, poči in ga ne varuje več pred morebitnimi okužbami, ki se lahko širijo iz nožnice.",24,24,yes,2.47,2.473684210526316,2.47,yes,1.61,1.60623163787952,1.61,yes,6,6,yes,4.00,4,yes,2.00,2,yes,2.00,2.0,2.00,yes,"A[Ovojnica]B[,] C[ki] D[je] E[obdajala] F[plod]G[,] H[poči] I[in] J[ga] K[ne] L[varuje] M[več] N[pred] O[morebitnimi] P[okužbami]Q[,] R[ki] S[se] T[lahko] U[širijo] V[iz] W[nožnice]X[.] ","(Ovojnica >acl (, <punct ki <mark je <aux obdajala >obj plod >punct ,)) <nsubj poči >conj (in <cc ga <obj ne <advmod varuje >advmod več >obl (pred <case morebitnimi <amod okužbami >acl (, <punct ki <mark se <expl lahko <advmod širijo >obl (iz <case nožnice)))) >punct .",
608,ssj528.2779.9893,V takšnih primerih je potrebno sprožiti porod.,8,8,yes,1.50,1.5,1.50,yes,1.30,1.2951335827229133,1.30,yes,4,4,yes,2.00,2,yes,1.00,1,yes,2.00,2.0,2.00,yes,A[V] B[takšnih] C[primerih] D[je] E[potrebno] F[sprožiti] G[porod]H[.] ,je <cop potrebno >csubj ((V <case takšnih <det primerih) <obl sprožiti >obj porod) >punct .,
609,ssj528.2780.9894,"Že star rek pravi, da zdravnik pomaga, narava pa pozdravi.",13,13,yes,2.44,2.4444444444444446,2.44,yes,0.90,0.8979415932059585,0.90,yes,3,3,yes,3.00,3,yes,2.00,2,yes,1.50,1.5,1.50,yes,"A[Že] B[star] C[rek] D[pravi]E[,] F[da] G[zdravnik] H[pomaga]I[,] J[narava] K[pa] L[pozdravi]M[.] ","(Že <advmod star <amod rek) <nsubj pravi >ccomp (, <punct da <mark zdravnik <nsubj pomaga >punct ,) >parataxis (narava <nsubj pa <advmod pozdravi) >punct .",
610,ssj528.2780.9895,"Ob hitrem napredku medicine, vedno novih dosežkih farmacevtske industrije in tisoč in enem nasvetu za zdravo življenje pa na zdravilno moč osnovnih elementov narave včasih pozabimo.",28,28,yes,3.48,3.48,3.48,yes,2.01,2.010324051649882,2.01,yes,6,6,yes,1.00,1,yes,1.00,1,yes,1.00,1.0,1.00,yes,"A[Ob] B[hitrem] C[napredku] D[medicine]E[,] F[vedno] G[novih] H[dosežkih] I[farmacevtske] J[industrije] K[in] L[tisoč] M[in] N[enem] O[nasvetu] P[za] Q[zdravo] R[življenje] S[pa] T[na] U[zdravilno] V[moč] W[osnovnih] X[elementov] Y[narave] Z[včasih] A[pozabimo]B[.] ","(Ob <case hitrem <amod napredku >nmod medicine >conj (, <punct (vedno <advmod novih) <amod dosežkih >nmod (farmacevtske <amod industrije)) >conj (in <cc (tisoč >conj (in <cc enem)) <nummod nasvetu >nmod (za <case zdravo <amod življenje))) <obl pa <advmod (na <case zdravilno <amod moč >nmod (osnovnih <amod elementov >nmod narave)) <obl včasih <advmod pozabimo >punct .",
611,ssj528.2780.9896,"Tu so: voda, zemlja, sonce in zrak.",11,11,yes,2.67,2.6666666666666665,2.67,yes,0.26,0.2616240718822739,0.26,yes,4,4,yes,1.00,1,yes,1.00,1,yes,1.00,1.0,1.00,yes,"A[Tu] B[so]C[:] D[voda]E[,] F[zemlja]G[,] H[sonce] I[in] J[zrak]K[.] ","Tu <advmod so >nsubj (: <punct voda >conj (, <punct zemlja) >conj (, <punct sonce) >conj (in <cc zrak)) >punct .",
612,ssj528.2781.9897,"Je veja naravne medicine, ki postavlja diagnoze in postopke zdravljenja za različne nevšečnosti, pri čemer uporablja zdravila rastlinskega, mineralnega ali živalskega izvora.",26,26,yes,2.76,2.761904761904762,2.76,yes,0.85,0.8529142363186878,0.85,yes,7,7,yes,3.00,3,yes,2.00,2,yes,1.50,1.5,1.50,yes,"A[Je] B[veja] C[naravne] D[medicine]E[,] F[ki] G[postavlja] H[diagnoze] I[in] J[postopke] K[zdravljenja] L[za] M[različne] N[nevšečnosti]O[,] P[pri] Q[čemer] R[uporablja] S[zdravila] T[rastlinskega]U[,] V[mineralnega] W[ali] X[živalskega] Y[izvora]Z[.] ","Je <cop veja >nmod (naravne <amod medicine) >acl (, <punct ki <mark postavlja >obj (diagnoze >conj (in <cc postopke >nmod (zdravljenja >nmod (za <case različne <amod nevšečnosti))))) >parataxis (, <punct (pri <case čemer) <obl uporablja >obj (zdravila >nmod ((rastlinskega >conj (, <punct mineralnega) >conj (ali <cc živalskega)) <amod izvora))) >punct .",
613,ssj528.2782.9898,"• Organizem se ne odzove tako močno, ker - za razliko od tradicionalne medicine, s katero se osredotočamo pretežno na hitro odpravljanje simptomov - je v tem primeru okrevanje globoko in celotno.",35,35,yes,4.21,4.214285714285714,4.21,yes,1.03,1.0323410970141913,1.03,yes,7,7,yes,3.00,3,yes,1.00,1,yes,3.00,3.0,3.00,yes,"A[•] B[Organizem] C[se] D[ne] E[odzove] F[tako] G[močno]H[,] I[ker] J[-] K[za] L[razliko] M[od] N[tradicionalne] O[medicine]P[,] Q[s] R[katero] S[se] T[osredotočamo] U[pretežno] V[na] W[hitro] X[odpravljanje] Y[simptomov] Z[-] A[je] B[v] C[tem] D[primeru] E[okrevanje] F[globoko] G[in] H[celotno]I[.] ","• <punct Organizem <nsubj se <expl ne <advmod odzove >advmod (tako <advmod močno) >advcl (, <punct ker <mark (- <punct za <case razliko >nmod (od <case tradicionalne <amod medicine >acl (, <punct (s <case katero) <obl se <expl osredotočamo >advmod pretežno >obl (na <case hitro <amod odpravljanje >nmod simptomov))) >punct -) <obl je <cop (v <case tem <det primeru) <obl okrevanje <nsubj globoko >conj (in <cc celotno)) >punct .",
614,ssj528.2783.9899,"Da rastline preoblikujemo v fitoterapevtska zdravila, jih obdelujemo po različnih postopkih.",13,13,yes,2.20,2.2,2.20,yes,1.46,1.4614474748008623,1.46,yes,4,4,yes,2.00,2,yes,1.00,1,yes,2.00,2.0,2.00,yes,"A[Da] B[rastline] C[preoblikujemo] D[v] E[fitoterapevtska] F[zdravila]G[,] H[jih] I[obdelujemo] J[po] K[različnih] L[postopkih]M[.] ","(Da <mark rastline <obj preoblikujemo >obl (v <case fitoterapevtska <amod zdravila) >punct ,) <advcl jih <obj obdelujemo >obl (po <case različnih <amod postopkih) >punct .",
615,ssj529.2784.9900,"Spoštovani gospod predsednik, spoštovane poslanke in poslanci, predstavniki Vlade!",12,12,yes,2.38,2.375,2.38,yes,0.52,0.5212969236332861,0.52,yes,4,4,yes,1.00,1,yes,1.00,1,yes,1.00,1.0,1.00,yes,"A[Spoštovani] B[gospod] C[predsednik]D[,] E[spoštovane] F[poslanke] G[in] H[poslanci]I[,] J[predstavniki] K[Vlade]L[!] ","Spoštovani <amod gospod >nmod predsednik >conj (, <punct spoštovane <amod poslanke >conj (in <cc poslanci)) >conj (, <punct predstavniki >nmod Vlade) >punct !",
616,ssj529.2784.9901,"Poslanska skupina je predlagala, da na to izredno sejo Državnega zbora uvrstimo najprej vprašanje interpelacije v zvezi z delom ministrstva oziroma ministra za gospodarstvo.",26,26,yes,2.13,2.130434782608696,2.13,yes,1.50,1.504568206343043,1.50,yes,10,10,yes,2.00,2,yes,1.00,1,yes,2.00,2.0,2.00,yes,"A[Poslanska] B[skupina] C[je] D[predlagala]E[,] F[da] G[na] H[to] I[izredno] J[sejo] K[Državnega] L[zbora] M[uvrstimo] N[najprej] O[vprašanje] P[interpelacije] Q[v] R[zvezi] S[z] T[delom] U[ministrstva] V[oziroma] W[ministra] X[za] Y[gospodarstvo]Z[.] ","(Poslanska <amod skupina) <nsubj je <aux predlagala >ccomp (, <punct da <mark (na <case to <det izredno <amod sejo >nmod (Državnega <amod zbora)) <obl uvrstimo >advmod najprej >obj (vprašanje >nmod (interpelacije >nmod (v <case zvezi >nmod (z <case delom >nmod (ministrstva >conj (oziroma <cc ministra >nmod (za <case gospodarstvo)))))))) >punct .",
617,ssj529.2784.9902,Zakaj smo to predlagali oziroma predlagamo?,7,7,yes,1.80,1.8,1.80,yes,0.91,0.9100794718748765,0.91,yes,3,3,yes,2.00,2,yes,2.00,2,yes,1.00,1.0,1.00,yes,A[Zakaj] B[smo] C[to] D[predlagali] E[oziroma] F[predlagamo]G[?] ,Zakaj <advmod smo <aux to <obj predlagali >conj (oziroma <cc predlagamo) >punct ?,
618,ssj529.2784.9903,"Zaradi tega, ker smo prepričani, da bi razjasnitev tega vprašanja omogočila boljšo, zlasti pa nepolitizirano razpravo o TAM-u kot gospodarskem subjektu.",25,25,yes,2.85,2.85,2.85,yes,0.80,0.797120732776409,0.80,yes,7,7,yes,3.00,3,yes,1.00,1,yes,3.00,3.0,3.00,yes,"A[Zaradi] B[tega]C[,] D[ker] E[smo] F[prepričani]G[,] H[da] I[bi] J[razjasnitev] K[tega] L[vprašanja] M[omogočila] N[boljšo]O[,] P[zlasti] Q[pa] R[nepolitizirano] S[razpravo] T[o] U[TAM-u] V[kot] W[gospodarskem] X[subjektu]Y[.] ","Zaradi <case tega >acl (, <punct ker <mark smo <cop prepričani >ccomp (, <punct da <mark bi <aux (razjasnitev >nmod (tega <det vprašanja)) <nsubj omogočila >obj ((boljšo >conj (, <punct zlasti <advmod pa <advmod nepolitizirano)) <amod razpravo >nmod (o <case TAM-u >obl (kot <case gospodarskem <amod subjektu))))) >punct .",
619,ssj529.2784.9904,"Prepričani smo, da bi bila to veliko boljša pot, da bi lažje prišli, če bi se za to pot odločili, do boljših rešitev pri TAM-u.",30,30,yes,4.08,4.083333333333333,4.08,yes,0.18,0.18211326685134646,0.18,yes,6,6,yes,4.00,4,yes,1.00,1,yes,4.00,4.0,4.00,yes,"A[Prepričani] B[smo]C[,] D[da] E[bi] F[bila] G[to] H[veliko] I[boljša] J[pot]K[,] L[da] M[bi] N[lažje] O[prišli]P[,] Q[če] R[bi] S[se] T[za] U[to] V[pot] W[odločili]X[,] Y[do] Z[boljših] A[rešitev] B[pri] C[TAM-u]D[.] ","Prepričani >cop smo >ccomp (, <punct da <mark bi <aux bila <cop to <nsubj (veliko <advmod boljša) <amod pot >acl (, <punct da <mark bi <aux lažje <advmod prišli >advcl (, <punct če <mark bi <aux se <expl (za <case to <det pot) <obl odločili >punct ,) >obl (do <case boljših <amod rešitev) >obl (pri <case TAM-u))) >punct .",
620,ssj529.2784.9905,Zato naš predlog ostaja.,5,5,yes,1.67,1.6666666666666667,1.67,yes,0.73,0.7316277011280093,0.73,yes,3,3,yes,1.00,1,yes,1.00,1,yes,1.00,1.0,1.00,yes,A[Zato] B[naš] C[predlog] D[ostaja]E[.] ,Zato <cc (naš <det predlog) <nsubj ostaja >punct .,
621,ssj529.2784.9906,Hvala lepa.,3,3,yes,1.00,1.0,1.00,yes,0.00,0.0,0.00,yes,2,2,yes,1.00,1,yes,1.00,1,yes,1.00,1.0,1.00,yes,A[Hvala] B[lepa]C[.] ,Hvala >amod lepa >punct .,
622,ssj529.2785.9907,"Je pa pri odločanju o spremembi tega zakona prišlo do prav čudne situacije, da smo dobili v odločanje zakon, ki povečuje finančno obveznost države in ki v posledici omogoča odprodaje delov tega sistema brez obveznosti, kar meče čudno luč na samo smer, v katero naj bi se ta sanacija vodila.",55,55,yes,3.24,3.2448979591836733,3.24,yes,1.87,1.8674385336138182,1.87,yes,10,10,yes,6.00,6,yes,3.00,3,yes,2.00,2.0,2.00,yes,"A[Je] B[pa] C[pri] D[odločanju] E[o] F[spremembi] G[tega] H[zakona] I[prišlo] J[do] K[prav] L[čudne] M[situacije]N[,] O[da] P[smo] Q[dobili] R[v] S[odločanje] T[zakon]U[,] V[ki] W[povečuje] X[finančno] Y[obveznost] Z[države] A[in] B[ki] C[v] D[posledici] E[omogoča] F[odprodaje] G[delov] H[tega] I[sistema] J[brez] K[obveznosti]L[,] M[kar] N[meče] O[čudno] P[luč] Q[na] R[samo] S[smer]T[,] U[v] V[katero] W[naj] X[bi] Y[se] Z[ta] A[sanacija] B[vodila]C[.] ","Je <aux pa <advmod (pri <case odločanju >nmod (o <case spremembi >nmod (tega <det zakona))) <obl prišlo >obl (do <case (prav <advmod čudne) <amod situacije >acl (, <punct da <mark smo <aux dobili >obl (v <case odločanje) >obj (zakon >acl (, <punct ki <mark povečuje >obj (finančno <amod obveznost >nmod države) >conj (in <cc ki <mark (v <case posledici) <obl omogoča >obj (odprodaje >nmod (delov >nmod (tega <det sistema))) >obl (brez <case obveznosti)))))) >parataxis (, <punct kar <nsubj meče >obj (čudno <amod luč) >obl (na <case samo <amod smer >acl (, <punct (v <case katero) <obl naj <advmod bi <aux se <expl (ta <det sanacija) <nsubj vodila))) >punct .",
623,ssj529.2786.9908,In grem naprej.,4,4,yes,1.00,1.0,1.00,yes,0.69,0.6931471805599453,0.69,yes,2,2,yes,1.00,1,yes,1.00,1,yes,1.00,1.0,1.00,yes,A[In] B[grem] C[naprej]D[.] ,In <cc grem >advmod naprej >punct .,
624,ssj529.2786.9909,"Kar me je pa najbolj zaprepadlo in sem zato še bolj pospešil, ko sem šel proti Ljubljani, je bilo to, da se je Državni zbor odločil, da ne sprejme predloga, ki je slučajno predlog naše stranke, da se poslanci seznanimo s sanacijskim programom oziroma z dokumentacijo.",53,53,yes,2.89,2.888888888888889,2.89,yes,1.74,1.7383390188139247,1.74,yes,11,11,yes,8.00,8,yes,3.00,3,yes,2.67,2.6666666666666665,2.67,yes,"A[Kar] B[me] C[je] D[pa] E[najbolj] F[zaprepadlo] G[in] H[sem] I[zato] J[še] K[bolj] L[pospešil]M[,] N[ko] O[sem] P[šel] Q[proti] R[Ljubljani]S[,] T[je] U[bilo] V[to]W[,] X[da] Y[se] Z[je] A[Državni] B[zbor] C[odločil]D[,] E[da] F[ne] G[sprejme] H[predloga]I[,] J[ki] K[je] L[slučajno] M[predlog] N[naše] O[stranke]P[,] Q[da] R[se] S[poslanci] T[seznanimo] U[s] V[sanacijskim] W[programom] X[oziroma] Y[z] Z[dokumentacijo]A[.] ","Kar <nsubj me <obj je <aux pa <advmod najbolj <advmod zaprepadlo >conj (in <cc sem <aux zato <advmod (še <advmod bolj) <advmod pospešil >ccomp (, <punct ko <mark sem <aux šel >obl (proti <case Ljubljani) >punct ,)) >parataxis (je <aux bilo >nsubj (to >acl (, <punct da <mark se <expl je <aux (Državni <amod zbor) <nsubj odločil >ccomp (, <punct da <mark ne <advmod sprejme >obj (predloga >acl (, <punct ki <mark je <cop slučajno <advmod predlog >nmod (naše <det stranke) >acl (, <punct da <mark se <expl poslanci <nsubj seznanimo >obl (s <case sanacijskim <amod programom >conj (oziroma <cc z <case dokumentacijo))))))))) >punct .",
625,ssj529.2786.9910,"Ja, to je nekaj nepojmljivega, ljudje, tukaj ste pa dvolični.",14,14,yes,3.00,3.0,3.00,yes,0.80,0.8047189562170503,0.80,yes,4,4,yes,2.00,2,yes,2.00,2,yes,1.00,1.0,1.00,yes,"A[Ja]B[,] C[to] D[je] E[nekaj] F[nepojmljivega]G[,] H[ljudje]I[,] J[tukaj] K[ste] L[pa] M[dvolični]N[.] ","(Ja >punct ,) <discourse to <nsubj je <cop nekaj >amod nepojmljivega >parataxis (, <punct (ljudje >punct ,) <vocative tukaj <advmod ste <cop pa <advmod dvolični) >punct .",
626,ssj529.2786.9911,"Včasih ste hoteli imeti vse papirje, zdaj pa ne.",11,11,yes,2.25,2.25,2.25,yes,0.78,0.778096698957644,0.78,yes,4,4,yes,2.00,2,yes,1.00,1,yes,2.00,2.0,2.00,yes,"A[Včasih] B[ste] C[hoteli] D[imeti] E[vse] F[papirje]G[,] H[zdaj] I[pa] J[ne]K[.] ","ste <aux hoteli >xcomp (Včasih <advmod imeti >obj (vse <det papirje)) >parataxis (, <punct zdaj <orphan pa <orphan ne) >punct .",
627,ssj529.2786.9912,"Kar tako, miže bomo, kar glasovali bomo, pritiskali.",12,12,yes,2.29,2.2857142857142856,2.29,yes,0.95,0.9509954575602391,0.95,yes,3,3,yes,3.00,3,yes,3.00,3,yes,1.00,1.0,1.00,yes,"A[Kar] B[tako]C[,] D[miže] E[bomo]F[,] G[kar] H[glasovali] I[bomo]J[,] K[pritiskali]L[.] ","(Kar <advmod tako >punct ,) <advmod miže <advmod bomo >parataxis (, <punct kar <advmod glasovali >aux bomo) >parataxis (, <punct pritiskali) >punct .",
628,ssj529.2786.9913,"Ne, ne, to ni resno, to ni resno in predvsem tej polovici zgoraj levo in Liberalni demokraciji to ni v čast.",25,25,yes,3.30,3.3,3.30,yes,1.28,1.2768987428322176,1.28,yes,6,6,yes,3.00,3,yes,3.00,3,yes,1.00,1.0,1.00,yes,"A[Ne]B[,] C[ne]D[,] E[to] F[ni] G[resno]H[,] I[to] J[ni] K[resno] L[in] M[predvsem] N[tej] O[polovici] P[zgoraj] Q[levo] R[in] S[Liberalni] T[demokraciji] U[to] V[ni] W[v] X[čast]Y[.] ","Ne <discourse (, <punct ne >punct ,) <discourse to <nsubj ni <cop resno >parataxis (, <punct to <nsubj ni <cop resno >conj (in <cc (predvsem <advmod tej <det polovici >advmod (zgoraj <advmod levo) >conj (in <cc Liberalni <amod demokraciji)) <obj to <nsubj ni >obl (v <case čast))) >punct .",
629,ssj529.2786.9914,"Torej, mi se brez tega ne moremo odločati, ker bi v primeru, da se odločamo brez poznavanja te dokumentacije, bi se odločali na pamet.",29,29,yes,4.39,4.391304347826087,4.39,yes,1.13,1.127841577892383,1.13,yes,8,8,yes,4.00,4,yes,1.00,1,yes,4.00,4.0,4.00,yes,"A[Torej]B[,] C[mi] D[se] E[brez] F[tega] G[ne] H[moremo] I[odločati]J[,] K[ker] L[bi] M[v] N[primeru]O[,] P[da] Q[se] R[odločamo] S[brez] T[poznavanja] U[te] V[dokumentacije]W[,] X[bi] Y[se] Z[odločali] A[na] B[pamet]C[.] ","(Torej >punct ,) <discourse mi <nsubj ne <advmod moremo >xcomp (se <expl (brez <case tega) <obl odločati >advcl (, <punct ker <mark bi <aux (v <case primeru >acl (, <punct da <mark se <expl odločamo >obl (brez <case poznavanja >nmod (te <det dokumentacije)) >punct ,)) <obl bi <aux se <expl odločali >obl (na <case pamet))) >punct .",
630,ssj529.2786.9915,"Enkrat ste nas prevarali, drugič nas ne boste.",10,10,yes,2.43,2.4285714285714284,2.43,yes,0.78,0.7787990600866994,0.78,yes,3,3,yes,2.00,2,yes,2.00,2,yes,1.00,1.0,1.00,yes,"A[Enkrat] B[ste] C[nas] D[prevarali]E[,] F[drugič] G[nas] H[ne] I[boste]J[.] ","Enkrat <advmod ste <aux nas <obj prevarali >parataxis (, <punct drugič <advmod nas <obl ne <advmod boste) >punct .",
631,ssj529.2786.9916,Mene ne boste.,4,4,yes,1.50,1.5,1.50,yes,0.49,0.49041462650586304,0.49,yes,2,2,yes,1.00,1,yes,1.00,1,yes,1.00,1.0,1.00,yes,A[Mene] B[ne] C[boste]D[.] ,Mene <obl ne <advmod boste >punct .,
632,ssj529.2787.9917,"Spoštovani predsednik, spoštovani zbor!",6,6,yes,1.67,1.6666666666666667,1.67,yes,0.39,0.38505411084803665,0.39,yes,3,3,yes,1.00,1,yes,1.00,1,yes,1.00,1.0,1.00,yes,"A[Spoštovani] B[predsednik]C[,] D[spoštovani] E[zbor]F[!] ","Spoštovani <amod predsednik >conj (, <punct spoštovani <amod zbor) >punct !",
633,ssj529.2787.9918,"Že nekaj časa sem prosil za besedo, ampak bom tako kratek, kot da bi imel repliko.",19,19,yes,2.20,2.2,2.20,yes,1.37,1.3702866964038851,1.37,yes,5,5,yes,3.00,3,yes,2.00,2,yes,1.50,1.5,1.50,yes,"A[Že] B[nekaj] C[časa] D[sem] E[prosil] F[za] G[besedo]H[,] I[ampak] J[bom] K[tako] L[kratek]M[,] N[kot] O[da] P[bi] Q[imel] R[repliko]S[.] ","(Že <advmod nekaj <det časa) <obl sem <aux prosil >obl (za <case besedo) >conj (, <punct ampak <cc bom <cop tako <advmod kratek >advcl (, <punct (kot >fixed da) <mark bi <aux imel >obj repliko)) >punct .",
634,ssj529.2787.9919,"Ker poslanci Združene liste in Liberalnih demokratov nočete, da bi na tej seji sodeloval tudi predsednik Vlade - zgleda, da ga nočete poslušati - sem se vendarle odločil, da se oglasim in povem tisto, ker pač moramo vse povedati, kar kdo ve, da bi morda zbrali skupaj nekaj, kar bi bilo lahko tudi blizu resnici, če namreč nočemo, večina noče dobiti ali zahtevati ustreznih informacij pred odločanjem.",77,77,yes,3.05,3.046875,3.05,yes,2.67,2.665923757306839,2.67,yes,11,11,yes,17.00,17,yes,5.00,5,yes,3.40,3.4,3.40,yes,"A[Ker] B[poslanci] C[Združene] D[liste] E[in] F[Liberalnih] G[demokratov] H[nočete]I[,] J[da] K[bi] L[na] M[tej] N[seji] O[sodeloval] P[tudi] Q[predsednik] R[Vlade] S[-] T[zgleda]U[,] V[da] W[ga] X[nočete] Y[poslušati] Z[-] A[sem] B[se] C[vendarle] D[odločil]E[,] F[da] G[se] H[oglasim] I[in] J[povem] K[tisto]L[,] M[ker] N[pač] O[moramo] P[vse] Q[povedati]R[,] S[kar] T[kdo] U[ve]V[,] W[da] X[bi] Y[morda] Z[zbrali] A[skupaj] B[nekaj]C[,] D[kar] E[bi] F[bilo] G[lahko] H[tudi] I[blizu] J[resnici]K[,] L[če] M[namreč] N[nočemo]O[,] P[večina] Q[noče] R[dobiti] S[ali] T[zahtevati] U[ustreznih] V[informacij] W[pred] X[odločanjem]Y[.] ","(Ker <mark (poslanci >nmod (Združene <amod liste >conj (in <cc Liberalnih <amod demokratov))) <nsubj nočete >ccomp (, <punct da <mark bi <aux (na <case tej <det seji) <obl sodeloval >nsubj (tudi <advmod predsednik >nmod Vlade)) >parataxis (- <punct zgleda >csubj (, <punct da <mark nočete >xcomp (ga <obj poslušati)) >punct -)) <advcl sem <aux se <expl vendarle <advmod odločil >ccomp (, <punct da <mark se <expl oglasim >conj (in <cc povem >obj tisto >advcl (, <punct ker <mark pač <advmod moramo >xcomp ((vse >acl (, <punct kar <obj kdo <nsubj ve)) <obj povedati >advcl (, <punct da <mark bi <aux morda <advmod zbrali >advmod skupaj >obj (nekaj >acl (, <punct kar <obj bi <aux bilo >advmod lahko >advmod tudi >obl (blizu <case resnici))) >advcl (, <punct če <mark namreč <advmod nočemo >parataxis (, <punct večina <nsubj noče >xcomp (dobiti >conj (ali <cc zahtevati) >obj (ustreznih <amod informacij) >obl (pred <case odločanjem))))))))) >punct .",
635,ssj529.2788.9920,"Moram reči tudi to, da smo ob dokončnem sanacijskem programu govorili o prisilni poravnavi.",16,16,yes,2.77,2.769230769230769,2.77,yes,0.26,0.26390509773619514,0.26,yes,6,6,yes,3.00,3,yes,1.00,1,yes,3.00,3.0,3.00,yes,"A[Moram] B[reči] C[tudi] D[to]E[,] F[da] G[smo] H[ob] I[dokončnem] J[sanacijskem] K[programu] L[govorili] M[o] N[prisilni] O[poravnavi]P[.] ","Moram >xcomp (reči >obj (tudi <advmod to >acl (, <punct da <mark smo <aux (ob <case dokončnem <amod sanacijskem <amod programu) <obl govorili >obl (o <case prisilni <amod poravnavi)))) >punct .",
636,ssj529.2788.9921,"O stečaju, je danes prepozno govoriti.",8,8,yes,2.40,2.4,2.40,yes,0.62,0.6223973994230957,0.62,yes,4,4,yes,2.00,2,yes,1.00,1,yes,2.00,2.0,2.00,yes,"A[O] B[stečaju]C[,] D[je] E[danes] F[prepozno] G[govoriti]H[.] ",", <punct je >csubj ((O <case stečaju) <obl danes <advmod prepozno <advmod govoriti) >punct .",
637,ssj529.2788.9922,O njemu bi morali govoriti takrat aprila leta 1995.,10,10,yes,1.38,1.375,1.38,yes,1.41,1.4144142202813288,1.41,yes,5,5,yes,2.00,2,yes,1.00,1,yes,2.00,2.0,2.00,yes,A[O] B[njemu] C[bi] D[morali] E[govoriti] F[takrat] G[aprila] H[leta] I[1995]J[.] ,bi <aux morali >xcomp ((O <case njemu) <obl govoriti >advmod takrat >obl (aprila >nmod (leta >nummod 1995))) >punct .,
638,ssj529.2788.9923,V tem trenutku je smiselno govoriti o prisilni poravnavi.,10,10,yes,1.75,1.75,1.75,yes,1.28,1.2848239391215455,1.28,yes,4,4,yes,2.00,2,yes,1.00,1,yes,2.00,2.0,2.00,yes,A[V] B[tem] C[trenutku] D[je] E[smiselno] F[govoriti] G[o] H[prisilni] I[poravnavi]J[.] ,je <cop smiselno >csubj ((V <case tem <det trenutku) <obl govoriti >obl (o <case prisilni <amod poravnavi)) >punct .,
639,ssj529.2788.9924,"Prisilna poravnava bi seveda pomenila, da zmanjšamo obveznosti do dobaviteljev.",12,12,yes,1.67,1.6666666666666667,1.67,yes,1.39,1.3925056211191693,1.39,yes,5,5,yes,2.00,2,yes,1.00,1,yes,2.00,2.0,2.00,yes,"A[Prisilna] B[poravnava] C[bi] D[seveda] E[pomenila]F[,] G[da] H[zmanjšamo] I[obveznosti] J[do] K[dobaviteljev]L[.] ","(Prisilna <amod poravnava) <nsubj bi <aux seveda <advmod pomenila >ccomp (, <punct da <mark zmanjšamo >obj (obveznosti >nmod (do <case dobaviteljev))) >punct .",
640,ssj529.2788.9925,"Teh obveznostih je približno za 14 milijard tolarjev in tudi bilanca gotovinskih tokov oziroma bilanca stanja načrtuje, da bi se te obveznosti znižale v bodoče od 14 milijard na približno 9 milijard tolarjev.",35,35,yes,3.06,3.0625,3.06,yes,1.16,1.1629425198630727,1.16,yes,6,6,yes,3.00,3,yes,2.00,2,yes,1.50,1.5,1.50,yes,"A[Teh] B[obveznostih] C[je] D[približno] E[za] F[14] G[milijard] H[tolarjev] I[in] J[tudi] K[bilanca] L[gotovinskih] M[tokov] N[oziroma] O[bilanca] P[stanja] Q[načrtuje]R[,] S[da] T[bi] U[se] V[te] W[obveznosti] X[znižale] Y[v] Z[bodoče] A[od] B[14] C[milijard] D[na] E[približno] F[9] G[milijard] H[tolarjev]I[.] ","(Teh <det obveznostih) <obl je >obl (približno <advmod za <case 14 <nummod milijard >nmod tolarjev) >conj (in <cc (tudi <advmod bilanca >nmod (gotovinskih <amod tokov) >conj (oziroma <cc bilanca >nmod stanja)) <nsubj načrtuje >ccomp (, <punct da <mark bi <aux se <expl (te <det obveznosti) <nsubj znižale >obl (v <case bodoče) >obl (od <case 14 <nummod milijard) >obl (na <case (približno <advmod 9) <nummod milijard >nmod tolarjev))) >punct .",
641,ssj529.2788.9926,"Pomeni, da se ne bi znižale na 0, ampak bi se na visoki ravni ohranile, kar pomeni, da bi dobavitelji še vedno, tudi v bodoče seveda financirali TAM.",34,34,yes,4.48,4.481481481481482,4.48,yes,0.15,0.1479647534097525,0.15,yes,6,6,yes,5.00,5,yes,3.00,3,yes,1.67,1.6666666666666667,1.67,yes,"A[Pomeni]B[,] C[da] D[se] E[ne] F[bi] G[znižale] H[na] I[0]J[,] K[ampak] L[bi] M[se] N[na] O[visoki] P[ravni] Q[ohranile]R[,] S[kar] T[pomeni]U[,] V[da] W[bi] X[dobavitelji] Y[še] Z[vedno]A[,] B[tudi] C[v] D[bodoče] E[seveda] F[financirali] G[TAM]H[.] ","Pomeni >ccomp (, <punct da <mark se <expl ne <advmod bi <aux znižale >obl (na <case 0) >conj (, <punct ampak <cc bi <aux se <expl (na <case visoki <amod ravni) <obl ohranile) >parataxis (, <punct kar <nsubj pomeni >ccomp (, <punct da <mark bi <aux dobavitelji <nsubj še <advmod vedno <advmod , <punct (tudi <advmod v <case bodoče) <obl seveda <advmod financirali >obj TAM))) >punct .",
642,ssj529.2788.9927,Prisilna poravnava bi seveda prekinila to zvezo z dobavitelji.,10,10,yes,1.62,1.625,1.62,yes,1.36,1.3589319112752674,1.36,yes,4,4,yes,1.00,1,yes,1.00,1,yes,1.00,1.0,1.00,yes,A[Prisilna] B[poravnava] C[bi] D[seveda] E[prekinila] F[to] G[zvezo] H[z] I[dobavitelji]J[.] ,(Prisilna <amod poravnava) <nsubj bi <aux seveda <advmod prekinila >obj (to <det zvezo >nmod (z <case dobavitelji)) >punct .,
643,ssj529.2788.9928,"Verjetno ne bi dosegli niti, torej soglasja dobaviteljev za to, da bi lahko nastala prisilna poravnava.",19,19,yes,2.20,2.2,2.20,yes,1.26,1.25871492074678,1.26,yes,6,6,yes,2.00,2,yes,1.00,1,yes,2.00,2.0,2.00,yes,"A[Verjetno] B[ne] C[bi] D[dosegli] E[niti]F[,] G[torej] H[soglasja] I[dobaviteljev] J[za] K[to]L[,] M[da] N[bi] O[lahko] P[nastala] Q[prisilna] R[poravnava]S[.] ","Verjetno <advmod ne <advmod bi <aux dosegli >advmod niti >punct , >advmod torej >obj (soglasja >nmod dobaviteljev >nmod (za <case to >acl (, <punct da <mark bi <aux lahko <advmod nastala >nsubj (prisilna <amod poravnava)))) >punct .",
644,ssj529.2788.9929,"In drugič, kar je zelo pomembno, v prisilni poravnavi bi morali recimo v dveh letih poravnati približno 60% obveznosti, kar TAM ni sposoben; tako da bi se seveda prisilna poravnava tako ali drugače končala v stečaju.",42,42,yes,3.97,3.9722222222222223,3.97,yes,1.69,1.6949084561550263,1.69,yes,5,5,yes,6.00,6,yes,5.00,5,yes,1.20,1.2,1.20,yes,"A[In] B[drugič]C[,] D[kar] E[je] F[zelo] G[pomembno]H[,] I[v] J[prisilni] K[poravnavi] L[bi] M[morali] N[recimo] O[v] P[dveh] Q[letih] R[poravnati] S[približno] T[60]U[%] V[obveznosti]W[,] X[kar] Y[TAM] Z[ni] A[sposoben]B[;] C[tako] D[da] E[bi] F[se] G[seveda] H[prisilna] I[poravnava] J[tako] K[ali] L[drugače] M[končala] N[v] O[stečaju]P[.] ","(In <cc drugič >punct ,) <discourse (kar <nsubj je <cop zelo <advmod pomembno >punct ,) <parataxis bi <aux morali >parataxis recimo >xcomp ((v <case prisilni <amod poravnavi) <obl (v <case dveh <nummod letih) <obl poravnati >obj ((približno <advmod 60) <nummod % >nmod obveznosti)) >parataxis (, <punct kar <obj TAM <nsubj ni <cop sposoben) >conj (; <punct (tako >fixed da) <cc bi <aux se <expl seveda <advmod (prisilna <amod poravnava) <nsubj (tako >conj (ali <cc drugače)) <advmod končala >obl (v <case stečaju)) >punct .",
645,ssj529.2788.9930,"Zato tudi mi, ko smo govorili o sanacijskem programu TAM-a, nismo podprli prisilne poravnave.",17,17,yes,3.54,3.5384615384615383,3.54,yes,1.34,1.3383113045108395,1.34,yes,4,4,yes,2.00,2,yes,1.00,1,yes,2.00,2.0,2.00,yes,"A[Zato] B[tudi] C[mi]D[,] E[ko] F[smo] G[govorili] H[o] I[sanacijskem] J[programu] K[TAM-a]L[,] M[nismo] N[podprli] O[prisilne] P[poravnave]Q[.] ","Zato <cc (tudi <advmod mi) <nsubj (, <punct ko <mark smo <aux govorili >obl (o <case sanacijskem <amod programu >nmod TAM-a) >punct ,) <advcl nismo <aux podprli >obj (prisilne <amod poravnave) >punct .",
646,ssj529.2789.9931,V tem trenutku je bistveno nerešeno vprašanje odnosa do AM BUS-a.,12,12,yes,1.60,1.6,1.60,yes,1.49,1.4860078734683375,1.49,yes,5,5,yes,1.00,1,yes,1.00,1,yes,1.00,1.0,1.00,yes,A[V] B[tem] C[trenutku] D[je] E[bistveno] F[nerešeno] G[vprašanje] H[odnosa] I[do] J[AM] K[BUS-a]L[.] ,(V <case tem <det trenutku) <obl je <cop bistveno >nsubj (nerešeno <amod vprašanje >nmod (odnosa >nmod (do <case AM <nmod BUS-a))) >punct .,
647,ssj529.2789.9932,"Namreč, problem je v tem, da se pojavlja avtobusna proizvodnja tako v Mariboru kakor v Ljubljani in verjetno bo v bodoče potrebno zelo hitro doreči, na kakšen način organizirati ti dve proizvodnji, da si ne bosta med seboj konkurenčni.",44,44,yes,2.97,2.973684210526316,2.97,yes,1.42,1.4221386014371833,1.42,yes,9,9,yes,6.00,6,yes,2.00,2,yes,3.00,3.0,3.00,yes,"A[Namreč]B[,] C[problem] D[je] E[v] F[tem]G[,] H[da] I[se] J[pojavlja] K[avtobusna] L[proizvodnja] M[tako] N[v] O[Mariboru] P[kakor] Q[v] R[Ljubljani] S[in] T[verjetno] U[bo] V[v] W[bodoče] X[potrebno] Y[zelo] Z[hitro] A[doreči]B[,] C[na] D[kakšen] E[način] F[organizirati] G[ti] H[dve] I[proizvodnji]J[,] K[da] L[si] M[ne] N[bosta] O[med] P[seboj] Q[konkurenčni]R[.] ","(Namreč >punct ,) <discourse problem <nsubj je >obl (v <case tem >acl (, <punct da <mark se <expl pojavlja >nsubj (avtobusna <amod proizvodnja) >obl (tako <cc v <case Mariboru >conj (kakor <cc v <case Ljubljani)) >conj (in <cc verjetno <advmod bo <cop potrebno >csubj ((v <case bodoče) <obl (zelo <advmod hitro) <advmod doreči >ccomp (, <punct (na <case kakšen <det način) <obl organizirati >obj (ti <det dve <nummod proizvodnji) >advcl (, <punct da <mark si <expl ne <advmod bosta <cop (med <case seboj) <obl konkurenčni)))))) >punct .",
648,ssj529.2790.9933,Gospod minister!,3,3,yes,1.00,1.0,1.00,yes,0.00,0.0,0.00,yes,2,2,yes,1.00,1,yes,1.00,1,yes,1.00,1.0,1.00,yes,A[Gospod] B[minister]C[!] ,Gospod >nmod minister >punct !,
649,ssj529.2790.9934,Vi ste poskusili odgovoriti na nekaj vprašanj.,8,8,yes,1.67,1.6666666666666667,1.67,yes,0.93,0.9343602551820915,0.93,yes,4,4,yes,2.00,2,yes,1.00,1,yes,2.00,2.0,2.00,yes,A[Vi] B[ste] C[poskusili] D[odgovoriti] E[na] F[nekaj] G[vprašanj]H[.] ,Vi <nsubj ste <aux poskusili >xcomp (odgovoriti >obl (na <case nekaj <det vprašanj)) >punct .,
650,ssj529.2790.9935,Verjetno na nekaj ste odgovorili.,6,6,yes,2.00,2.0,2.00,yes,0.80,0.8047189562170503,0.80,yes,3,3,yes,1.00,1,yes,1.00,1,yes,1.00,1.0,1.00,yes,A[Verjetno] B[na] C[nekaj] D[ste] E[odgovorili]F[.] ,Verjetno <advmod (na <case nekaj) <obl ste <aux odgovorili >punct .,
651,ssj529.2790.9936,Imava pač različne podatke.,5,5,yes,1.67,1.6666666666666667,1.67,yes,0.04,0.038480520568064065,0.04,yes,3,3,yes,1.00,1,yes,1.00,1,yes,1.00,1.0,1.00,yes,A[Imava] B[pač] C[različne] D[podatke]E[.] ,Imava >advmod pač >obj (različne <amod podatke) >punct .,
652,ssj529.2790.9937,"V TAM-u s temi programi, ki jih imajo sedaj, se pravi z delom na komponentah, ki jih bodo prodajali, trdi upravni odbor, da bo maksimalno lahko zaposloval največ 1600 delavcev; največ, da bo rentabilno posloval, 1600 delavcev.",46,46,yes,3.42,3.4166666666666665,3.42,yes,2.15,2.1521209674857205,2.15,yes,7,7,yes,5.00,5,yes,1.00,1,yes,5.00,5.0,5.00,yes,"A[V] B[TAM-u] C[s] D[temi] E[programi]F[,] G[ki] H[jih] I[imajo] J[sedaj]K[,] L[se] M[pravi] N[z] O[delom] P[na] Q[komponentah]R[,] S[ki] T[jih] U[bodo] V[prodajali]W[,] X[trdi] Y[upravni] Z[odbor]A[,] B[da] C[bo] D[maksimalno] E[lahko] F[zaposloval] G[največ] H[1600] I[delavcev]J[;] K[največ]L[,] M[da] N[bo] O[rentabilno] P[posloval]Q[,] R[1600] S[delavcev]T[.] ","(V <case TAM-u >orphan (s <case temi <det programi >acl (, <punct ki <mark jih <obj imajo >advmod sedaj) >appos (, <punct (se >fixed pravi) <cc z <case delom >nmod (na <case komponentah >acl (, <punct ki <mark jih <obj bodo <aux prodajali)))) >punct ,) <parataxis trdi >nsubj (upravni <amod odbor) >ccomp (, <punct da <mark bo <aux maksimalno <advmod lahko <advmod zaposloval >obj ((največ <advmod 1600) <nummod delavcev) >parataxis (; <punct največ <advmod (, <punct da <mark bo <aux rentabilno <advmod posloval >punct ,) <advcl 1600 <nummod delavcev)) >punct .",
653,ssj529.2790.9938,To so njihove besede.,5,5,yes,2.00,2.0,2.00,yes,0.55,0.5493061443340547,0.55,yes,2,2,yes,1.00,1,yes,1.00,1,yes,1.00,1.0,1.00,yes,A[To] B[so] C[njihove] D[besede]E[.] ,To <nsubj so <cop njihove <det besede >punct .,
654,ssj529.2790.9939,"Omenili ste, da je še zaposlenih 3057 delavcev.",10,10,yes,2.29,2.2857142857142856,2.29,yes,0.15,0.14627650134318887,0.15,yes,4,4,yes,2.00,2,yes,1.00,1,yes,2.00,2.0,2.00,yes,"A[Omenili] B[ste]C[,] D[da] E[je] F[še] G[zaposlenih] H[3057] I[delavcev]J[.] ","Omenili >aux ste >ccomp (, <punct da <mark je <cop še <advmod zaposlenih >nsubj (3057 <nummod delavcev)) >punct .",
655,ssj529.2790.9940,"Se pravi, Mariborčani in TAM-ovci morajo vedeti točno: 1600 ali pa če damo novo varianto, po vašem 2000 delavcev bo maksimalno zaposloval TAM.",27,27,yes,4.50,4.5,4.50,yes,1.01,1.0143989044305406,1.01,yes,6,6,yes,4.00,4,yes,2.00,2,yes,2.00,2.0,2.00,yes,"A[Se] B[pravi]C[,] D[Mariborčani] E[in] F[TAM-ovci] G[morajo] H[vedeti] I[točno]J[:] K[1600] L[ali] M[pa] N[če] O[damo] P[novo] Q[varianto]R[,] S[po] T[vašem] U[2000] V[delavcev] W[bo] X[maksimalno] Y[zaposloval] Z[TAM]A[.] ","(Se >fixed pravi >punct ,) <discourse (Mariborčani >conj (in <cc TAM-ovci)) <nsubj morajo >xcomp (vedeti >advmod točno) >parataxis (: <punct (1600 >conj (ali <cc pa <advmod (po <case vašem) <nmod 2000 <nummod delavcev)) <obl (če <mark damo >obj (novo <amod varianto) >punct ,) <advcl bo <aux maksimalno <advmod zaposloval >nsubj TAM) >punct .",
656,ssj529.2790.9941,Več ne.,3,3,yes,1.00,1.0,1.00,yes,0.35,0.34657359027997275,0.35,yes,2,2,yes,1.00,1,yes,1.00,1,yes,1.00,1.0,1.00,yes,A[Več] B[ne]C[.] ,Več <orphan ne >punct .,
657,ssj529.2790.9942,"To, da se da, to razliko vam bo gospa pojasnila in boste potem poskusili potem odgovoriti, kaj je prva številka - ali je 1600 ali 2000.",30,30,yes,2.54,2.5416666666666665,2.54,yes,0.66,0.6562068813486072,0.66,yes,9,9,yes,7.00,7,yes,4.00,4,yes,1.75,1.75,1.75,yes,"A[To]B[,] C[da] D[se] E[da]F[,] G[to] H[razliko] I[vam] J[bo] K[gospa] L[pojasnila] M[in] N[boste] O[potem] P[poskusili] Q[potem] R[odgovoriti]S[,] T[kaj] U[je] V[prva] W[številka] X[-] Y[ali] Z[je] A[1600] B[ali] C[2000]D[.] ","To >acl (, <punct da <mark se <expl da) >parataxis (, <punct (to <det razliko) <obj vam <iobj bo <aux gospa <nsubj pojasnila >conj (in <cc boste <aux potem <advmod poskusili >xcomp (potem <advmod odgovoriti >ccomp (, <punct kaj <nsubj je <cop prva <amod številka >parataxis (- <punct ali <cc je >obl (1600 >conj (ali <cc 2000))))))) >punct .",
658,ssj529.2790.9943,"Rekli ste, da so razne preiskovalne komisije v TAM-u delale preiskave in niste dobili rezultatov.",17,17,yes,3.00,3.0,3.00,yes,0.22,0.22091637613951956,0.22,yes,5,5,yes,3.00,3,yes,2.00,2,yes,1.50,1.5,1.50,yes,"A[Rekli] B[ste]C[,] D[da] E[so] F[razne] G[preiskovalne] H[komisije] I[v] J[TAM-u] K[delale] L[preiskave] M[in] N[niste] O[dobili] P[rezultatov]Q[.] ","Rekli >aux ste >ccomp (, <punct da <mark so <aux (razne <amod preiskovalne <amod komisije >nmod (v <case TAM-u)) <nsubj delale >obj preiskave >conj (in <cc niste <aux dobili >obj rezultatov)) >punct .",
659,ssj529.2790.9944,"Kot poslanec tega Državnega zbora in kot vsak državljan te države pričakujem - te preiskovalne komisije so bile iz kriminalistične policije in kriminalistične službe - da boste imeli toliko koordinacije v Vladi, da bo notranji minister vam te podatke dal.",42,42,yes,3.14,3.135135135135135,3.14,yes,1.91,1.9052400027539722,1.91,yes,6,6,yes,4.00,4,yes,2.00,2,yes,2.00,2.0,2.00,yes,"A[Kot] B[poslanec] C[tega] D[Državnega] E[zbora] F[in] G[kot] H[vsak] I[državljan] J[te] K[države] L[pričakujem] M[-] N[te] O[preiskovalne] P[komisije] Q[so] R[bile] S[iz] T[kriminalistične] U[policije] V[in] W[kriminalistične] X[službe] Y[-] Z[da] A[boste] B[imeli] C[toliko] D[koordinacije] E[v] F[Vladi]G[,] H[da] I[bo] J[notranji] K[minister] L[vam] M[te] N[podatke] O[dal]P[.] ","(Kot <case poslanec >nmod (tega <det Državnega <amod zbora) >conj (in <cc kot <case vsak <det državljan >nmod (te <det države))) <obl pričakujem >parataxis (- <punct (te <det preiskovalne <amod komisije) <nsubj so <aux bile >obl (iz <case kriminalistične <amod policije >conj (in <cc kriminalistične <amod službe)) >punct -) >ccomp (da <mark boste <aux imeli >obj (toliko <det koordinacije >nmod (v <case Vladi) >acl (, <punct da <mark bo <aux (notranji <amod minister) <nsubj vam <iobj (te <det podatke) <obj dal))) >punct .",
660,ssj529.2790.9945,"Če nam lahko odgovorite v tem zboru, zakaj tega niste dobili, ali pa eventualno, zakaj tega niste zahtevali, ali pa, če imate odgovor, zakaj tega niste dobili.",34,34,yes,4.38,4.384615384615385,4.38,yes,0.84,0.8440935391976728,0.84,yes,4,4,yes,5.00,5,yes,2.00,2,yes,2.50,2.5,2.50,yes,"A[Če] B[nam] C[lahko] D[odgovorite] E[v] F[tem] G[zboru]H[,] I[zakaj] J[tega] K[niste] L[dobili]M[,] N[ali] O[pa] P[eventualno]Q[,] R[zakaj] S[tega] T[niste] U[zahtevali]V[,] W[ali] X[pa]Y[,] Z[če] A[imate] B[odgovor]C[,] D[zakaj] E[tega] F[niste] G[dobili]H[.] ","Če <mark nam <iobj lahko <advmod odgovorite >obl (v <case tem <det zboru) >ccomp (, <punct zakaj <advmod tega <obj niste <aux dobili) >conj (, <punct ali <cc pa <advmod eventualno >ccomp (, <punct zakaj <advmod tega <obj niste <aux zahtevali)) >conj (, <punct ali <cc pa <advmod (, <punct če <mark imate >obj odgovor >punct ,) <advcl zakaj <advmod tega <obj niste <aux dobili) >punct .",
661,ssj529.2790.9946,"Vendar v mojem vprašanju in v mojem predlogu sklepa, ki ga gospod Školč ni niti prebral ali je menil, da ni potrebno, so to druge službe, ki vas pa redno obveščajo o vseh teh dogajanjih in tudi o TAM-u in predvsem o TAM-u, o velikih gospodarskih subjektih in dobite mesečna in trimesečna in letna poročila - ste seznanjeni gospod minister.",66,66,yes,4.47,4.4655172413793105,4.47,yes,2.22,2.217484369113328,2.22,yes,7,7,yes,7.00,7,yes,4.00,4,yes,1.75,1.75,1.75,yes,"A[Vendar] B[v] C[mojem] D[vprašanju] E[in] F[v] G[mojem] H[predlogu] I[sklepa]J[,] K[ki] L[ga] M[gospod] N[Školč] O[ni] P[niti] Q[prebral] R[ali] S[je] T[menil]U[,] V[da] W[ni] X[potrebno]Y[,] Z[so] A[to] B[druge] C[službe]D[,] E[ki] F[vas] G[pa] H[redno] I[obveščajo] J[o] K[vseh] L[teh] M[dogajanjih] N[in] O[tudi] P[o] Q[TAM-u] R[in] S[predvsem] T[o] U[TAM-u]V[,] W[o] X[velikih] Y[gospodarskih] Z[subjektih] A[in] B[dobite] C[mesečna] D[in] E[trimesečna] F[in] G[letna] H[poročila] I[-] J[ste] K[seznanjeni] L[gospod] M[minister]N[.] ","Vendar <cc (v <case mojem <det vprašanju >conj (in <cc v <case mojem <det predlogu >nmod sklepa >acl (, <punct ki <mark ga <obj (gospod >nmod Školč) <nsubj ni <aux niti <advmod prebral >conj (ali <cc je <aux menil >ccomp (, <punct da <mark ni <cop potrebno)) >punct ,))) <obl so <cop to <nsubj druge <amod službe >acl (, <punct ki <mark vas <obj pa <advmod redno <advmod obveščajo >obl (o <case vseh <det teh <det dogajanjih >conj (in <cc tudi <advmod o <case TAM-u) >conj (in <cc predvsem <advmod o <case TAM-u) >conj (, <punct o <case velikih <amod gospodarskih <amod subjektih)) >conj (in <cc dobite >obj ((mesečna >conj (in <cc trimesečna) >conj (in <cc letna)) <amod poročila))) >parataxis (- <punct ste <cop seznanjeni >vocative (gospod >nmod minister)) >punct .",
662,ssj529.2790.9947,"Če niste, povejte javno pred tem zborom in bomo zahtevali od ministrskega predsednika, da vas seznani.",19,19,yes,2.47,2.466666666666667,2.47,yes,1.14,1.144304569569036,1.14,yes,4,4,yes,4.00,4,yes,2.00,2,yes,2.00,2.0,2.00,yes,"A[Če] B[niste]C[,] D[povejte] E[javno] F[pred] G[tem] H[zborom] I[in] J[bomo] K[zahtevali] L[od] M[ministrskega] N[predsednika]O[,] P[da] Q[vas] R[seznani]S[.] ","(Če <mark niste >punct ,) <advcl povejte >advmod javno >obl (pred <case tem <det zborom) >conj (in <cc bomo <aux zahtevali >obl (od <case ministrskega <amod predsednika) >ccomp (, <punct da <mark vas <obj seznani)) >punct .",
663,ssj529.2790.9948,In tukaj niste dali odgovora.,6,6,yes,1.75,1.75,1.75,yes,0.83,0.8266785731844679,0.83,yes,2,2,yes,1.00,1,yes,1.00,1,yes,1.00,1.0,1.00,yes,A[In] B[tukaj] C[niste] D[dali] E[odgovora]F[.] ,In <cc tukaj <advmod niste <aux dali >obj odgovora >punct .,
664,ssj529.2790.9949,"Poznate te tokove, kam je odtekal, kam še je odtekal denar v teh zadnjih plačilih Vlade in vas tukaj javno in odkrito sprašujem, ali so ti tokovi prekinjeni.",32,32,yes,3.30,3.2962962962962963,3.30,yes,0.46,0.4551189292743537,0.46,yes,6,6,yes,5.00,5,yes,3.00,3,yes,1.67,1.6666666666666667,1.67,yes,"A[Poznate] B[te] C[tokove]D[,] E[kam] F[je] G[odtekal]H[,] I[kam] J[še] K[je] L[odtekal] M[denar] N[v] O[teh] P[zadnjih] Q[plačilih] R[Vlade] S[in] T[vas] U[tukaj] V[javno] W[in] X[odkrito] Y[sprašujem]Z[,] A[ali] B[so] C[ti] D[tokovi] E[prekinjeni]F[.] ","Poznate >obj (te <det tokove >acl (, <punct kam <advmod je <aux odtekal)) >parataxis (, <punct kam <advmod še <advmod je <aux odtekal >nsubj denar >obl (v <case teh <det zadnjih <amod plačilih >nmod Vlade) >conj (in <cc vas <iobj tukaj <advmod (javno >conj (in <cc odkrito)) <advmod sprašujem >ccomp (, <punct ali <mark so <cop (ti <det tokovi) <nsubj prekinjeni))) >punct .",
665,ssj529.2790.9950,"Če pa jih ne poznate, naj vam dajo te podatke tiste službe, ki poročajo to Vladi in ki podatke imajo.",23,23,yes,2.32,2.3157894736842106,2.32,yes,1.73,1.7310811234995092,1.73,yes,5,5,yes,4.00,4,yes,2.00,2,yes,2.00,2.0,2.00,yes,"A[Če] B[pa] C[jih] D[ne] E[poznate]F[,] G[naj] H[vam] I[dajo] J[te] K[podatke] L[tiste] M[službe]N[,] O[ki] P[poročajo] Q[to] R[Vladi] S[in] T[ki] U[podatke] V[imajo]W[.] ","(Če <mark pa <advmod jih <obj ne <advmod poznate >punct ,) <advcl naj <advmod vam <iobj dajo >obj (te <det podatke) >nsubj (tiste <det službe >acl (, <punct ki <mark poročajo >obj to >iobj Vladi >conj (in <cc ki <mark podatke <obj imajo))) >punct .",
666,ssj530.2791.9951,Spet bi rad nekaj malega napisal o varnosti v cestnem prometu (VCP).,15,15,yes,2.64,2.6363636363636362,2.64,yes,1.13,1.1254268138251093,1.13,yes,4,4,yes,1.00,1,yes,1.00,1,yes,1.00,1.0,1.00,yes,A[Spet] B[bi] C[rad] D[nekaj] E[malega] F[napisal] G[o] H[varnosti] I[v] J[cestnem] K[prometu] L[(]M[VCP]N[)]O[.] ,Spet <advmod bi <aux rad <advmod (nekaj >amod malega) <obj napisal >obl (o <case varnosti >nmod (v <case cestnem <amod prometu) >appos (( <punct VCP >punct ))) >punct .,
667,ssj530.2791.9952,Tokrat - za spremembo - ne o lučeh.,9,9,yes,2.20,2.2,2.20,yes,0.91,0.9121413304668073,0.91,yes,3,3,yes,1.00,1,yes,1.00,1,yes,1.00,1.0,1.00,yes,A[Tokrat] B[-] C[za] D[spremembo] E[-] F[ne] G[o] H[lučeh]I[.] ,Tokrat <orphan (- <punct za <case spremembo >punct -) <orphan ne >orphan (o <case lučeh) >punct .,
668,ssj530.2791.9953,"Pa ne iz strahu pred predsednikom neke kratice iz Kopra, ki me je zadnjič enkrat zaradi moje pohvale zakona o VCP v delu, kjer se zahteva vožnja s prižganimi lučmi tudi podnevi, hudo okrcal (večina predsednikov tako ali tako nima preveč rada svetlobe), ampak zaradi dveh vprašanj, ki sem ju hotel v soboto, 11. 2., okrog poldneva po telefonu postaviti sodelujočim v oddaji o VCP na radiu, a nisem prišel skozi.",82,82,yes,5.47,5.4714285714285715,5.47,yes,0.77,0.7712814641733652,0.77,yes,11,11,yes,7.00,7,yes,3.00,3,yes,2.33,2.3333333333333335,2.33,yes,"A[Pa] B[ne] C[iz] D[strahu] E[pred] F[predsednikom] G[neke] H[kratice] I[iz] J[Kopra]K[,] L[ki] M[me] N[je] O[zadnjič] P[enkrat] Q[zaradi] R[moje] S[pohvale] T[zakona] U[o] V[VCP] W[v] X[delu]Y[,] Z[kjer] A[se] B[zahteva] C[vožnja] D[s] E[prižganimi] F[lučmi] G[tudi] H[podnevi]I[,] J[hudo] K[okrcal] L[(]M[večina] N[predsednikov] O[tako] P[ali] Q[tako] R[nima] S[preveč] T[rada] U[svetlobe]V[)]W[,] X[ampak] Y[zaradi] Z[dveh] A[vprašanj]B[,] C[ki] D[sem] E[ju] F[hotel] G[v] H[soboto]I[,] J[11.] K[2.]L[,] M[okrog] N[poldneva] O[po] P[telefonu] Q[postaviti] R[sodelujočim] S[v] T[oddaji] U[o] V[VCP] W[na] X[radiu]Y[,] Z[a] A[nisem] B[prišel] C[skozi]D[.] ","Pa <cc ne >orphan (iz <case strahu >nmod (pred <case predsednikom >nmod (neke <det kratice >nmod (iz <case Kopra)) >acl (, <punct ki <mark me <obj je <aux zadnjič <advmod enkrat <advmod (zaradi <case moje <det pohvale >nmod (zakona >nmod (o <case VCP) >nmod (v <case delu >acl (, <punct kjer <mark se <expl zahteva >nsubj (vožnja >nmod (s <case prižganimi <amod lučmi)) >advmod (tudi <advmod podnevi) >punct ,)))) <obl hudo <advmod okrcal >parataxis (( <punct (večina >nmod predsednikov) <nsubj (tako >conj (ali <cc tako)) <advmod nima >advmod (preveč <advmod rada) >obj svetlobe >punct ))))) >orphan (, <punct ampak <cc zaradi <case dveh <nummod vprašanj >acl (, <punct ki <mark sem <aux hotel >xcomp (ju <obj (v <case soboto >appos (, <punct 11. >flat 2. >punct ,)) <obl (okrog <case poldneva) <obl (po <case telefonu) <obl postaviti >iobj (sodelujočim >nmod (v <case oddaji >nmod (o <case VCP) >nmod (na <case radiu)))) >conj (, <punct a <cc nisem <aux prišel >advmod skozi))) >punct .",
669,ssj531.2792.9954,Mejo med (še) dopustnimi vzgojnimi postopki in ponižujočim ravnanjem ali verbalnim nasiljem določa šolska praksa,17,17,yes,4.21,4.214285714285714,4.21,yes,1.24,1.2350736510682734,1.24,yes,5,5,yes,1.00,1,yes,1.00,1,yes,1.00,1.0,1.00,yes,A[Mejo] B[med] C[(]D[še]E[)] F[dopustnimi] G[vzgojnimi] H[postopki] I[in] J[ponižujočim] K[ravnanjem] L[ali] M[verbalnim] N[nasiljem] O[določa] P[šolska] Q[praksa] ,(Mejo >nmod (med <case dopustnimi <amod vzgojnimi <amod postopki >conj (in <cc ponižujočim <amod ravnanjem) >conj (ali <cc verbalnim <amod nasiljem))) <obj (( <punct še >punct )) <discourse določa >nsubj (šolska <amod praksa),
670,ssj531.2793.9955,"P. S. Ne vem tudi, kdo je že pripeljal v Energetiko Pogačarja.",14,14,yes,2.18,2.1818181818181817,2.18,yes,1.11,1.1119362594095554,1.11,yes,4,4,yes,2.00,2,yes,1.00,1,yes,2.00,2.0,2.00,yes,"A[P.] B[S.] C[Ne] D[vem] E[tudi]F[,] G[kdo] H[je] I[že] J[pripeljal] K[v] L[Energetiko] M[Pogačarja]N[.] ","(P. >fixed S.) <parataxis Ne <advmod vem >advmod tudi >ccomp (, <punct kdo <nsubj je <aux že <advmod pripeljal >obl (v <case Energetiko) >obj Pogačarja) >punct .",
671,ssj531.2793.9956,Jaz ga nisem.,4,4,yes,1.50,1.5,1.50,yes,0.49,0.49041462650586304,0.49,yes,2,2,yes,1.00,1,yes,1.00,1,yes,1.00,1.0,1.00,yes,A[Jaz] B[ga] C[nisem]D[.] ,Jaz <nsubj ga <obj nisem >punct .,
672,ssj531.2793.9957,"Če to ve Janša in če je pomembno, bom z veseljem prisluhnil.",14,14,yes,2.73,2.727272727272727,2.73,yes,1.48,1.478120206266169,1.48,yes,4,4,yes,3.00,3,yes,2.00,2,yes,1.50,1.5,1.50,yes,"A[Če] B[to] C[ve] D[Janša] E[in] F[če] G[je] H[pomembno]I[,] J[bom] K[z] L[veseljem] M[prisluhnil]N[.] ","(Če <mark to <obj ve >nsubj Janša >conj (in <cc če <mark je <cop pomembno) >punct ,) <advcl bom <aux (z <case veseljem) <obl prisluhnil >punct .",
673,ssj531.2794.9958,"Italijanski mediji poročajo, da je Bossijeva soproga Manuela pozvala druge voditelje gibanja, naj nadaljujejo načrtovane dejavnosti.",19,19,yes,2.40,2.4,2.40,yes,1.03,1.0278625075312602,1.03,yes,5,5,yes,3.00,3,yes,1.00,1,yes,3.00,3.0,3.00,yes,"A[Italijanski] B[mediji] C[poročajo]D[,] E[da] F[je] G[Bossijeva] H[soproga] I[Manuela] J[pozvala] K[druge] L[voditelje] M[gibanja]N[,] O[naj] P[nadaljujejo] Q[načrtovane] R[dejavnosti]S[.] ","(Italijanski <amod mediji) <nsubj poročajo >ccomp (, <punct da <mark je <aux (Bossijeva <amod soproga >nmod Manuela) <nsubj pozvala >iobj (druge <amod voditelje >nmod gibanja) >ccomp (, <punct naj <mark nadaljujejo >obj (načrtovane <amod dejavnosti))) >punct .",
674,ssj531.2794.9959,"Za 28. marec je v Berganu napovedana skupščina Zveze severa, Bossi pa je ta dan vladi postavil kot zadnji rok za sprejem zakona o implementaciji federalne reforme.",29,29,yes,2.35,2.3461538461538463,2.35,yes,1.75,1.7492260173865684,1.75,yes,8,8,yes,2.00,2,yes,2.00,2,yes,1.00,1.0,1.00,yes,"A[Za] B[28.] C[marec] D[je] E[v] F[Berganu] G[napovedana] H[skupščina] I[Zveze] J[severa]K[,] L[Bossi] M[pa] N[je] O[ta] P[dan] Q[vladi] R[postavil] S[kot] T[zadnji] U[rok] V[za] W[sprejem] X[zakona] Y[o] Z[implementaciji] A[federalne] B[reforme]C[.] ","(Za <case 28. <nummod marec) <obl je <cop (v <case Berganu) <obl napovedana >nsubj (skupščina >nmod (Zveze >nmod severa)) >parataxis (, <punct Bossi <nsubj pa <advmod je <aux (ta <det dan) <obl vladi <iobj postavil >obl (kot <case zadnji <amod rok >nmod (za <case sprejem >nmod (zakona >nmod (o <case implementaciji >nmod (federalne <amod reforme)))))) >punct .",
675,ssj531.2795.9960,"MARSA - Potem ko so zimsko sezono z uspešnim nastopom na svetovnem atletskem dvoranskem prvenstvu v Budimpešti prejšnji konec tedna sklenili tekači in šprinterji, so bili minuli konec tedna na Malti aktivni še najboljši slovenski metalci.",38,38,yes,4.91,4.911764705882353,4.91,yes,1.92,1.919800755240727,1.92,yes,5,5,yes,2.00,2,yes,1.00,1,yes,2.00,2.0,2.00,yes,"A[MARSA] B[-] C[Potem] D[ko] E[so] F[zimsko] G[sezono] H[z] I[uspešnim] J[nastopom] K[na] L[svetovnem] M[atletskem] N[dvoranskem] O[prvenstvu] P[v] Q[Budimpešti] R[prejšnji] S[konec] T[tedna] U[sklenili] V[tekači] W[in] X[šprinterji]Y[,] Z[so] A[bili] B[minuli] C[konec] D[tedna] E[na] F[Malti] G[aktivni] H[še] I[najboljši] J[slovenski] K[metalci]L[.] ","(MARSA >punct -) <parataxis ((Potem >fixed ko) <mark so <aux (zimsko <amod sezono) <obj (z <case uspešnim <amod nastopom >nmod (na <case svetovnem <amod atletskem <amod dvoranskem <amod prvenstvu)) <obl (v <case Budimpešti) <obl (prejšnji <amod konec >nmod tedna) <obl sklenili >nsubj (tekači >conj (in <cc šprinterji)) >punct ,) <advcl so <aux bili <cop (minuli <amod konec >nmod tedna) <obl (na <case Malti) <obl aktivni >nsubj (še <advmod najboljši <amod slovenski <amod metalci) >punct .",
676,ssj531.2795.9961,"Na EAA Challengu na Malti, neuradnem evropskem prvenstvu, se je od slovenske trojice pod vodstvom trenerja Vladimirja Keva z drugim mestom v suvanju krogle izkazal Miran Vodovnik.",30,30,yes,4.00,4.0,4.00,yes,1.89,1.8906723408930148,1.89,yes,6,6,yes,1.00,1,yes,1.00,1,yes,1.00,1.0,1.00,yes,"A[Na] B[EAA] C[Challengu] D[na] E[Malti]F[,] G[neuradnem] H[evropskem] I[prvenstvu]J[,] K[se] L[je] M[od] N[slovenske] O[trojice] P[pod] Q[vodstvom] R[trenerja] S[Vladimirja] T[Keva] U[z] V[drugim] W[mestom] X[v] Y[suvanju] Z[krogle] A[izkazal] B[Miran] C[Vodovnik]D[.] ","(Na <case EAA <nmod Challengu >nmod (na <case Malti) >appos (, <punct neuradnem <amod evropskem <amod prvenstvu >punct ,)) <obl se <expl je <aux (od <case slovenske <amod trojice >nmod (pod <case vodstvom >nmod (trenerja >nmod (Vladimirja >flat Keva)))) <obl (z <case drugim <amod mestom) <obl (v <case suvanju >nmod krogle) <obl izkazal >nsubj (Miran >flat Vodovnik) >punct .",
677,ssj531.2796.9962,"WASHINGTON - Liga NHL, sobota: Washington - Chicago 3:4, Tampa - NY Rangers 5:2, Carolina - Atlanta 4:2, Edmonton - Vancouver 4:3 (po podaljšku), Phoenix - Colorado 2:3, Anaheim - NY Islanders 1:3, nedelja: Boston - Buffalo 3:2 (po podaljšku), Philadelphia - New Jersey 2:1, Atlanta - Washington 5:2, Detroit - Dallas 3:0, San Jose - Los Angeles 3:1, Montreal - Toronto 4:3, Tampa - Carolina 1:5, Florida - NY Rangers 3:2 (po podaljšku), St. Louis 5:3, Nashville - Calgary 4:3, Vancouver - Ottawa 1:2, vrstni red, vzhod - atlantska skupina: Philadelphia 93, New Jersey 85, NY Islanders 76, NY Rangers 63, Pittsburgh 44, severovzhodna skupina: Boston 91, Ottawa 90, Toronto 88, Montreal 85, Buffalo 71, jugovzhodna skupina: Tampa 95, Florida 69, Atlanta 66, Carolina 65, Washington 52, zahod - centralna skupina: Detroit 94, Nashville in St. Louis po 78, Chicago 53, Columbus 52, severozahodna skupina: Colorado 91, Vancouver 87, Calgary 80, Edmonton 72, Minnesota 66, pacifiška skupina: San Jose 87, Dallas 82, Los Angeles 77, Anaheim 67, Phoenix 61.",232,232,yes,7.59,7.593333333333334,7.59,yes,0.48,0.4780469776972015,0.48,yes,10,10,yes,1.00,1,yes,1.00,1,yes,1.00,1.0,1.00,yes,"A[WASHINGTON] B[-] C[Liga] D[NHL]E[,] F[sobota]G[:] H[Washington] I[-] J[Chicago] K[3:4]L[,] M[Tampa] N[-] O[NY] P[Rangers] Q[5:2]R[,] S[Carolina] T[-] U[Atlanta] V[4:2]W[,] X[Edmonton] Y[-] Z[Vancouver] A[4:3] B[(]C[po] D[podaljšku]E[)]F[,] G[Phoenix] H[-] I[Colorado] J[2:3]K[,] L[Anaheim] M[-] N[NY] O[Islanders] P[1:3]Q[,] R[nedelja]S[:] T[Boston] U[-] V[Buffalo] W[3:2] X[(]Y[po] Z[podaljšku]A[)]B[,] C[Philadelphia] D[-] E[New] F[Jersey] G[2:1]H[,] I[Atlanta] J[-] K[Washington] L[5:2]M[,] N[Detroit] O[-] P[Dallas] Q[3:0]R[,] S[San] T[Jose] U[-] V[Los] W[Angeles] X[3:1]Y[,] Z[Montreal] A[-] B[Toronto] C[4:3]D[,] E[Tampa] F[-] G[Carolina] H[1:5]I[,] J[Florida] K[-] L[NY] M[Rangers] N[3:2] O[(]P[po] Q[podaljšku]R[)]S[,] T[St.] U[Louis] V[5:3]W[,] X[Nashville] Y[-] Z[Calgary] A[4:3]B[,] C[Vancouver] D[-] E[Ottawa] F[1:2]G[,] H[vrstni] I[red]J[,] K[vzhod] L[-] M[atlantska] N[skupina]O[:] P[Philadelphia] Q[93]R[,] S[New] T[Jersey] U[85]V[,] W[NY] X[Islanders] Y[76]Z[,] A[NY] B[Rangers] C[63]D[,] E[Pittsburgh] F[44]G[,] H[severovzhodna] I[skupina]J[:] K[Boston] L[91]M[,] N[Ottawa] O[90]P[,] Q[Toronto] R[88]S[,] T[Montreal] U[85]V[,] W[Buffalo] X[71]Y[,] Z[jugovzhodna] A[skupina]B[:] C[Tampa] D[95]E[,] F[Florida] G[69]H[,] I[Atlanta] J[66]K[,] L[Carolina] M[65]N[,] O[Washington] P[52]Q[,] R[zahod] S[-] T[centralna] U[skupina]V[:] W[Detroit] X[94]Y[,] Z[Nashville] A[in] B[St.] C[Louis] D[po] E[78]F[,] G[Chicago] H[53]I[,] J[Columbus] K[52]L[,] M[severozahodna] N[skupina]O[:] P[Colorado] Q[91]R[,] S[Vancouver] T[87]U[,] V[Calgary] W[80]X[,] Y[Edmonton] Z[72]A[,] B[Minnesota] C[66]D[,] E[pacifiška] F[skupina]G[:] H[San] I[Jose] J[87]K[,] L[Dallas] M[82]N[,] O[Los] P[Angeles] Q[77]R[,] S[Anaheim] T[67]U[,] V[Phoenix] W[61]X[.] ","WASHINGTON >appos (- <punct Liga >nmod NHL >appos (, <punct sobota >appos (: <punct Washington >conj (- <punct Chicago) >nummod 3:4 >list (, <punct Tampa >conj (- <punct NY >nmod Rangers) >nummod 5:2) >list (, <punct Carolina >conj (- <punct Atlanta) >nummod 4:2) >list (, <punct Edmonton >conj (- <punct Vancouver) >nummod (4:3 >appos (( <punct po <case podaljšku >punct )))) >list (, <punct Phoenix >conj (- <punct Colorado) >nummod 2:3) >list (, <punct Anaheim >conj (- <punct NY >nmod Islanders) >nummod 1:3)) >conj (, <punct nedelja >appos (: <punct Boston >conj (- <punct Buffalo) >nummod (3:2 >appos (( <punct po <case podaljšku >punct ))) >list (, <punct Philadelphia >conj (- <punct New <nmod Jersey) >nummod 2:1) >list (, <punct Atlanta >conj (- <punct Washington) >nummod 5:2) >list (, <punct Detroit >conj (- <punct Dallas) >nummod 3:0) >list (, <punct San <nmod Jose >conj (- <punct Los <nmod Angeles) >nummod 3:1) >list (, <punct Montreal >conj (- <punct Toronto) >nummod 4:3) >list (, <punct Tampa >conj (- <punct Carolina) >nummod 1:5) >list (, <punct Florida >conj (- <punct NY >nmod Rangers) >nummod (3:2 >appos (( <punct po <case podaljšku >punct )))) >list (, <punct St. <amod Louis >nummod 5:3) >list (, <punct Nashville >conj (- <punct Calgary) >nummod 4:3) >list (, <punct Vancouver >conj (- <punct Ottawa) >nummod 1:2)))) >appos (, <punct vrstni <amod red >appos (, <punct vzhod >appos (- <punct atlantska <amod skupina >appos (: <punct Philadelphia >nummod 93 >list (, <punct New <nmod Jersey >nummod 85) >list (, <punct NY >nmod Islanders >nummod 76) >list (, <punct NY >nmod Rangers >nummod 63) >list (, <punct Pittsburgh >nummod 44)) >conj (, <punct severovzhodna <amod skupina >appos (: <punct Boston >nummod 91 >list (, <punct Ottawa >nummod 90) >list (, <punct Toronto >nummod 88) >list (, <punct Montreal >nummod 85) >list (, <punct Buffalo >nummod 71))) >conj (, <punct jugovzhodna <amod skupina >appos (: <punct Tampa >nummod 95 >list (, <punct Florida >nummod 69) >list (, <punct Atlanta >nummod 66) >list (, <punct Carolina >nummod 65) >list (, <punct Washington >nummod 52)))) >conj (, <punct zahod >appos (- <punct centralna <amod skupina >appos (: <punct Detroit >nummod 94 >list (, <punct Nashville >conj (in <cc St. <amod Louis) >nmod (po <case 78)) >list (, <punct Chicago >nummod 53) >list (, <punct Columbus >nummod 52)) >conj (, <punct severozahodna <amod skupina >appos (: <punct Colorado >nummod 91 >list (, <punct Vancouver >nummod 87) >list (, <punct Calgary >nummod 80) >list (, <punct Edmonton >nummod 72) >list (, <punct Minnesota >nummod 66))) >conj (, <punct pacifiška <amod skupina >appos (: <punct San <nmod Jose >nummod 87 >list (, <punct Dallas >nummod 82) >list (, <punct Los <nmod Angeles >nummod 77) >list (, <punct Anaheim >nummod 67) >list (, <punct Phoenix >nummod 61)))))))) >punct .",
678,ssj531.2797.9963,"Francoski splošni zdravniki se soglasno strinjajo z dejstvom, ki ga ne znajo razložiti; bolniki se na rednih ali kontrolnih obiskih najpogosteje pritožujejo nad splošno utrujenostjo.",28,28,yes,3.21,3.2083333333333335,3.21,yes,1.32,1.3191550582822622,1.32,yes,6,6,yes,4.00,4,yes,2.00,2,yes,2.00,2.0,2.00,yes,"A[Francoski] B[splošni] C[zdravniki] D[se] E[soglasno] F[strinjajo] G[z] H[dejstvom]I[,] J[ki] K[ga] L[ne] M[znajo] N[razložiti]O[;] P[bolniki] Q[se] R[na] S[rednih] T[ali] U[kontrolnih] V[obiskih] W[najpogosteje] X[pritožujejo] Y[nad] Z[splošno] A[utrujenostjo]B[.] ","(Francoski <amod splošni <amod zdravniki) <nsubj se <expl soglasno <advmod strinjajo >obl (z <case dejstvom >acl (, <punct ki <mark ne <advmod znajo >xcomp (ga <obj razložiti))) >parataxis (; <punct bolniki <nsubj se <expl (na <case (rednih >conj (ali <cc kontrolnih)) <amod obiskih) <obl najpogosteje <advmod pritožujejo >obl (nad <case splošno <amod utrujenostjo)) >punct .",
679,ssj531.2797.9964,Vendar zdravniki utrujenosti ne obravnavajo kot bolezen.,8,8,yes,2.17,2.1666666666666665,2.17,yes,0.93,0.9274088025975961,0.93,yes,3,3,yes,1.00,1,yes,1.00,1,yes,1.00,1.0,1.00,yes,A[Vendar] B[zdravniki] C[utrujenosti] D[ne] E[obravnavajo] F[kot] G[bolezen]H[.] ,Vendar <cc zdravniki <nsubj utrujenosti <obj ne <advmod obravnavajo >obl (kot <case bolezen) >punct .,
680,ssj531.2797.9965,"Gre za simptom, ki zahteva diagnostične preiskave, s pomočjo katerih naj bi ločili med organskimi vzroki in tako imenovanimi funkcionalnimi vzroki.",24,24,yes,2.30,2.3,2.30,yes,0.66,0.6649570138418917,0.66,yes,9,9,yes,3.00,3,yes,1.00,1,yes,3.00,3.0,3.00,yes,"A[Gre] B[za] C[simptom]D[,] E[ki] F[zahteva] G[diagnostične] H[preiskave]I[,] J[s] K[pomočjo] L[katerih] M[naj] N[bi] O[ločili] P[med] Q[organskimi] R[vzroki] S[in] T[tako] U[imenovanimi] V[funkcionalnimi] W[vzroki]X[.] ","Gre >obl (za <case simptom >acl (, <punct ki <mark zahteva >obj (diagnostične <amod preiskave >acl (, <punct (s <case pomočjo >nmod katerih) <obl naj <advmod bi <aux ločili >obl (med <case organskimi <amod vzroki >conj (in <cc (tako >fixed imenovanimi) <advmod funkcionalnimi <amod vzroki)))))) >punct .",
681,ssj531.2797.9966,Ali gre za prve znake infekcijeske bolezni ali tumorja?,10,10,yes,1.62,1.625,1.62,yes,0.90,0.9007865453381898,0.90,yes,5,5,yes,1.00,1,yes,1.00,1,yes,1.00,1.0,1.00,yes,A[Ali] B[gre] C[za] D[prve] E[znake] F[infekcijeske] G[bolezni] H[ali] I[tumorja]J[?] ,Ali <advmod gre >obl (za <case prve <amod znake >nmod (infekcijeske <amod bolezni >conj (ali <cc tumorja))) >punct ?,
682,ssj531.2797.9967,Ali moramo v utrujenosti videti odsev slabega načina življenja?,10,10,yes,1.38,1.375,1.38,yes,1.07,1.067840630001356,1.07,yes,5,5,yes,2.00,2,yes,1.00,1,yes,2.00,2.0,2.00,yes,A[Ali] B[moramo] C[v] D[utrujenosti] E[videti] F[odsev] G[slabega] H[načina] I[življenja]J[?] ,Ali <advmod moramo >xcomp ((v <case utrujenosti) <obl videti >obj (odsev >nmod (slabega <amod načina >nmod življenja))) >punct ?,
683,ssj531.2797.9968,"In če je tako, kakšno terapijo uporabiti?",9,9,yes,1.83,1.8333333333333333,1.83,yes,1.33,1.3294647018836299,1.33,yes,3,3,yes,2.00,2,yes,1.00,1,yes,2.00,2.0,2.00,yes,"A[In] B[če] C[je] D[tako]E[,] F[kakšno] G[terapijo] H[uporabiti]I[?] ","(In <cc če <mark je >advmod tako >punct ,) <advcl (kakšno <det terapijo) <obj uporabiti >punct ?",
684,ssj532.2798.9969,"Od polnoči je tako za liter najbolj prodajanega 95-oktanskega motornega bencina treba odšteti 0,2-odstotka ali 30 stotinov več kot pred tem, torej 185,00 tolarjev.",30,30,yes,4.44,4.44,4.44,yes,0.67,0.6680896803240218,0.67,yes,6,6,yes,2.00,2,yes,1.00,1,yes,2.00,2.0,2.00,yes,"A[Od] B[polnoči] C[je] D[tako] E[za] F[liter] G[najbolj] H[prodajanega] I[95]J[-]K[oktanskega] L[motornega] M[bencina] N[treba] O[odšteti] P[0,2]Q[-]R[odstotka] S[ali] T[30] U[stotinov] V[več] W[kot] X[pred] Y[tem]Z[,] A[torej] B[185,00] C[tolarjev]D[.] ","je >advmod treba >csubj ((Od <case polnoči) <obl tako <advmod (za <case liter >nmod ((najbolj <advmod prodajanega) <amod (95 <nummod - <punct oktanskega) <amod motornega <amod bencina)) <obl odšteti >obl ((0,2 <nummod - <punct odstotka >conj (ali <cc 30 <nummod stotinov)) <nmod več >obl (kot <case pred <case tem) >appos (, <punct torej <cc 185,00 <nummod tolarjev))) >punct .",
685,ssj532.2798.9970,"Boljši, 98-oktanski, se je nasprotno za enako stopnjo in znesek pocenil, tako da je za liter namesto 193,10 treba odšteti 192,80 tolarjev.",28,28,yes,3.59,3.590909090909091,3.59,yes,1.62,1.6211409281215572,1.62,yes,5,5,yes,3.00,3,yes,2.00,2,yes,1.50,1.5,1.50,yes,"A[Boljši]B[,] C[98]D[-]E[oktanski]F[,] G[se] H[je] I[nasprotno] J[za] K[enako] L[stopnjo] M[in] N[znesek] O[pocenil]P[,] Q[tako] R[da] S[je] T[za] U[liter] V[namesto] W[193,10] X[treba] Y[odšteti] Z[192,80] A[tolarjev]B[.] ","(Boljši >appos (, <punct 98 <nummod - <punct oktanski >punct ,)) <nsubj se <expl je <aux nasprotno <advmod (za <case enako <det stopnjo >conj (in <cc znesek)) <obl pocenil >conj (, <punct (tako >fixed da) <cc je >advmod treba >csubj ((za <case liter) <obl (namesto <case 193,10) <obl odšteti >obj (192,80 <nummod tolarjev))) >punct .",
686,ssj532.2798.9971,"Bolj se je podražilo plinsko olje D-2, in sicer za 2,9 odstotka oziroma za 4,40 na 154,80 tolarjev za liter.",24,24,yes,2.45,2.45,2.45,yes,1.29,1.2949252927803052,1.29,yes,5,5,yes,1.00,1,yes,1.00,1,yes,1.00,1.0,1.00,yes,"A[Bolj] B[se] C[je] D[podražilo] E[plinsko] F[olje] G[D]H[-]I[2]J[,] K[in] L[sicer] M[za] N[2,9] O[odstotka] P[oziroma] Q[za] R[4,40] S[na] T[154,80] U[tolarjev] V[za] W[liter]X[.] ","Bolj <advmod se <expl je <aux podražilo >nsubj (plinsko <amod olje >nmod (D >nummod (- <punct 2))) >conj (, <punct (in >fixed sicer) <cc za <case 2,9 <nummod odstotka >conj (oziroma <cc za <case 4,40) >orphan (na <case 154,80 <nummod tolarjev >nmod (za <case liter))) >punct .",
687,ssj532.2798.9972,Največji udarec po denarnici pa bodo tako kot pred dvema tednoma tudi tokrat doživeli kupci kurilnega olja.,18,18,yes,3.50,3.5,3.50,yes,1.45,1.453060057432152,1.45,yes,4,4,yes,1.00,1,yes,1.00,1,yes,1.00,1.0,1.00,yes,A[Največji] B[udarec] C[po] D[denarnici] E[pa] F[bodo] G[tako] H[kot] I[pred] J[dvema] K[tednoma] L[tudi] M[tokrat] N[doživeli] O[kupci] P[kurilnega] Q[olja]R[.] ,(Največji <amod udarec >nmod (po <case denarnici)) <obj pa <advmod bodo <aux (tako >obl (kot <case pred <case dvema <nummod tednoma)) <advmod (tudi <advmod tokrat) <advmod doživeli >nsubj (kupci >nmod (kurilnega <amod olja)) >punct .,
688,ssj532.2798.9973,"Za liter tega bo treba v maloprodaji odšteti 91,60 tolarjev, kar je 4,7 odstotka ali 4,10 tolarja več kot še včeraj trenutek pred polnočjo.",26,26,yes,2.39,2.391304347826087,2.39,yes,1.39,1.389055319221199,1.39,yes,7,7,yes,3.00,3,yes,2.00,2,yes,1.50,1.5,1.50,yes,"A[Za] B[liter] C[tega] D[bo] E[treba] F[v] G[maloprodaji] H[odšteti] I[91,60] J[tolarjev]K[,] L[kar] M[je] N[4,7] O[odstotka] P[ali] Q[4,10] R[tolarja] S[več] T[kot] U[še] V[včeraj] W[trenutek] X[pred] Y[polnočjo]Z[.] ","bo >advmod treba >csubj ((Za <case liter >nmod tega) <obl (v <case maloprodaji) <obl odšteti >obj (91,60 <nummod tolarjev)) >parataxis (, <punct kar <nsubj je >obl ((4,7 <nummod odstotka >conj (ali <cc 4,10 <nummod tolarja)) <nmod več >obl (kot <case še <advmod včeraj >nmod (trenutek >nmod (pred <case polnočjo))))) >punct .",
689,ssj532.2799.9974,"Spravljivost petnajsterice bi morda zvenela logično, če čezatlantski trgovinski odnosi že vrsto let ne bi bili napeti prav zaradi finančnega »dopinga«, ki ameriškim firmam omogoča cenejšo prodajo izdelkov po Evropi (in drugod po svetu), kar je predlani naposled sprožilo tožbo Bruslja z zahtevo po odškodnini.",53,53,yes,3.61,3.6136363636363638,3.61,yes,1.41,1.4120992048742105,1.41,yes,8,8,yes,4.00,4,yes,2.00,2,yes,2.00,2.0,2.00,yes,"A[Spravljivost] B[petnajsterice] C[bi] D[morda] E[zvenela] F[logično]G[,] H[če] I[čezatlantski] J[trgovinski] K[odnosi] L[že] M[vrsto] N[let] O[ne] P[bi] Q[bili] R[napeti] S[prav] T[zaradi] U[finančnega] V[»]W[dopinga]X[«]Y[,] Z[ki] A[ameriškim] B[firmam] C[omogoča] D[cenejšo] E[prodajo] F[izdelkov] G[po] H[Evropi] I[(]J[in] K[drugod] L[po] M[svetu]N[)]O[,] P[kar] Q[je] R[predlani] S[naposled] T[sprožilo] U[tožbo] V[Bruslja] W[z] X[zahtevo] Y[po] Z[odškodnini]A[.] ","(Spravljivost >nmod petnajsterice) <nsubj bi <aux morda <advmod zvenela >advmod logično >advcl (, <punct če <mark (čezatlantski <amod trgovinski <amod odnosi) <nsubj (že <advmod vrsto >nmod let) <obl ne <advmod bi <aux bili <cop napeti >obl (prav <advmod zaradi <case finančnega <amod » <punct dopinga >punct « >acl (, <punct ki <mark (ameriškim <amod firmam) <iobj omogoča >obj (cenejšo <amod prodajo >nmod izdelkov >nmod (po <case Evropi >conj (( <punct in <cc drugod <advmod po <case svetu >punct ))))))) >parataxis (, <punct kar <nsubj je <aux predlani <advmod naposled <advmod sprožilo >obj (tožbo >nmod Bruslja >nmod (z <case zahtevo >nmod (po <case odškodnini)))) >punct .",
690,ssj532.2799.9975,"Toda podobno kakor pri dodatnih ameriških carinah na jeklo, ko se v Uniji niso zadovoljili zgolj s hrupnimi protesti proti tej nelegitimni potezi, temveč so celo zahtevali arbitražo WTO, s povračilnimi ukrepi tudi tokrat ni bilo nič.",41,41,yes,5.00,5.0,5.00,yes,2.01,2.0141023798587776,2.01,yes,5,5,yes,3.00,3,yes,2.00,2,yes,1.50,1.5,1.50,yes,"A[Toda] B[podobno] C[kakor] D[pri] E[dodatnih] F[ameriških] G[carinah] H[na] I[jeklo]J[,] K[ko] L[se] M[v] N[Uniji] O[niso] P[zadovoljili] Q[zgolj] R[s] S[hrupnimi] T[protesti] U[proti] V[tej] W[nelegitimni] X[potezi]Y[,] Z[temveč] A[so] B[celo] C[zahtevali] D[arbitražo] E[WTO]F[,] G[s] H[povračilnimi] I[ukrepi] J[tudi] K[tokrat] L[ni] M[bilo] N[nič]O[.] ","Toda <cc (podobno >obl (kakor <case pri <case dodatnih <amod ameriških <amod carinah >nmod (na <case jeklo))) <parataxis (, <punct ko <mark se <expl (v <case Uniji) <obl niso <aux zadovoljili >advmod zgolj >obl (s <case hrupnimi <amod protesti >nmod (proti <case tej <det nelegitimni <amod potezi)) >punct , >conj (temveč <cc so <aux celo <advmod zahtevali >obj (arbitražo >nmod WTO)) >punct ,) <advcl (s <case povračilnimi <amod ukrepi) <obl (tudi <advmod tokrat) <advmod ni <aux bilo >nsubj nič >punct .",
691,ssj532.2799.9976,"V Bruslju so resda pripravili seznam ameriških izdelkov, ki naj bi jih obdavčili še pred izrekom ženevske razsodbe, a so hkrati odložili uresničitev grožnje.",27,27,yes,2.35,2.347826086956522,2.35,yes,1.52,1.5189762335465002,1.52,yes,7,7,yes,3.00,3,yes,2.00,2,yes,1.50,1.5,1.50,yes,"A[V] B[Bruslju] C[so] D[resda] E[pripravili] F[seznam] G[ameriških] H[izdelkov]I[,] J[ki] K[naj] L[bi] M[jih] N[obdavčili] O[še] P[pred] Q[izrekom] R[ženevske] S[razsodbe]T[,] U[a] V[so] W[hkrati] X[odložili] Y[uresničitev] Z[grožnje]A[.] ","(V <case Bruslju) <obl so <aux resda <advmod pripravili >obj (seznam >nmod (ameriških <amod izdelkov >acl (, <punct ki <mark naj <advmod bi <aux jih <obj obdavčili >obl (še <advmod pred <case izrekom >nmod (ženevske <amod razsodbe)) >punct , >conj (a <cc so <aux hkrati <advmod odložili >obj (uresničitev >nmod grožnje))))) >punct .",
692,ssj532.2799.9977,"Manj orokavičeno so ukrepali proti izvoznikom na evropski trg, tudi proti proizvajalcem iz držav, ki bodo že čez dve ali tri leta članice skupnosti.",27,27,yes,2.96,2.9565217391304346,2.96,yes,1.18,1.1768807992775632,1.18,yes,9,9,yes,2.00,2,yes,1.00,1,yes,2.00,2.0,2.00,yes,"A[Manj] B[orokavičeno] C[so] D[ukrepali] E[proti] F[izvoznikom] G[na] H[evropski] I[trg]J[,] K[tudi] L[proti] M[proizvajalcem] N[iz] O[držav]P[,] Q[ki] R[bodo] S[že] T[čez] U[dve] V[ali] W[tri] X[leta] Y[članice] Z[skupnosti]A[.] ","(Manj <advmod orokavičeno) <advmod so <aux ukrepali >obl (proti <case izvoznikom >nmod (na <case evropski <amod trg) >appos (, <punct tudi <advmod proti <case proizvajalcem >nmod (iz <case držav >acl (, <punct ki <mark bodo <cop (že <advmod čez <case (dve >conj (ali <cc tri)) <nummod leta) <obl članice >nmod skupnosti)))) >punct .",
693,ssj532.2799.9978,"Takoj so jim naložili prodajne kvote, četudi za jeklarske zaplete niso prav nič krivi.",16,16,yes,3.00,3.0,3.00,yes,0.88,0.877009570622604,0.88,yes,4,4,yes,2.00,2,yes,1.00,1,yes,2.00,2.0,2.00,yes,"A[Takoj] B[so] C[jim] D[naložili] E[prodajne] F[kvote]G[,] H[četudi] I[za] J[jeklarske] K[zaplete] L[niso] M[prav] N[nič] O[krivi]P[.] ","Takoj <advmod so <aux jim <iobj naložili >obj (prodajne <amod kvote) >advcl (, <punct četudi <mark (za <case jeklarske <amod zaplete) <obl niso <cop (prav <advmod nič) <advmod krivi) >punct .",
694,ssj532.2800.9979,Pred dvema letoma je Slovenija sprejela Konvencijo o mednarodni trgovini z ogroženimi prostoživečimi živalskimi in rastlinskimi vrstami (CITES).,21,21,yes,3.29,3.2941176470588234,3.29,yes,1.12,1.1203480599632025,1.12,yes,7,7,yes,1.00,1,yes,1.00,1,yes,1.00,1.0,1.00,yes,A[Pred] B[dvema] C[letoma] D[je] E[Slovenija] F[sprejela] G[Konvencijo] H[o] I[mednarodni] J[trgovini] K[z] L[ogroženimi] M[prostoživečimi] N[živalskimi] O[in] P[rastlinskimi] Q[vrstami] R[(]S[CITES]T[)]U[.] ,(Pred <case dvema <nummod letoma) <obl je <aux Slovenija <nsubj sprejela >obj (Konvencijo >nmod (o <case mednarodni <amod trgovini >nmod (z <case ogroženimi <amod prostoživečimi <amod (živalskimi >conj (in <cc rastlinskimi)) <amod vrstami)) >appos (( <punct CITES >punct ))) >punct .,
695,ssj532.2800.9980,"Ta je sestavljena iz treh dodatkov - prvi govori o živalih, ki jim grozi izumrtje in je trgovanje z njimi v komercialne namene prepovedano, s tistimi v drugem je dovoljeno trgovati, a le pod strogim nadzorom, v tretjem pa so tiste, ki niso ogrožene in se z nadzorom zagotavlja, da bo tako tudi ostalo.",61,61,yes,3.79,3.7884615384615383,3.79,yes,1.19,1.1929679934682076,1.19,yes,8,8,yes,10.00,10,yes,6.00,6,yes,1.67,1.6666666666666667,1.67,yes,"A[Ta] B[je] C[sestavljena] D[iz] E[treh] F[dodatkov] G[-] H[prvi] I[govori] J[o] K[živalih]L[,] M[ki] N[jim] O[grozi] P[izumrtje] Q[in] R[je] S[trgovanje] T[z] U[njimi] V[v] W[komercialne] X[namene] Y[prepovedano]Z[,] A[s] B[tistimi] C[v] D[drugem] E[je] F[dovoljeno] G[trgovati]H[,] I[a] J[le] K[pod] L[strogim] M[nadzorom]N[,] O[v] P[tretjem] Q[pa] R[so] S[tiste]T[,] U[ki] V[niso] W[ogrožene] X[in] Y[se] Z[z] A[nadzorom] B[zagotavlja]C[,] D[da] E[bo] F[tako] G[tudi] H[ostalo]I[.] ","Ta <nsubj je <cop sestavljena >obl (iz <case treh <nummod dodatkov) >parataxis (- <punct prvi <nsubj govori >obl (o <case živalih >acl (, <punct ki <mark jim <obj grozi >nsubj izumrtje >conj (in <cc je <cop (trgovanje >nmod (z <case njimi) >nmod (v <case komercialne <amod namene)) <nsubj prepovedano))) >parataxis (, <punct je <cop dovoljeno >csubj ((s <case tistimi >nmod (v <case drugem)) <obl trgovati) >conj (, <punct a <cc le <advmod pod <case strogim <amod nadzorom)) >parataxis (, <punct (v <case tretjem) <obl pa <advmod so >nsubj (tiste >acl (, <punct ki <mark niso <cop ogrožene >conj (in <cc se <expl (z <case nadzorom) <obl zagotavlja >ccomp (, <punct da <mark bo <aux tako <advmod tudi <advmod ostalo)))))) >punct .",
696,ssj532.2800.9981,"»Če naj damo soglasje, mora uvoznik predložiti to listino, v državi izvoznici pa preverimo, ali jo je res izdala,« je zagotovila Urška Mavri.",30,30,yes,3.18,3.1818181818181817,3.18,yes,1.36,1.3610235125157717,1.36,yes,4,4,yes,6.00,6,yes,3.00,3,yes,2.00,2.0,2.00,yes,"A[»]B[Če] C[naj] D[damo] E[soglasje]F[,] G[mora] H[uvoznik] I[predložiti] J[to] K[listino]L[,] M[v] N[državi] O[izvoznici] P[pa] Q[preverimo]R[,] S[ali] T[jo] U[je] V[res] W[izdala]X[,]Y[«] Z[je] A[zagotovila] B[Urška] C[Mavri]D[.] ","» <punct mora >nsubj uvoznik >xcomp ((Če <mark naj <advmod damo >obj soglasje >punct ,) <advcl predložiti >obj (to <det listino)) >parataxis (, <punct (v <case državi >nmod izvoznici) <obl pa <advmod preverimo >ccomp (, <punct ali <mark jo <obj je <aux res <advmod izdala)) >punct , >punct « >parataxis (je <aux zagotovila >nsubj (Urška >flat Mavri)) >punct .",
697,ssj532.2801.9982,"Nekaj trenutkov po izpadu v zadnjem kvalifikacijskem situ za LP z Maccabijem Haifo (Izrael) je spregovoril avstrijski javnosti zelo premišljeno in zbrano (»Od preteklosti se, žal, ne da živeti...«), brez kakršnih koli izgovorov.",46,46,yes,3.72,3.71875,3.72,yes,1.86,1.864666240036143,1.86,yes,6,6,yes,3.00,3,yes,2.00,2,yes,1.50,1.5,1.50,yes,"A[Nekaj] B[trenutkov] C[po] D[izpadu] E[v] F[zadnjem] G[kvalifikacijskem] H[situ] I[za] J[LP] K[z] L[Maccabijem] M[Haifo] N[(]O[Izrael]P[)] Q[je] R[spregovoril] S[avstrijski] T[javnosti] U[zelo] V[premišljeno] W[in] X[zbrano] Y[(]Z[»]A[Od] B[preteklosti] C[se]D[,] E[žal]F[,] G[ne] H[da] I[živeti]J[.]K[.]L[.]M[«]N[)]O[,] P[brez] Q[kakršnih] R[koli] S[izgovorov]T[.] ","((Nekaj <det trenutkov) <nmod po <case izpadu >nmod (v <case zadnjem <amod kvalifikacijskem <amod situ >nmod (za <case LP) >nmod (z <case Maccabijem >flat Haifo >appos (( <punct Izrael >punct ))))) <obl je <aux spregovoril >iobj (avstrijski <amod javnosti) >advmod (zelo <advmod premišljeno >conj (in <cc zbrano)) >parataxis (( <punct » <punct se <expl (, <punct žal >punct ,) <advmod ne <advmod da >xcomp ((Od <case preteklosti) <obl živeti) >punct . >punct . >punct . >punct « >punct )) >obl (, <punct brez <case (kakršnih >fixed koli) <det izgovorov) >punct .",
698,ssj532.2801.9983,"In prvič po 8 letih se je zgodilo, da Osima ni bilo na Sturmovi klopi - »zdravstvene težave« so botrovale »bolniški« pred domačo preskušnjo s Paschingom.",32,32,yes,3.04,3.0416666666666665,3.04,yes,1.52,1.5163420752134453,1.52,yes,5,5,yes,3.00,3,yes,2.00,2,yes,1.50,1.5,1.50,yes,"A[In] B[prvič] C[po] D[8] E[letih] F[se] G[je] H[zgodilo]I[,] J[da] K[Osima] L[ni] M[bilo] N[na] O[Sturmovi] P[klopi] Q[-] R[»]S[zdravstvene] T[težave]U[«] V[so] W[botrovale] X[»]Y[bolniški]Z[«] A[pred] B[domačo] C[preskušnjo] D[s] E[Paschingom]F[.] ","In <cc prvič <advmod (po <case 8 <nummod letih) <obl se <expl je <aux zgodilo >csubj (, <punct da <mark Osima <nsubj ni <aux bilo >obl (na <case Sturmovi <amod klopi)) >punct - >parataxis ((» <punct zdravstvene <amod težave >punct «) <nsubj so <aux botrovale >obj (» <punct bolniški >punct «) >obl (pred <case domačo <amod preskušnjo >nmod (s <case Paschingom))) >punct .",
699,ssj532.2801.9984,"Tekmo je vodil Franco Foda, drugi graški trener, poraz z 1:3 proti novincu v ligi je boleče odjeknil med privrženci graških črno-belih, ki so z velikim transparentom (»Nočemo ostati še brez drugega Ivice«; vrzeli po Vastićevem odhodu na Japonsko se Sturmu zelo vidno poznajo) jasno dali vedeti, da se njihovi ljubljenci lahko vrnejo na zeleno vejo le pod Osimovo dirigentsko palico.",73,73,yes,4.72,4.721311475409836,4.72,yes,1.05,1.0526564604580757,1.05,yes,10,10,yes,8.00,8,yes,3.00,3,yes,2.67,2.6666666666666665,2.67,yes,"A[Tekmo] B[je] C[vodil] D[Franco] E[Foda]F[,] G[drugi] H[graški] I[trener]J[,] K[poraz] L[z] M[1:3] N[proti] O[novincu] P[v] Q[ligi] R[je] S[boleče] T[odjeknil] U[med] V[privrženci] W[graških] X[črno]Y[-]Z[belih]A[,] B[ki] C[so] D[z] E[velikim] F[transparentom] G[(]H[»]I[Nočemo] J[ostati] K[še] L[brez] M[drugega] N[Ivice]O[«]P[;] Q[vrzeli] R[po] S[Vastićevem] T[odhodu] U[na] V[Japonsko] W[se] X[Sturmu] Y[zelo] Z[vidno] A[poznajo]B[)] C[jasno] D[dali] E[vedeti]F[,] G[da] H[se] I[njihovi] J[ljubljenci] K[lahko] L[vrnejo] M[na] N[zeleno] O[vejo] P[le] Q[pod] R[Osimovo] S[dirigentsko] T[palico]U[.] ","Tekmo <obj je <aux vodil >nsubj (Franco >flat Foda >appos (, <punct drugi <amod graški <amod trener)) >parataxis (, <punct (poraz >nmod (z <case 1:3) >nmod (proti <case novincu >nmod (v <case ligi))) <nsubj je <aux boleče <advmod odjeknil >obl (med <case privrženci >amod (graških <amod črno >conj (- <punct belih)) >acl (, <punct ki <mark so <aux (z <case velikim <amod transparentom >acl (( <punct » <punct Nočemo >xcomp (ostati >obl (še <advmod brez <case drugega <amod Ivice)) >punct « >parataxis (; <punct vrzeli <nsubj (po <case Vastićevem <amod odhodu >nmod (na <case Japonsko)) <obl se <expl Sturmu <obj (zelo <advmod vidno) <advmod poznajo) >punct ))) <obl dali >xcomp (jasno <advmod vedeti >ccomp (, <punct da <mark se <expl (njihovi <det ljubljenci) <nsubj lahko <advmod vrnejo >obl (na <case zeleno <amod vejo) >obl (le <advmod pod <case Osimovo <amod dirigentsko <amod palico)))))) >punct .",
700,ssj532.2802.9985,"Ljubljana - Sonce se te dni upira prihodu jeseni, a bližajoči se uvodni hokejski dogodek sezone pri nas (od četrtka do nedelje tradicionalni blejski turnir) jasno naznanja začetek panog, značilnih za zimsko športno obdobje.",39,39,yes,3.62,3.625,3.62,yes,1.42,1.4179687376208818,1.42,yes,7,7,yes,2.00,2,yes,2.00,2,yes,1.00,1.0,1.00,yes,"A[Ljubljana] B[-] C[Sonce] D[se] E[te] F[dni] G[upira] H[prihodu] I[jeseni]J[,] K[a] L[bližajoči] M[se] N[uvodni] O[hokejski] P[dogodek] Q[sezone] R[pri] S[nas] T[(]U[od] V[četrtka] W[do] X[nedelje] Y[tradicionalni] Z[blejski] A[turnir]B[)] C[jasno] D[naznanja] E[začetek] F[panog]G[,] H[značilnih] I[za] J[zimsko] K[športno] L[obdobje]M[.] ","(Ljubljana >punct -) <parataxis Sonce <nsubj se <expl (te <det dni) <obl upira >obj (prihodu >nmod jeseni) >conj (, <punct a <cc ((bližajoči >nmod se) <amod uvodni <amod hokejski <amod dogodek >nmod (sezone >nmod (pri <case nas))) <nsubj (( <punct (od <case četrtka) <orphan (do <case nedelje) <orphan tradicionalni <amod blejski <amod turnir >punct )) <parataxis jasno <advmod naznanja >obj (začetek >nmod (panog >acl (, <punct značilnih >obl (za <case zimsko <amod športno <amod obdobje))))) >punct .",
701,ssj532.2802.9986,"Ljubitelji hokeja, ki se še kako radi spominjajo zadnjega dejanja minule sezone - SP skupine A in obstanka med elito - pa ta blejski turnir nestrpno pričakujejo tudi zato, ker se je minuli konec tedna na tujem prav uspešno predstavila naša reprezentančna vrsta.",46,46,yes,3.67,3.675,3.67,yes,2.21,2.2089888494797703,2.21,yes,8,8,yes,3.00,3,yes,1.00,1,yes,3.00,3.0,3.00,yes,"A[Ljubitelji] B[hokeja]C[,] D[ki] E[se] F[še] G[kako] H[radi] I[spominjajo] J[zadnjega] K[dejanja] L[minule] M[sezone] N[-] O[SP] P[skupine] Q[A] R[in] S[obstanka] T[med] U[elito] V[-] W[pa] X[ta] Y[blejski] Z[turnir] A[nestrpno] B[pričakujejo] C[tudi] D[zato]E[,] F[ker] G[se] H[je] I[minuli] J[konec] K[tedna] L[na] M[tujem] N[prav] O[uspešno] P[predstavila] Q[naša] R[reprezentančna] S[vrsta]T[.] ","(Ljubitelji >nmod hokeja >acl (, <punct ki <mark se <expl še <advmod (kako <advmod radi) <advmod spominjajo >obj (zadnjega <amod dejanja >nmod (minule <amod sezone) >appos (- <punct SP >nmod (skupine >nmod A) >conj (in <cc obstanka >nmod (med <case elito)) >punct -)))) <nsubj pa <advmod (ta <det blejski <amod turnir) <obj nestrpno <advmod pričakujejo >advmod tudi >advcl ((zato >punct , >fixed ker) <mark se <obj je <aux (minuli <amod konec >nmod tedna) <obl (na <case tujem) <obl (prav <advmod uspešno) <advmod predstavila >nsubj (naša <det reprezentančna <amod vrsta)) >punct .",
702,ssj533.2803.9987,Slobodan Milošević bo v haaških zaporih živel bolje kot večina srbskih upokojencev.,13,13,yes,2.00,2.0,2.00,yes,1.48,1.4787555303668967,1.48,yes,5,5,yes,1.00,1,yes,1.00,1,yes,1.00,1.0,1.00,yes,A[Slobodan] B[Milošević] C[bo] D[v] E[haaških] F[zaporih] G[živel] H[bolje] I[kot] J[večina] K[srbskih] L[upokojencev]M[.] ,(Slobodan >flat Milošević) <nsubj bo <aux (v <case haaških <amod zaporih) <obl živel >advmod (bolje >obl (kot <case večina >nmod (srbskih <amod upokojencev))) >punct .,
703,ssj533.2804.9988,Po ocenah Svetovne banke bi Jugoslavija v prihodnjih treh ali štirih letih potrebovala za oživitev svojega gospodarstva skoraj štiri milijarde dolarjev.,22,22,yes,3.10,3.1,3.10,yes,1.65,1.6489387040166632,1.65,yes,5,5,yes,1.00,1,yes,1.00,1,yes,1.00,1.0,1.00,yes,A[Po] B[ocenah] C[Svetovne] D[banke] E[bi] F[Jugoslavija] G[v] H[prihodnjih] I[treh] J[ali] K[štirih] L[letih] M[potrebovala] N[za] O[oživitev] P[svojega] Q[gospodarstva] R[skoraj] S[štiri] T[milijarde] U[dolarjev]V[.] ,(Po <case ocenah >nmod (Svetovne <amod banke)) <obl bi <aux Jugoslavija <nsubj (v <case prihodnjih <amod (treh >flat (ali <cc štirih)) <nummod letih) <obl potrebovala >obl (za <case oživitev >nmod (svojega <det gospodarstva)) >obj ((skoraj <advmod štiri) <nummod milijarde >nmod dolarjev) >punct .,
704,ssj533.2805.9989,"LA MACARENA Marksistični kolumbijski uporniki so izpustili več kot 200 policistov in vojakov, ki so jih zajeli v spopadih s kolumbijsko vojsko in policijo.",26,26,yes,2.13,2.130434782608696,2.13,yes,1.78,1.7843761003107546,1.78,yes,7,7,yes,2.00,2,yes,1.00,1,yes,2.00,2.0,2.00,yes,"A[LA] B[MACARENA] C[Marksistični] D[kolumbijski] E[uporniki] F[so] G[izpustili] H[več] I[kot] J[200] K[policistov] L[in] M[vojakov]N[,] O[ki] P[so] Q[jih] R[zajeli] S[v] T[spopadih] U[s] V[kolumbijsko] W[vojsko] X[in] Y[policijo]Z[.] ","(LA <nmod MACARENA) <parataxis (Marksistični <amod kolumbijski <amod uporniki) <nsubj so <aux izpustili >obj ((več >fixed kot) <advmod 200 <nummod policistov >conj (in <cc vojakov) >acl (, <punct ki <mark so <aux jih <obj zajeli >obl (v <case spopadih >nmod (s <case kolumbijsko <amod vojsko >conj (in <cc policijo))))) >punct .",
705,ssj533.2805.9990,Med njimi je bil tudi kolumbijski policist Jajiro Cardenas.,10,10,yes,1.50,1.5,1.50,yes,1.33,1.3274028432916989,1.33,yes,4,4,yes,1.00,1,yes,1.00,1,yes,1.00,1.0,1.00,yes,A[Med] B[njimi] C[je] D[bil] E[tudi] F[kolumbijski] G[policist] H[Jajiro] I[Cardenas]J[.] ,(Med <case njimi) <obl je <aux bil >nsubj (tudi <advmod kolumbijski <amod policist >nmod (Jajiro >flat Cardenas)) >punct .,
706,ssj533.2805.9991,"Ko je znova prišel med ljudi, ga je pričakal njegov mladoletni sin.",14,14,yes,2.18,2.1818181818181817,2.18,yes,1.57,1.5700816253466332,1.57,yes,4,4,yes,2.00,2,yes,1.00,1,yes,2.00,2.0,2.00,yes,"A[Ko] B[je] C[znova] D[prišel] E[med] F[ljudi]G[,] H[ga] I[je] J[pričakal] K[njegov] L[mladoletni] M[sin]N[.] ","(Ko <mark je <aux znova <advmod prišel >obl (med <case ljudi) >punct ,) <advcl ga <obj je <aux pričakal >nsubj (njegov <det mladoletni <amod sin) >punct .",
707,ssj533.2805.9992,(Foto: Reuters),5,5,yes,2.00,2.0,2.00,yes,0.35,0.3465735902799726,0.35,yes,3,3,yes,1.00,1,yes,1.00,1,yes,1.00,1.0,1.00,yes,A[(]B[Foto]C[:] D[Reuters]E[)] ,( <punct Foto >appos (: <punct Reuters) >punct ),
708,ssj533.2806.9993,"V avtomobilskem svetu ni veliko štirikolesnikov, ki bi imeli za seboj kar polstoletno tradicijo.",16,16,yes,1.85,1.8461538461538463,1.85,yes,1.36,1.3625173864043045,1.36,yes,6,6,yes,2.00,2,yes,1.00,1,yes,2.00,2.0,2.00,yes,"A[V] B[avtomobilskem] C[svetu] D[ni] E[veliko] F[štirikolesnikov]G[,] H[ki] I[bi] J[imeli] K[za] L[seboj] M[kar] N[polstoletno] O[tradicijo]P[.] ","(V <case avtomobilskem <amod svetu) <obl ni >nsubj (veliko <det štirikolesnikov >acl (, <punct ki <mark bi <aux imeli >obl (za <case seboj) >obj ((kar <advmod polstoletno) <amod tradicijo))) >punct .",
709,ssj533.2806.9994,Prav zato lahko pri japonski Toyoti zapišejo svojega land cruiserja v svojo zgodovino z zlatimi črkami.,17,17,yes,2.73,2.7333333333333334,2.73,yes,1.32,1.3214583094766639,1.32,yes,3,3,yes,1.00,1,yes,1.00,1,yes,1.00,1.0,1.00,yes,A[Prav] B[zato] C[lahko] D[pri] E[japonski] F[Toyoti] G[zapišejo] H[svojega] I[land] J[cruiserja] K[v] L[svojo] M[zgodovino] N[z] O[zlatimi] P[črkami]Q[.] ,(Prav <advmod zato) <advmod lahko <advmod (pri <case japonski <amod Toyoti) <obl zapišejo >obj (svojega <det land <nmod cruiserja) >obl (v <case svojo <det zgodovino) >obl (z <case zlatimi <amod črkami) >punct .,
710,ssj533.2806.9995,Ta vzdržljivi terenec ima z vmesnimi pomladitvenimi posegi na grbi nič manj kot petdeset let in je nasploh eden najuspešnejših modelov te avtomobilske tovarne.,25,25,yes,3.09,3.0869565217391304,3.09,yes,1.13,1.1337086274123545,1.13,yes,5,5,yes,2.00,2,yes,2.00,2,yes,1.00,1.0,1.00,yes,A[Ta] B[vzdržljivi] C[terenec] D[ima] E[z] F[vmesnimi] G[pomladitvenimi] H[posegi] I[na] J[grbi] K[nič] L[manj] M[kot] N[petdeset] O[let] P[in] Q[je] R[nasploh] S[eden] T[najuspešnejših] U[modelov] V[te] W[avtomobilske] X[tovarne]Y[.] ,(Ta <det vzdržljivi <amod terenec) <nsubj ima >obl (z <case vmesnimi <amod pomladitvenimi <amod posegi >nmod (na <case grbi)) >obj (((nič <advmod manj >fixed kot) <advmod petdeset) <nummod let) >conj (in <cc je <cop nasploh <advmod eden <nummod najuspešnejših <amod modelov >nmod (te <det avtomobilske <amod tovarne)) >punct .,
711,ssj533.2807.9996,"Novinarji v hiši so takrat zaradi formata malo godrnjali, zato jih je Beznik sklical na sestanek v sejno sobo (ki je bila tudi knjižnica) in jim razložil, da kdor je proti novi rotaciji, je proti napredku.",42,42,yes,3.31,3.3142857142857145,3.31,yes,1.68,1.6780441897958656,1.68,yes,7,7,yes,6.00,6,yes,3.00,3,yes,2.00,2.0,2.00,yes,"A[Novinarji] B[v] C[hiši] D[so] E[takrat] F[zaradi] G[formata] H[malo] I[godrnjali]J[,] K[zato] L[jih] M[je] N[Beznik] O[sklical] P[na] Q[sestanek] R[v] S[sejno] T[sobo] U[(]V[ki] W[je] X[bila] Y[tudi] Z[knjižnica]A[)] B[in] C[jim] D[razložil]E[,] F[da] G[kdor] H[je] I[proti] J[novi] K[rotaciji]L[,] M[je] N[proti] O[napredku]P[.] ","(Novinarji >nmod (v <case hiši)) <nsubj so <aux takrat <advmod (zaradi <case formata) <obl malo <advmod godrnjali >conj (, <punct zato <cc jih <obj je <aux Beznik <nsubj sklical >obl (na <case sestanek) >obl (v <case sejno <amod sobo >acl (( <punct ki <mark je <aux bila <cop tudi <advmod knjižnica >punct ))) >conj (in <cc jim <iobj razložil >ccomp (, <punct da <mark (kdor <nsubj je >obl (proti <case novi <amod rotaciji) >punct ,) <csubj je >obl (proti <case napredku)))) >punct .",
712,ssj533.2807.9997,"Nihče ni glasno nasprotoval napredku, na novo tehniko in disciplino, ki jo je zahtevala, pa so se vsi sčasoma navadili.",24,24,yes,3.79,3.789473684210526,3.79,yes,0.83,0.8331395302935508,0.83,yes,6,6,yes,3.00,3,yes,2.00,2,yes,1.50,1.5,1.50,yes,"A[Nihče] B[ni] C[glasno] D[nasprotoval] E[napredku]F[,] G[na] H[novo] I[tehniko] J[in] K[disciplino]L[,] M[ki] N[jo] O[je] P[zahtevala]Q[,] R[pa] S[so] T[se] U[vsi] V[sčasoma] W[navadili]X[.] ","Nihče <nsubj ni <aux glasno <advmod nasprotoval >obj napredku >parataxis (, <punct (na <case novo <amod tehniko >conj (in <cc disciplino >acl (, <punct ki <mark jo <obj je <aux zahtevala >punct ,))) <obl pa <advmod so <aux se <expl vsi <nsubj sčasoma <advmod navadili) >punct .",
713,ssj533.2808.9998,"Prva težava je seveda ta, da Slovenija kot državna tvorba nima zgodovine, saj je z desetimi leti šele dobro zakorakala v osnovno šolo, nima pa seveda niti tradicije, saj se je stari socialistični z gnusom odrekla, novo pa mora šele ustvariti.",47,47,yes,3.50,3.5,3.50,yes,0.94,0.9382503488415728,0.94,yes,8,8,yes,7.00,7,yes,5.00,5,yes,1.40,1.4,1.40,yes,"A[Prva] B[težava] C[je] D[seveda] E[ta]F[,] G[da] H[Slovenija] I[kot] J[državna] K[tvorba] L[nima] M[zgodovine]N[,] O[saj] P[je] Q[z] R[desetimi] S[leti] T[šele] U[dobro] V[zakorakala] W[v] X[osnovno] Y[šolo]Z[,] A[nima] B[pa] C[seveda] D[niti] E[tradicije]F[,] G[saj] H[se] I[je] J[stari] K[socialistični] L[z] M[gnusom] N[odrekla]O[,] P[novo] Q[pa] R[mora] S[šele] T[ustvariti]U[.] ","Prva <amod težava >cop je >advmod seveda >nsubj (ta >acl (, <punct da <mark (Slovenija >obl (kot <case državna <amod tvorba)) <nsubj nima >obj zgodovine >conj (, <punct saj <cc je <aux (z <case desetimi <nummod leti) <obl šele <advmod dobro <advmod zakorakala >obl (v <case osnovno <amod šolo)) >parataxis (, <punct nima >advmod pa >advmod seveda >obj (niti <advmod tradicije) >conj (, <punct saj <cc se <expl je <aux (stari <amod socialistični) <obj (z <case gnusom) <obl odrekla >parataxis (, <punct pa <advmod mora >xcomp (novo <obj šele <advmod ustvariti)))))) >punct .",
714,ssj533.2808.9999,"Če naj torej razmišljamo vsaj o funkciji proslav, bi rekli, da naj bi predstavljala povezovalno, združevalno simbolno točko, v kateri bi se državljani prepoznali in vsaj za en dan predali nekakšni empatiji do politične tvorbe, katere del so.",44,44,yes,2.54,2.5405405405405403,2.54,yes,2.07,2.0720297230955182,2.07,yes,9,9,yes,6.00,6,yes,2.00,2,yes,3.00,3.0,3.00,yes,"A[Če] B[naj] C[torej] D[razmišljamo] E[vsaj] F[o] G[funkciji] H[proslav]I[,] J[bi] K[rekli]L[,] M[da] N[naj] O[bi] P[predstavljala] Q[povezovalno]R[,] S[združevalno] T[simbolno] U[točko]V[,] W[v] X[kateri] Y[bi] Z[se] A[državljani] B[prepoznali] C[in] D[vsaj] E[za] F[en] G[dan] H[predali] I[nekakšni] J[empatiji] K[do] L[politične] M[tvorbe]N[,] O[katere] P[del] Q[so]R[.] ","(Če <mark naj <advmod torej <advmod razmišljamo >obl (vsaj <advmod o <case funkciji >nmod proslav) >punct ,) <advcl bi <aux rekli >ccomp (, <punct da <mark naj <advmod bi <aux predstavljala >obj ((povezovalno >conj (, <punct združevalno)) <amod simbolno <amod točko >acl (, <punct (v <case kateri) <obl bi <aux se <expl državljani <nsubj prepoznali >conj (in <cc (vsaj <advmod za <case en <nummod dan) <obl predali >iobj (nekakšni <det empatiji >nmod (do <case politične <amod tvorbe >acl (, <punct katere <det del >cop so))))))) >punct .",
715,ssj533.2808.10000,"Prepoznati pa bi se morali ne samo politiki, ampak predvsem prebivalci Slovenije; ne le tisti, ki jim je država izpolnila pričakovanja, ampak tudi oni, ki ji marsikaj očitajo; ne le Slovenci, ampak tudi tistih deset odstotkov, ki to niso.",48,48,yes,3.55,3.5526315789473686,3.55,yes,1.36,1.3558234173681993,1.36,yes,5,5,yes,5.00,5,yes,1.00,1,yes,5.00,5.0,5.00,yes,"A[Prepoznati] B[pa] C[bi] D[se] E[morali] F[ne] G[samo] H[politiki]I[,] J[ampak] K[predvsem] L[prebivalci] M[Slovenije]N[;] O[ne] P[le] Q[tisti]R[,] S[ki] T[jim] U[je] V[država] W[izpolnila] X[pričakovanja]Y[,] Z[ampak] A[tudi] B[oni]C[,] D[ki] E[ji] F[marsikaj] G[očitajo]H[;] I[ne] J[le] K[Slovenci]L[,] M[ampak] N[tudi] O[tistih] P[deset] Q[odstotkov]R[,] S[ki] T[to] U[niso]V[.] ","(Prepoznati >advmod pa >expl se) <xcomp bi <aux morali >nsubj ((ne >fixed samo) <cc politiki >conj (, <punct ampak <cc predvsem <advmod prebivalci >nmod Slovenije)) >parataxis (; <punct (ne >fixed le) <cc tisti >acl (, <punct ki <mark jim <iobj je <aux država <nsubj izpolnila >obj pričakovanja) >conj (, <punct (ampak >fixed tudi) <cc oni >acl (, <punct ki <mark ji <iobj marsikaj <obj očitajo))) >parataxis (; <punct (ne >fixed le) <cc Slovenci >conj (, <punct (ampak >fixed tudi) <cc tistih <det deset <nummod odstotkov >acl (, <punct ki <mark to >cop niso))) >punct .",
716,ssj533.2809.10001,"Pri projektu so le registrirali arheološke ostanke, vidne na površju.",12,12,yes,1.67,1.6666666666666667,1.67,yes,1.39,1.3925056211191693,1.39,yes,5,5,yes,1.00,1,yes,1.00,1,yes,1.00,1.0,1.00,yes,"A[Pri] B[projektu] C[so] D[le] E[registrirali] F[arheološke] G[ostanke]H[,] I[vidne] J[na] K[površju]L[.] ","(Pri <case projektu) <obl so <aux le <advmod registrirali >obj (arheološke <amod ostanke >amod (, <punct vidne >nmod (na <case površju))) >punct .",
717,ssj533.2809.10002,"Osredotočili so se na večja središča majevske kulture, ki so najbolj ogrožena.",14,14,yes,2.45,2.4545454545454546,2.45,yes,0.30,0.30100604319322677,0.30,yes,4,4,yes,2.00,2,yes,1.00,1,yes,2.00,2.0,2.00,yes,"A[Osredotočili] B[so] C[se] D[na] E[večja] F[središča] G[majevske] H[kulture]I[,] J[ki] K[so] L[najbolj] M[ogrožena]N[.] ","Osredotočili >aux so >expl se >obl (na <case večja <amod središča >nmod (majevske <amod kulture) >acl (, <punct ki <mark so <cop najbolj <advmod ogrožena)) >punct .",
718,ssj533.2809.10003,Delo so v glavnem opravili peš s prebijanjem skozi tropski gozd in obdelane površine v okolici današnjih vasi.,19,19,yes,1.88,1.8823529411764706,1.88,yes,1.59,1.5888030695016477,1.59,yes,7,7,yes,1.00,1,yes,1.00,1,yes,1.00,1.0,1.00,yes,A[Delo] B[so] C[v] D[glavnem] E[opravili] F[peš] G[s] H[prebijanjem] I[skozi] J[tropski] K[gozd] L[in] M[obdelane] N[površine] O[v] P[okolici] Q[današnjih] R[vasi]S[.] ,Delo <obj so <aux (v <case glavnem) <obl opravili >advmod peš >obl (s <case prebijanjem >nmod (skozi <case tropski <amod gozd >conj (in <cc obdelane <amod površine >nmod (v <case okolici >nmod (današnjih <amod vasi))))) >punct .,
719,ssj533.2809.10004,"Letalskih posnetkov je bilo malo na voljo, najdišča na posnetkih pa so zaradi goste vegetacije težko prepoznavna.",19,19,yes,3.25,3.25,3.25,yes,0.90,0.9007865453381898,0.90,yes,5,5,yes,2.00,2,yes,2.00,2,yes,1.00,1.0,1.00,yes,"A[Letalskih] B[posnetkov] C[je] D[bilo] E[malo] F[na] G[voljo]H[,] I[najdišča] J[na] K[posnetkih] L[pa] M[so] N[zaradi] O[goste] P[vegetacije] Q[težko] R[prepoznavna]S[.] ","(Letalskih <amod posnetkov) <nsubj je <aux bilo >obl malo >obl (na <case voljo) >parataxis (, <punct (najdišča >nmod (na <case posnetkih)) <nsubj pa <advmod so <cop (zaradi <case goste <amod vegetacije) <obl težko <advmod prepoznavna) >punct .",
720,ssj533.2809.10005,Iz istega razloga so komaj uporabni tudi satelitski posnetki terena.,11,11,yes,1.78,1.7777777777777777,1.78,yes,1.42,1.4191278783785755,1.42,yes,3,3,yes,1.00,1,yes,1.00,1,yes,1.00,1.0,1.00,yes,A[Iz] B[istega] C[razloga] D[so] E[komaj] F[uporabni] G[tudi] H[satelitski] I[posnetki] J[terena]K[.] ,(Iz <case istega <det razloga) <obl so <cop komaj <advmod uporabni >nsubj (tudi <advmod satelitski <amod posnetki >nmod terena) >punct .,
721,ssj533.2809.10006,"Določili so položaj in obseg najdišč, jih opisali in fotografirali, na večjih pa so opravili tudi geodetske posnetke na površini vidnih struktur.",25,25,yes,3.05,3.0476190476190474,3.05,yes,0.41,0.4079005732254626,0.41,yes,6,6,yes,4.00,4,yes,4.00,4,yes,1.00,1.0,1.00,yes,"A[Določili] B[so] C[položaj] D[in] E[obseg] F[najdišč]G[,] H[jih] I[opisali] J[in] K[fotografirali]L[,] M[na] N[večjih] O[pa] P[so] Q[opravili] R[tudi] S[geodetske] T[posnetke] U[na] V[površini] W[vidnih] X[struktur]Y[.] ","Določili >aux so >obj (položaj >conj (in <cc obseg) >nmod najdišč) >conj (, <punct jih <obj opisali) >conj (in <cc fotografirali) >parataxis (, <punct (na <case večjih) <obl pa <advmod so <aux opravili >obj (tudi <advmod geodetske <amod posnetke >nmod (na <case površini >nmod (vidnih <amod struktur)))) >punct .",
722,ssj533.2809.10007,Izkopavanja izbranih najdišč bodo morebiti sledila v kasnejših fazah preučevanja.,11,11,yes,2.00,2.0,2.00,yes,1.30,1.3013448427221919,1.30,yes,4,4,yes,1.00,1,yes,1.00,1,yes,1.00,1.0,1.00,yes,A[Izkopavanja] B[izbranih] C[najdišč] D[bodo] E[morebiti] F[sledila] G[v] H[kasnejših] I[fazah] J[preučevanja]K[.] ,(Izkopavanja >nmod (izbranih <amod najdišč)) <nsubj bodo <aux morebiti <advmod sledila >obl (v <case kasnejših <amod fazah >nmod preučevanja) >punct .,
723,ssj533.2810.10008,"Ime Maja se izvorno nanaša na jezik, in sicer na jezik domačinov severnega dela polotoka Jukatan, na katere so španski osvajalci naleteli na začetku 16. stoletja.",29,29,yes,2.16,2.16,2.16,yes,1.64,1.644048646955077,1.64,yes,8,8,yes,2.00,2,yes,1.00,1,yes,2.00,2.0,2.00,yes,"A[Ime] B[Maja] C[se] D[izvorno] E[nanaša] F[na] G[jezik]H[,] I[in] J[sicer] K[na] L[jezik] M[domačinov] N[severnega] O[dela] P[polotoka] Q[Jukatan]R[,] S[na] T[katere] U[so] V[španski] W[osvajalci] X[naleteli] Y[na] Z[začetku] A[16.] B[stoletja]C[.] ","(Ime >nmod Maja) <nsubj se <expl izvorno <advmod nanaša >obl (na <case jezik >appos (, <punct (in >fixed sicer) <cc na <case jezik >nmod (domačinov >nmod (severnega <amod dela >nmod (polotoka >nmod Jukatan)) >acl (, <punct (na <case katere) <obl so <aux (španski <amod osvajalci) <nsubj naleteli >obl (na <case začetku >nmod (16. <nummod stoletja)))))) >punct .",
724,ssj533.2810.10009,"Ime se je potem razširilo na celotno območje, čeprav avtohtone skupine sebe niso označevale s skupnim imenom.",19,19,yes,2.75,2.75,2.75,yes,1.18,1.179412405658461,1.18,yes,4,4,yes,2.00,2,yes,1.00,1,yes,2.00,2.0,2.00,yes,"A[Ime] B[se] C[je] D[potem] E[razširilo] F[na] G[celotno] H[območje]I[,] J[čeprav] K[avtohtone] L[skupine] M[sebe] N[niso] O[označevale] P[s] Q[skupnim] R[imenom]S[.] ","Ime <nsubj se <expl je <aux potem <advmod razširilo >obl (na <case celotno <amod območje) >advcl (, <punct čeprav <mark (avtohtone <amod skupine) <nsubj sebe <obj niso <aux označevale >obl (s <case skupnim <amod imenom)) >punct .",
725,ssj533.2810.10010,"Potomci nekdanjih Majev živijo še danes, med njimi je še vedno najti kulturne prvine, ki so predšpanskega izvora, a tudi ti ne čutijo prave pripadnosti enotni majevski kulturi, temveč le svoji lokalni skupini.",38,38,yes,2.97,2.96875,2.97,yes,1.34,1.3378741431589942,1.34,yes,6,6,yes,5.00,5,yes,3.00,3,yes,1.67,1.6666666666666667,1.67,yes,"A[Potomci] B[nekdanjih] C[Majev] D[živijo] E[še] F[danes]G[,] H[med] I[njimi] J[je] K[še] L[vedno] M[najti] N[kulturne] O[prvine]P[,] Q[ki] R[so] S[predšpanskega] T[izvora]U[,] V[a] W[tudi] X[ti] Y[ne] Z[čutijo] A[prave] B[pripadnosti] C[enotni] D[majevski] E[kulturi]F[,] G[temveč] H[le] I[svoji] J[lokalni] K[skupini]L[.] ","(Potomci >nmod (nekdanjih <amod Majev)) <nsubj živijo >advmod (še <advmod danes) >parataxis (, <punct je >csubj ((med <case njimi) <obl še <advmod vedno <advmod najti >obj (kulturne <amod prvine >acl (, <punct ki <mark so <cop predšpanskega <amod izvora)))) >conj (, <punct a <cc (tudi <advmod ti) <nsubj ne <advmod čutijo >obj (prave <amod pripadnosti >nmod (enotni <amod majevski <amod kulturi >conj (, <punct temveč <cc le <advmod svoji <det lokalni <amod skupini)))) >punct .",
726,ssj533.2811.10011,"In to pred tradicionalnim angleškim občinstvom, ki pri navijanju ne uporablja bakel, konfetov, bobnov in drugih pripomočkov, ampak samo grlo in dlani?",27,27,yes,2.90,2.9047619047619047,2.90,yes,1.35,1.3517895270258506,1.35,yes,5,5,yes,2.00,2,yes,1.00,1,yes,2.00,2.0,2.00,yes,"A[In] B[to] C[pred] D[tradicionalnim] E[angleškim] F[občinstvom]G[,] H[ki] I[pri] J[navijanju] K[ne] L[uporablja] M[bakel]N[,] O[konfetov]P[,] Q[bobnov] R[in] S[drugih] T[pripomočkov]U[,] V[ampak] W[samo] X[grlo] Y[in] Z[dlani]A[?] ","(In >fixed to) <cc pred <case tradicionalnim <amod angleškim <amod občinstvom >acl (, <punct ki <mark (pri <case navijanju) <obl ne <advmod uporablja >obj (bakel >conj (, <punct konfetov) >conj (, <punct bobnov) >conj (in <cc drugih <amod pripomočkov)) >conj (, <punct ampak <cc samo <advmod grlo >conj (in <cc dlani))) >punct ?",
727,ssj533.2812.10012,Pred evropskim prvenstvom smo mesec dni preživeli skupaj.,9,9,yes,2.00,2.0,2.00,yes,1.25,1.252762968495368,1.25,yes,3,3,yes,1.00,1,yes,1.00,1,yes,1.00,1.0,1.00,yes,A[Pred] B[evropskim] C[prvenstvom] D[smo] E[mesec] F[dni] G[preživeli] H[skupaj]I[.] ,(Pred <case evropskim <amod prvenstvom) <obl smo <aux (mesec >nmod dni) <obl preživeli >advmod skupaj >punct .,
728,ssj533.2812.10013,"Če bi sedaj imeli več časa za priprave, bi lahko odigrali na podoben način, vendar se sedaj dobimo dan pred tekmo.",24,24,yes,2.45,2.45,2.45,yes,1.84,1.84423143711436,1.84,yes,5,5,yes,3.00,3,yes,2.00,2,yes,1.50,1.5,1.50,yes,"A[Če] B[bi] C[sedaj] D[imeli] E[več] F[časa] G[za] H[priprave]I[,] J[bi] K[lahko] L[odigrali] M[na] N[podoben] O[način]P[,] Q[vendar] R[se] S[sedaj] T[dobimo] U[dan] V[pred] W[tekmo]X[.] ","(Če <mark bi <aux sedaj <advmod imeli >obj (več <det časa >nmod (za <case priprave)) >punct ,) <advcl bi <aux lahko <advmod odigrali >obl (na <case podoben <amod način) >conj (, <punct vendar <cc se <expl sedaj <advmod dobimo >obl (dan <nmod pred <case tekmo)) >punct .",
729,ssj533.2812.10014,"Tedaj smo imeli dovolj časa, da se pripravimo, v dveh, treh dneh pa se težko popravi formo.",21,21,yes,3.06,3.0625,3.06,yes,0.82,0.8163689295831,0.82,yes,6,6,yes,3.00,3,yes,2.00,2,yes,1.50,1.5,1.50,yes,"A[Tedaj] B[smo] C[imeli] D[dovolj] E[časa]F[,] G[da] H[se] I[pripravimo]J[,] K[v] L[dveh]M[,] N[treh] O[dneh] P[pa] Q[se] R[težko] S[popravi] T[formo]U[.] ","Tedaj <advmod smo <aux imeli >obj (dovolj <det časa >acl (, <punct da <mark se <expl pripravimo >punct ,)) >parataxis ((v <case (dveh >conj (, <punct treh)) <nummod dneh) <obl pa <advmod se <expl težko <advmod popravi >obj formo) >punct .",
730,ssj533.2813.10015,Bi se vam z detektorjem laži v mobilnem telefonu življenje spremenilo na bolje ali slabše,15,15,yes,3.50,3.5,3.50,yes,1.27,1.2657133327114465,1.27,yes,4,4,yes,1.00,1,yes,1.00,1,yes,1.00,1.0,1.00,yes,A[Bi] B[se] C[vam] D[z] E[detektorjem] F[laži] G[v] H[mobilnem] I[telefonu] J[življenje] K[spremenilo] L[na] M[bolje] N[ali] O[slabše] ,Bi <aux se <expl vam <iobj (z <case detektorjem >nmod laži >nmod (v <case mobilnem <amod telefonu)) <obl življenje <nsubj spremenilo >advmod (na <case bolje >advmod (ali <cc slabše)),
731,ssj533.2814.10016,"Ker nisem član Mednarodnega olimpijskega komiteja in tako nimam nobene funkcije, si lahko privoščim in zaželim, da bom predsednika EOC dr. Jacquesa Roggeja v prihodnje srečeval v novi vlogi, je pripomnil Milan Kučan in pri tem namignil na kandidaturo belgijskega kirurga za predsednika MOK, katerega bodo izbirali 13. julija na kongresu v Moskvi.",58,58,yes,2.92,2.923076923076923,2.92,yes,2.26,2.25701015757697,2.26,yes,9,9,yes,8.00,8,yes,5.00,5,yes,1.60,1.6,1.60,yes,"A[Ker] B[nisem] C[član] D[Mednarodnega] E[olimpijskega] F[komiteja] G[in] H[tako] I[nimam] J[nobene] K[funkcije]L[,] M[si] N[lahko] O[privoščim] P[in] Q[zaželim]R[,] S[da] T[bom] U[predsednika] V[EOC] W[dr.] X[Jacquesa] Y[Roggeja] Z[v] A[prihodnje] B[srečeval] C[v] D[novi] E[vlogi]F[,] G[je] H[pripomnil] I[Milan] J[Kučan] K[in] L[pri] M[tem] N[namignil] O[na] P[kandidaturo] Q[belgijskega] R[kirurga] S[za] T[predsednika] U[MOK]V[,] W[katerega] X[bodo] Y[izbirali] Z[13.] A[julija] B[na] C[kongresu] D[v] E[Moskvi]F[.] ","(Ker <mark nisem <cop član >nmod (Mednarodnega <amod olimpijskega <amod komiteja) >conj (in <cc tako <advmod nimam >obj (nobene <det funkcije)) >punct ,) <advcl si <iobj lahko <advmod privoščim >conj (in <cc zaželim >ccomp (, <punct da <mark bom <aux (predsednika >nmod EOC >nmod (dr. <nmod Jacquesa >flat Roggeja)) <obj (v <case prihodnje) <obl srečeval >obl (v <case novi <amod vlogi))) >punct , >parataxis (je <aux pripomnil >nsubj (Milan >flat Kučan) >conj (in <cc (pri <case tem) <obl namignil >obl (na <case kandidaturo >nmod (belgijskega <amod kirurga) >nmod (za <case predsednika >nmod MOK >acl (, <punct katerega <obj bodo <aux izbirali >obl (13. <nummod julija) >obl (na <case kongresu >nmod (v <case Moskvi))))))) >punct .",
732,ssj533.2814.10017,"Rogge v skladu s pravili sploh ne sme omeniti svoje kandidature, kaj šele lobirati in agitirati zanjo.",19,19,yes,2.38,2.375,2.38,yes,1.56,1.5610176944732042,1.56,yes,5,5,yes,4.00,4,yes,3.00,3,yes,1.33,1.3333333333333333,1.33,yes,"A[Rogge] B[v] C[skladu] D[s] E[pravili] F[sploh] G[ne] H[sme] I[omeniti] J[svoje] K[kandidature]L[,] M[kaj] N[šele] O[lobirati] P[in] Q[agitirati] R[zanjo]S[.] ","Rogge <nsubj sploh <advmod ne <advmod sme >xcomp ((v <case skladu >nmod (s <case pravili)) <obl omeniti >obj (svoje <det kandidature)) >parataxis (, <punct (kaj >fixed šele) <advmod lobirati >conj (in <cc agitirati >obl zanjo)) >punct .",
733,ssj533.2814.10018,"A je to zelo spretno naredil generalni sekretar EOC, z vsemi žavbami namazani in zviti Italijan Mario Pescante, ko je v uvodnem referatu dejal, da Rogge je idealna izbira za predsednika MOK, na kar so udeleženci reagirali z gromkim aplavzom.",45,45,yes,3.59,3.58974358974359,3.59,yes,1.45,1.4495797811991928,1.45,yes,6,6,yes,4.00,4,yes,2.00,2,yes,2.00,2.0,2.00,yes,"A[A] B[je] C[to] D[zelo] E[spretno] F[naredil] G[generalni] H[sekretar] I[EOC]J[,] K[z] L[vsemi] M[žavbami] N[namazani] O[in] P[zviti] Q[Italijan] R[Mario] S[Pescante]T[,] U[ko] V[je] W[v] X[uvodnem] Y[referatu] Z[dejal]A[,] B[da] C[Rogge] D[je] E[idealna] F[izbira] G[za] H[predsednika] I[MOK]J[,] K[na] L[kar] M[so] N[udeleženci] O[reagirali] P[z] Q[gromkim] R[aplavzom]S[.] ","A <cc je <aux to <obj (zelo <advmod spretno) <advmod naredil >nsubj (generalni <amod sekretar >nmod EOC >nmod (, <punct ((z <case vsemi <det žavbami) <nmod namazani >conj (in <cc zviti)) <amod Italijan >nmod (Mario >flat Pescante))) >advcl (, <punct ko <mark je <aux (v <case uvodnem <amod referatu) <obl dejal >ccomp (, <punct da <mark Rogge <nsubj je <cop idealna <amod izbira >nmod (za <case predsednika >nmod MOK))) >parataxis (, <punct (na <case kar) <obl so <aux udeleženci <nsubj reagirali >obl (z <case gromkim <amod aplavzom)) >punct .",
734,ssj533.2814.10019,"A Rogge ni ostal brez besed ob Kučanovih željah, ampak je dejal: Ker niste član nobenega organa MOK, vam lahko izročim darilo.",26,26,yes,2.76,2.761904761904762,2.76,yes,1.20,1.1994878265986604,1.20,yes,6,6,yes,4.00,4,yes,3.00,3,yes,1.33,1.3333333333333333,1.33,yes,"A[A] B[Rogge] C[ni] D[ostal] E[brez] F[besed] G[ob] H[Kučanovih] I[željah]J[,] K[ampak] L[je] M[dejal]N[:] O[Ker] P[niste] Q[član] R[nobenega] S[organa] T[MOK]U[,] V[vam] W[lahko] X[izročim] Y[darilo]Z[.] ","A <cc Rogge <nsubj ni <aux ostal >obl (brez <case besed) >obl (ob <case Kučanovih <amod željah) >conj (, <punct ampak <cc je <aux dejal >parataxis (: <punct (Ker <mark niste <cop član >nmod (nobenega <det organa >nmod MOK) >punct ,) <advcl vam <iobj lahko <advmod izročim >obj darilo)) >punct .",
735,ssj533.2814.10020,"Če bi bili, bi to razumeli kot podkupovanje.",10,10,yes,1.86,1.8571428571428572,1.86,yes,1.33,1.3268709406490897,1.33,yes,3,3,yes,2.00,2,yes,1.00,1,yes,2.00,2.0,2.00,yes,"A[Če] B[bi] C[bili]D[,] E[bi] F[to] G[razumeli] H[kot] I[podkupovanje]J[.] ","(Če <mark bi <aux bili >punct ,) <advcl bi <aux to <obj razumeli >obl (kot <case podkupovanje) >punct .",
736,ssj533.2814.10021,"Udeleženci srečanja, ki je prvovrsten mednarodni športno-politični dogodek, so bili seveda navdušeni, ko so lahko klepetali z dobro razpoloženim Kučanom, Rogge pa mu je še polaskal, da ni dvomil v dobro organizacijo srečanja v Portorožu, ker je Slovenija tako vrhunsko pripravila srečanje Putin - Bush.",54,54,yes,3.57,3.5681818181818183,3.57,yes,2.01,2.0063330066489744,2.01,yes,8,8,yes,6.00,6,yes,2.00,2,yes,3.00,3.0,3.00,yes,"A[Udeleženci] B[srečanja]C[,] D[ki] E[je] F[prvovrsten] G[mednarodni] H[športno]I[-]J[politični] K[dogodek]L[,] M[so] N[bili] O[seveda] P[navdušeni]Q[,] R[ko] S[so] T[lahko] U[klepetali] V[z] W[dobro] X[razpoloženim] Y[Kučanom]Z[,] A[Rogge] B[pa] C[mu] D[je] E[še] F[polaskal]G[,] H[da] I[ni] J[dvomil] K[v] L[dobro] M[organizacijo] N[srečanja] O[v] P[Portorožu]Q[,] R[ker] S[je] T[Slovenija] U[tako] V[vrhunsko] W[pripravila] X[srečanje] Y[Putin] Z[-] A[Bush]B[.] ","(Udeleženci >nmod (srečanja >acl (, <punct ki <mark je <cop prvovrsten <amod mednarodni <amod (športno >conj (- <punct politični)) <amod dogodek >punct ,))) <nsubj so <aux bili <cop seveda <advmod navdušeni >advcl (, <punct ko <mark so <aux lahko <advmod klepetali >obl (z <case (dobro <advmod razpoloženim) <amod Kučanom) >punct ,) >parataxis (Rogge <nsubj pa <advmod mu <iobj je <aux še <advmod polaskal >ccomp (, <punct da <mark ni <aux dvomil >obl (v <case dobro <amod organizacijo >nmod (srečanja >nmod (v <case Portorožu))) >advcl (, <punct ker <mark je <aux Slovenija <nsubj (tako <advmod vrhunsko) <advmod pripravila >obj (srečanje >nmod (Putin >conj (- <punct Bush)))))) >punct .",
737,ssj533.2814.10022,"Pogrešali so le, da bi jih obiskala tudi slovenska ministrica za šport Lucija Čok in državni sekretar za šport Drago Balent, a sta imela očitno druge obveznosti, čeprav bi se spodobilo, da bi bila zraven na doslej največjem srečanju olimpijske družine v Sloveniji.",48,48,yes,2.69,2.6904761904761907,2.69,yes,0.88,0.8791166087127118,0.88,yes,8,8,yes,5.00,5,yes,2.00,2,yes,2.50,2.5,2.50,yes,"A[Pogrešali] B[so] C[le]D[,] E[da] F[bi] G[jih] H[obiskala] I[tudi] J[slovenska] K[ministrica] L[za] M[šport] N[Lucija] O[Čok] P[in] Q[državni] R[sekretar] S[za] T[šport] U[Drago] V[Balent]W[,] X[a] Y[sta] Z[imela] A[očitno] B[druge] C[obveznosti]D[,] E[čeprav] F[bi] G[se] H[spodobilo]I[,] J[da] K[bi] L[bila] M[zraven] N[na] O[doslej] P[največjem] Q[srečanju] R[olimpijske] S[družine] T[v] U[Sloveniji]V[.] ","Pogrešali >aux so >advmod le >ccomp (, <punct da <mark bi <aux jih <obj obiskala >nsubj (tudi <advmod slovenska <amod ministrica >nmod (za <case šport) >nmod (Lucija >flat Čok) >conj (in <cc državni <amod sekretar >nmod (za <case šport) >nmod (Drago >flat Balent))) >punct , >conj (a <cc sta <aux imela >advmod očitno >obj (druge <amod obveznosti) >advcl (, <punct čeprav <mark bi <aux se <expl spodobilo >advcl (, <punct da <mark bi <aux bila >advmod zraven >obl (na <case doslej <advmod največjem <amod srečanju >nmod (olimpijske <amod družine) >nmod (v <case Sloveniji)))))) >punct .",
738,ssj533.2814.10023,(jo),3,3,yes,0.00,n/a,n/a,NO,0.00,n/a,n/a,NO,2,2,yes,1.00,1,yes,1.00,1,yes,1.00,1.0,1.00,yes,A[(]B[jo]C[)] ,( <punct jo >punct ),MDD: STARK=0.00 vs SyntComplex=n/a (na_vs_numeric); NDD: STARK=0.00 vs SyntComplex=n/a (na_vs_numeric)
739,ssj533.2815.10024,"Dolly Parton je pevka, glavna zanimivost newyorškega nočnega kluba Rhinestone.",12,12,yes,1.78,1.7777777777777777,1.78,yes,1.22,1.2163953243244932,1.22,yes,4,4,yes,1.00,1,yes,1.00,1,yes,1.00,1.0,1.00,yes,"A[Dolly] B[Parton] C[je] D[pevka]E[,] F[glavna] G[zanimivost] H[newyorškega] I[nočnega] J[kluba] K[Rhinestone]L[.] ","(Dolly >flat Parton) <nsubj je <cop pevka >appos (, <punct glavna <amod zanimivost >nmod (newyorškega <amod nočnega <amod kluba >nmod Rhinestone)) >punct .",
740,ssj533.2815.10025,"S svojim šefom Freddijem stavi, da lahko v dveh tednih kogar koli spremeni v pevca.",17,17,yes,2.86,2.857142857142857,2.86,yes,1.07,1.0744254965260018,1.07,yes,4,4,yes,2.00,2,yes,1.00,1,yes,2.00,2.0,2.00,yes,"A[S] B[svojim] C[šefom] D[Freddijem] E[stavi]F[,] G[da] H[lahko] I[v] J[dveh] K[tednih] L[kogar] M[koli] N[spremeni] O[v] P[pevca]Q[.] ","(S <case svojim <det šefom >nmod Freddijem) <obl stavi >ccomp (, <punct da <mark lahko <advmod (v <case dveh <nummod tednih) <obl (kogar >fixed koli) <obj spremeni >obl (v <case pevca)) >punct .",
741,ssj533.2815.10026,"Če bo izgubila stavo, bo morala še pet let peti v Rhinestoneu in preživeti nepozabno noč s Freddijem.",20,20,yes,2.12,2.1176470588235294,2.12,yes,1.64,1.6392561521558706,1.64,yes,5,5,yes,4.00,4,yes,2.00,2,yes,2.00,2.0,2.00,yes,"A[Če] B[bo] C[izgubila] D[stavo]E[,] F[bo] G[morala] H[še] I[pet] J[let] K[peti] L[v] M[Rhinestoneu] N[in] O[preživeti] P[nepozabno] Q[noč] R[s] S[Freddijem]T[.] ","bo <aux morala >advmod še >xcomp ((Če <mark bo <aux izgubila >obj stavo >punct ,) <advcl (pet <nummod let) <obl peti >obl (v <case Rhinestoneu) >conj (in <cc preživeti >obj (nepozabno <amod noč) >obl (s <case Freddijem))) >punct .",
742,ssj533.2815.10027,Vse svoje upe stavi na taksista Sylvestra Stallona.,9,9,yes,1.29,1.2857142857142858,1.29,yes,1.41,1.4147878268066958,1.41,yes,4,4,yes,1.00,1,yes,1.00,1,yes,1.00,1.0,1.00,yes,A[Vse] B[svoje] C[upe] D[stavi] E[na] F[taksista] G[Sylvestra] H[Stallona]I[.] ,(Vse <det svoje <det upe) <obj stavi >obl (na <case taksista >nmod (Sylvestra >flat Stallona)) >punct .,
743,ssj534.2816.10028,"Festival v Celju je dobro zastavil okrogle mize, filmske delavnice, predstavil mednarodne sklade in ustanove ter posvetovanja.",20,20,yes,2.25,2.25,2.25,yes,1.47,1.4712438795175893,1.47,yes,5,5,yes,2.00,2,yes,2.00,2,yes,1.00,1.0,1.00,yes,"A[Festival] B[v] C[Celju] D[je] E[dobro] F[zastavil] G[okrogle] H[mize]I[,] J[filmske] K[delavnice]L[,] M[predstavil] N[mednarodne] O[sklade] P[in] Q[ustanove] R[ter] S[posvetovanja]T[.] ","(Festival >nmod (v <case Celju)) <nsubj je <aux dobro <advmod zastavil >obj (okrogle <amod mize >conj (, <punct filmske <amod delavnice)) >parataxis (, <punct predstavil >obj (mednarodne <amod sklade >conj (in <cc ustanove) >conj (ter <cc posvetovanja))) >punct .",
744,ssj534.2816.10029,"Večja ozaveščenost in novi ""filmski zakon"", ki se pripravlja in je bil na festivalu tudi predstavljen, sta ob skorajšnjem vstopu Slovenije v Evropsko unijo življenjskega pomena.",31,31,yes,4.12,4.12,4.12,yes,1.89,1.894183439903743,1.89,yes,7,7,yes,3.00,3,yes,2.00,2,yes,1.50,1.5,1.50,yes,"A[Večja] B[ozaveščenost] C[in] D[novi] E[""]F[filmski] G[zakon]H[""]I[,] J[ki] K[se] L[pripravlja] M[in] N[je] O[bil] P[na] Q[festivalu] R[tudi] S[predstavljen]T[,] U[sta] V[ob] W[skorajšnjem] X[vstopu] Y[Slovenije] Z[v] A[Evropsko] B[unijo] C[življenjskega] D[pomena]E[.] ","(Večja <amod ozaveščenost >conj (in <cc novi <amod "" <punct filmski <amod zakon >punct "" >acl (, <punct ki <mark se <expl pripravlja >conj (in <cc je <aux bil <cop (na <case festivalu) <obl tudi <advmod predstavljen) >punct ,))) <nsubj sta <cop (ob <case skorajšnjem <amod vstopu >nmod Slovenije >nmod (v <case Evropsko <amod unijo)) <obl življenjskega <amod pomena >punct .",
745,ssj534.2816.10030,V Evropi se bo moral slovenski film namreč še naprej potrjevati in razvijati.,14,14,yes,3.08,3.0833333333333335,3.08,yes,0.92,0.9211610182548262,0.92,yes,4,4,yes,3.00,3,yes,2.00,2,yes,1.50,1.5,1.50,yes,A[V] B[Evropi] C[se] D[bo] E[moral] F[slovenski] G[film] H[namreč] I[še] J[naprej] K[potrjevati] L[in] M[razvijati]N[.] ,bo <aux moral >nsubj (slovenski <amod film) >advmod namreč >xcomp ((V <case Evropi) <obl se <expl še <advmod naprej <advmod potrjevati >conj (in <cc razvijati)) >punct .,
746,ssj534.2816.10031,"Damjana Kozoleta, Janeza Burgerja, Jana Cvitkoviča, Metoda Pevca, Branka Djuriša, Andreja Košaka, Igorja Šterka, Majo Weiss, Andreja Zdraviča, Vinka Möderndorferja, Miho Hočevarja, Hanno Slak, Francija Slaka, Saša Podgorška, Mirana Zupaniča in druge avtorje gotovo čakajo novi in novi izzivi.",54,54,yes,11.53,11.526315789473685,11.53,yes,1.32,1.3200704782684456,1.32,yes,5,5,yes,1.00,1,yes,1.00,1,yes,1.00,1.0,1.00,yes,"A[Damjana] B[Kozoleta]C[,] D[Janeza] E[Burgerja]F[,] G[Jana] H[Cvitkoviča]I[,] J[Metoda] K[Pevca]L[,] M[Branka] N[Djuriša]O[,] P[Andreja] Q[Košaka]R[,] S[Igorja] T[Šterka]U[,] V[Majo] W[Weiss]X[,] Y[Andreja] Z[Zdraviča]A[,] B[Vinka] C[Möderndorferja]D[,] E[Miho] F[Hočevarja]G[,] H[Hanno] I[Slak]J[,] K[Francija] L[Slaka]M[,] N[Saša] O[Podgorška]P[,] Q[Mirana] R[Zupaniča] S[in] T[druge] U[avtorje] V[gotovo] W[čakajo] X[novi] Y[in] Z[novi] A[izzivi]B[.] ","(Damjana >flat Kozoleta >conj (, <punct Janeza >flat Burgerja) >conj (, <punct Jana >flat Cvitkoviča) >conj (, <punct Metoda >flat Pevca) >conj (, <punct Branka >flat Djuriša) >conj (, <punct Andreja >flat Košaka) >conj (, <punct Igorja >flat Šterka) >conj (, <punct Majo >flat Weiss) >conj (, <punct Andreja >flat Zdraviča) >conj (, <punct Vinka >flat Möderndorferja) >conj (, <punct Miho >flat Hočevarja) >conj (, <punct Hanno >flat Slak) >conj (, <punct Francija >flat Slaka) >conj (, <punct Saša >flat Podgorška) >conj (, <punct Mirana >flat Zupaniča) >conj (in <cc druge <amod avtorje)) <obj gotovo <advmod čakajo >nsubj ((novi >conj (in <cc novi)) <amod izzivi) >punct .",
747,ssj534.2816.10032,"Od slovenskega filmskega festivala, ki mora še skrbneje načrtovati razvojno strategijo ter ponudbo morda obogatiti z izdelki Sloveniji bližnjih kinematografij ali približati terminu, ko v Ljubljani gostimo mednarodni festival Liffe, pa pričakujemo, da bo naslednjič predramil mrtvo in nekoliko zaspano Celje.",46,46,yes,3.12,3.125,3.12,yes,2.48,2.48267947461331,2.48,yes,9,9,yes,7.00,7,yes,3.00,3,yes,2.33,2.3333333333333335,2.33,yes,"A[Od] B[slovenskega] C[filmskega] D[festivala]E[,] F[ki] G[mora] H[še] I[skrbneje] J[načrtovati] K[razvojno] L[strategijo] M[ter] N[ponudbo] O[morda] P[obogatiti] Q[z] R[izdelki] S[Sloveniji] T[bližnjih] U[kinematografij] V[ali] W[približati] X[terminu]Y[,] Z[ko] A[v] B[Ljubljani] C[gostimo] D[mednarodni] E[festival] F[Liffe]G[,] H[pa] I[pričakujemo]J[,] K[da] L[bo] M[naslednjič] N[predramil] O[mrtvo] P[in] Q[nekoliko] R[zaspano] S[Celje]T[.] ","(Od <case slovenskega <amod filmskega <amod festivala >acl (, <punct ki <mark mora >xcomp ((še <advmod skrbneje) <advmod načrtovati >obj (razvojno <amod strategijo) >conj (ter <cc ponudbo <obj morda <advmod obogatiti >obl (z <case izdelki >nmod ((Sloveniji <nmod bližnjih) <amod kinematografij))) >conj (ali <cc približati >iobj (terminu >acl (, <punct ko <mark (v <case Ljubljani) <obl gostimo >obj (mednarodni <amod festival >nmod Liffe) >punct ,)))))) <obl pa <advmod pričakujemo >ccomp (, <punct da <mark bo <aux naslednjič <advmod predramil >obj ((mrtvo >conj (in <cc nekoliko <advmod zaspano)) <amod Celje)) >punct .",
748,ssj534.2817.10033,Vendar se ni nadejati sočnih zgodbic mične pevke.,9,9,yes,1.57,1.5714285714285714,1.57,yes,1.07,1.0702760951186543,1.07,yes,5,5,yes,2.00,2,yes,1.00,1,yes,2.00,2.0,2.00,yes,A[Vendar] B[se] C[ni] D[nadejati] E[sočnih] F[zgodbic] G[mične] H[pevke]I[.] ,Vendar <cc ni >csubj (se <expl nadejati >obj (sočnih <amod zgodbic >nmod (mične <amod pevke))) >punct .,
749,ssj534.2817.10034,"Avtobiografija naj bi opisovala njene otroške dni in se manj osredotočila na odrasla leta, saj Mariah po lastnih besedah ""še ni nehala živeti"", zato jo najlepše šele čaka.",33,33,yes,3.52,3.5185185185185186,3.52,yes,1.08,1.083025587965898,1.08,yes,4,4,yes,5.00,5,yes,4.00,4,yes,1.25,1.25,1.25,yes,"A[Avtobiografija] B[naj] C[bi] D[opisovala] E[njene] F[otroške] G[dni] H[in] I[se] J[manj] K[osredotočila] L[na] M[odrasla] N[leta]O[,] P[saj] Q[Mariah] R[po] S[lastnih] T[besedah] U[""]V[še] W[ni] X[nehala] Y[živeti]Z[""]A[,] B[zato] C[jo] D[najlepše] E[šele] F[čaka]G[.] ","Avtobiografija <nsubj naj <advmod bi <aux opisovala >obj (njene <det otroške <amod dni) >conj (in <cc se <expl manj <advmod osredotočila >obl (na <case odrasla <amod leta)) >conj (, <punct saj <cc Mariah <nsubj (po <case lastnih <amod besedah) <obl "" <punct še <advmod ni <aux nehala >xcomp živeti >punct "" >conj (, <punct zato <cc jo <obj najlepše <nsubj šele <advmod čaka)) >punct .",
750,ssj534.2817.10035,"Honorar, ki ga bo prejela, naj bi imel sedem številk.",13,13,yes,2.89,2.888888888888889,2.89,yes,1.19,1.18903287447987,1.19,yes,4,4,yes,2.00,2,yes,1.00,1,yes,2.00,2.0,2.00,yes,"A[Honorar]B[,] C[ki] D[ga] E[bo] F[prejela]G[,] H[naj] I[bi] J[imel] K[sedem] L[številk]M[.] ","(Honorar >acl (, <punct ki <mark ga <obj bo <aux prejela >punct ,)) <nsubj naj <advmod bi <aux imel >obj (sedem <nummod številk) >punct .",
751,ssj534.2818.10036,"V PDG v Novi Gorici napovedujejo novi uspešnici železnega repertoarja: slovensko praizvedbo Pirandellove predstave Seminčč ljudske igre o usodnih strasteh, ki jo bodo igrali v goriškem narečju (v režiji Zvoneta Šedlbauerja in z Danijelom Malalanom v naslovni vlogi) ter absurdno dramo Čakajoč na Godota Samuela Becketta (v režiji Vita Tauferja ter z Iztokom Mlakarjem in Radošem Bolčino v glavnih vlogah), ki so jo uspešno uprizorili že julija na sečoveljskih solinah v okviru Primorskega poletnega festivala.",83,83,yes,3.08,3.081081081081081,3.08,yes,1.92,1.9226317454658413,1.92,yes,8,8,yes,3.00,3,yes,1.00,1,yes,3.00,3.0,3.00,yes,"A[V] B[PDG] C[v] D[Novi] E[Gorici] F[napovedujejo] G[novi] H[uspešnici] I[železnega] J[repertoarja]K[:] L[slovensko] M[praizvedbo] N[Pirandellove] O[predstave] P[Seminčč] Q[ljudske] R[igre] S[o] T[usodnih] U[strasteh]V[,] W[ki] X[jo] Y[bodo] Z[igrali] A[v] B[goriškem] C[narečju] D[(]E[v] F[režiji] G[Zvoneta] H[Šedlbauerja] I[in] J[z] K[Danijelom] L[Malalanom] M[v] N[naslovni] O[vlogi]P[)] Q[ter] R[absurdno] S[dramo] T[Čakajoč] U[na] V[Godota] W[Samuela] X[Becketta] Y[(]Z[v] A[režiji] B[Vita] C[Tauferja] D[ter] E[z] F[Iztokom] G[Mlakarjem] H[in] I[Radošem] J[Bolčino] K[v] L[glavnih] M[vlogah]N[)]O[,] P[ki] Q[so] R[jo] S[uspešno] T[uprizorili] U[že] V[julija] W[na] X[sečoveljskih] Y[solinah] Z[v] A[okviru] B[Primorskega] C[poletnega] D[festivala]E[.] ","(V <case PDG >nmod (v <case Novi <amod Gorici)) <obl napovedujejo >obj (novi <amod uspešnici >nmod (železnega <amod repertoarja) >appos (: <punct slovensko <amod praizvedbo >nmod (Pirandellove <amod predstave >nmod Seminčč >appos (ljudske <amod igre >nmod (o <case usodnih <amod strasteh))) >acl (, <punct ki <mark jo <obj bodo <aux igrali >obl (v <case goriškem <amod narečju) >obl (( <punct v <case režiji >nmod (Zvoneta >flat Šedlbauerja) >conj (in <cc z <case Danijelom >flat Malalanom >nmod (v <case naslovni <amod vlogi)) >punct ))) >conj (ter <cc absurdno <amod dramo >nmod (Čakajoč >nmod (na <case Godota)) >nmod (Samuela >flat Becketta) >nmod (( <punct v <case režiji >nmod (Vita >flat Tauferja) >conj (ter <cc z <case Iztokom >flat Mlakarjem >conj (in <cc Radošem >flat Bolčino) >nmod (v <case glavnih <amod vlogah)) >punct )) >acl (, <punct ki <mark so <aux jo <obj uspešno <advmod uprizorili >obl (že <advmod julija) >obl (na <case sečoveljskih <amod solinah) >obl (v <case okviru >nmod (Primorskega <amod poletnega <amod festivala)))))) >punct .",
752,ssj534.2818.10037,Malo bolj izzivalno pa bo soočenje režiserja Diega de Bree s Cankarjevim Pohujšanjem v dolini Šentflorjanski.,17,17,yes,1.67,1.6666666666666667,1.67,yes,1.65,1.6479184330021646,1.65,yes,5,5,yes,1.00,1,yes,1.00,1,yes,1.00,1.0,1.00,yes,A[Malo] B[bolj] C[izzivalno] D[pa] E[bo] F[soočenje] G[režiserja] H[Diega] I[de] J[Bree] K[s] L[Cankarjevim] M[Pohujšanjem] N[v] O[dolini] P[Šentflorjanski]Q[.] ,((Malo <advmod bolj) <advmod izzivalno) <obl pa <advmod bo >nsubj (soočenje >nmod (režiserja >nmod (Diega >flat de >flat Bree)) >nmod (s <case Cankarjevim <amod Pohujšanjem >nmod (v <case dolini >amod Šentflorjanski))) >punct .,
753,ssj534.2819.10038,Foto 2: Gimnazijska frizura in E-dur za blues na šolskem izletu.,15,15,yes,2.18,2.1818181818181817,2.18,yes,0.42,0.4187890788496102,0.42,yes,6,6,yes,1.00,1,yes,1.00,1,yes,1.00,1.0,1.00,yes,A[Foto] B[2]C[:] D[Gimnazijska] E[frizura] F[in] G[E]H[-]I[dur] J[za] K[blues] L[na] M[šolskem] N[izletu]O[.] ,Foto >nummod 2 >appos (: <punct Gimnazijska <amod frizura >conj (in <cc E <nmod - <punct dur >nmod (za <case blues >nmod (na <case šolskem <amod izletu)))) >punct .,
754,ssj534.2819.10039,"Ob operaciji slepiča so me pod imenom Štefka odpeljali na ženski oddelek, čeprav sem imel že takrat razkošno kosmate noge.",22,22,yes,2.53,2.526315789473684,2.53,yes,1.64,1.6440697465098797,1.64,yes,5,5,yes,2.00,2,yes,1.00,1,yes,2.00,2.0,2.00,yes,"A[Ob] B[operaciji] C[slepiča] D[so] E[me] F[pod] G[imenom] H[Štefka] I[odpeljali] J[na] K[ženski] L[oddelek]M[,] N[čeprav] O[sem] P[imel] Q[že] R[takrat] S[razkošno] T[kosmate] U[noge]V[.] ","(Ob <case operaciji >nmod slepiča) <obl so <aux me <obj (pod <case imenom >nmod Štefka) <obl odpeljali >obl (na <case ženski <amod oddelek) >advcl (, <punct čeprav <mark sem <aux imel >advmod (že <advmod takrat) >obj ((razkošno <advmod kosmate) <amod noge)) >punct .",
755,ssj534.2820.10040,"Jasno Hribernik so nam sodelavci opisali kot deloholičarko in nežno dušo hkrati, Maria Galuniča pa zanima predvsem, kako ji uspeva narediti toliko, ob tem, da vzorno skrbi za osnovnošolko Zalo.",35,35,yes,2.24,2.2413793103448274,2.24,yes,1.77,1.7724362096981015,1.77,yes,8,8,yes,5.00,5,yes,2.00,2,yes,2.50,2.5,2.50,yes,"A[Jasno] B[Hribernik] C[so] D[nam] E[sodelavci] F[opisali] G[kot] H[deloholičarko] I[in] J[nežno] K[dušo] L[hkrati]M[,] N[Maria] O[Galuniča] P[pa] Q[zanima] R[predvsem]S[,] T[kako] U[ji] V[uspeva] W[narediti] X[toliko]Y[,] Z[ob] A[tem]B[,] C[da] D[vzorno] E[skrbi] F[za] G[osnovnošolko] H[Zalo]I[.] ","(Jasno >flat Hribernik) <obj so <aux nam <iobj sodelavci <nsubj opisali >obl (kot <case deloholičarko >conj (in <cc nežno <amod dušo >advmod hkrati)) >parataxis (, <punct (Maria >flat Galuniča) <obj pa <advmod zanima >advmod predvsem >csubj (, <punct kako <advmod ji <obj uspeva >xcomp (narediti >advmod toliko >obl (, <punct ob <case tem >acl (, <punct da <mark vzorno <advmod skrbi >obl (za <case osnovnošolko >nmod Zalo)))))) >punct .",
756,ssj534.2820.10041,"Verjetno predvsem z dobro organizacijo in s pomočjo moža Zmaga Lenardiča, akademskega slikarja.",15,15,yes,2.00,2.0,2.00,yes,1.35,1.354025100551105,1.35,yes,6,6,yes,1.00,1,yes,1.00,1,yes,1.00,1.0,1.00,yes,"A[Verjetno] B[predvsem] C[z] D[dobro] E[organizacijo] F[in] G[s] H[pomočjo] I[moža] J[Zmaga] K[Lenardiča]L[,] M[akademskega] N[slikarja]O[.] ","Verjetno <orphan predvsem <advmod z <case dobro <amod organizacijo >conj (in <cc s <case pomočjo >nmod (moža >nmod (Zmaga >flat Lenardiča >appos (, <punct akademskega <amod slikarja)))) >punct .",
757,ssj534.2821.10042,"Predvsem mladi težko razumejo, da je piratstvo ob ""hitro pokvarljivi"" glasbi in navitih cenah nekaj slabega.",20,20,yes,4.67,4.666666666666667,4.67,yes,0.51,0.5067272401639015,0.51,yes,5,5,yes,2.00,2,yes,1.00,1,yes,2.00,2.0,2.00,yes,"A[Predvsem] B[mladi] C[težko] D[razumejo]E[,] F[da] G[je] H[piratstvo] I[ob] J[""]K[hitro] L[pokvarljivi]M[""] N[glasbi] O[in] P[navitih] Q[cenah] R[nekaj] S[slabega]T[.] ","(Predvsem <advmod mladi) <nsubj težko <advmod razumejo >ccomp (, <punct da <mark je <cop piratstvo <nsubj (ob <case ("" <punct hitro <advmod pokvarljivi >punct "") <amod glasbi >conj (in <cc navitih <amod cenah)) <obl nekaj >amod slabega) >punct .",
758,ssj535.2822.10043,Ekološki forum LDS je ob dnevu Zemlje letos izdal že tretjo razglednico,12,12,yes,2.36,2.3636363636363638,2.36,yes,1.44,1.4373586598441834,1.44,yes,3,3,yes,1.00,1,yes,1.00,1,yes,1.00,1.0,1.00,yes,A[Ekološki] B[forum] C[LDS] D[je] E[ob] F[dnevu] G[Zemlje] H[letos] I[izdal] J[že] K[tretjo] L[razglednico] ,(Ekološki <amod forum >nmod LDS) <nsubj je <aux (ob <case dnevu >nmod Zemlje) <obl letos <advmod izdal >obj (že <advmod tretjo <amod razglednico),
759,ssj535.2823.10044,"Ženska je dogodek prijavila teden kasneje, ko je šla tudi k zdravniku, in ta je popisal njene poškodbe.",21,21,yes,2.41,2.411764705882353,2.41,yes,1.23,1.2293951299399617,1.23,yes,5,5,yes,3.00,3,yes,2.00,2,yes,1.50,1.5,1.50,yes,"A[Ženska] B[je] C[dogodek] D[prijavila] E[teden] F[kasneje]G[,] H[ko] I[je] J[šla] K[tudi] L[k] M[zdravniku]N[,] O[in] P[ta] Q[je] R[popisal] S[njene] T[poškodbe]U[.] ","Ženska <nsubj je <aux dogodek <obj prijavila >advmod (teden <nmod kasneje) >advcl (, <punct ko <mark je <aux šla >obl (tudi <advmod k <case zdravniku) >punct , >conj (in <cc ta <nsubj je <aux popisal >obj (njene <det poškodbe))) >punct .",
760,ssj535.2823.10045,"Sodišče sicer ni dvomilo, da je bila res pretepena.",11,11,yes,2.75,2.75,2.75,yes,0.72,0.7212670397213834,0.72,yes,3,3,yes,2.00,2,yes,1.00,1,yes,2.00,2.0,2.00,yes,"A[Sodišče] B[sicer] C[ni] D[dvomilo]E[,] F[da] G[je] H[bila] I[res] J[pretepena]K[.] ","Sodišče <nsubj sicer <advmod ni <aux dvomilo >ccomp (, <punct da <mark je <aux bila <cop res <advmod pretepena) >punct .",
761,ssj535.2823.10046,"A to ni bilo dovolj, da bi obtoženca spoznalo za krivega očitanega poskusa posilstva, za dobljene poškodbe pa bi morala pregon sprožiti oškodovanka.",26,26,yes,2.68,2.6818181818181817,2.68,yes,1.25,1.2521734166916998,1.25,yes,5,5,yes,4.00,4,yes,2.00,2,yes,2.00,2.0,2.00,yes,"A[A] B[to] C[ni] D[bilo] E[dovolj]F[,] G[da] H[bi] I[obtoženca] J[spoznalo] K[za] L[krivega] M[očitanega] N[poskusa] O[posilstva]P[,] Q[za] R[dobljene] S[poškodbe] T[pa] U[bi] V[morala] W[pregon] X[sprožiti] Y[oškodovanka]Z[.] ","A <cc to <nsubj ni <aux bilo >advmod dovolj >advcl (, <punct da <mark bi <aux obtoženca <obj spoznalo >xcomp (za <case krivega >nmod (očitanega <amod poskusa >nmod posilstva)) >punct ,) >parataxis (pa <advmod bi <aux morala >xcomp ((za <case dobljene <amod poškodbe) <obl pregon <obj sprožiti >nsubj oškodovanka)) >punct .",
762,ssj535.2823.10047,"Senat se je zato odločil za oprostilno sodbo, tožilec pa je že napovedal pritožbo.",16,16,yes,2.77,2.769230769230769,2.77,yes,1.07,1.0686240539532452,1.07,yes,3,3,yes,2.00,2,yes,2.00,2,yes,1.00,1.0,1.00,yes,"A[Senat] B[se] C[je] D[zato] E[odločil] F[za] G[oprostilno] H[sodbo]I[,] J[tožilec] K[pa] L[je] M[že] N[napovedal] O[pritožbo]P[.] ","Senat <nsubj se <expl je <aux zato <advmod odločil >obl (za <case oprostilno <amod sodbo) >parataxis (, <punct tožilec <nsubj pa <advmod je <aux že <advmod napovedal >obj pritožbo) >punct .",
763,ssj536.2824.10048,"Te dni mineva leto dni, odkar so čečenski skrajneži vdrli v Dagestan in tam poskušali ustanoviti islamsko državo.",20,20,yes,2.18,2.176470588235294,2.18,yes,1.19,1.1882082477741547,1.19,yes,6,6,yes,4.00,4,yes,2.00,2,yes,2.00,2.0,2.00,yes,"A[Te] B[dni] C[mineva] D[leto] E[dni]F[,] G[odkar] H[so] I[čečenski] J[skrajneži] K[vdrli] L[v] M[Dagestan] N[in] O[tam] P[poskušali] Q[ustanoviti] R[islamsko] S[državo]T[.] ","(Te <det dni) <obl mineva >nsubj (leto >nmod dni) >advcl (, <punct odkar <mark so <aux (čečenski <amod skrajneži) <nsubj vdrli >obl (v <case Dagestan) >conj (in <cc poskušali >xcomp (tam <advmod ustanoviti >obj (islamsko <amod državo)))) >punct .",
764,ssj536.2824.10049,Skupino kakih tisoč bojevnikov sta vodila znani čečenski voditelj Šamil Basajev in Jordanec Hatab.,15,15,yes,1.92,1.9230769230769231,1.92,yes,1.52,1.5244279459381318,1.52,yes,5,5,yes,1.00,1,yes,1.00,1,yes,1.00,1.0,1.00,yes,A[Skupino] B[kakih] C[tisoč] D[bojevnikov] E[sta] F[vodila] G[znani] H[čečenski] I[voditelj] J[Šamil] K[Basajev] L[in] M[Jordanec] N[Hatab]O[.] ,(Skupino >nmod (kakih <det tisoč <nummod bojevnikov)) <obj sta <aux vodila >nsubj (znani <amod čečenski <amod voditelj >nmod (Šamil >flat Basajev >conj (in <cc Jordanec >nmod Hatab))) >punct .,
765,ssj536.2824.10050,"Govorilo se je tudi, da so ta vdor organizirali v vahabitski sekti, ki je imela nekaj oporišč v goratem delu Dagestana.",24,24,yes,2.45,2.45,2.45,yes,0.60,0.6017781122203599,0.60,yes,6,6,yes,3.00,3,yes,1.00,1,yes,3.00,3.0,3.00,yes,"A[Govorilo] B[se] C[je] D[tudi]E[,] F[da] G[so] H[ta] I[vdor] J[organizirali] K[v] L[vahabitski] M[sekti]N[,] O[ki] P[je] Q[imela] R[nekaj] S[oporišč] T[v] U[goratem] V[delu] W[Dagestana]X[.] ","Govorilo >expl se >aux je >advmod tudi >csubj (, <punct da <mark so <aux (ta <det vdor) <obj organizirali >obl (v <case vahabitski <amod sekti >acl (, <punct ki <mark je <aux imela >obj (nekaj <det oporišč) >obl (v <case goratem <amod delu >nmod Dagestana)))) >punct .",
766,ssj536.2824.10051,Ruske policijske in vojaške sile so se ostro odzvale in do konca avgusta Čečene pregnale nazaj čez mejo.,19,19,yes,2.53,2.5294117647058822,2.53,yes,1.59,1.5872321890588714,1.59,yes,5,5,yes,2.00,2,yes,2.00,2,yes,1.00,1.0,1.00,yes,A[Ruske] B[policijske] C[in] D[vojaške] E[sile] F[so] G[se] H[ostro] I[odzvale] J[in] K[do] L[konca] M[avgusta] N[Čečene] O[pregnale] P[nazaj] Q[čez] R[mejo]S[.] ,(Ruske <amod (policijske >conj (in <cc vojaške)) <amod sile) <nsubj so <aux se <expl ostro <advmod odzvale >conj (in <cc (do <case konca >nmod avgusta) <obl Čečene <obj pregnale >obl (nazaj <advmod čez <case mejo)) >punct .,
767,ssj536.2824.10052,"Ruska javnost je bila razburjena tudi zaradi bombnih atentatov, ki so terjali življenja več kot sto civilistov in naj bi bili delo čečenskih teroristov.",26,26,yes,2.43,2.4347826086956523,2.43,yes,1.48,1.4826085893756253,1.48,yes,8,8,yes,3.00,3,yes,2.00,2,yes,1.50,1.5,1.50,yes,"A[Ruska] B[javnost] C[je] D[bila] E[razburjena] F[tudi] G[zaradi] H[bombnih] I[atentatov]J[,] K[ki] L[so] M[terjali] N[življenja] O[več] P[kot] Q[sto] R[civilistov] S[in] T[naj] U[bi] V[bili] W[delo] X[čečenskih] Y[teroristov]Z[.] ","(Ruska <amod javnost) <nsubj je <aux bila <cop razburjena >obl (tudi <advmod zaradi <case bombnih <amod atentatov >acl (, <punct ki <mark so <aux terjali >obj (življenja >nmod (((več >fixed kot) <advmod sto) <nummod civilistov)) >conj (in <cc naj <advmod bi <aux bili <cop delo >nmod (čečenskih <amod teroristov)))) >punct .",
768,ssj536.2824.10053,Takoj po bojih v Dagestanu so se ruske sile začele kopičiti ob čečenski meji.,15,15,yes,2.38,2.3846153846153846,2.38,yes,1.56,1.5647293782041816,1.56,yes,5,5,yes,2.00,2,yes,1.00,1,yes,2.00,2.0,2.00,yes,A[Takoj] B[po] C[bojih] D[v] E[Dagestanu] F[so] G[se] H[ruske] I[sile] J[začele] K[kopičiti] L[ob] M[čečenski] N[meji]O[.] ,so <aux (ruske <amod sile) <nsubj začele >xcomp ((Takoj <advmod po <case bojih >nmod (v <case Dagestanu)) <obl se <expl kopičiti >obl (ob <case čečenski <amod meji)) >punct .,
769,ssj536.2824.10054,"Novi predsednik ruske vlade Vladimir Putin je obiskal ruske čete, tedanji ruski predsednik Boris Jelcin pa je zatrdil, da bodo odločno obračunali s čečenskimi teroristi.",28,28,yes,2.46,2.4583333333333335,2.46,yes,1.73,1.7292640724561168,1.73,yes,5,5,yes,3.00,3,yes,2.00,2,yes,1.50,1.5,1.50,yes,"A[Novi] B[predsednik] C[ruske] D[vlade] E[Vladimir] F[Putin] G[je] H[obiskal] I[ruske] J[čete]K[,] L[tedanji] M[ruski] N[predsednik] O[Boris] P[Jelcin] Q[pa] R[je] S[zatrdil]T[,] U[da] V[bodo] W[odločno] X[obračunali] Y[s] Z[čečenskimi] A[teroristi]B[.] ","(Novi <amod predsednik >nmod (ruske <amod vlade) >nmod (Vladimir >flat Putin)) <nsubj je <aux obiskal >obj (ruske <amod čete) >parataxis (, <punct (tedanji <amod ruski <amod predsednik >nmod (Boris >flat Jelcin)) <nsubj pa <advmod je <aux zatrdil >ccomp (, <punct da <mark bodo <aux odločno <advmod obračunali >obl (s <case čečenskimi <amod teroristi))) >punct .",
770,ssj536.2825.10055,Reakcijska kisikova posoda (v ozadju) bo bistveno prispevala k zmanjšanju uporabe klora v Krškem.,17,17,yes,2.08,2.076923076923077,2.08,yes,1.70,1.7028797166849987,1.70,yes,4,4,yes,1.00,1,yes,1.00,1,yes,1.00,1.0,1.00,yes,A[Reakcijska] B[kisikova] C[posoda] D[(]E[v] F[ozadju]G[)] H[bo] I[bistveno] J[prispevala] K[k] L[zmanjšanju] M[uporabe] N[klora] O[v] P[Krškem]Q[.] ,(Reakcijska <amod kisikova <amod posoda >appos (( <punct v <case ozadju >punct ))) <nsubj bo <aux bistveno <advmod prispevala >obl (k <case zmanjšanju >nmod (uporabe >nmod klora) >nmod (v <case Krškem)) >punct .,
771,ssj536.2826.10056,Park je bil prazen.,5,5,yes,2.00,2.0,2.00,yes,0.55,0.5493061443340547,0.55,yes,2,2,yes,1.00,1,yes,1.00,1,yes,1.00,1.0,1.00,yes,A[Park] B[je] C[bil] D[prazen]E[.] ,Park <nsubj je <aux bil <cop prazen >punct .,
772,ssj536.2826.10057,"Trava, grmovje in drevesa so bili pokriti s snežno odejo.",12,12,yes,2.56,2.5555555555555554,2.56,yes,1.20,1.2000634209150973,1.20,yes,4,4,yes,1.00,1,yes,1.00,1,yes,1.00,1.0,1.00,yes,"A[Trava]B[,] C[grmovje] D[in] E[drevesa] F[so] G[bili] H[pokriti] I[s] J[snežno] K[odejo]L[.] ","(Trava >conj (, <punct grmovje) >conj (in <cc drevesa)) <nsubj so <aux bili <cop pokriti >obl (s <case snežno <amod odejo) >punct .",
773,ssj536.2826.10058,"Vrane so krakale, v dopoldanskem soncu so se lesketali snežni kristali.",13,13,yes,2.20,2.2,2.20,yes,0.91,0.9121413304668073,0.91,yes,4,4,yes,2.00,2,yes,2.00,2,yes,1.00,1.0,1.00,yes,"A[Vrane] B[so] C[krakale]D[,] E[v] F[dopoldanskem] G[soncu] H[so] I[se] J[lesketali] K[snežni] L[kristali]M[.] ","Vrane <nsubj so <aux krakale >parataxis (, <punct (v <case dopoldanskem <amod soncu) <obl so <aux se <expl lesketali >nsubj (snežni <amod kristali)) >punct .",
774,ssj536.2826.10059,"Bob je šel po glavni poti, vendar nikjer ni videl Penny.",13,13,yes,2.40,2.4,2.40,yes,0.83,0.8251299534771779,0.83,yes,3,3,yes,2.00,2,yes,2.00,2,yes,1.00,1.0,1.00,yes,"A[Bob] B[je] C[šel] D[po] E[glavni] F[poti]G[,] H[vendar] I[nikjer] J[ni] K[videl] L[Penny]M[.] ","Bob <nsubj je <aux šel >obl (po <case glavni <amod poti) >conj (, <punct vendar <cc nikjer <advmod ni <aux videl >obj Penny) >punct .",
775,ssj536.2827.10060,V nenavadni vojni med taksisti in šoferji avtobusov v Capetownu je umrlo že sedem ljudi,15,15,yes,2.07,2.0714285714285716,2.07,yes,1.83,1.833743489330414,1.83,yes,7,7,yes,1.00,1,yes,1.00,1,yes,1.00,1.0,1.00,yes,A[V] B[nenavadni] C[vojni] D[med] E[taksisti] F[in] G[šoferji] H[avtobusov] I[v] J[Capetownu] K[je] L[umrlo] M[že] N[sedem] O[ljudi] ,(V <case nenavadni <amod vojni >nmod (med <case taksisti >conj (in <cc šoferji >nmod (avtobusov >nmod (v <case Capetownu))))) <obl je <aux umrlo >nsubj (že <advmod sedem <nummod ljudi),
776,ssj536.2828.10061,"Bojan Prašnikar se ne obremenjuje z Mariborom, ker ima preveč problemov z Olimpijo",14,14,yes,1.92,1.9166666666666667,1.92,yes,1.40,1.3965847149699009,1.40,yes,5,5,yes,2.00,2,yes,1.00,1,yes,2.00,2.0,2.00,yes,"A[Bojan] B[Prašnikar] C[se] D[ne] E[obremenjuje] F[z] G[Mariborom]H[,] I[ker] J[ima] K[preveč] L[problemov] M[z] N[Olimpijo] ","(Bojan >flat Prašnikar) <nsubj se <expl ne <advmod obremenjuje >obl (z <case Mariborom) >advcl (, <punct ker <mark ima >obj (preveč <det problemov >nmod (z <case Olimpijo)))",
777,ssj536.2829.10062,Enako meni tudi trener Vaclav Červeny: Končno.,9,9,yes,2.00,2.0,2.00,yes,0.55,0.5493061443340547,0.55,yes,4,4,yes,1.00,1,yes,1.00,1,yes,1.00,1.0,1.00,yes,A[Enako] B[meni] C[tudi] D[trener] E[Vaclav] F[Červeny]G[:] H[Končno]I[.] ,Enako <advmod meni >nsubj (tudi <advmod trener >nmod (Vaclav >flat Červeny)) >parataxis (: <punct Končno) >punct .,
778,ssj536.2829.10063,"Čez poletje smo dobro trenirali in je povsem logično, da so igralci željni ledu.",16,16,yes,2.23,2.230769230769231,2.23,yes,1.28,1.284847162422881,1.28,yes,4,4,yes,3.00,3,yes,2.00,2,yes,1.50,1.5,1.50,yes,"A[Čez] B[poletje] C[smo] D[dobro] E[trenirali] F[in] G[je] H[povsem] I[logično]J[,] K[da] L[so] M[igralci] N[željni] O[ledu]P[.] ","(Čez <case poletje) <obl smo <aux dobro <advmod trenirali >conj (in <cc je <cop povsem <advmod logično >csubj (, <punct da <mark so <cop igralci <nsubj željni >nmod ledu)) >punct .",
779,ssj536.2829.10064,Trenirali bomo dvakrat na dan.,6,6,yes,1.50,1.5,1.50,yes,0.29,0.2876820724517809,0.29,yes,4,4,yes,1.00,1,yes,1.00,1,yes,1.00,1.0,1.00,yes,A[Trenirali] B[bomo] C[dvakrat] D[na] E[dan]F[.] ,Trenirali >aux bomo >advmod (dvakrat >nmod (na <case dan)) >punct .,
780,ssj536.2829.10065,"Do četrtka tudi tisti, ki ne bodo igrali v jeseniškem dresu in bodo nadaljevali kariero v tujini, od četrtka pa samo tisti, ki bodo podpisali pogodbo z Acronijem.",32,32,yes,2.74,2.740740740740741,2.74,yes,1.33,1.3328373863622691,1.33,yes,5,5,yes,4.00,4,yes,2.00,2,yes,2.00,2.0,2.00,yes,"A[Do] B[četrtka] C[tudi] D[tisti]E[,] F[ki] G[ne] H[bodo] I[igrali] J[v] K[jeseniškem] L[dresu] M[in] N[bodo] O[nadaljevali] P[kariero] Q[v] R[tujini]S[,] T[od] U[četrtka] V[pa] W[samo] X[tisti]Y[,] Z[ki] A[bodo] B[podpisali] C[pogodbo] D[z] E[Acronijem]F[.] ","(Do <case četrtka) <orphan tudi <advmod tisti >acl (, <punct ki <mark ne <advmod bodo <aux igrali >obl (v <case jeseniškem <amod dresu) >conj (in <cc bodo <aux nadaljevali >obj kariero >obl (v <case tujini))) >parataxis (, <punct (od <case četrtka) <orphan pa <orphan samo <advmod tisti >acl (, <punct ki <mark bodo <aux podpisali >obj pogodbo >obl (z <case Acronijem))) >punct .",
781,ssj536.2829.10066,O igralskem kadru je Červeny povedal: Najbolj negotovo je z vratarji.,13,13,yes,1.80,1.8,1.80,yes,1.46,1.4593856162089314,1.46,yes,4,4,yes,2.00,2,yes,2.00,2,yes,1.00,1.0,1.00,yes,A[O] B[igralskem] C[kadru] D[je] E[Červeny] F[povedal]G[:] H[Najbolj] I[negotovo] J[je] K[z] L[vratarji]M[.] ,(O <case igralskem <amod kadru) <obl je <aux Červeny <nsubj povedal >parataxis (: <punct Najbolj <advmod negotovo >cop je >obl (z <case vratarji)) >punct .,
782,ssj536.2829.10067,"Pogovarjali smo se z Glavičem, tudi Mohorič je še vedno v igri, če bo potrebno, pa bomo v novo sezono stopili z dvema mladima vratarjema, Brulcem in Ciganom.",33,33,yes,3.22,3.2222222222222223,3.22,yes,0.48,0.47784718035190993,0.48,yes,6,6,yes,4.00,4,yes,3.00,3,yes,1.33,1.3333333333333333,1.33,yes,"A[Pogovarjali] B[smo] C[se] D[z] E[Glavičem]F[,] G[tudi] H[Mohorič] I[je] J[še] K[vedno] L[v] M[igri]N[,] O[če] P[bo] Q[potrebno]R[,] S[pa] T[bomo] U[v] V[novo] W[sezono] X[stopili] Y[z] Z[dvema] A[mladima] B[vratarjema]C[,] D[Brulcem] E[in] F[Ciganom]G[.] ","Pogovarjali >aux smo >expl se >obl (z <case Glavičem) >parataxis (, <punct (tudi <advmod Mohorič) <nsubj je >advmod še >advmod vedno >obl (v <case igri)) >parataxis (, <punct (če <mark bo <cop potrebno >punct ,) <advcl pa <advmod bomo <aux (v <case novo <amod sezono) <obl stopili >obl (z <case dvema <nummod mladima <amod vratarjema >appos (, <punct Brulcem >conj (in <cc Ciganom)))) >punct .",
783,ssj536.2829.10068,"Kar zadeva tujce, je treba vedeti, da nimamo dovolj denarja za domače hokejiste, kaj šele za tuje.",21,21,yes,2.38,2.375,2.38,yes,0.87,0.8678705139132589,0.87,yes,7,7,yes,4.00,4,yes,2.00,2,yes,2.00,2.0,2.00,yes,"A[Kar] B[zadeva] C[tujce]D[,] E[je] F[treba] G[vedeti]H[,] I[da] J[nimamo] K[dovolj] L[denarja] M[za] N[domače] O[hokejiste]P[,] Q[kaj] R[šele] S[za] T[tuje]U[.] ","Kar <nsubj zadeva >obj tujce >parataxis (, <punct je >advmod treba >csubj (vedeti >ccomp (, <punct da <mark nimamo >obj (dovolj <det denarja) >obl (za <case domače <amod hokejiste) >conj (, <punct (kaj >fixed šele) <cc za <case tuje)))) >punct .",
784,ssj536.2830.10069,"Do neke mere je priljubljenost protokola WAP odvisna tudi od tega, kje živiš.",15,15,yes,2.25,2.25,2.25,yes,1.47,1.4712438795175893,1.47,yes,4,4,yes,2.00,2,yes,1.00,1,yes,2.00,2.0,2.00,yes,"A[Do] B[neke] C[mere] D[je] E[priljubljenost] F[protokola] G[WAP] H[odvisna] I[tudi] J[od] K[tega]L[,] M[kje] N[živiš]O[.] ","(Do <case neke <det mere) <obl je <cop (priljubljenost >nmod (protokola >nmod WAP)) <nsubj odvisna >obl (tudi <advmod od <case tega >acl (, <punct kje <advmod živiš)) >punct .",
785,ssj536.2830.10070,"Na Japonskem WAP ljudi sploh ne zanima, Evropa je z njim prav obsedena (kot tudi z mobilnimi telefoni), Američani pa na zadevo gledajo precej pesimistično.",30,30,yes,3.50,3.5,3.50,yes,1.31,1.3092190212062615,1.31,yes,4,4,yes,3.00,3,yes,3.00,3,yes,1.00,1.0,1.00,yes,"A[Na] B[Japonskem] C[WAP] D[ljudi] E[sploh] F[ne] G[zanima]H[,] I[Evropa] J[je] K[z] L[njim] M[prav] N[obsedena] O[(]P[kot] Q[tudi] R[z] S[mobilnimi] T[telefoni]U[)]V[,] W[Američani] X[pa] Y[na] Z[zadevo] A[gledajo] B[precej] C[pesimistično]D[.] ","(Na <case Japonskem) <obl WAP <nsubj ljudi <obj sploh <advmod ne <advmod zanima >parataxis (, <punct Evropa <nsubj je <cop (z <case njim) <obl prav <advmod obsedena >advcl (( <punct kot <mark tudi <advmod z <case mobilnimi <amod telefoni >punct ))) >parataxis (, <punct Američani <nsubj pa <advmod (na <case zadevo) <obl gledajo >advmod (precej <advmod pesimistično)) >punct .",
786,ssj536.2830.10071,"Eden od razlogov za ameriški pesimizem je, da je pri njih več različnih servisov za mobilno telefonijo, medtem ko je Evropa zadevo uspela standardizirati s prevladujočim sistemom GSM, kar seveda poenostavi razvoj in prodor drugih mobilnih servisov, ki lahko izkoristijo standardno omrežje po vsej Evropi.",50,50,yes,2.68,2.6818181818181817,2.68,yes,0.91,0.9055998264117271,0.91,yes,10,10,yes,6.00,6,yes,2.00,2,yes,3.00,3.0,3.00,yes,"A[Eden] B[od] C[razlogov] D[za] E[ameriški] F[pesimizem] G[je]H[,] I[da] J[je] K[pri] L[njih] M[več] N[različnih] O[servisov] P[za] Q[mobilno] R[telefonijo]S[,] T[medtem] U[ko] V[je] W[Evropa] X[zadevo] Y[uspela] Z[standardizirati] A[s] B[prevladujočim] C[sistemom] D[GSM]E[,] F[kar] G[seveda] H[poenostavi] I[razvoj] J[in] K[prodor] L[drugih] M[mobilnih] N[servisov]O[,] P[ki] Q[lahko] R[izkoristijo] S[standardno] T[omrežje] U[po] V[vsej] W[Evropi]X[.] ","Eden >nmod (od <case razlogov >nmod (za <case ameriški <amod pesimizem)) >cop je >csubj (, <punct da <mark je >obl (pri <case njih) >nsubj (več <det različnih <amod servisov >nmod (za <case mobilno <amod telefonijo)) >advcl (, <punct (medtem >fixed ko) <mark je <aux Evropa <nsubj uspela >xcomp (zadevo <obj standardizirati >obl (s <case prevladujočim <amod sistemom >nmod GSM)) >parataxis (, <punct kar <nsubj seveda <advmod poenostavi >obj (razvoj >conj (in <cc prodor) >nmod (drugih <amod mobilnih <amod servisov >acl (, <punct ki <mark lahko <advmod izkoristijo >obj (standardno <amod omrežje >nmod (po <case vsej <det Evropi)))))))) >punct .",
787,ssj537.2831.10072,/ slika/ Levo: Rodgersija (Rodgersia pinnata) je prava vlagoljubna rastlina in potrebuje stalno vlažna tla.,20,20,yes,2.85,2.8461538461538463,2.85,yes,0.93,0.9296533041080258,0.93,yes,6,6,yes,3.00,3,yes,3.00,3,yes,1.00,1.0,1.00,yes,A[/] B[slika]C[/] D[Levo]E[:] F[Rodgersija] G[(]H[Rodgersia] I[pinnata]J[)] K[je] L[prava] M[vlagoljubna] N[rastlina] O[in] P[potrebuje] Q[stalno] R[vlažna] S[tla]T[.] ,(/ <punct slika >punct /) <parataxis Levo >parataxis (: <punct (Rodgersija >appos (( <punct Rodgersia >flat pinnata >punct ))) <nsubj je <cop prava <amod vlagoljubna <amod rastlina >conj (in <cc potrebuje >obj ((stalno <advmod vlažna) <amod tla))) >punct .,
788,ssj537.2831.10073,"Zato je nikar ne sadite v tiste dele vrta, ki so vlažni le občasno, morda po hudem nalivu, poleti pa se posušijo.",26,26,yes,2.81,2.8095238095238093,2.81,yes,1.29,1.2939651688964653,1.29,yes,5,5,yes,3.00,3,yes,2.00,2,yes,1.50,1.5,1.50,yes,"A[Zato] B[je] C[nikar] D[ne] E[sadite] F[v] G[tiste] H[dele] I[vrta]J[,] K[ki] L[so] M[vlažni] N[le] O[občasno]P[,] Q[morda] R[po] S[hudem] T[nalivu]U[,] V[poleti] W[pa] X[se] Y[posušijo]Z[.] ","Zato <cc je <obj nikar <advmod ne <advmod sadite >obl (v <case tiste <det dele >nmod vrta >acl (, <punct ki <mark so <cop vlažni >advmod (le <advmod občasno) >parataxis (, <punct morda <orphan po <case hudem <amod nalivu) >parataxis (, <punct poleti <advmod pa <advmod se <expl posušijo))) >punct .",
789,ssj537.2832.10074,"Nekaj denarja se splača vložiti tudi v kompostnik z deževniki, kjer se bodo razkrajali kuhinjski odpadki, ki ne sodijo v običajni kompostnik (sosednja stran).",29,29,yes,2.09,2.0869565217391304,2.09,yes,1.53,1.525187493545779,1.53,yes,9,9,yes,4.00,4,yes,1.00,1,yes,4.00,4.0,4.00,yes,"A[Nekaj] B[denarja] C[se] D[splača] E[vložiti] F[tudi] G[v] H[kompostnik] I[z] J[deževniki]K[,] L[kjer] M[se] N[bodo] O[razkrajali] P[kuhinjski] Q[odpadki]R[,] S[ki] T[ne] U[sodijo] V[v] W[običajni] X[kompostnik] Y[(]Z[sosednja] A[stran]B[)]C[.] ","se <expl splača >xcomp ((Nekaj <det denarja) <obj vložiti >obl (tudi <advmod v <case kompostnik >nmod (z <case deževniki) >acl (, <punct kjer <mark se <expl bodo <aux razkrajali >nsubj (kuhinjski <amod odpadki >acl (, <punct ki <mark ne <advmod sodijo >obl (v <case običajni <amod kompostnik >appos (( <punct sosednja <nmod stran >punct )))))))) >punct .",
790,ssj537.2832.10075,"V vrtnarskih središčih prodajajo različne že pripravljene kompostnike skupaj s posebno vrsto gnojnih deževnikov, ki ostanke hrane spreminjajo v iztrebke, bogate s hranili za rastline.",28,28,yes,2.17,2.1666666666666665,2.17,yes,1.51,1.5089842075004363,1.51,yes,9,9,yes,2.00,2,yes,1.00,1,yes,2.00,2.0,2.00,yes,"A[V] B[vrtnarskih] C[središčih] D[prodajajo] E[različne] F[že] G[pripravljene] H[kompostnike] I[skupaj] J[s] K[posebno] L[vrsto] M[gnojnih] N[deževnikov]O[,] P[ki] Q[ostanke] R[hrane] S[spreminjajo] T[v] U[iztrebke]V[,] W[bogate] X[s] Y[hranili] Z[za] A[rastline]B[.] ","(V <case vrtnarskih <amod središčih) <obl prodajajo >obj (različne <amod (že <advmod pripravljene) <amod kompostnike) >obl (skupaj <advmod s <case posebno <amod vrsto >nmod (gnojnih <amod deževnikov >acl (, <punct ki <mark (ostanke >nmod hrane) <obj spreminjajo >obl (v <case iztrebke >amod (, <punct bogate >nmod (s <case hranili >nmod (za <case rastline))))))) >punct .",
791,ssj537.2832.10076,Tako predelane ostanke lahko nato raztrosite po vrtu.,9,9,yes,1.57,1.5714285714285714,1.57,yes,1.42,1.416849685398627,1.42,yes,4,4,yes,1.00,1,yes,1.00,1,yes,1.00,1.0,1.00,yes,A[Tako] B[predelane] C[ostanke] D[lahko] E[nato] F[raztrosite] G[po] H[vrtu]I[.] ,((Tako <advmod predelane) <amod ostanke) <obj lahko <advmod nato <advmod raztrosite >obl (po <case vrtu) >punct .,
792,ssj537.2833.10077,Na vetrovnih mestih lahko ob oporah uspevajo tudi nekatere zelnate trajnice.,12,12,yes,2.20,2.2,2.20,yes,1.34,1.3357902606604093,1.34,yes,3,3,yes,1.00,1,yes,1.00,1,yes,1.00,1.0,1.00,yes,A[Na] B[vetrovnih] C[mestih] D[lahko] E[ob] F[oporah] G[uspevajo] H[tudi] I[nekatere] J[zelnate] K[trajnice]L[.] ,(Na <case vetrovnih <amod mestih) <obl lahko <advmod (ob <case oporah) <obl uspevajo >nsubj (tudi <advmod nekatere <det zelnate <amod trajnice) >punct .,
793,ssj537.2833.10078,"Opora je včasih potrebna le zato, da se v močnem vetru ali nalivu ne povesijo.",17,17,yes,3.50,3.5,3.50,yes,0.76,0.7599128768722067,0.76,yes,5,5,yes,2.00,2,yes,1.00,1,yes,2.00,2.0,2.00,yes,"A[Opora] B[je] C[včasih] D[potrebna] E[le] F[zato]G[,] H[da] I[se] J[v] K[močnem] L[vetru] M[ali] N[nalivu] O[ne] P[povesijo]Q[.] ","Opora <nsubj je <cop včasih <advmod potrebna >advmod le >advcl ((zato >punct , >fixed da) <mark se <expl (v <case močnem <amod vetru >conj (ali <cc nalivu)) <obl ne <advmod povesijo) >punct .",
794,ssj537.2833.10079,"Vsako vrsto opor (spodaj) je treba postaviti v tla že med sajenjem rastlin, saj se le tako izognemo poškodbi koreninskega sistema.",25,25,yes,2.60,2.6,2.60,yes,1.52,1.5153097662772157,1.52,yes,6,6,yes,3.00,3,yes,2.00,2,yes,1.50,1.5,1.50,yes,"A[Vsako] B[vrsto] C[opor] D[(]E[spodaj]F[)] G[je] H[treba] I[postaviti] J[v] K[tla] L[že] M[med] N[sajenjem] O[rastlin]P[,] Q[saj] R[se] S[le] T[tako] U[izognemo] V[poškodbi] W[koreninskega] X[sistema]Y[.] ","(( <punct spodaj >punct )) <advmod je >advmod treba >csubj ((Vsako <det vrsto >nmod opor) <obj postaviti >obl (v <case tla) >advmod že >obl (med <case sajenjem >nmod rastlin) >conj (, <punct saj <cc se <expl (le <advmod tako) <advmod izognemo >iobj (poškodbi >nmod (koreninskega <amod sistema)))) >punct .",
795,ssj537.2833.10080,"Edina izjema so opore iz prožnih vej z obrezanih grmovnic, s katerimi zagotovimo zelnatim trajnicam pokončno rast.",19,19,yes,2.25,2.25,2.25,yes,0.92,0.9219377351835345,0.92,yes,5,5,yes,2.00,2,yes,1.00,1,yes,2.00,2.0,2.00,yes,"A[Edina] B[izjema] C[so] D[opore] E[iz] F[prožnih] G[vej] H[z] I[obrezanih] J[grmovnic]K[,] L[s] M[katerimi] N[zagotovimo] O[zelnatim] P[trajnicam] Q[pokončno] R[rast]S[.] ","Edina <amod izjema >cop so >nsubj (opore >nmod (iz <case prožnih <amod vej >nmod (z <case obrezanih <amod grmovnic)) >acl (, <punct (s <case katerimi) <obl zagotovimo >iobj (zelnatim <amod trajnicam) >obj (pokončno <amod rast))) >punct .",
796,ssj537.2833.10081,Takšne opore vtaknemo večinoma čisto plitvo v tla in stran od korenin.,13,13,yes,2.18,2.1818181818181817,2.18,yes,0.97,0.9680952231836651,0.97,yes,4,4,yes,1.00,1,yes,1.00,1,yes,1.00,1.0,1.00,yes,A[Takšne] B[opore] C[vtaknemo] D[večinoma] E[čisto] F[plitvo] G[v] H[tla] I[in] J[stran] K[od] L[korenin]M[.] ,(Takšne <det opore) <obj vtaknemo >advmod (večinoma <advmod čisto <advmod plitvo) >obl (v <case tla >conj (in <cc stran <advmod od <case korenin)) >punct .,
797,ssj537.2834.10082,Škrlatni luk se bo uspešno naselil na suhih in s soncem obsijanih zemljiščih in na dobro odcednih peščenih tleh.,20,20,yes,3.17,3.1666666666666665,3.17,yes,1.19,1.1883861036237244,1.19,yes,6,6,yes,1.00,1,yes,1.00,1,yes,1.00,1.0,1.00,yes,A[Škrlatni] B[luk] C[se] D[bo] E[uspešno] F[naselil] G[na] H[suhih] I[in] J[s] K[soncem] L[obsijanih] M[zemljiščih] N[in] O[na] P[dobro] Q[odcednih] R[peščenih] S[tleh]T[.] ,(Škrlatni <amod luk) <nsubj se <expl bo <aux uspešno <advmod naselil >obl (na <case (suhih >conj (in <cc (s <case soncem) <nmod obsijanih)) <amod zemljiščih >conj (in <cc na <case (dobro <advmod odcednih) <amod peščenih <amod tleh)) >punct .,
798,ssj537.2834.10083,"Ker ima precej neugledne liste, ga je priporočljivo saditi med okrasne rastline z lepimi listi, ki prikrijejo to njegovo pomanjkljivost.",23,23,yes,2.11,2.1052631578947367,2.11,yes,1.83,1.8263913033038341,1.83,yes,7,7,yes,4.00,4,yes,1.00,1,yes,4.00,4.0,4.00,yes,"A[Ker] B[ima] C[precej] D[neugledne] E[liste]F[,] G[ga] H[je] I[priporočljivo] J[saditi] K[med] L[okrasne] M[rastline] N[z] O[lepimi] P[listi]Q[,] R[ki] S[prikrijejo] T[to] U[njegovo] V[pomanjkljivost]W[.] ","(Ker <mark ima >obj ((precej <advmod neugledne) <amod liste) >punct ,) <advcl je <cop priporočljivo >csubj (ga <obj saditi >obl (med <case okrasne <amod rastline >nmod (z <case lepimi <amod listi >acl (, <punct ki <mark prikrijejo >obj (to <det njegovo <det pomanjkljivost))))) >punct .",
799,ssj537.2834.10084,"Luk v svojem rastnem obdobju vseeno dobi dovolj svetlobe, pozneje pa ni nič hudega, če sosednje rastline zasenčijo njegove posušene liste.",24,24,yes,2.40,2.4,2.40,yes,1.60,1.5953524739507523,1.60,yes,5,5,yes,3.00,3,yes,2.00,2,yes,1.50,1.5,1.50,yes,"A[Luk] B[v] C[svojem] D[rastnem] E[obdobju] F[vseeno] G[dobi] H[dovolj] I[svetlobe]J[,] K[pozneje] L[pa] M[ni] N[nič] O[hudega]P[,] Q[če] R[sosednje] S[rastline] T[zasenčijo] U[njegove] V[posušene] W[liste]X[.] ","Luk <nsubj (v <case svojem <det rastnem <amod obdobju) <obl vseeno <advmod dobi >obj (dovolj <det svetlobe) >parataxis (, <punct pozneje <advmod pa <advmod ni >nsubj (nič <nmod hudega) >advcl (, <punct če <mark (sosednje <nmod rastline) <nsubj zasenčijo >obj (njegove <det posušene <amod liste))) >punct .",
800,ssj537.2835.10085,"Čeprav so jesenske vrese cenjene predvsem zaradi živobarvnih listov, imajo tudi zelo lepa socvetja, ki pa jih je treba občudovati od blizu.",25,25,yes,2.52,2.5238095238095237,2.52,yes,1.80,1.795439379432198,1.80,yes,6,6,yes,4.00,4,yes,1.00,1,yes,4.00,4.0,4.00,yes,"A[Čeprav] B[so] C[jesenske] D[vrese] E[cenjene] F[predvsem] G[zaradi] H[živobarvnih] I[listov]J[,] K[imajo] L[tudi] M[zelo] N[lepa] O[socvetja]P[,] Q[ki] R[pa] S[jih] T[je] U[treba] V[občudovati] W[od] X[blizu]Y[.] ","(Čeprav <mark so <cop (jesenske <amod vrese) <nsubj cenjene >obl (predvsem <advmod zaradi <case živobarvnih <amod listov) >punct ,) <advcl imajo >obj (tudi <advmod (zelo <advmod lepa) <amod socvetja >acl (, <punct ki <mark pa <advmod je >advmod treba >csubj (jih <obj občudovati >advmod (od <case blizu)))) >punct .",
801,ssj537.2835.10086,"Vršički resičastih robov posameznih zvonastih cvetkov so lepo obarvani, izpod njih pa lahko štrlijo kontrastno obarvani prašniki.",19,19,yes,2.38,2.375,2.38,yes,1.62,1.6199092123013958,1.62,yes,5,5,yes,2.00,2,yes,2.00,2,yes,1.00,1.0,1.00,yes,"A[Vršički] B[resičastih] C[robov] D[posameznih] E[zvonastih] F[cvetkov] G[so] H[lepo] I[obarvani]J[,] K[izpod] L[njih] M[pa] N[lahko] O[štrlijo] P[kontrastno] Q[obarvani] R[prašniki]S[.] ","(Vršički >nmod (resičastih <amod robov >nmod (posameznih <amod zvonastih <amod cvetkov))) <nsubj so <cop lepo <advmod obarvani >parataxis (, <punct (izpod <case njih) <obl pa <advmod lahko <advmod štrlijo >nsubj ((kontrastno <advmod obarvani) <amod prašniki)) >punct .",
802,ssj537.2836.10087,"Erica cinerea je ena izmed množice lepih res, ki so potem, ko se zakoreninijo, zelo nezahtevne vrtne rastline.",22,22,yes,3.59,3.588235294117647,3.59,yes,0.83,0.8320933324709581,0.83,yes,7,7,yes,3.00,3,yes,1.00,1,yes,3.00,3.0,3.00,yes,"A[Erica] B[cinerea] C[je] D[ena] E[izmed] F[množice] G[lepih] H[res]I[,] J[ki] K[so] L[potem]M[,] N[ko] O[se] P[zakoreninijo]Q[,] R[zelo] S[nezahtevne] T[vrtne] U[rastline]V[.] ","(Erica >flat cinerea) <nsubj je <cop ena >nmod (izmed <case množice >nmod (lepih <amod res >acl (, <punct ki <mark so <cop ((potem >punct , >fixed ko) <mark se <expl zakoreninijo >punct ,) <advcl (zelo <advmod nezahtevne) <amod vrtne <amod rastline))) >punct .",
803,ssj537.2836.10088,"Ta vrsta cveti poleti in jeseni in ima goste skupine belih, intenzivno rožnatih ali škrlatnih cvetov, ki se lepo odražajo od temno zelenih zimzelenih listov.",28,28,yes,2.58,2.5833333333333335,2.58,yes,1.19,1.1892525048108817,1.19,yes,8,8,yes,3.00,3,yes,2.00,2,yes,1.50,1.5,1.50,yes,"A[Ta] B[vrsta] C[cveti] D[poleti] E[in] F[jeseni] G[in] H[ima] I[goste] J[skupine] K[belih]L[,] M[intenzivno] N[rožnatih] O[ali] P[škrlatnih] Q[cvetov]R[,] S[ki] T[se] U[lepo] V[odražajo] W[od] X[temno] Y[zelenih] Z[zimzelenih] A[listov]B[.] ","(Ta <det vrsta) <nsubj cveti >advmod (poleti >conj (in <cc jeseni)) >conj (in <cc ima >obj (goste <amod skupine >nmod ((belih >conj (, <punct intenzivno <advmod rožnatih) >conj (ali <cc škrlatnih)) <amod cvetov >acl (, <punct ki <mark se <expl lepo <advmod odražajo >obl (od <case (temno <advmod zelenih) <amod zimzelenih <amod listov))))) >punct .",
804,ssj537.2836.10089,"Zaradi razraščajoče se rasti je zelo primerna za prekrivanje golih tal, čeprav sprva, dokler se še razrašča, potrebuje zastirko, npr. iz sesekljanega lubja.",28,28,yes,3.05,3.0454545454545454,3.05,yes,1.40,1.4048261351741644,1.40,yes,5,5,yes,3.00,3,yes,1.00,1,yes,3.00,3.0,3.00,yes,"A[Zaradi] B[razraščajoče] C[se] D[rasti] E[je] F[zelo] G[primerna] H[za] I[prekrivanje] J[golih] K[tal]L[,] M[čeprav] N[sprva]O[,] P[dokler] Q[se] R[še] S[razrašča]T[,] U[potrebuje] V[zastirko]W[,] X[npr.] Y[iz] Z[sesekljanega] A[lubja]B[.] ","(Zaradi <case (razraščajoče >expl se) <amod rasti) <obl je <cop zelo <advmod primerna >obl (za <case prekrivanje >nmod (golih <amod tal)) >advcl (, <punct čeprav <mark sprva <advmod (, <punct dokler <mark se <expl še <advmod razrašča >punct ,) <advcl potrebuje >obj (zastirko >appos (, <punct npr. <cc iz <case sesekljanega <amod lubja))) >punct .",
805,ssj537.2837.10090,Mrtve koprive so dobre za prekrivanje tal tako na zelo senčnih kot tudi na deloma sončnih rastiščih.,18,18,yes,2.88,2.875,2.88,yes,1.02,1.0233888674305223,1.02,yes,6,6,yes,1.00,1,yes,1.00,1,yes,1.00,1.0,1.00,yes,A[Mrtve] B[koprive] C[so] D[dobre] E[za] F[prekrivanje] G[tal] H[tako] I[na] J[zelo] K[senčnih] L[kot] M[tudi] N[na] O[deloma] P[sončnih] Q[rastiščih]R[.] ,(Mrtve <amod koprive) <nsubj so <cop dobre >obl (za <case prekrivanje >nmod tal >nmod ((tako <cc na <case zelo <advmod senčnih >conj (kot <cc tudi <advmod na <case deloma <advmod sončnih)) <amod rastiščih)) >punct .,
806,ssj537.2837.10091,Hitro se razraščajo in napravijo na tleh debelo listnato preprogo.,11,11,yes,1.89,1.8888888888888888,1.89,yes,1.01,1.0119296662821677,1.01,yes,4,4,yes,2.00,2,yes,2.00,2,yes,1.00,1.0,1.00,yes,A[Hitro] B[se] C[razraščajo] D[in] E[napravijo] F[na] G[tleh] H[debelo] I[listnato] J[preprogo]K[.] ,Hitro <advmod se <expl razraščajo >conj (in <cc napravijo >obl (na <case tleh) >obj (debelo <amod listnato <amod preprogo)) >punct .,
807,ssj537.2837.10092,"Ne motijo jih ne bazična ne apnena tla, vsaka tla pa morajo biti dobro odcedna.",17,17,yes,2.57,2.5714285714285716,2.57,yes,0.72,0.7216406462467505,0.72,yes,5,5,yes,3.00,3,yes,2.00,2,yes,1.50,1.5,1.50,yes,"A[Ne] B[motijo] C[jih] D[ne] E[bazična] F[ne] G[apnena] H[tla]I[,] J[vsaka] K[tla] L[pa] M[morajo] N[biti] O[dobro] P[odcedna]Q[.] ","Ne <advmod motijo >obj jih >nsubj ((ne <cc bazična >conj (ne <cc apnena)) <amod tla) >parataxis (, <punct (vsaka <det tla) <nsubj pa <advmod morajo >xcomp (biti <cop dobro <advmod odcedna)) >punct .",
808,ssj537.2838.10093,/ slika/ Pljučniki so spomladi cvetoče rastline in imajo nad srebrnkasto lisastimi listi gruče rožnatih in modrih cvetov.,20,20,yes,2.69,2.6875,2.69,yes,1.44,1.4374037385060274,1.44,yes,7,7,yes,2.00,2,yes,2.00,2,yes,1.00,1.0,1.00,yes,A[/] B[slika]C[/] D[Pljučniki] E[so] F[spomladi] G[cvetoče] H[rastline] I[in] J[imajo] K[nad] L[srebrnkasto] M[lisastimi] N[listi] O[gruče] P[rožnatih] Q[in] R[modrih] S[cvetov]T[.] ,(/ <punct slika >punct /) <parataxis Pljučniki <nsubj so <cop spomladi <advmod cvetoče <amod rastline >conj (in <cc imajo >obl (nad <case (srebrnkasto <advmod lisastimi) <amod listi) >obj (gruče >nmod ((rožnatih >conj (in <cc modrih)) <amod cvetov))) >punct .,
809,ssj537.2839.10094,"/ slika/ Veliki zimzelen (Vinca major) bujneje cveti na zelo sončnih rastiščih, čeprav občasno cveti tudi v senci.",23,23,yes,2.88,2.875,2.88,yes,1.53,1.529189323269762,1.53,yes,4,4,yes,2.00,2,yes,1.00,1,yes,2.00,2.0,2.00,yes,"A[/] B[slika]C[/] D[Veliki] E[zimzelen] F[(]G[Vinca] H[major]I[)] J[bujneje] K[cveti] L[na] M[zelo] N[sončnih] O[rastiščih]P[,] Q[čeprav] R[občasno] S[cveti] T[tudi] U[v] V[senci]W[.] ","(/ <punct slika >punct /) <parataxis (Veliki <amod zimzelen >appos (( <punct Vinca >flat major >punct ))) <nsubj bujneje <advmod cveti >obl (na <case (zelo <advmod sončnih) <amod rastiščih) >advcl (, <punct čeprav <mark občasno <advmod cveti >obl (tudi <advmod v <case senci)) >punct .",
810,ssj537.2839.10095,"Rastline je treba obrezovati, da ohranijo košato rast.",10,10,yes,1.86,1.8571428571428572,1.86,yes,0.70,0.7004894564014058,0.70,yes,5,5,yes,3.00,3,yes,1.00,1,yes,3.00,3.0,3.00,yes,"A[Rastline] B[je] C[treba] D[obrezovati]E[,] F[da] G[ohranijo] H[košato] I[rast]J[.] ","je >advmod treba >csubj (Rastline <obj obrezovati >advcl (, <punct da <mark ohranijo >obj (košato <amod rast))) >punct .",
811,ssj538.2840.10096,Pokazali pa ni dober izraz: v predstavi gre namreč za medsebojno učinkovanje igralcev (imenujejo se tudi »prebivalci labirinta« ali »izzivalci«) in gledalcev.,30,30,yes,3.00,3.0,3.00,yes,1.23,1.228367886410652,1.23,yes,6,6,yes,4.00,4,yes,3.00,3,yes,1.33,1.3333333333333333,1.33,yes,A[Pokazali] B[pa] C[ni] D[dober] E[izraz]F[:] G[v] H[predstavi] I[gre] J[namreč] K[za] L[medsebojno] M[učinkovanje] N[igralcev] O[(]P[imenujejo] Q[se] R[tudi] S[»]T[prebivalci] U[labirinta]V[«] W[ali] X[»]Y[izzivalci]Z[«]A[)] B[in] C[gledalcev]D[.] ,Pokazali <csubj pa <advmod ni <cop dober <amod izraz >parataxis (: <punct (v <case predstavi) <obl gre >advmod namreč >obl (za <case medsebojno <amod učinkovanje >nmod (igralcev >conj (in <cc gledalcev))) >parataxis (( <punct imenujejo >expl se >obl (tudi <advmod » <punct prebivalci >nmod labirinta >punct « >conj (ali <cc » <punct izzivalci >punct «)) >punct ))) >punct .,
812,ssj538.2840.10097,"Igralci bodo tako, vsak v svojem vagonu muzejskega vlaka, ki si ga bodo uredili v svoje intimno prebivališče, iz popotnikov izvabljali spomine, pri tem pa si pomagali z učinkovanjem na vsa njihova čutila, s posebnim poudarkom na vonju.",44,44,yes,4.78,4.783783783783784,4.78,yes,1.83,1.8292540515664801,1.83,yes,6,6,yes,3.00,3,yes,2.00,2,yes,1.50,1.5,1.50,yes,"A[Igralci] B[bodo] C[tako]D[,] E[vsak] F[v] G[svojem] H[vagonu] I[muzejskega] J[vlaka]K[,] L[ki] M[si] N[ga] O[bodo] P[uredili] Q[v] R[svoje] S[intimno] T[prebivališče]U[,] V[iz] W[popotnikov] X[izvabljali] Y[spomine]Z[,] A[pri] B[tem] C[pa] D[si] E[pomagali] F[z] G[učinkovanjem] H[na] I[vsa] J[njihova] K[čutila]L[,] M[s] N[posebnim] O[poudarkom] P[na] Q[vonju]R[.] ","Igralci <nsubj bodo <aux tako <advmod , <punct vsak <obl (v <case svojem <det vagonu >nmod (muzejskega <amod vlaka >acl (, <punct ki <mark si <iobj ga <obj bodo <aux uredili >obl (v <case svoje <det intimno <amod prebivališče) >punct ,))) <obl (iz <case popotnikov) <obl izvabljali >obj spomine >parataxis (, <punct (pri <case tem) <obl pa <advmod si <obj pomagali >obl (z <case učinkovanjem >nmod (na <case vsa <det njihova <det čutila) >appos (, <punct s <case posebnim <amod poudarkom >nmod (na <case vonju)))) >punct .",
813,ssj538.2840.10098,"Tako bodo igralci neke vrste vodiči, gledalci pa popotniki skozi lasten spomin, ki v njih porojeva najrazličnejše zgodbe.",21,21,yes,2.35,2.3529411764705883,2.35,yes,1.46,1.4568202965844153,1.46,yes,6,6,yes,2.00,2,yes,1.00,1,yes,2.00,2.0,2.00,yes,"A[Tako] B[bodo] C[igralci] D[neke] E[vrste] F[vodiči]G[,] H[gledalci] I[pa] J[popotniki] K[skozi] L[lasten] M[spomin]N[,] O[ki] P[v] Q[njih] R[porojeva] S[najrazličnejše] T[zgodbe]U[.] ","Tako <advmod bodo <cop igralci <nsubj (neke <det vrste) <nmod vodiči >conj (, <punct gledalci) >conj (pa <cc popotniki >nmod (skozi <case lasten <amod spomin >acl (, <punct ki <mark (v <case njih) <obl porojeva >obj (najrazličnejše <amod zgodbe)))) >punct .",
814,ssj538.2840.10099,"Na poti skozi vlak bodo morali gledalci najti pot iz (lastnega) labirinta, igralci pa ohraniti odprtost in senzibilnost za vsakega od njih.",26,26,yes,2.52,2.5238095238095237,2.52,yes,1.49,1.4923714776470403,1.49,yes,6,6,yes,3.00,3,yes,2.00,2,yes,1.50,1.5,1.50,yes,"A[Na] B[poti] C[skozi] D[vlak] E[bodo] F[morali] G[gledalci] H[najti] I[pot] J[iz] K[(]L[lastnega]M[)] N[labirinta]O[,] P[igralci] Q[pa] R[ohraniti] S[odprtost] T[in] U[senzibilnost] V[za] W[vsakega] X[od] Y[njih]Z[.] ","bodo <aux morali >nsubj gledalci >xcomp ((Na <case poti >nmod (skozi <case vlak)) <obl najti >obj (pot >nmod (iz <case (( <punct lastnega >punct )) <amod labirinta))) >parataxis (, <punct igralci <nsubj pa <advmod ohraniti >obj (odprtost >conj (in <cc senzibilnost) >nmod (za <case vsakega >nmod (od <case njih)))) >punct .",
815,ssj538.2840.10100,Vsak gledalec bo torej na vlaku doživel drugačno predstavo.,10,10,yes,2.25,2.25,2.25,yes,1.20,1.2017456291512458,1.20,yes,3,3,yes,1.00,1,yes,1.00,1,yes,1.00,1.0,1.00,yes,A[Vsak] B[gledalec] C[bo] D[torej] E[na] F[vlaku] G[doživel] H[drugačno] I[predstavo]J[.] ,(Vsak <det gledalec) <nsubj bo <aux torej <advmod (na <case vlaku) <obl doživel >obj (drugačno <amod predstavo) >punct .,
816,ssj539.2841.10101,"2 Ker je tema obravnavanja začrtana s strankinimi trditvami, je za odločanje upoštevno zgolj to, kar je stranka trdila, ne pa tudi, kar je (kot dokazno sredstvo) izpovedala zunaj svojih trditev (primerjaj prvi odstavek 7. člena in 212. člen ZPP ter gornji odstavek pod 1).",54,54,yes,4.00,4.0,4.00,yes,1.83,1.8253291206468694,1.83,yes,6,6,yes,5.00,5,yes,3.00,3,yes,1.67,1.6666666666666667,1.67,yes,"A[2] B[Ker] C[je] D[tema] E[obravnavanja] F[začrtana] G[s] H[strankinimi] I[trditvami]J[,] K[je] L[za] M[odločanje] N[upoštevno] O[zgolj] P[to]Q[,] R[kar] S[je] T[stranka] U[trdila]V[,] W[ne] X[pa] Y[tudi]Z[,] A[kar] B[je] C[(]D[kot] E[dokazno] F[sredstvo]G[)] H[izpovedala] I[zunaj] J[svojih] K[trditev] L[(]M[primerjaj] N[prvi] O[odstavek] P[7.] Q[člena] R[in] S[212.] T[člen] U[ZPP] V[ter] W[gornji] X[odstavek] Y[pod] Z[1]A[)]B[.] ","2 <dep (Ker <mark je <cop (tema >nmod obravnavanja) <nsubj začrtana >obl (s <case strankinimi <amod trditvami) >punct ,) <advcl je <cop (za <case odločanje) <obl upoštevno >nsubj (zgolj <advmod to >acl (, <punct kar <obj je <aux stranka <nsubj trdila)) >conj (, <punct (ne >fixed pa) <cc tudi <advmod , <punct kar <obj je <aux (( <punct kot <case dokazno <amod sredstvo >punct )) <obl izpovedala >obl (zunaj <case svojih <det trditev)) >parataxis (( <punct primerjaj >obj (prvi <amod odstavek >nmod (7. <nummod člena) >conj (in <cc 212. <nummod člen >nmod ZPP) >conj (ter <cc gornji <amod odstavek >nmod (pod <case 1))) >punct )) >punct .",
817,ssj539.2842.10102,Zoper sodbo pritožbenega sodišča je tožnica vložila revizijo zaradi bistvenih kršitev določb pravdnega postopka in zmotne uporabe materialnega prava.,20,20,yes,2.00,2.0,2.00,yes,1.72,1.7249937729157936,1.72,yes,5,5,yes,1.00,1,yes,1.00,1,yes,1.00,1.0,1.00,yes,A[Zoper] B[sodbo] C[pritožbenega] D[sodišča] E[je] F[tožnica] G[vložila] H[revizijo] I[zaradi] J[bistvenih] K[kršitev] L[določb] M[pravdnega] N[postopka] O[in] P[zmotne] Q[uporabe] R[materialnega] S[prava]T[.] ,(Zoper <case sodbo >nmod (pritožbenega <amod sodišča)) <obl je <aux tožnica <nsubj vložila >obj revizijo >obl (zaradi <case bistvenih <amod kršitev >nmod (določb >nmod (pravdnega <amod postopka)) >conj (in <cc zmotne <amod uporabe >nmod (materialnega <amod prava))) >punct .,
818,ssj539.2842.10103,"Bistveno kršitev določb pravdnega postopka vidi v tem, ker sodišče prve stopnje ni izvedlo vseh predlaganih dokazov oziroma se ni opredelilo do listin, ki se nahajajo v spisu.",31,31,yes,2.37,2.3703703703703702,2.37,yes,1.68,1.6807519502608494,1.68,yes,8,8,yes,4.00,4,yes,2.00,2,yes,2.00,2.0,2.00,yes,"A[Bistveno] B[kršitev] C[določb] D[pravdnega] E[postopka] F[vidi] G[v] H[tem]I[,] J[ker] K[sodišče] L[prve] M[stopnje] N[ni] O[izvedlo] P[vseh] Q[predlaganih] R[dokazov] S[oziroma] T[se] U[ni] V[opredelilo] W[do] X[listin]Y[,] Z[ki] A[se] B[nahajajo] C[v] D[spisu]E[.] ","(Bistveno <amod kršitev >nmod (določb >nmod (pravdnega <amod postopka))) <obj vidi >obl (v <case tem >acl (, <punct ker <mark (sodišče >nmod (prve <amod stopnje)) <nsubj ni <aux izvedlo >obj (vseh <det predlaganih <amod dokazov) >conj (oziroma <cc se <expl ni <aux opredelilo >obl (do <case listin >acl (, <punct ki <mark se <expl nahajajo >obl (v <case spisu)))))) >punct .",
819,ssj539.2842.10104,"Sodišči sta zato zmotno zaključili, da je ekonomska skupnost med strankama razpadla že leta 1993 ter da sta od leta 1993 do razveze leta 1996 razpolagali vsaka s svojimi denarnimi sredstvi.",33,33,yes,3.53,3.533333333333333,3.53,yes,1.24,1.243075934598216,1.24,yes,6,6,yes,3.00,3,yes,2.00,2,yes,1.50,1.5,1.50,yes,"A[Sodišči] B[sta] C[zato] D[zmotno] E[zaključili]F[,] G[da] H[je] I[ekonomska] J[skupnost] K[med] L[strankama] M[razpadla] N[že] O[leta] P[1993] Q[ter] R[da] S[sta] T[od] U[leta] V[1993] W[do] X[razveze] Y[leta] Z[1996] A[razpolagali] B[vsaka] C[s] D[svojimi] E[denarnimi] F[sredstvi]G[.] ","Sodišči <nsubj sta <aux zato <advmod zmotno <advmod zaključili >ccomp (, <punct da <mark je <aux (ekonomska <amod skupnost >nmod (med <case strankama)) <nsubj razpadla >obl (že <advmod leta >nummod 1993) >conj (ter <cc da <mark sta <aux (od <case leta >nummod 1993) <obl (do <case razveze >nmod (leta >nummod 1996)) <obl razpolagali >obl (vsaka >nmod (s <case svojimi <det denarnimi <amod sredstvi)))) >punct .",
820,ssj539.2842.10105,"Če bi sodišče izvedlo vse predlagane dokaze, bi prišlo do drugačnih ugotovitev, tako pa je verjelo tožencu in njegovim pričam, čeprav iz njihovih izpovedb izhaja, da so bile poučene, kako naj pričajo.",38,38,yes,2.65,2.6451612903225805,2.65,yes,1.90,1.895554105960489,1.90,yes,6,6,yes,6.00,6,yes,2.00,2,yes,3.00,3.0,3.00,yes,"A[Če] B[bi] C[sodišče] D[izvedlo] E[vse] F[predlagane] G[dokaze]H[,] I[bi] J[prišlo] K[do] L[drugačnih] M[ugotovitev]N[,] O[tako] P[pa] Q[je] R[verjelo] S[tožencu] T[in] U[njegovim] V[pričam]W[,] X[čeprav] Y[iz] Z[njihovih] A[izpovedb] B[izhaja]C[,] D[da] E[so] F[bile] G[poučene]H[,] I[kako] J[naj] K[pričajo]L[.] ","(Če <mark bi <aux sodišče <nsubj izvedlo >obj (vse <det predlagane <amod dokaze) >punct ,) <advcl bi <aux prišlo >obl (do <case drugačnih <amod ugotovitev) >parataxis (, <punct tako <advmod pa <advmod je <aux verjelo >iobj (tožencu >conj (in <cc njegovim <det pričam)) >advcl (, <punct čeprav <mark (iz <case njihovih <det izpovedb) <obl izhaja >csubj (, <punct da <mark so <aux bile <cop poučene >acl (, <punct kako <advmod naj <advmod pričajo)))) >punct .",
821,ssj539.2842.10106,"Toženčeve priče so izpovedale, da je toženec prispeval od svoje plače mesečno 50 odstotkov, čeprav iz listinskih dokazov izhaja, da je dejansko prispeval le od 20 do 25 odstotkov.",33,33,yes,3.07,3.0714285714285716,3.07,yes,1.24,1.2371066495692433,1.24,yes,6,6,yes,4.00,4,yes,1.00,1,yes,4.00,4.0,4.00,yes,"A[Toženčeve] B[priče] C[so] D[izpovedale]E[,] F[da] G[je] H[toženec] I[prispeval] J[od] K[svoje] L[plače] M[mesečno] N[50] O[odstotkov]P[,] Q[čeprav] R[iz] S[listinskih] T[dokazov] U[izhaja]V[,] W[da] X[je] Y[dejansko] Z[prispeval] A[le] B[od] C[20] D[do] E[25] F[odstotkov]G[.] ","(Toženčeve <amod priče) <nsubj so <aux izpovedale >ccomp (, <punct da <mark je <aux toženec <nsubj prispeval >obl (od <case svoje <det plače) >advmod mesečno >obj (50 <nummod odstotkov)) >advcl (, <punct čeprav <mark (iz <case listinskih <amod dokazov) <obl izhaja >csubj (, <punct da <mark je <aux dejansko <advmod prispeval >obj (le <advmod (od <case 20) <nmod do <case 25 <nummod odstotkov))) >punct .",
822,ssj539.2842.10107,"Sodišči sta zaključili, da tolikšnega premoženja, kot ga zatrjuje tožnica, v štirih letih ni bilo mogoče prihraniti.",21,21,yes,4.19,4.1875,4.19,yes,0.50,0.5034966083027606,0.50,yes,7,7,yes,4.00,4,yes,1.00,1,yes,4.00,4.0,4.00,yes,"A[Sodišči] B[sta] C[zaključili]D[,] E[da] F[tolikšnega] G[premoženja]H[,] I[kot] J[ga] K[zatrjuje] L[tožnica]M[,] N[v] O[štirih] P[letih] Q[ni] R[bilo] S[mogoče] T[prihraniti]U[.] ","Sodišči <nsubj sta <aux zaključili >ccomp (, <punct da <mark ni <aux bilo <cop mogoče >csubj (((tolikšnega >advcl (, <punct kot <mark ga <obj zatrjuje >nsubj tožnica >punct ,)) <det premoženja) <obj (v <case štirih <nummod letih) <obl prihraniti)) >punct .",
823,ssj539.2842.10108,"Ob tem se zastavlja vprašanje, kako je lahko toženec potem kupil hišo in še posojal denar.",18,18,yes,2.40,2.4,2.40,yes,1.17,1.1717035437571504,1.17,yes,5,5,yes,3.00,3,yes,2.00,2,yes,1.50,1.5,1.50,yes,"A[Ob] B[tem] C[se] D[zastavlja] E[vprašanje]F[,] G[kako] H[je] I[lahko] J[toženec] K[potem] L[kupil] M[hišo] N[in] O[še] P[posojal] Q[denar]R[.] ","(Ob <case tem) <obl se <expl zastavlja >nsubj (vprašanje >acl (, <punct kako <advmod je <aux lahko <advmod toženec <nsubj potem <advmod kupil >obj hišo >conj (in <cc še <advmod posojal >obj denar))) >punct .",
824,ssj539.2842.10109,"Ta denar je bil privarčevan v času do razpada zakonske zveze, in sicer tako, da je tožnica s svojo plačo ter petino do četrtino plače toženca preživljala družino, s preostankom plače pa je toženec varčeval.",39,39,yes,4.03,4.029411764705882,4.03,yes,1.17,1.1742788173131673,1.17,yes,6,6,yes,3.00,3,yes,2.00,2,yes,1.50,1.5,1.50,yes,"A[Ta] B[denar] C[je] D[bil] E[privarčevan] F[v] G[času] H[do] I[razpada] J[zakonske] K[zveze]L[,] M[in] N[sicer] O[tako]P[,] Q[da] R[je] S[tožnica] T[s] U[svojo] V[plačo] W[ter] X[petino] Y[do] Z[četrtino] A[plače] B[toženca] C[preživljala] D[družino]E[,] F[s] G[preostankom] H[plače] I[pa] J[je] K[toženec] L[varčeval]M[.] ","(Ta <det denar) <nsubj je <aux bil <cop privarčevan >obl (v <case času >nmod (do <case razpada >nmod (zakonske <amod zveze))) >advcl (, <punct (in >fixed sicer) <cc (tako >punct , >fixed da) <mark je <aux tožnica <nsubj (s <case svojo <det plačo >conj (ter <cc petino >conj (do <case četrtino) >nmod (plače >nmod toženca))) <obl preživljala >obj družino >parataxis (, <punct (s <case preostankom >nmod plače) <obl pa <advmod je <aux toženec <nsubj varčeval)) >punct .",
825,ssj539.2842.10110,"To, da je tožnici preklical pooblastilo za razpolaganje z njegovimi sredstvi, ne spremeni dejstev v zvezi z varčevanjem, še manj pa s skupnim premoženjem.",28,28,yes,2.87,2.869565217391304,2.87,yes,1.87,1.8676116824184041,1.87,yes,7,7,yes,2.00,2,yes,1.00,1,yes,2.00,2.0,2.00,yes,"A[To]B[,] C[da] D[je] E[tožnici] F[preklical] G[pooblastilo] H[za] I[razpolaganje] J[z] K[njegovimi] L[sredstvi]M[,] N[ne] O[spremeni] P[dejstev] Q[v] R[zvezi] S[z] T[varčevanjem]U[,] V[še] W[manj] X[pa] Y[s] Z[skupnim] A[premoženjem]B[.] ","(To >acl (, <punct da <mark je <aux tožnici <iobj preklical >obj (pooblastilo >nmod (za <case razpolaganje >nmod (z <case njegovimi <det sredstvi))) >punct ,)) <nsubj ne <advmod spremeni >obj (dejstev >nmod (v <case zvezi >nmod (z <case varčevanjem))) >parataxis (, <punct (še <advmod manj) <orphan pa <orphan s <case skupnim <amod premoženjem) >punct .",
826,ssj539.2842.10111,Sicer pa je bila tožnica ves čas pooblaščena razpolagati z deviznim računom toženca (tega pooblastila ji ni nikoli preklical).,22,22,yes,3.22,3.2222222222222223,3.22,yes,1.31,1.3148353971377456,1.31,yes,4,4,yes,3.00,3,yes,2.00,2,yes,1.50,1.5,1.50,yes,A[Sicer] B[pa] C[je] D[bila] E[tožnica] F[ves] G[čas] H[pooblaščena] I[razpolagati] J[z] K[deviznim] L[računom] M[toženca] N[(]O[tega] P[pooblastila] Q[ji] R[ni] S[nikoli] T[preklical]U[)]V[.] ,Sicer <cc pa <advmod je <aux bila <cop tožnica <nsubj (ves <det čas) <obl pooblaščena >xcomp (razpolagati >obl (z <case deviznim <amod računom >nmod toženca)) >parataxis (( <punct (tega <det pooblastila) <obj ji <iobj ni <aux nikoli <advmod preklical >punct )) >punct .,
827,ssj539.2843.10112,"2 Zbirka odločb civilnega oddelka Vrhovnega sodišča Republike Slovenije 2000, GV, Ljubljana 2001, št. 37, str. 240.",22,22,yes,4.75,4.75,4.75,yes,0.17,0.17472333335331355,0.17,yes,6,6,yes,1.00,1,yes,1.00,1,yes,1.00,1.0,1.00,yes,"A[2] B[Zbirka] C[odločb] D[civilnega] E[oddelka] F[Vrhovnega] G[sodišča] H[Republike] I[Slovenije] J[2000]K[,] L[GV]M[,] N[Ljubljana] O[2001]P[,] Q[št.] R[37]S[,] T[str.] U[240]V[.] ","2 <dep Zbirka >nmod (odločb >nmod (civilnega <amod oddelka >nmod (Vrhovnega <amod sodišča >nmod (Republike >nmod Slovenije)))) >nummod 2000 >list (, <punct GV) >list (, <punct Ljubljana >nummod 2001) >list (, <punct št. >nummod 37) >list (, <punct str. >nummod 240) >punct .",
828,ssj539.2844.10113,Sodišče druge stopnje je s sklepom zavrnilo pritožbo proti zavrnitvi predloga za vrnitev v prejšnje stanje in potrdilo izpodbijani sklep.,21,21,yes,2.26,2.263157894736842,2.26,yes,1.63,1.628413427583755,1.63,yes,7,7,yes,2.00,2,yes,2.00,2,yes,1.00,1.0,1.00,yes,A[Sodišče] B[druge] C[stopnje] D[je] E[s] F[sklepom] G[zavrnilo] H[pritožbo] I[proti] J[zavrnitvi] K[predloga] L[za] M[vrnitev] N[v] O[prejšnje] P[stanje] Q[in] R[potrdilo] S[izpodbijani] T[sklep]U[.] ,(Sodišče >nmod (druge <amod stopnje)) <nsubj je <aux (s <case sklepom) <obl zavrnilo >obj (pritožbo >nmod (proti <case zavrnitvi >nmod (predloga >nmod (za <case vrnitev >nmod (v <case prejšnje <amod stanje))))) >conj (in <cc potrdilo >obj (izpodbijani <amod sklep)) >punct .,
829,ssj539.2844.10114,Sočasno je zavrnilo pritožbo proti sodbi in potrdilo zamudno sodbo sodišča prve stopnje.,14,14,yes,1.67,1.6666666666666667,1.67,yes,1.28,1.2809338454620642,1.28,yes,6,6,yes,2.00,2,yes,2.00,2,yes,1.00,1.0,1.00,yes,A[Sočasno] B[je] C[zavrnilo] D[pritožbo] E[proti] F[sodbi] G[in] H[potrdilo] I[zamudno] J[sodbo] K[sodišča] L[prve] M[stopnje]N[.] ,Sočasno <advmod je <aux zavrnilo >obj (pritožbo >nmod (proti <case sodbi)) >conj (in <cc potrdilo >obj (zamudno <amod sodbo >nmod (sodišča >nmod (prve <amod stopnje)))) >punct .,
830,ssj539.2845.10115,"Pravilnik o ocenjevanju zdravstvene sposobnosti vojaških obveznikov za vojaško službo (Vojaški uradni list SFRJ, št. 5/ 1991)",21,21,yes,2.75,2.75,2.75,yes,0.37,0.3746934494414107,0.37,yes,5,5,yes,1.00,1,yes,1.00,1,yes,1.00,1.0,1.00,yes,"A[Pravilnik] B[o] C[ocenjevanju] D[zdravstvene] E[sposobnosti] F[vojaških] G[obveznikov] H[za] I[vojaško] J[službo] K[(]L[Vojaški] M[uradni] N[list] O[SFRJ]P[,] Q[št.] R[5]S[/] T[1991]U[)] ","Pravilnik >nmod (o <case ocenjevanju >nmod (zdravstvene <amod sposobnosti >nmod (vojaških <amod obveznikov) >nmod (za <case vojaško <amod službo))) >appos (( <punct Vojaški <amod uradni <amod list >nmod SFRJ >list (, <punct št. >nummod 5) >nummod (/ <punct 1991) >punct ))",
831,ssj539.2846.10116,"člena v zvezi s 375. členom ZPP iz leta 1999), in če je bilo to brez posegov v vsebino",21,21,yes,2.39,2.388888888888889,2.39,yes,0.57,0.5743575211506846,0.57,yes,6,6,yes,2.00,2,yes,2.00,2,yes,1.00,1.0,1.00,yes,"A[člena] B[v] C[zvezi] D[s] E[375.] F[členom] G[ZPP] H[iz] I[leta] J[1999]K[)]L[,] M[in] N[če] O[je] P[bilo] Q[to] R[brez] S[posegov] T[v] U[vsebino] ","člena >nmod (v <case zvezi >nmod (s <case 375. <nummod členom >nmod (ZPP >nmod (iz <case leta >nummod 1999)))) >punct ) >parataxis (, <punct in <cc če <mark je <aux bilo >nsubj to >obl (brez <case posegov >nmod (v <case vsebino)))",
832,ssj540.2847.10117,"Po vsem tem je prišla na mizo večerja, pred katero smo čisto spontano vstali in vsi skupaj zapeli Kolkr kaplc tolko let in si nazdravili z vinom, kar smo do konca večera še dostikrat storili.",38,38,yes,3.12,3.1176470588235294,3.12,yes,1.43,1.4308206490292252,1.43,yes,8,8,yes,5.00,5,yes,4.00,4,yes,1.25,1.25,1.25,yes,"A[Po] B[vsem] C[tem] D[je] E[prišla] F[na] G[mizo] H[večerja]I[,] J[pred] K[katero] L[smo] M[čisto] N[spontano] O[vstali] P[in] Q[vsi] R[skupaj] S[zapeli] T[Kolkr] U[kaplc] V[tolko] W[let] X[in] Y[si] Z[nazdravili] A[z] B[vinom]C[,] D[kar] E[smo] F[do] G[konca] H[večera] I[še] J[dostikrat] K[storili]L[.] ","(Po <case vsem <det tem) <obl je <aux prišla >obl (na <case mizo) >nsubj (večerja >acl (, <punct (pred <case katero) <obl smo <aux (čisto <advmod spontano) <advmod vstali >conj (in <cc (vsi >advmod skupaj) <nsubj zapeli >ccomp (((Kolkr <mark kaplc) <advcl tolko) <det let)) >conj (in <cc si <iobj nazdravili >obl (z <case vinom)) >parataxis (, <punct kar <obj smo <aux (do <case konca >nmod večera) <obl (še <advmod dostikrat) <advmod storili))) >punct .",
833,ssj540.2847.10118,"Po tistem se spomnim samo še, da smo se veliko pogovarjali- v zanosu sem obljubil, da se bom naučil italijansko - smeha, veselih in razigranih obrazov, likov, kot Adrianov, ki so nosili naše klobuke in igrali na naša glasbila, petja in prijetnega druženja.",52,52,yes,4.22,4.219512195121951,4.22,yes,1.11,1.110213686118628,1.11,yes,7,7,yes,6.00,6,yes,3.00,3,yes,2.00,2.0,2.00,yes,"A[Po] B[tistem] C[se] D[spomnim] E[samo] F[še]G[,] H[da] I[smo] J[se] K[veliko] L[pogovarjali]M[-] N[v] O[zanosu] P[sem] Q[obljubil]R[,] S[da] T[se] U[bom] V[naučil] W[italijansko] X[-] Y[smeha]Z[,] A[veselih] B[in] C[razigranih] D[obrazov]E[,] F[likov]G[,] H[kot] I[Adrianov]J[,] K[ki] L[so] M[nosili] N[naše] O[klobuke] P[in] Q[igrali] R[na] S[naša] T[glasbila]U[,] V[petja] W[in] X[prijetnega] Y[druženja]Z[.] ","(Po <case tistem) <obl se <expl spomnim >advmod samo >advmod še >ccomp (, <punct da <mark smo <aux se <expl veliko <advmod pogovarjali) >parataxis (- <punct (v <case zanosu) <obl sem <aux obljubil >ccomp (, <punct da <mark se <expl bom <aux naučil >obj italijansko) >punct -) >obj (smeha >conj (, <punct (veselih >conj (in <cc razigranih)) <amod obrazov) >conj (, <punct likov >obl (, <punct kot <case Adrianov) >acl (, <punct ki <mark so <aux nosili >obj (naše <det klobuke) >conj (in <cc igrali >obl (na <case naša <det glasbila)))) >conj (, <punct petja) >conj (in <cc prijetnega <amod druženja)) >punct .",
834,ssj540.2847.10119,"Še enkrat ali dvakrat smo prigriznili, da je vino laže teklo, na odprtem ognju v gostilni pa so se pekli kostanji...",26,26,yes,3.00,3.0,3.00,yes,1.30,1.2951335827229133,1.30,yes,5,5,yes,3.00,3,yes,2.00,2,yes,1.50,1.5,1.50,yes,"A[Še] B[enkrat] C[ali] D[dvakrat] E[smo] F[prigriznili]G[,] H[da] I[je] J[vino] K[laže] L[teklo]M[,] N[na] O[odprtem] P[ognju] Q[v] R[gostilni] S[pa] T[so] U[se] V[pekli] W[kostanji]X[.]Y[.]Z[.] ","(Še <advmod enkrat >conj (ali <cc dvakrat)) <advmod smo <aux prigriznili >advcl (, <punct da <mark je <aux vino <nsubj laže <advmod teklo >punct ,) >parataxis ((na <case odprtem <amod ognju >nmod (v <case gostilni)) <obl pa <advmod so <aux se <expl pekli >nsubj kostanji) >punct . >punct . >punct .",
835,ssj540.2847.10120,»Voila!« je vzkliknil mojster brivec in s tem privedel ritual britja do konca.,17,17,yes,2.08,2.0833333333333335,2.08,yes,0.86,0.8550577400937722,0.86,yes,5,5,yes,3.00,3,yes,3.00,3,yes,1.00,1.0,1.00,yes,A[»]B[Voila]C[!]D[«] E[je] F[vzkliknil] G[mojster] H[brivec] I[in] J[s] K[tem] L[privedel] M[ritual] N[britja] O[do] P[konca]Q[.] ,» <punct Voila >punct ! >punct « >parataxis (je <aux vzkliknil >nsubj (mojster >nmod brivec) >conj (in <cc (s <case tem) <obl privedel >obj (ritual >nmod britja) >obl (do <case konca))) >punct .,
836,ssj540.2847.10121,"Res je bil mojster, niti ena kapljica krvi mi ni pritekla, obril me je gladko, kot se reče.",22,22,yes,2.94,2.9411764705882355,2.94,yes,1.03,1.0309441912161232,1.03,yes,5,5,yes,4.00,4,yes,3.00,3,yes,1.33,1.3333333333333333,1.33,yes,"A[Res] B[je] C[bil] D[mojster]E[,] F[niti] G[ena] H[kapljica] I[krvi] J[mi] K[ni] L[pritekla]M[,] N[obril] O[me] P[je] Q[gladko]R[,] S[kot] T[se] U[reče]V[.] ","Res <advmod je <aux bil <cop mojster >parataxis (, <punct ((niti <advmod ena) <nummod kapljica >nmod krvi) <nsubj mi <obj ni <aux pritekla) >parataxis (, <punct obril >obj me >aux je >advmod gladko >advcl (, <punct kot <mark se <expl reče)) >punct .",
837,ssj540.2847.10122,"Vrnil sem se v hotel, še malo počakal, da smo se zbrali in se odpeljali izpred hotela domov, kar naredim najprej, ko se zbudim, kot bi lahko rekel danes.",35,35,yes,3.04,3.0357142857142856,3.04,yes,0.56,0.5556555087724896,0.56,yes,6,6,yes,7.00,7,yes,4.00,4,yes,1.75,1.75,1.75,yes,"A[Vrnil] B[sem] C[se] D[v] E[hotel]F[,] G[še] H[malo] I[počakal]J[,] K[da] L[smo] M[se] N[zbrali] O[in] P[se] Q[odpeljali] R[izpred] S[hotela] T[domov]U[,] V[kar] W[naredim] X[najprej]Y[,] Z[ko] A[se] B[zbudim]C[,] D[kot] E[bi] F[lahko] G[rekel] H[danes]I[.] ","Vrnil >aux sem >expl se >obl (v <case hotel) >parataxis (, <punct (še <advmod malo) <advmod počakal >ccomp (, <punct da <mark smo <aux se <expl zbrali >conj (in <cc se <expl odpeljali >obl (izpred <case hotela) >advmod domov))) >parataxis (, <punct kar <obj naredim >advmod najprej >advcl (, <punct ko <mark se <expl zbudim >advcl (, <punct kot <mark bi <aux lahko <advmod rekel >advmod danes))) >punct .",
838,ssj540.2848.10123,"Z leti sem spoznal, da je Fara nenavadno zanimiva vas.",12,12,yes,2.78,2.7777777777777777,2.78,yes,0.77,0.7701082216960736,0.77,yes,4,4,yes,2.00,2,yes,1.00,1,yes,2.00,2.0,2.00,yes,"A[Z] B[leti] C[sem] D[spoznal]E[,] F[da] G[je] H[Fara] I[nenavadno] J[zanimiva] K[vas]L[.] ","(Z <case leti) <obl sem <aux spoznal >ccomp (, <punct da <mark je <cop Fara <nsubj (nenavadno <advmod zanimiva) <amod vas) >punct .",
839,ssj540.2848.10124,"Vedel sem recimo, da je bila v njej od leta 1919 do 1927 uprava Mohorjeve družbe, ki se je morala sem zateči iz Celovca, da bi preživela, iz Prevalj pa se je nato preselila v Celje.",41,41,yes,3.00,3.0,3.00,yes,0.68,0.6790617420765971,0.68,yes,7,7,yes,7.00,7,yes,3.00,3,yes,2.33,2.3333333333333335,2.33,yes,"A[Vedel] B[sem] C[recimo]D[,] E[da] F[je] G[bila] H[v] I[njej] J[od] K[leta] L[1919] M[do] N[1927] O[uprava] P[Mohorjeve] Q[družbe]R[,] S[ki] T[se] U[je] V[morala] W[sem] X[zateči] Y[iz] Z[Celovca]A[,] B[da] C[bi] D[preživela]E[,] F[iz] G[Prevalj] H[pa] I[se] J[je] K[nato] L[preselila] M[v] N[Celje]O[.] ","Vedel >aux sem >parataxis recimo >ccomp (, <punct da <mark je <aux bila >obl (v <case njej) >obl (od <case leta >nummod 1919) >obl (do <case 1927) >nsubj (uprava >nmod (Mohorjeve <amod družbe) >acl (, <punct ki <mark je <aux morala >xcomp (se <expl sem <advmod zateči >obl (iz <case Celovca) >advcl (, <punct da <mark bi <aux preživela)) >parataxis (, <punct (iz <case Prevalj) <obl pa <advmod se <expl je <aux nato <advmod preselila >obl (v <case Celje))))) >punct .",
840,ssj540.2848.10125,"Pred nedavnim sem zasledil podatek, da je v obdobju, ko je delovala na Prevaljah, kot se uradno reče, Mohorjeva družba izdala dva milijona knjig!",29,29,yes,4.48,4.478260869565218,4.48,yes,0.76,0.7616595162240339,0.76,yes,8,8,yes,4.00,4,yes,1.00,1,yes,4.00,4.0,4.00,yes,"A[Pred] B[nedavnim] C[sem] D[zasledil] E[podatek]F[,] G[da] H[je] I[v] J[obdobju]K[,] L[ko] M[je] N[delovala] O[na] P[Prevaljah]Q[,] R[kot] S[se] T[uradno] U[reče]V[,] W[Mohorjeva] X[družba] Y[izdala] Z[dva] A[milijona] B[knjig]C[!] ","(Pred <case nedavnim) <obl sem <aux zasledil >obj (podatek >acl (, <punct da <mark je <aux (v <case obdobju >acl (, <punct ko <mark je <aux delovala >obl (na <case Prevaljah >acl (, <punct kot <mark se <expl uradno <advmod reče >punct ,)))) <obl (Mohorjeva <amod družba) <nsubj izdala >obj (dva <nummod milijona >nmod knjig))) >punct !",
841,ssj540.2848.10126,"Šele pred časom pa sem izvedel, da se je na Fari rodila tudi pisateljica dr. Ljuba Prenner!",19,19,yes,2.31,2.3125,2.31,yes,1.44,1.4438449053294748,1.44,yes,5,5,yes,2.00,2,yes,1.00,1,yes,2.00,2.0,2.00,yes,"A[Šele] B[pred] C[časom] D[pa] E[sem] F[izvedel]G[,] H[da] I[se] J[je] K[na] L[Fari] M[rodila] N[tudi] O[pisateljica] P[dr.] Q[Ljuba] R[Prenner]S[!] ","(Šele <advmod pred <case časom) <obl pa <advmod sem <aux izvedel >ccomp (, <punct da <mark se <expl je <aux (na <case Fari) <obl rodila >nsubj (tudi <advmod pisateljica >nmod (dr. <nmod Ljuba >flat Prenner))) >punct !",
842,ssj540.2848.10127,"In da so tukaj živeli še mnogi drugi umetniki, kot Milko Šparemblek, svetovno znani koreograf, ki zdaj živi v Zagrebu.",24,24,yes,2.21,2.210526315789474,2.21,yes,1.48,1.4837078066833425,1.48,yes,7,7,yes,2.00,2,yes,1.00,1,yes,2.00,2.0,2.00,yes,"A[In] B[da] C[so] D[tukaj] E[živeli] F[še] G[mnogi] H[drugi] I[umetniki]J[,] K[kot] L[Milko] M[Šparemblek]N[,] O[svetovno] P[znani] Q[koreograf]R[,] S[ki] T[zdaj] U[živi] V[v] W[Zagrebu]X[.] ","In <cc da <mark so <aux tukaj <advmod živeli >nsubj (še <advmod mnogi <det drugi <amod umetniki >appos (, <punct kot <cc Milko >flat Šparemblek >appos (, <punct (svetovno <advmod znani) <amod koreograf >acl (, <punct ki <mark zdaj <advmod živi >obl (v <case Zagrebu))))) >punct .",
843,ssj540.2848.10128,"Seveda pa sem vedel, da je tukaj živel in delal pisatelj Leopold Suhodolčan; pisatelj Vinko Ošlak, ki zdaj živi v Celovcu; in mogoče bom kdaj izvedel še za koga.",34,34,yes,3.04,3.0357142857142856,3.04,yes,1.25,1.2488026893324349,1.25,yes,7,7,yes,5.00,5,yes,3.00,3,yes,1.67,1.6666666666666667,1.67,yes,"A[Seveda] B[pa] C[sem] D[vedel]E[,] F[da] G[je] H[tukaj] I[živel] J[in] K[delal] L[pisatelj] M[Leopold] N[Suhodolčan]O[;] P[pisatelj] Q[Vinko] R[Ošlak]S[,] T[ki] U[zdaj] V[živi] W[v] X[Celovcu]Y[;] Z[in] A[mogoče] B[bom] C[kdaj] D[izvedel] E[še] F[za] G[koga]H[.] ","Seveda <advmod pa <advmod sem <aux vedel >ccomp (, <punct da <mark je <aux tukaj <advmod živel >conj (in <cc delal) >nsubj (pisatelj >nmod (Leopold >flat Suhodolčan) >conj (; <punct pisatelj >nmod (Vinko >flat Ošlak) >acl (, <punct ki <mark zdaj <advmod živi >obl (v <case Celovcu))))) >conj (; <punct in <cc mogoče <advmod bom <aux kdaj <advmod izvedel >obl (še <advmod za <case koga)) >punct .",
844,ssj541.2849.10129,"Datum začetka trgovanja s povečanim številom navadnih delnic DOBR v borzni kotaciji A je torek, 9. 2. 1999.",20,20,yes,2.65,2.6470588235294117,2.65,yes,1.80,1.7971826268651094,1.80,yes,7,7,yes,1.00,1,yes,1.00,1,yes,1.00,1.0,1.00,yes,"A[Datum] B[začetka] C[trgovanja] D[s] E[povečanim] F[številom] G[navadnih] H[delnic] I[DOBR] J[v] K[borzni] L[kotaciji] M[A] N[je] O[torek]P[,] Q[9.] R[2.] S[1999]T[.] ","(Datum >nmod (začetka >nmod (trgovanja >nmod (s <case povečanim <amod številom >nmod (navadnih <amod delnic >nmod DOBR)) >nmod (v <case borzni <amod kotaciji >nmod A)))) <nsubj je <cop torek >appos (, <punct 9. >flat 2. >flat 1999) >punct .",
845,ssj542.2850.10130,"Čedalje več univerz hoče, da imajo računalnik že bruci.",11,11,yes,1.50,1.5,1.50,yes,1.33,1.3274028432916989,1.33,yes,4,4,yes,2.00,2,yes,1.00,1,yes,2.00,2.0,2.00,yes,"A[Čedalje] B[več] C[univerz] D[hoče]E[,] F[da] G[imajo] H[računalnik] I[že] J[bruci]K[.] ","((Čedalje <advmod več) <det univerz) <nsubj hoče >ccomp (, <punct da <mark imajo >obj računalnik >nsubj (že <advmod bruci)) >punct .",
846,ssj542.2850.10131,"»Ta pogoj postavljamo, ker se zavedamo, da ga bodo na delovnem mestu nujno potrebovali,« pravi Paul Hunt, odgovoren za knjižnice, računalništvo in tehnologijo na univerzi države Michigan v East Lansingu.",38,38,yes,2.97,2.9655172413793105,2.97,yes,2.09,2.094462585503199,2.09,yes,8,8,yes,4.00,4,yes,1.00,1,yes,4.00,4.0,4.00,yes,"A[»]B[Ta] C[pogoj] D[postavljamo]E[,] F[ker] G[se] H[zavedamo]I[,] J[da] K[ga] L[bodo] M[na] N[delovnem] O[mestu] P[nujno] Q[potrebovali]R[,]S[«] T[pravi] U[Paul] V[Hunt]W[,] X[odgovoren] Y[za] Z[knjižnice]A[,] B[računalništvo] C[in] D[tehnologijo] E[na] F[univerzi] G[države] H[Michigan] I[v] J[East] K[Lansingu]L[.] ","(» <punct (Ta <det pogoj) <obj postavljamo >advcl (, <punct ker <mark se <expl zavedamo >ccomp (, <punct da <mark ga <obj bodo <aux (na <case delovnem <amod mestu) <obl nujno <advmod potrebovali >punct ,)) >punct «) <ccomp pravi >nsubj (Paul >flat Hunt >amod (, <punct odgovoren >nmod (za <case knjižnice >conj (, <punct računalništvo) >conj (in <cc tehnologijo >nmod (na <case univerzi >nmod (države >nmod Michigan) >nmod (v <case East <nmod Lansingu)))))) >punct .",
847,ssj542.2850.10132,Prihodnji poslovneži si bodo zelo verjetno morali kar med sestanki priskrbeti informacije z omrežja.,15,15,yes,2.46,2.4615384615384617,2.46,yes,1.35,1.354643207920235,1.35,yes,4,4,yes,2.00,2,yes,1.00,1,yes,2.00,2.0,2.00,yes,A[Prihodnji] B[poslovneži] C[si] D[bodo] E[zelo] F[verjetno] G[morali] H[kar] I[med] J[sestanki] K[priskrbeti] L[informacije] M[z] N[omrežja]O[.] ,(Prihodnji <amod poslovneži) <nsubj bodo <aux (zelo <advmod verjetno) <advmod morali >xcomp (si <iobj (kar <advmod med <case sestanki) <obl priskrbeti >obj informacije >obl (z <case omrežja)) >punct .,
848,ssj542.2850.10133,"Kot je dejal, se na njihovi univerzi trudijo, da bi do leta 2001 omogočili študentom nakup osebnega računalnika za tisoč dolarjev.",24,24,yes,2.45,2.45,2.45,yes,1.70,1.7003904008884696,1.70,yes,6,6,yes,3.00,3,yes,1.00,1,yes,3.00,3.0,3.00,yes,"A[Kot] B[je] C[dejal]D[,] E[se] F[na] G[njihovi] H[univerzi] I[trudijo]J[,] K[da] L[bi] M[do] N[leta] O[2001] P[omogočili] Q[študentom] R[nakup] S[osebnega] T[računalnika] U[za] V[tisoč] W[dolarjev]X[.] ","(Kot <mark je <aux dejal >punct ,) <advcl se <expl (na <case njihovi <det univerzi) <obl trudijo >ccomp (, <punct da <mark bi <aux (do <case leta >nummod 2001) <obl omogočili >iobj študentom >obj (nakup >nmod (osebnega <amod računalnika >nmod (za <case tisoč <nummod dolarjev)))) >punct .",
849,ssj543.2851.10134,In že je ležala na tleh kot ob koncu nadaljevanke.,11,11,yes,2.00,2.0,2.00,yes,1.10,1.0986122886681098,1.10,yes,3,3,yes,1.00,1,yes,1.00,1,yes,1.00,1.0,1.00,yes,A[In] B[že] C[je] D[ležala] E[na] F[tleh] G[kot] H[ob] I[koncu] J[nadaljevanke]K[.] ,In <cc že <advmod je <aux ležala >obl (na <case tleh) >obl (kot <case ob <case koncu >nmod nadaljevanke) >punct .,
850,ssj543.2852.10135,Obvestilo sta morala starša podpisati.,6,6,yes,2.00,2.0,2.00,yes,0.55,0.5493061443340547,0.55,yes,3,3,yes,2.00,2,yes,1.00,1,yes,2.00,2.0,2.00,yes,A[Obvestilo] B[sta] C[morala] D[starša] E[podpisati]F[.] ,sta <aux morala >nsubj starša >xcomp (Obvestilo <obj podpisati) >punct .,
851,ssj543.2852.10136,Vsaj eden.,3,3,yes,1.00,1.0,1.00,yes,0.35,0.34657359027997275,0.35,yes,2,2,yes,1.00,1,yes,1.00,1,yes,1.00,1.0,1.00,yes,A[Vsaj] B[eden]C[.] ,Vsaj <advmod eden >punct .,
852,ssj543.2852.10137,Seveda pa dobiti podpis ni lahka stvar.,8,8,yes,1.83,1.8333333333333333,1.83,yes,1.26,1.2626990055713687,1.26,yes,3,3,yes,2.00,2,yes,1.00,1,yes,2.00,2.0,2.00,yes,A[Seveda] B[pa] C[dobiti] D[podpis] E[ni] F[lahka] G[stvar]H[.] ,(Seveda <advmod pa <advmod dobiti >obj podpis) <csubj ni <cop lahka <amod stvar >punct .,
853,ssj543.2852.10138,A razredničarki se je zdel podpis pomembnejši od obletnice prvega pristanka na Luni.,14,14,yes,1.83,1.8333333333333333,1.83,yes,1.44,1.441036477540735,1.44,yes,6,6,yes,1.00,1,yes,1.00,1,yes,1.00,1.0,1.00,yes,A[A] B[razredničarki] C[se] D[je] E[zdel] F[podpis] G[pomembnejši] H[od] I[obletnice] J[prvega] K[pristanka] L[na] M[Luni]N[.] ,A <cc razredničarki <obj se <expl je <aux zdel >nsubj podpis >xcomp (pomembnejši >obl (od <case obletnice >nmod (prvega <amod pristanka >nmod (na <case Luni)))) >punct .,
854,ssj543.2853.10139,"»Jezesna!« je zakričala, kot bi bila Meta v Cvetju v jeseni in se opotekla do vrat.",21,21,yes,2.67,2.6666666666666665,2.67,yes,1.27,1.2690755821534065,1.27,yes,5,5,yes,3.00,3,yes,2.00,2,yes,1.50,1.5,1.50,yes,"A[»]B[Jezesna]C[!]D[«] E[je] F[zakričala]G[,] H[kot] I[bi] J[bila] K[Meta] L[v] M[Cvetju] N[v] O[jeseni] P[in] Q[se] R[opotekla] S[do] T[vrat]U[.] ","(» <punct Jezesna >punct ! >punct «) <discourse je <aux zakričala >advcl (, <punct kot <mark bi <aux bila <cop Meta >nmod (v <case Cvetju >nmod (v <case jeseni))) >conj (in <cc se <expl opotekla >obl (do <case vrat)) >punct .",
855,ssj543.2853.10140,"Če bi se netopir pojavil v kakšni drugi hiši, bi človek še razumel, toda v naši res ni imel kaj početi.",24,24,yes,2.95,2.95,2.95,yes,1.74,1.7355896312328964,1.74,yes,5,5,yes,4.00,4,yes,2.00,2,yes,2.00,2.0,2.00,yes,"A[Če] B[bi] C[se] D[netopir] E[pojavil] F[v] G[kakšni] H[drugi] I[hiši]J[,] K[bi] L[človek] M[še] N[razumel]O[,] P[toda] Q[v] R[naši] S[res] T[ni] U[imel] V[kaj] W[početi]X[.] ","(Če <mark bi <aux se <expl netopir <nsubj pojavil >obl (v <case kakšni <det drugi <amod hiši) >punct ,) <advcl bi <aux človek <nsubj še <advmod razumel >conj (, <punct toda <cc res <advmod ni <aux imel >xcomp ((v <case naši) <obl kaj <obj početi)) >punct .",
856,ssj543.2853.10141,Vsaj mami je menila tako.,6,6,yes,1.25,1.25,1.25,yes,1.16,1.1631508098056809,1.16,yes,3,3,yes,1.00,1,yes,1.00,1,yes,1.00,1.0,1.00,yes,A[Vsaj] B[mami] C[je] D[menila] E[tako]F[.] ,(Vsaj <advmod mami) <nsubj je <aux menila >advmod tako >punct .,
857,ssj543.2854.10142,"Vsi smo ga bili veseli, še posebej Nejc, ki je sklenil, da nikdar več v življenju ne bo nikogar prijavil.",24,24,yes,3.00,3.0,3.00,yes,1.18,1.1783261571321606,1.18,yes,7,7,yes,3.00,3,yes,1.00,1,yes,3.00,3.0,3.00,yes,"A[Vsi] B[smo] C[ga] D[bili] E[veseli]F[,] G[še] H[posebej] I[Nejc]J[,] K[ki] L[je] M[sklenil]N[,] O[da] P[nikdar] Q[več] R[v] S[življenju] T[ne] U[bo] V[nikogar] W[prijavil]X[.] ","Vsi <nsubj smo <aux ga <obj bili <cop veseli >parataxis (, <punct (še >fixed posebej) <orphan Nejc >acl (, <punct ki <mark je <aux sklenil >ccomp (, <punct da <mark ((nikdar >advmod več) <advmod v <case življenju) <obl ne <advmod bo <aux nikogar <obj prijavil))) >punct .",
858,ssj543.2854.10143,Pa če kdo spi sto ur na dan!,9,9,yes,1.71,1.7142857142857142,1.71,yes,1.13,1.127105754354915,1.13,yes,4,4,yes,1.00,1,yes,1.00,1,yes,1.00,1.0,1.00,yes,A[Pa] B[če] C[kdo] D[spi] E[sto] F[ur] G[na] H[dan]I[!] ,Pa <advmod če <mark kdo <nsubj spi >obl (sto <nummod ur >nmod (na <case dan)) >punct !,
859,ssj543.2855.10144,Mami se je naslonila na skladovnico s preprogami in začela sanjati.,12,12,yes,2.00,2.0,2.00,yes,1.15,1.1512925464970227,1.15,yes,4,4,yes,3.00,3,yes,2.00,2,yes,1.50,1.5,1.50,yes,A[Mami] B[se] C[je] D[naslonila] E[na] F[skladovnico] G[s] H[preprogami] I[in] J[začela] K[sanjati]L[.] ,Mami <nsubj se <expl je <aux naslonila >obl (na <case skladovnico >nmod (s <case preprogami)) >conj (in <cc začela >xcomp sanjati) >punct .,
860,ssj543.2855.10145,Pravzaprav že kar leteti na preprogah.,7,7,yes,1.80,1.8,1.80,yes,0.91,0.9100794718748765,0.91,yes,3,3,yes,1.00,1,yes,1.00,1,yes,1.00,1.0,1.00,yes,A[Pravzaprav] B[že] C[kar] D[leteti] E[na] F[preprogah]G[.] ,Pravzaprav <advmod že <advmod kar <advmod leteti >obl (na <case preprogah) >punct .,
861,ssj543.2855.10146,Oči menda ni bil nič boljši.,7,7,yes,3.00,3.0,3.00,yes,0.60,0.6019864021629681,0.60,yes,2,2,yes,1.00,1,yes,1.00,1,yes,1.00,1.0,1.00,yes,A[Oči] B[menda] C[ni] D[bil] E[nič] F[boljši]G[.] ,Oči <nsubj menda <advmod ni <aux bil <cop nič <nmod boljši >punct .,
862,ssj543.2856.10147,"Prepričana sem bila, da bodo kot prve poklicali na oder nas, Erjavčeve.",15,15,yes,2.55,2.5454545454545454,2.55,yes,0.26,0.2646383990223519,0.26,yes,5,5,yes,2.00,2,yes,1.00,1,yes,2.00,2.0,2.00,yes,"A[Prepričana] B[sem] C[bila]D[,] E[da] F[bodo] G[kot] H[prve] I[poklicali] J[na] K[oder] L[nas]M[,] N[Erjavčeve]O[.] ","Prepričana >aux sem >cop bila >ccomp (, <punct da <mark bodo <aux (kot <case prve) <obl poklicali >obl (na <case oder) >obj (nas >appos (, <punct Erjavčeve))) >punct .",
863,ssj543.2856.10148,"Resnici na ljubo je treba povedati, da smo v dvorano pod pretvezo, da gre za nekaj zgodovinskega oziroma usodnega, zvabili tudi vse dedke in babice ter vso drugo bližnjo in daljno žlahto.",36,36,yes,4.19,4.193548387096774,4.19,yes,0.98,0.9765935368320823,0.98,yes,9,9,yes,4.00,4,yes,1.00,1,yes,4.00,4.0,4.00,yes,"A[Resnici] B[na] C[ljubo] D[je] E[treba] F[povedati]G[,] H[da] I[smo] J[v] K[dvorano] L[pod] M[pretvezo]N[,] O[da] P[gre] Q[za] R[nekaj] S[zgodovinskega] T[oziroma] U[usodnega]V[,] W[zvabili] X[tudi] Y[vse] Z[dedke] A[in] B[babice] C[ter] D[vso] E[drugo] F[bližnjo] G[in] H[daljno] I[žlahto]J[.] ","je >advmod treba >csubj ((Resnici >nmod (na <case ljubo)) <iobj povedati >ccomp (, <punct da <mark smo <aux (v <case dvorano) <obl (pod <case pretvezo >acl (, <punct da <mark gre >obl (za <case nekaj >amod (zgodovinskega >conj (oziroma <cc usodnega))) >punct ,)) <obl zvabili >advmod tudi >obj (vse <det dedke >conj (in <cc babice) >conj (ter <cc vso <det drugo <amod (bližnjo >conj (in <cc daljno)) <amod žlahto)))) >punct .",
864,ssj543.2856.10149,"Seveda smo pri tem modro zamolčali, za kaj gre, čeprav so verjetno vsi slutili, kakšno pošto smo dobili.",22,22,yes,2.82,2.823529411764706,2.82,yes,1.27,1.2744987397904606,1.27,yes,5,5,yes,4.00,4,yes,1.00,1,yes,4.00,4.0,4.00,yes,"A[Seveda] B[smo] C[pri] D[tem] E[modro] F[zamolčali]G[,] H[za] I[kaj] J[gre]K[,] L[čeprav] M[so] N[verjetno] O[vsi] P[slutili]Q[,] R[kakšno] S[pošto] T[smo] U[dobili]V[.] ","Seveda <advmod smo <aux (pri <case tem) <obl modro <advmod zamolčali >ccomp (, <punct (za <case kaj) <obl gre) >advcl (, <punct čeprav <mark so <aux verjetno <advmod vsi <nsubj slutili >ccomp (, <punct (kakšno <det pošto) <obj smo <aux dobili)) >punct .",
865,ssj544.2857.10150,Tik pred začetkom tokijskega salona je Subaru bolj vzbudil pozornost z delno zamenjavo lastništva.,15,15,yes,2.08,2.076923076923077,2.08,yes,1.65,1.6501994588560858,1.65,yes,4,4,yes,1.00,1,yes,1.00,1,yes,1.00,1.0,1.00,yes,A[Tik] B[pred] C[začetkom] D[tokijskega] E[salona] F[je] G[Subaru] H[bolj] I[vzbudil] J[pozornost] K[z] L[delno] M[zamenjavo] N[lastništva]O[.] ,(Tik <advmod pred <case začetkom >nmod (tokijskega <amod salona)) <obl je <aux Subaru <nsubj bolj <advmod vzbudil >obj pozornost >obl (z <case delno <amod zamenjavo >nmod lastništva) >punct .,
866,ssj544.2857.10151,"Okoli 8,5 odstotka delnic, ki jih je imel doslej v lasti General Motors, je zdaj prevzela Toyota, največji japonski izdelovalec, ki srednjeročno načrtuje, da bo prehitel General Motors in po številu izdelanih avtomobilov postal sploh največji svetovni koncern.",44,44,yes,2.57,2.5675675675675675,2.57,yes,2.31,2.3076858563138782,2.31,yes,9,9,yes,5.00,5,yes,2.00,2,yes,2.50,2.5,2.50,yes,"A[Okoli] B[8,5] C[odstotka] D[delnic]E[,] F[ki] G[jih] H[je] I[imel] J[doslej] K[v] L[lasti] M[General] N[Motors]O[,] P[je] Q[zdaj] R[prevzela] S[Toyota]T[,] U[največji] V[japonski] W[izdelovalec]X[,] Y[ki] Z[srednjeročno] A[načrtuje]B[,] C[da] D[bo] E[prehitel] F[General] G[Motors] H[in] I[po] J[številu] K[izdelanih] L[avtomobilov] M[postal] N[sploh] O[največji] P[svetovni] Q[koncern]R[.] ","(Okoli <case 8,5 <nummod odstotka >nmod (delnic >acl (, <punct ki <mark jih <obj je <aux imel >advmod doslej >obl (v <case lasti) >nsubj (General >nmod Motors) >punct ,))) <obl je <aux zdaj <advmod prevzela >nsubj (Toyota >appos (, <punct največji <amod japonski <amod izdelovalec >acl (, <punct ki <mark srednjeročno <advmod načrtuje >ccomp (, <punct da <mark bo <aux prehitel >obj (General >nmod Motors) >conj (in <cc (po <case številu >nmod (izdelanih <amod avtomobilov)) <obl postal >advmod sploh >xcomp (največji <amod svetovni <amod koncern)))))) >punct .",
867,ssj544.2857.10152,"Pa so glede razloga za vstop v Fuji Heavy, podjetje, ki med drugim izdeluje tudi avtomobile Subaru, vseeno zatrdili, da jih lastništvo v Subaruju zanima predvsem zaradi možnih skupnih projektov (štirikolesnega pogona in različnih rešitev hibridnega pogona).",44,44,yes,3.75,3.75,3.75,yes,2.02,2.0155248559248933,2.02,yes,8,8,yes,3.00,3,yes,1.00,1,yes,3.00,3.0,3.00,yes,"A[Pa] B[so] C[glede] D[razloga] E[za] F[vstop] G[v] H[Fuji] I[Heavy]J[,] K[podjetje]L[,] M[ki] N[med] O[drugim] P[izdeluje] Q[tudi] R[avtomobile] S[Subaru]T[,] U[vseeno] V[zatrdili]W[,] X[da] Y[jih] Z[lastništvo] A[v] B[Subaruju] C[zanima] D[predvsem] E[zaradi] F[možnih] G[skupnih] H[projektov] I[(]J[štirikolesnega] K[pogona] L[in] M[različnih] N[rešitev] O[hibridnega] P[pogona]Q[)]R[.] ","Pa <cc so <aux (glede <case razloga >nmod (za <case vstop >nmod (v <case Fuji >nmod Heavy >appos (, <punct podjetje >acl (, <punct ki <mark (med <case drugim) <obl izdeluje >obj (tudi <advmod avtomobile >nmod Subaru) >punct ,))))) <obl vseeno <advmod zatrdili >ccomp (, <punct da <mark jih <obj (lastništvo >nmod (v <case Subaruju)) <nsubj zanima >obl (predvsem <advmod zaradi <case možnih <amod skupnih <amod projektov >appos (( <punct štirikolesnega <amod pogona >conj (in <cc različnih <amod rešitev >nmod (hibridnega <amod pogona)) >punct )))) >punct .",
868,ssj544.2857.10153,"A tudi pikro pripomnili, da so z nakupom GM malce pomagali pri akutnih težavah glede razpoložljive gotovine, ki jo to ameriško podjetje za svoje dnevno poslovanje, zaradi velike izgube, nujno potrebuje.",36,36,yes,4.10,4.1,4.10,yes,0.98,0.982758897680761,0.98,yes,7,7,yes,3.00,3,yes,1.00,1,yes,3.00,3.0,3.00,yes,"A[A] B[tudi] C[pikro] D[pripomnili]E[,] F[da] G[so] H[z] I[nakupom] J[GM] K[malce] L[pomagali] M[pri] N[akutnih] O[težavah] P[glede] Q[razpoložljive] R[gotovine]S[,] T[ki] U[jo] V[to] W[ameriško] X[podjetje] Y[za] Z[svoje] A[dnevno] B[poslovanje]C[,] D[zaradi] E[velike] F[izgube]G[,] H[nujno] I[potrebuje]J[.] ","A <cc tudi <advmod pikro <advmod pripomnili >ccomp (, <punct da <mark so <aux (z <case nakupom >nmod GM) <obl malce <advmod pomagali >obl (pri <case akutnih <amod težavah >nmod (glede <case razpoložljive <amod gotovine >acl (, <punct ki <mark jo <obj (to <det ameriško <amod podjetje) <nsubj (za <case svoje <det dnevno <amod poslovanje) <obl (, <punct zaradi <case velike <amod izgube >punct ,) <obl nujno <advmod potrebuje)))) >punct .",
869,ssj544.2858.10154,"Zmogljivostni primankljaj na cesti ni opazen, bežna primerjava z istočasno testiranim Passatom Variantom 2,0 TDI pa celo pokaže, da deluje praktično enak stroj v Mitsubishijevem nosu ušesom prijazneje kot v Volkswagnu.",34,34,yes,2.70,2.7,2.70,yes,1.60,1.6032266524348218,1.60,yes,7,7,yes,3.00,3,yes,2.00,2,yes,1.50,1.5,1.50,yes,"A[Zmogljivostni] B[primankljaj] C[na] D[cesti] E[ni] F[opazen]G[,] H[bežna] I[primerjava] J[z] K[istočasno] L[testiranim] M[Passatom] N[Variantom] O[2,0] P[TDI] Q[pa] R[celo] S[pokaže]T[,] U[da] V[deluje] W[praktično] X[enak] Y[stroj] Z[v] A[Mitsubishijevem] B[nosu] C[ušesom] D[prijazneje] E[kot] F[v] G[Volkswagnu]H[.] ","(Zmogljivostni <amod primankljaj >nmod (na <case cesti)) <nsubj ni <cop opazen >parataxis (, <punct (bežna <amod primerjava >nmod (z <case (istočasno <advmod testiranim) <amod Passatom >nmod (Variantom >nummod (2,0 >nmod TDI)))) <nsubj pa <advmod celo <advmod pokaže >ccomp (, <punct da <mark deluje >nsubj ((praktično <advmod enak) <det stroj) >obl (v <case Mitsubishijevem <amod nosu) >advmod (ušesom <nmod prijazneje >obl (kot <case v <case Volkswagnu)))) >punct .",
870,ssj544.2859.10155,"Zavarovanje pravne zaščite je v svoji osnovi namenjeno pokrivanju stroškov, ki jih nekdo ima s tem, ko je povzročil materialno škodo ali kaznivo dejanje in je kazensko preganjan, ali pa, ko je bil materialno oškodovan in uveljavlja svoj interes proti drugemu.",46,46,yes,2.88,2.875,2.88,yes,1.83,1.8281078236475723,1.83,yes,11,11,yes,6.00,6,yes,4.00,4,yes,1.50,1.5,1.50,yes,"A[Zavarovanje] B[pravne] C[zaščite] D[je] E[v] F[svoji] G[osnovi] H[namenjeno] I[pokrivanju] J[stroškov]K[,] L[ki] M[jih] N[nekdo] O[ima] P[s] Q[tem]R[,] S[ko] T[je] U[povzročil] V[materialno] W[škodo] X[ali] Y[kaznivo] Z[dejanje] A[in] B[je] C[kazensko] D[preganjan]E[,] F[ali] G[pa]H[,] I[ko] J[je] K[bil] L[materialno] M[oškodovan] N[in] O[uveljavlja] P[svoj] Q[interes] R[proti] S[drugemu]T[.] ","(Zavarovanje >nmod (pravne <amod zaščite)) <nsubj je <cop (v <case svoji <det osnovi) <obl namenjeno >obj (pokrivanju >nmod (stroškov >acl (, <punct ki <mark jih <obj nekdo <nsubj ima >obl (s <case tem >acl (, <punct ko <mark je <aux povzročil >obj (materialno <amod škodo >conj (ali <cc kaznivo <amod dejanje)) >conj (in <cc je <cop kazensko <advmod preganjan) >conj (, <punct ali <cc pa <advmod , <punct ko <mark je <aux bil <cop materialno <advmod oškodovan >conj (in <cc uveljavlja >obj (svoj <det interes >nmod (proti <case drugemu))))))))) >punct .",
871,ssj544.2859.10156,"Deluje na podoben način kot zdravstveno zavarovanje, le da na pravnem področju.",14,14,yes,2.91,2.909090909090909,2.91,yes,0.13,0.13110700639782924,0.13,yes,4,4,yes,1.00,1,yes,1.00,1,yes,1.00,1.0,1.00,yes,"A[Deluje] B[na] C[podoben] D[način] E[kot] F[zdravstveno] G[zavarovanje]H[,] I[le] J[da] K[na] L[pravnem] M[področju]N[.] ","Deluje >obl (na <case podoben <amod način >obl (kot <case zdravstveno <amod zavarovanje)) >conj (, <punct (le >fixed da) <cc na <case pravnem <amod področju) >punct .",
872,ssj544.2859.10157,"Vsak zavarovanec ima namreč pri zavarovalnici na voljo osebnega odvetnika, ki si ga izbere sam.",17,17,yes,2.36,2.357142857142857,2.36,yes,1.01,1.0113845772904626,1.01,yes,4,4,yes,2.00,2,yes,1.00,1,yes,2.00,2.0,2.00,yes,"A[Vsak] B[zavarovanec] C[ima] D[namreč] E[pri] F[zavarovalnici] G[na] H[voljo] I[osebnega] J[odvetnika]K[,] L[ki] M[si] N[ga] O[izbere] P[sam]Q[.] ","(Vsak <det zavarovanec) <nsubj ima >advmod namreč >obl (pri <case zavarovalnici) >obl (na <case voljo) >obj (osebnega <amod odvetnika >acl (, <punct ki <mark si <expl ga <obj izbere >obl sam)) >punct .",
873,ssj544.2859.10158,"Vsakemu zavarovancu v primeru, ko pride z nekom v spor, poskuša po svojih močeh najprej pomagati njegov osebni odvetnik, če pa gre za zadevo, na katero se ne spozna dovolj, primer preda kolegu, ki je zanjo specializiran.",44,44,yes,3.61,3.611111111111111,3.61,yes,1.79,1.790218635959351,1.79,yes,7,7,yes,7.00,7,yes,2.00,2,yes,3.50,3.5,3.50,yes,"A[Vsakemu] B[zavarovancu] C[v] D[primeru]E[,] F[ko] G[pride] H[z] I[nekom] J[v] K[spor]L[,] M[poskuša] N[po] O[svojih] P[močeh] Q[najprej] R[pomagati] S[njegov] T[osebni] U[odvetnik]V[,] W[če] X[pa] Y[gre] Z[za] A[zadevo]B[,] C[na] D[katero] E[se] F[ne] G[spozna] H[dovolj]I[,] J[primer] K[preda] L[kolegu]M[,] N[ki] O[je] P[zanjo] Q[specializiran]R[.] ","poskuša >xcomp ((Vsakemu <det zavarovancu) <obj (v <case primeru >acl (, <punct ko <mark pride >obl (z <case nekom) >obl (v <case spor) >punct ,)) <obl (po <case svojih <det močeh) <obl najprej <advmod pomagati >nsubj (njegov <det osebni <amod odvetnik)) >parataxis ((, <punct če <mark pa <advmod gre >obl (za <case zadevo >acl (, <punct (na <case katero) <obl se <expl ne <advmod spozna >advmod dovolj >punct ,))) <advcl primer <obj preda >iobj (kolegu >acl (, <punct ki <mark je <cop zanjo <obl specializiran))) >punct .",
874,ssj544.2859.10159,Ta potem v imenu zavarovanca nastopa na sodišču in zbere vse potrebne dokaze in priče.,16,16,yes,2.14,2.142857142857143,2.14,yes,1.45,1.45326834737476,1.45,yes,5,5,yes,2.00,2,yes,2.00,2,yes,1.00,1.0,1.00,yes,A[Ta] B[potem] C[v] D[imenu] E[zavarovanca] F[nastopa] G[na] H[sodišču] I[in] J[zbere] K[vse] L[potrebne] M[dokaze] N[in] O[priče]P[.] ,Ta <nsubj potem <advmod (v <case imenu >nmod zavarovanca) <obl nastopa >obl (na <case sodišču) >conj (in <cc zbere >obj (vse <det potrebne <amod dokaze >conj (in <cc priče))) >punct .,
875,ssj544.2859.10160,"Zavarovalnica v okviru zavarovalne vsote plača tudi morebitno kavcijo, ki bi jo zavarovancu naložilo sodišče, ter sodne stroške.",21,21,yes,2.88,2.8823529411764706,2.88,yes,1.25,1.253879452587725,1.25,yes,4,4,yes,2.00,2,yes,1.00,1,yes,2.00,2.0,2.00,yes,"A[Zavarovalnica] B[v] C[okviru] D[zavarovalne] E[vsote] F[plača] G[tudi] H[morebitno] I[kavcijo]J[,] K[ki] L[bi] M[jo] N[zavarovancu] O[naložilo] P[sodišče]Q[,] R[ter] S[sodne] T[stroške]U[.] ","Zavarovalnica <nsubj (v <case okviru >nmod (zavarovalne <amod vsote)) <obl plača >obj (tudi <advmod morebitno <amod kavcijo >acl (, <punct ki <mark bi <aux jo <obj zavarovancu <iobj naložilo >nsubj sodišče >punct ,) >conj (ter <cc sodne <amod stroške)) >punct .",
876,ssj544.2859.10161,Zavarovanje pravne zaščite običajno velja tudi za tujino.,9,9,yes,1.86,1.8571428571428572,1.86,yes,1.16,1.1586348223384833,1.16,yes,4,4,yes,1.00,1,yes,1.00,1,yes,1.00,1.0,1.00,yes,A[Zavarovanje] B[pravne] C[zaščite] D[običajno] E[velja] F[tudi] G[za] H[tujino]I[.] ,(Zavarovanje >nmod (pravne <amod zaščite)) <nsubj običajno <advmod velja >advmod tudi >xcomp (za <case tujino) >punct .,
877,ssj544.2860.10162,"Vozne lastnosti so zgledne, tako kot se za tak avtomobil spodobi.",13,13,yes,2.70,2.7,2.70,yes,0.85,0.8511879540466848,0.85,yes,4,4,yes,2.00,2,yes,1.00,1,yes,2.00,2.0,2.00,yes,"A[Vozne] B[lastnosti] C[so] D[zgledne]E[,] F[tako] G[kot] H[se] I[za] J[tak] K[avtomobil] L[spodobi]M[.] ","(Vozne <amod lastnosti) <nsubj so <cop zgledne >advcl (, <punct (tako >fixed kot) <mark se <expl (za <case tak <det avtomobil) <obl spodobi) >punct .",
878,ssj544.2860.10163,"Volanski mehanizem je sprejemljivo natančen in predvidljiv, ob šestvaljnikih tudi progresivno.",13,13,yes,1.90,1.9,1.90,yes,1.31,1.3141576165416782,1.31,yes,4,4,yes,1.00,1,yes,1.00,1,yes,1.00,1.0,1.00,yes,"A[Volanski] B[mehanizem] C[je] D[sprejemljivo] E[natančen] F[in] G[predvidljiv]H[,] I[ob] J[šestvaljnikih] K[tudi] L[progresivno]M[.] ","(Volanski <amod mehanizem) <nsubj je <cop sprejemljivo <advmod natančen >conj (in <cc predvidljiv) >parataxis (, <punct ob <case šestvaljnikih >orphan (tudi <advmod progresivno)) >punct .",
879,ssj544.2860.10164,"Za šestvaljnika so predvideli tudi prilagodljivo vzmetenje, ki s pritiskom na gumb opazno otrdi.",16,16,yes,2.54,2.5384615384615383,2.54,yes,1.04,1.04406365528577,1.04,yes,6,6,yes,2.00,2,yes,1.00,1,yes,2.00,2.0,2.00,yes,"A[Za] B[šestvaljnika] C[so] D[predvideli] E[tudi] F[prilagodljivo] G[vzmetenje]H[,] I[ki] J[s] K[pritiskom] L[na] M[gumb] N[opazno] O[otrdi]P[.] ","(Za <case šestvaljnika) <obl so <aux predvideli >obj (tudi <advmod prilagodljivo <amod vzmetenje >acl (, <punct ki <mark (s <case pritiskom >nmod (na <case gumb)) <obl opazno <advmod otrdi)) >punct .",
880,ssj544.2860.10165,Vožnja na 17- ali 18-palčnih platiščih in nizkopresečnih gumah najvišjega zmogljivostnega razreda je tako lahko precej športno trda.,22,22,yes,3.94,3.9444444444444446,3.94,yes,1.60,1.595138978664643,1.60,yes,7,7,yes,1.00,1,yes,1.00,1,yes,1.00,1.0,1.00,yes,A[Vožnja] B[na] C[17]D[-] E[ali] F[18]G[-]H[palčnih] I[platiščih] J[in] K[nizkopresečnih] L[gumah] M[najvišjega] N[zmogljivostnega] O[razreda] P[je] Q[tako] R[lahko] S[precej] T[športno] U[trda]V[.] ,(Vožnja >nmod (na <case ((17 >punct - >conj (ali <cc 18)) <nummod - <punct palčnih) <amod platiščih >conj (in <cc nizkopresečnih <amod gumah >nmod (najvišjega <amod zmogljivostnega <amod razreda)))) <nsubj je <cop tako <advmod lahko <advmod (precej <advmod športno) <advmod trda >punct .,
881,ssj544.2860.10166,"Spredaj so, za razliko od predhodnika, vgradili sedeže z odličnim oprijemom.",14,14,yes,3.00,3.0,3.00,yes,1.15,1.1512925464970227,1.15,yes,4,4,yes,1.00,1,yes,1.00,1,yes,1.00,1.0,1.00,yes,"A[Spredaj] B[so]C[,] D[za] E[razliko] F[od] G[predhodnika]H[,] I[vgradili] J[sedeže] K[z] L[odličnim] M[oprijemom]N[.] ","Spredaj <advmod so <aux (, <punct za <case razliko >nmod (od <case predhodnika) >punct ,) <obl vgradili >obj (sedeže >nmod (z <case odličnim <amod oprijemom)) >punct .",
882,ssj544.2860.10167,V najdražji varianti seveda z električnim pomikom in spominom.,10,10,yes,1.75,1.75,1.75,yes,1.03,1.02941112723855,1.03,yes,4,4,yes,1.00,1,yes,1.00,1,yes,1.00,1.0,1.00,yes,A[V] B[najdražji] C[varianti] D[seveda] E[z] F[električnim] G[pomikom] H[in] I[spominom]J[.] ,V <case najdražji <amod varianti >orphan seveda >orphan (z <case električnim <amod pomikom >conj (in <cc spominom)) >punct .,
883,ssj544.2860.10168,"Tudi usnje in okraski iz pravega aluminija v notranjosti so seveda del strategije, ki tak avtomobil ločuje od drugih.",21,21,yes,2.28,2.2777777777777777,2.28,yes,1.86,1.8644388950339394,1.86,yes,5,5,yes,2.00,2,yes,1.00,1,yes,2.00,2.0,2.00,yes,"A[Tudi] B[usnje] C[in] D[okraski] E[iz] F[pravega] G[aluminija] H[v] I[notranjosti] J[so] K[seveda] L[del] M[strategije]N[,] O[ki] P[tak] Q[avtomobil] R[ločuje] S[od] T[drugih]U[.] ","(Tudi <advmod usnje >conj (in <cc okraski >nmod (iz <case pravega >nmod aluminija) >nmod (v <case notranjosti))) <nsubj so <cop seveda <advmod del >nmod (strategije >acl (, <punct ki <mark (tak <det avtomobil) <obj ločuje >obl (od <case drugih))) >punct .",
884,ssj545.2861.10169,"Preloženo tekmo je Pionir v Ljutomeru nesrečno izgubil - V petek jim proti Olimpiji sreča ni obrnila hrbta - Dober servis, napad in Dolja z druge linije",28,28,yes,3.17,3.1666666666666665,3.17,yes,1.48,1.4760681760755052,1.48,yes,5,5,yes,2.00,2,yes,2.00,2,yes,1.00,1.0,1.00,yes,"A[Preloženo] B[tekmo] C[je] D[Pionir] E[v] F[Ljutomeru] G[nesrečno] H[izgubil] I[-] J[V] K[petek] L[jim] M[proti] N[Olimpiji] O[sreča] P[ni] Q[obrnila] R[hrbta] S[-] T[Dober] U[servis]V[,] W[napad] X[in] Y[Dolja] Z[z] A[druge] B[linije] ","(Preloženo <amod tekmo) <obj je <aux Pionir <nsubj (v <case Ljutomeru) <obl nesrečno <advmod izgubil >parataxis (- <punct (V <case petek) <obl jim <iobj (proti <case Olimpiji) <obl sreča <nsubj ni <aux obrnila >obj hrbta) >parataxis (- <punct Dober <amod servis >conj (, <punct napad) >conj (in <cc Dolja >nmod (z <case druge <amod linije)))",
885,ssj545.2862.10170,"V Šentjerneju menijo, da bo za nadaljnji razvoj njihovih atletov v bodoče lahko dobro poskrbljeno tudi doma, saj v klubu delujejo športni strokovnjaki z visokošolsko izobrazbo, glede na dosedanji odziv pokroviteljev pa predvidevajo, da tudi z denarjem za vadbo in nastope na tekmovanjih ne bi smeli imeti težav.",53,53,yes,3.74,3.74468085106383,3.74,yes,1.15,1.154043551860991,1.15,yes,9,9,yes,6.00,6,yes,3.00,3,yes,2.00,2.0,2.00,yes,"A[V] B[Šentjerneju] C[menijo]D[,] E[da] F[bo] G[za] H[nadaljnji] I[razvoj] J[njihovih] K[atletov] L[v] M[bodoče] N[lahko] O[dobro] P[poskrbljeno] Q[tudi] R[doma]S[,] T[saj] U[v] V[klubu] W[delujejo] X[športni] Y[strokovnjaki] Z[z] A[visokošolsko] B[izobrazbo]C[,] D[glede] E[na] F[dosedanji] G[odziv] H[pokroviteljev] I[pa] J[predvidevajo]K[,] L[da] M[tudi] N[z] O[denarjem] P[za] Q[vadbo] R[in] S[nastope] T[na] U[tekmovanjih] V[ne] W[bi] X[smeli] Y[imeti] Z[težav]A[.] ","(V <case Šentjerneju) <obl menijo >ccomp (, <punct da <mark bo <cop (za <case nadaljnji <amod razvoj >nmod (njihovih <det atletov)) <obl (v <case bodoče) <obl lahko <advmod dobro <advmod poskrbljeno >advmod (tudi <advmod doma) >conj (, <punct saj <cc (v <case klubu) <obl delujejo >nsubj (športni <amod strokovnjaki >nmod (z <case visokošolsko <amod izobrazbo)))) >parataxis (, <punct ((glede >fixed na) <case dosedanji <amod odziv >nmod pokroviteljev) <obl pa <advmod predvidevajo >ccomp (, <punct da <mark ne <advmod bi <aux smeli >xcomp ((tudi <advmod z <case denarjem >nmod (za <case vadbo >conj (in <cc nastope >nmod (na <case tekmovanjih)))) <obl imeti >obj težav))) >punct .",
886,ssj546.2863.10171,"TETOVO Več sto študentov albanske narodnosti se je včeraj zbralo v tem severozahodnem makedonskem mestu na protestnem shodu v podporo kolegoma, ki so ju v petek zaprli zaradi domnevnega sodelovanja v hudodelski skupini.",35,35,yes,2.81,2.8125,2.81,yes,1.85,1.8500867303663477,1.85,yes,8,8,yes,2.00,2,yes,1.00,1,yes,2.00,2.0,2.00,yes,"A[TETOVO] B[Več] C[sto] D[študentov] E[albanske] F[narodnosti] G[se] H[je] I[včeraj] J[zbralo] K[v] L[tem] M[severozahodnem] N[makedonskem] O[mestu] P[na] Q[protestnem] R[shodu] S[v] T[podporo] U[kolegoma]V[,] W[ki] X[so] Y[ju] Z[v] A[petek] B[zaprli] C[zaradi] D[domnevnega] E[sodelovanja] F[v] G[hudodelski] H[skupini]I[.] ","TETOVO <parataxis (Več <det sto <nummod študentov >nmod (albanske <amod narodnosti)) <nsubj se <expl je <aux včeraj <advmod zbralo >obl (v <case tem <det severozahodnem <amod makedonskem <amod mestu) >obl (na <case protestnem <amod shodu >nmod (v <case podporo >nmod (kolegoma >acl (, <punct ki <mark so <aux ju <obj (v <case petek) <obl zaprli >obl (zaradi <case domnevnega <amod sodelovanja >nmod (v <case hudodelski <amod skupini)))))) >punct .",
887,ssj546.2863.10172,"Zahtevali so njuno izpustitev, saj naj bi bile obtožbe zoper njiju zlagane.",14,14,yes,4.09,4.090909090909091,4.09,yes,0.21,0.20981958057276395,0.21,yes,5,5,yes,2.00,2,yes,2.00,2,yes,1.00,1.0,1.00,yes,"A[Zahtevali] B[so] C[njuno] D[izpustitev]E[,] F[saj] G[naj] H[bi] I[bile] J[obtožbe] K[zoper] L[njiju] M[zlagane]N[.] ","Zahtevali >aux so >obj (njuno <det izpustitev) >conj (, <punct saj <cc naj <advmod bi <aux bile <cop (obtožbe >nmod (zoper <case njiju)) <nsubj zlagane) >punct .",
888,ssj546.2863.10173,"Toda ob njuni aretaciji je spregovorilo orožje, saj so se prebivalci stanovanja, v katerem so ju iskali, uprli policistom.",23,23,yes,4.67,4.666666666666667,4.67,yes,0.80,0.8006205726149609,0.80,yes,7,7,yes,3.00,3,yes,2.00,2,yes,1.50,1.5,1.50,yes,"A[Toda] B[ob] C[njuni] D[aretaciji] E[je] F[spregovorilo] G[orožje]H[,] I[saj] J[so] K[se] L[prebivalci] M[stanovanja]N[,] O[v] P[katerem] Q[so] R[ju] S[iskali]T[,] U[uprli] V[policistom]W[.] ","Toda <cc (ob <case njuni <det aretaciji) <obl je <aux spregovorilo >nsubj orožje >conj (, <punct saj <cc so <aux se <expl (prebivalci >nmod (stanovanja >acl (, <punct (v <case katerem) <obl so <aux ju <obj iskali >punct ,))) <nsubj uprli >obj policistom) >punct .",
889,ssj546.2863.10174,Florenta Sahitija in Valona Azemija obtožujejo pripadnosti skrajni albanski skupini pod vodstvom v petek na Kosovu priprtega Lirima Jakupija.,20,20,yes,1.94,1.9444444444444444,1.94,yes,1.68,1.6760893099688607,1.68,yes,8,8,yes,1.00,1,yes,1.00,1,yes,1.00,1.0,1.00,yes,A[Florenta] B[Sahitija] C[in] D[Valona] E[Azemija] F[obtožujejo] G[pripadnosti] H[skrajni] I[albanski] J[skupini] K[pod] L[vodstvom] M[v] N[petek] O[na] P[Kosovu] Q[priprtega] R[Lirima] S[Jakupija]T[.] ,(Florenta >flat Sahitija >conj (in <cc Valona >flat Azemija)) <iobj obtožujejo >obj (pripadnosti >nmod (skrajni <amod albanski <amod skupini >nmod (pod <case vodstvom >nmod (((v <case petek) <nmod (na <case Kosovu) <nmod priprtega) <amod Lirima >flat Jakupija)))) >punct .,
890,ssj546.2864.10175,"Mednarodna pravna skupina, usposobljena za skupinske tožbe nekdanjih nacističnih taboriščnikov, je namreč zahtevala, naj štiristo milijonov dolarjev odškodnine za žrtve zloglasnega Auschwitza, kot so nacisti poimenovali Osvjencim, okupirano mestece na poljskem jugu, poravna tudi družina sedanjega ameriškega predsednika.",45,45,yes,3.73,3.72972972972973,3.73,yes,1.84,1.8431482843602371,1.84,yes,12,12,yes,3.00,3,yes,1.00,1,yes,3.00,3.0,3.00,yes,"A[Mednarodna] B[pravna] C[skupina]D[,] E[usposobljena] F[za] G[skupinske] H[tožbe] I[nekdanjih] J[nacističnih] K[taboriščnikov]L[,] M[je] N[namreč] O[zahtevala]P[,] Q[naj] R[štiristo] S[milijonov] T[dolarjev] U[odškodnine] V[za] W[žrtve] X[zloglasnega] Y[Auschwitza]Z[,] A[kot] B[so] C[nacisti] D[poimenovali] E[Osvjencim]F[,] G[okupirano] H[mestece] I[na] J[poljskem] K[jugu]L[,] M[poravna] N[tudi] O[družina] P[sedanjega] Q[ameriškega] R[predsednika]S[.] ","(Mednarodna <amod pravna <amod skupina >amod (, <punct usposobljena >nmod (za <case skupinske <amod tožbe >nmod (nekdanjih <amod nacističnih <amod taboriščnikov)) >punct ,)) <nsubj je <aux namreč <advmod zahtevala >ccomp (, <punct naj <mark (štiristo <nummod milijonov >nmod (dolarjev >nmod (odškodnine >nmod (za <case žrtve >nmod (zloglasnega <amod Auschwitza >acl (, <punct kot <mark so <aux nacisti <nsubj poimenovali >obj (Osvjencim >appos (, <punct okupirano <amod mestece >nmod (na <case poljskem <amod jugu))) >punct ,)))))) <obj poravna >nsubj (tudi <advmod družina >nmod (sedanjega <amod ameriškega <amod predsednika))) >punct .",
891,ssj546.2864.10176,"V svojo zahtevo so napisali, da je predsednikov ded Prescott Bush med drugo svetovno vojno trgoval z nacisti in se je kot solastnik jeklarskega podjetja obogatil s prisilnim delom osvjencimskih taboriščnikov.",33,33,yes,3.37,3.3666666666666667,3.37,yes,1.29,1.2913945118690238,1.29,yes,6,6,yes,3.00,3,yes,2.00,2,yes,1.50,1.5,1.50,yes,"A[V] B[svojo] C[zahtevo] D[so] E[napisali]F[,] G[da] H[je] I[predsednikov] J[ded] K[Prescott] L[Bush] M[med] N[drugo] O[svetovno] P[vojno] Q[trgoval] R[z] S[nacisti] T[in] U[se] V[je] W[kot] X[solastnik] Y[jeklarskega] Z[podjetja] A[obogatil] B[s] C[prisilnim] D[delom] E[osvjencimskih] F[taboriščnikov]G[.] ","(V <case svojo <det zahtevo) <obl so <aux napisali >ccomp (, <punct da <mark je <aux (predsednikov <amod ded >nmod (Prescott >flat Bush)) <nsubj (med <case drugo <amod svetovno <amod vojno) <obl trgoval >obl (z <case nacisti) >conj (in <cc se <expl je <aux (kot <case solastnik >nmod (jeklarskega <amod podjetja)) <obl obogatil >obl (s <case prisilnim <amod delom >nmod (osvjencimskih <amod taboriščnikov)))) >punct .",
892,ssj546.2865.10177,"Po navedbah iraških varnostnih virov je bilo v različnih napadih na območju severno od Bagdada v nedeljo in ponedeljek ubitih dvanajst Iračanov, od tega sedem pripadnikov iraške narodne garde.",31,31,yes,3.61,3.607142857142857,3.61,yes,1.88,1.881052385198542,1.88,yes,5,5,yes,1.00,1,yes,1.00,1,yes,1.00,1.0,1.00,yes,"A[Po] B[navedbah] C[iraških] D[varnostnih] E[virov] F[je] G[bilo] H[v] I[različnih] J[napadih] K[na] L[območju] M[severno] N[od] O[Bagdada] P[v] Q[nedeljo] R[in] S[ponedeljek] T[ubitih] U[dvanajst] V[Iračanov]W[,] X[od] Y[tega] Z[sedem] A[pripadnikov] B[iraške] C[narodne] D[garde]E[.] ","(Po <case navedbah >nmod (iraških <amod varnostnih <amod virov)) <obl je <aux bilo <cop (v <case različnih <amod napadih >nmod (na <case območju >nmod (severno <advmod od <case Bagdada))) <obl (v <case nedeljo >conj (in <cc ponedeljek)) <obl ubitih >nsubj (dvanajst <nummod Iračanov) >parataxis (, <punct (od <case tega) <orphan sedem <nummod pripadnikov >nmod (iraške <amod narodne <amod garde)) >punct .",
893,ssj546.2865.10178,"Iraški uporniki so medtem v pokrajini Al Anbar na zahodu Iraka ugrabili avtobus, na katerem je bilo 21 pripadnikov iraške narodne garde.",24,24,yes,2.95,2.9523809523809526,2.95,yes,1.68,1.6821025964340433,1.68,yes,6,6,yes,2.00,2,yes,1.00,1,yes,2.00,2.0,2.00,yes,"A[Iraški] B[uporniki] C[so] D[medtem] E[v] F[pokrajini] G[Al] H[Anbar] I[na] J[zahodu] K[Iraka] L[ugrabili] M[avtobus]N[,] O[na] P[katerem] Q[je] R[bilo] S[21] T[pripadnikov] U[iraške] V[narodne] W[garde]X[.] ","(Iraški <amod uporniki) <nsubj so <aux medtem <advmod (v <case pokrajini >nmod (Al >nmod Anbar) >nmod (na <case zahodu >nmod Iraka)) <obl ugrabili >obj (avtobus >acl (, <punct (na <case katerem) <obl je <aux bilo >nsubj (21 <nummod pripadnikov >nmod (iraške <amod narodne <amod garde)))) >punct .",
894,ssj546.2865.10179,"Ti so bili na poti iz mesta Hit, 160 kilometrov severozahodno od Bagdada, potovali pa so v mesto Kaim na meji s Sirijo.",26,26,yes,2.59,2.590909090909091,2.59,yes,1.14,1.1428185565369786,1.14,yes,6,6,yes,2.00,2,yes,2.00,2,yes,1.00,1.0,1.00,yes,"A[Ti] B[so] C[bili] D[na] E[poti] F[iz] G[mesta] H[Hit]I[,] J[160] K[kilometrov] L[severozahodno] M[od] N[Bagdada]O[,] P[potovali] Q[pa] R[so] S[v] T[mesto] U[Kaim] V[na] W[meji] X[s] Y[Sirijo]Z[.] ","Ti <nsubj so <aux bili >obl (na <case poti >nmod (iz <case mesta >nmod Hit)) >obl (, <punct (160 <nummod kilometrov) <nmod severozahodno <advmod od <case Bagdada) >parataxis (, <punct potovali >advmod pa >aux so >obl (v <case mesto >nmod Kaim >nmod (na <case meji >nmod (s <case Sirijo)))) >punct .",
895,ssj546.2865.10180,(sta),3,3,yes,0.00,n/a,n/a,NO,0.00,n/a,n/a,NO,2,2,yes,1.00,1,yes,1.00,1,yes,1.00,1.0,1.00,yes,A[(]B[sta]C[)] ,( <punct sta >punct ),MDD: STARK=0.00 vs SyntComplex=n/a (na_vs_numeric); NDD: STARK=0.00 vs SyntComplex=n/a (na_vs_numeric)
896,ssj546.2866.10181,Že od vsega začetka je bilo slišati številne pritožbe na ravnanje vojakov z ženskami in dekleti.,17,17,yes,1.80,1.8,1.80,yes,1.66,1.6621181702630135,1.66,yes,7,7,yes,2.00,2,yes,1.00,1,yes,2.00,2.0,2.00,yes,A[Že] B[od] C[vsega] D[začetka] E[je] F[bilo] G[slišati] H[številne] I[pritožbe] J[na] K[ravnanje] L[vojakov] M[z] N[ženskami] O[in] P[dekleti]Q[.] ,Že <advmod je <aux bilo >csubj ((od <case vsega <det začetka) <obl slišati >obj (številne <amod pritožbe >nmod (na <case ravnanje >nmod vojakov >nmod (z <case ženskami >conj (in <cc dekleti))))) >punct .,
897,ssj546.2866.10182,"DR Kongo je izjemno revna država, večina njegovih prebivalcev živi prav bedno, so brez zaposlitve in komajda staknejo dan z dnem.",24,24,yes,2.25,2.25,2.25,yes,1.58,1.5828156551746944,1.58,yes,6,6,yes,4.00,4,yes,4.00,4,yes,1.00,1.0,1.00,yes,"A[DR] B[Kongo] C[je] D[izjemno] E[revna] F[država]G[,] H[večina] I[njegovih] J[prebivalcev] K[živi] L[prav] M[bedno]N[,] O[so] P[brez] Q[zaposlitve] R[in] S[komajda] T[staknejo] U[dan] V[z] W[dnem]X[.] ","(DR >nmod Kongo) <nsubj je <cop (izjemno <advmod revna) <amod država >parataxis (, <punct (večina >nmod (njegovih <det prebivalcev)) <nsubj živi >advmod (prav <advmod bedno) >parataxis (, <punct so >obl (brez <case zaposlitve) >conj (in <cc komajda <advmod staknejo >obj dan >obl (z <case dnem)))) >punct .",
898,ssj546.2866.10183,Zanje so vojaki iz mirovnih enot pravi bogataši.,9,9,yes,3.57,3.5714285714285716,3.57,yes,0.74,0.739710169554687,0.74,yes,4,4,yes,1.00,1,yes,1.00,1,yes,1.00,1.0,1.00,yes,A[Zanje] B[so] C[vojaki] D[iz] E[mirovnih] F[enot] G[pravi] H[bogataši]I[.] ,Zanje <obl so <cop (vojaki >nmod (iz <case mirovnih <amod enot)) <nsubj pravi <amod bogataši >punct .,
899,ssj546.2866.10184,"Zato je takoj povsod tam, kamor so prišli, zacvetela kupljiva ljubezen.",14,14,yes,4.20,4.2,4.20,yes,0.92,0.9151556576068853,0.92,yes,3,3,yes,2.00,2,yes,1.00,1,yes,2.00,2.0,2.00,yes,"A[Zato] B[je] C[takoj] D[povsod] E[tam]F[,] G[kamor] H[so] I[prišli]J[,] K[zacvetela] L[kupljiva] M[ljubezen]N[.] ","Zato <cc je <aux takoj <advmod (povsod <advmod tam) <advmod (, <punct kamor <mark so <aux prišli >punct ,) <advcl zacvetela >nsubj (kupljiva <amod ljubezen) >punct .",
900,ssj546.2867.10185,"Kot pravi Matej Žilavec iz Ilirike, je tudi na evropskih kapitalskih trgih Pfizer povzročil manjši pretres.",18,18,yes,2.87,2.8666666666666667,2.87,yes,1.65,1.6549002865108577,1.65,yes,5,5,yes,2.00,2,yes,1.00,1,yes,2.00,2.0,2.00,yes,"A[Kot] B[pravi] C[Matej] D[Žilavec] E[iz] F[Ilirike]G[,] H[je] I[tudi] J[na] K[evropskih] L[kapitalskih] M[trgih] N[Pfizer] O[povzročil] P[manjši] Q[pretres]R[.] ","(Kot <mark pravi >nsubj (Matej >flat Žilavec >nmod (iz <case Ilirike)) >punct ,) <advcl je <aux (tudi <advmod na <case evropskih <amod kapitalskih <amod trgih) <obl Pfizer <nsubj povzročil >obj (manjši <amod pretres) >punct .",
901,ssj546.2867.10186,Se je pa vrednost Pfizerjevih delnic po objavi omenjene pozitivne študije doslej že izravnala.,15,15,yes,4.85,4.846153846153846,4.85,yes,1.02,1.0238179746084017,1.02,yes,5,5,yes,1.00,1,yes,1.00,1,yes,1.00,1.0,1.00,yes,A[Se] B[je] C[pa] D[vrednost] E[Pfizerjevih] F[delnic] G[po] H[objavi] I[omenjene] J[pozitivne] K[študije] L[doslej] M[že] N[izravnala]O[.] ,Se <expl je <aux pa <advmod (vrednost >nmod (Pfizerjevih <amod delnic) >nmod (po <case objavi >nmod (omenjene <amod pozitivne <amod študije))) <nsubj doslej <advmod že <advmod izravnala >punct .,
902,ssj546.2867.10187,"Sicer pa je te dni glavna zgodba, povezana z evropskimi trgi, poskus prevzema Londonske borze s strani Euronexta in Deutsche boerse.",24,24,yes,3.80,3.8,3.80,yes,1.48,1.4823937348522849,1.48,yes,6,6,yes,1.00,1,yes,1.00,1,yes,1.00,1.0,1.00,yes,"A[Sicer] B[pa] C[je] D[te] E[dni] F[glavna] G[zgodba]H[,] I[povezana] J[z] K[evropskimi] L[trgi]M[,] N[poskus] O[prevzema] P[Londonske] Q[borze] R[s] S[strani] T[Euronexta] U[in] V[Deutsche] W[boerse]X[.] ","Sicer <cc pa <advmod je <cop (te <det dni) <obl (glavna <amod zgodba >amod (, <punct povezana >nmod (z <case evropskimi <amod trgi) >punct ,)) <nsubj poskus >nmod (prevzema >nmod (Londonske <amod borze) >nmod (s <case strani >nmod (Euronexta >conj (in <cc Deutsche >nmod boerse)))) >punct .",
903,ssj546.2867.10188,"Slednja je namreč za celoten prevzem Londonske borze, ki je največja v Evropi, ponudila 1,95 milijarde evrov.",20,20,yes,4.50,4.5,4.50,yes,1.27,1.2685113254635072,1.27,yes,6,6,yes,2.00,2,yes,1.00,1,yes,2.00,2.0,2.00,yes,"A[Slednja] B[je] C[namreč] D[za] E[celoten] F[prevzem] G[Londonske] H[borze]I[,] J[ki] K[je] L[največja] M[v] N[Evropi]O[,] P[ponudila] Q[1,95] R[milijarde] S[evrov]T[.] ","Slednja <nsubj je <aux namreč <advmod (za <case celoten <amod prevzem >nmod (Londonske <amod borze >acl (, <punct ki <mark je <cop največja >nmod (v <case Evropi) >punct ,))) <obl ponudila >obj (1,95 <nummod milijarde >nmod evrov) >punct .",
904,ssj546.2867.10189,Na Londonski borzi so omenjeno ponudbo ocenili kot premajhno.,10,10,yes,1.88,1.875,1.88,yes,1.38,1.3840671859452005,1.38,yes,3,3,yes,1.00,1,yes,1.00,1,yes,1.00,1.0,1.00,yes,A[Na] B[Londonski] C[borzi] D[so] E[omenjeno] F[ponudbo] G[ocenili] H[kot] I[premajhno]J[.] ,(Na <case Londonski <amod borzi) <obl so <aux (omenjeno <amod ponudbo) <obj ocenili >obl (kot <case premajhno) >punct .,
905,ssj546.2867.10190,"Ob tem pa je še Euronext napovedal, da se bo vključil v omenjeni poskus prevzema.",17,17,yes,2.36,2.357142857142857,2.36,yes,1.44,1.4350335074840643,1.44,yes,4,4,yes,2.00,2,yes,1.00,1,yes,2.00,2.0,2.00,yes,"A[Ob] B[tem] C[pa] D[je] E[še] F[Euronext] G[napovedal]H[,] I[da] J[se] K[bo] L[vključil] M[v] N[omenjeni] O[poskus] P[prevzema]Q[.] ","(Ob <case tem) <obl pa <advmod je <aux (še <advmod Euronext) <nsubj napovedal >ccomp (, <punct da <mark se <expl bo <aux vključil >obl (v <case omenjeni <amod poskus >nmod prevzema)) >punct .",
906,ssj546.2867.10191,"Zdaj pričakujemo zanimivo licitiranje, ki bi lahko trajalo dalj časa.",12,12,yes,2.00,2.0,2.00,yes,0.75,0.752038698388137,0.75,yes,5,5,yes,2.00,2,yes,1.00,1,yes,2.00,2.0,2.00,yes,"A[Zdaj] B[pričakujemo] C[zanimivo] D[licitiranje]E[,] F[ki] G[bi] H[lahko] I[trajalo] J[dalj] K[časa]L[.] ","Zdaj <advmod pričakujemo >obj (zanimivo <amod licitiranje >acl (, <punct ki <mark bi <aux lahko <advmod trajalo >obl (dalj <advmod časa))) >punct .",
907,ssj546.2868.10192,"Darja Kapš: ""Tudi največjim in najbolj izkušenim velemojstrom postane pošteno vroče, če mi med partijo gledajo v globok izrez, sama pa med igro koketno ovijam pramen las okoli prsta in jim zrem v oči,"" je našla najbolj učinkovito orožje za dobre partije državna šahovska prvakinja.",52,52,yes,3.66,3.659090909090909,3.66,yes,0.59,0.5948800858929286,0.59,yes,7,7,yes,6.00,6,yes,5.00,5,yes,1.20,1.2,1.20,yes,"A[Darja] B[Kapš]C[:] D[""]E[Tudi] F[največjim] G[in] H[najbolj] I[izkušenim] J[velemojstrom] K[postane] L[pošteno] M[vroče]N[,] O[če] P[mi] Q[med] R[partijo] S[gledajo] T[v] U[globok] V[izrez]W[,] X[sama] Y[pa] Z[med] A[igro] B[koketno] C[ovijam] D[pramen] E[las] F[okoli] G[prsta] H[in] I[jim] J[zrem] K[v] L[oči]M[,]N[""] O[je] P[našla] Q[najbolj] R[učinkovito] S[orožje] T[za] U[dobre] V[partije] W[državna] X[šahovska] Y[prvakinja]Z[.] ","Darja >flat Kapš >parataxis (: <punct "" <punct (Tudi <advmod (največjim >conj (in <cc najbolj <advmod izkušenim)) <amod velemojstrom) <obj postane >xcomp (pošteno <advmod vroče) >advcl (, <punct če <mark mi <obj (med <case partijo) <obl gledajo >obl (v <case globok <amod izrez) >parataxis (, <punct sama <nsubj pa <advmod (med <case igro) <obl koketno <advmod ovijam >obj (pramen >nmod las) >obl (okoli <case prsta) >conj (in <cc jim <obj zrem >obl (v <case oči)))) >punct , >punct "") >parataxis (je <aux našla >obj ((najbolj <advmod učinkovito) <amod orožje >nmod (za <case dobre <amod partije)) >nsubj (državna <amod šahovska <amod prvakinja)) >punct .",
908,ssj547.2869.10193,Profesor Lay je pogledal na uro.,7,7,yes,1.60,1.6,1.60,yes,1.03,1.02786250753126,1.03,yes,3,3,yes,1.00,1,yes,1.00,1,yes,1.00,1.0,1.00,yes,A[Profesor] B[Lay] C[je] D[pogledal] E[na] F[uro]G[.] ,(Profesor >nmod Lay) <nsubj je <aux pogledal >obl (na <case uro) >punct .,
909,ssj547.2869.10194,Bila je tri in triintrideset minut.,7,7,yes,1.80,1.8,1.80,yes,0.22,0.2169322913149312,0.22,yes,4,4,yes,1.00,1,yes,1.00,1,yes,1.00,1.0,1.00,yes,A[Bila] B[je] C[tri] D[in] E[triintrideset] F[minut]G[.] ,Bila >aux je >obl (tri >conj (in <cc triintrideset <nummod minut)) >punct .,
910,ssj547.2869.10195,Poskus je uspel.,4,4,yes,1.50,1.5,1.50,yes,0.49,0.49041462650586304,0.49,yes,2,2,yes,1.00,1,yes,1.00,1,yes,1.00,1.0,1.00,yes,A[Poskus] B[je] C[uspel]D[.] ,Poskus <nsubj je <aux uspel >punct .,
911,ssj547.2869.10196,"Uspelo mu je ustvariti snov z dotlej še neznano specifično težo, ki pa se je po nesreči znašla na sredi ceste.",23,23,yes,3.10,3.1,3.10,yes,0.37,0.36646402528589495,0.37,yes,6,6,yes,3.00,3,yes,1.00,1,yes,3.00,3.0,3.00,yes,"A[Uspelo] B[mu] C[je] D[ustvariti] E[snov] F[z] G[dotlej] H[še] I[neznano] J[specifično] K[težo]L[,] M[ki] N[pa] O[se] P[je] Q[po] R[nesreči] S[znašla] T[na] U[sredi] V[ceste]W[.] ","Uspelo >obj mu >aux je >xcomp (ustvariti >obj (snov >nmod (z <case (dotlej <advmod še <advmod neznano) <amod specifično <amod težo) >acl (, <punct ki <mark pa <advmod se <expl je <aux (po <case nesreči) <obl znašla >obl (na <case sredi >nmod ceste)))) >punct .",
912,ssj548.2870.10197,"En kos: približno 340 kcal, beljakovine: 4 g, maščobe: 20 g, ogljikovi hidrati: 37 g",22,22,yes,3.00,3.0,3.00,yes,0.57,0.5674899664194922,0.57,yes,5,5,yes,1.00,1,yes,1.00,1,yes,1.00,1.0,1.00,yes,"A[En] B[kos]C[:] D[približno] E[340] F[kcal]G[,] H[beljakovine]I[:] J[4] K[g]L[,] M[maščobe]N[:] O[20] P[g]Q[,] R[ogljikovi] S[hidrati]T[:] U[37] V[g] ","En <nummod kos >appos (: <punct (približno <advmod 340) <nummod kcal >list (, <punct beljakovine >appos (: <punct 4 <nummod g)) >list (, <punct maščobe >appos (: <punct 20 <nummod g)) >list (, <punct ogljikovi <amod hidrati >appos (: <punct 37 <nummod g)))",
913,ssj548.2871.10198,- Število osamljenih ljudi stalno narašča.,7,7,yes,2.00,2.0,2.00,yes,0.90,0.8958797346140274,0.90,yes,4,4,yes,1.00,1,yes,1.00,1,yes,1.00,1.0,1.00,yes,A[-] B[Število] C[osamljenih] D[ljudi] E[stalno] F[narašča]G[.] ,- <punct (Število >nmod (osamljenih <amod ljudi)) <nsubj stalno <advmod narašča >punct .,
914,ssj548.2871.10199,Nevarnost osamljenosti in izolacije je zlasti v velikih mestih oziroma velemestih zelo velika.,14,14,yes,3.17,3.1666666666666665,3.17,yes,1.37,1.3722484936863832,1.37,yes,5,5,yes,1.00,1,yes,1.00,1,yes,1.00,1.0,1.00,yes,A[Nevarnost] B[osamljenosti] C[in] D[izolacije] E[je] F[zlasti] G[v] H[velikih] I[mestih] J[oziroma] K[velemestih] L[zelo] M[velika]N[.] ,(Nevarnost >nmod (osamljenosti >conj (in <cc izolacije))) <nsubj je <cop (zlasti <advmod v <case velikih <amod mestih >conj (oziroma <cc velemestih)) <obl zelo <advmod velika >punct .,
915,ssj548.2871.10200,V Berlinu živi v skoraj polovici vseh gospodinjstev ena sama oseba.,12,12,yes,2.20,2.2,2.20,yes,0.91,0.9121413304668073,0.91,yes,4,4,yes,1.00,1,yes,1.00,1,yes,1.00,1.0,1.00,yes,A[V] B[Berlinu] C[živi] D[v] E[skoraj] F[polovici] G[vseh] H[gospodinjstev] I[ena] J[sama] K[oseba]L[.] ,(V <case Berlinu) <obl živi >obl (v <case skoraj <advmod polovici >nmod (vseh <det gospodinjstev)) >nsubj (ena <nummod sama <amod oseba) >punct .,
916,ssj548.2872.10201,"C Odločite se, da boste šli na izlet raje kdaj drugič.",13,13,yes,2.20,2.2,2.20,yes,0.71,0.7094087764127253,0.71,yes,4,4,yes,2.00,2,yes,1.00,1,yes,2.00,2.0,2.00,yes,"A[C] B[Odločite] C[se]D[,] E[da] F[boste] G[šli] H[na] I[izlet] J[raje] K[kdaj] L[drugič]M[.] ","C <parataxis Odločite >expl se >ccomp (, <punct da <mark boste <aux šli >obl (na <case izlet) >advmod raje >advmod (kdaj <advmod drugič)) >punct .",
917,ssj549.2873.10202,"Šele ko se je pred davčnim uradom ustavila dolga kolona kraljevih avtomobilov, da bi kralja odpeljala nazaj v palačo, so spoznali, kdo je bil pravkar med njimi.",31,31,yes,2.81,2.8076923076923075,2.81,yes,2.16,2.164432473848407,2.16,yes,5,5,yes,4.00,4,yes,1.00,1,yes,4.00,4.0,4.00,yes,"A[Šele] B[ko] C[se] D[je] E[pred] F[davčnim] G[uradom] H[ustavila] I[dolga] J[kolona] K[kraljevih] L[avtomobilov]M[,] N[da] O[bi] P[kralja] Q[odpeljala] R[nazaj] S[v] T[palačo]U[,] V[so] W[spoznali]X[,] Y[kdo] Z[je] A[bil] B[pravkar] C[med] D[njimi]E[.] ","((Šele >fixed ko) <mark se <expl je <aux (pred <case davčnim <amod uradom) <obl ustavila >nsubj (dolga <amod kolona >nmod (kraljevih <amod avtomobilov))) <advcl (, <punct da <mark bi <aux kralja <obj odpeljala >obl (nazaj <advmod v <case palačo) >punct ,) <advcl so <aux spoznali >ccomp (, <punct kdo <nsubj je <aux bil >advmod pravkar >obl (med <case njimi)) >punct .",
918,ssj549.2874.10203,"Med festivalom se zvrsti okoli sto prireditev, vsako leto imajo 35 gledaliških predstav uglednih gledališč, na odru glasbene šole pa nastopajo ustvarjalci, ki Slovenijo zastopajo na vseh svetovnih festivalih.",33,33,yes,2.64,2.642857142857143,2.64,yes,1.39,1.3873888526185816,1.39,yes,6,6,yes,4.00,4,yes,3.00,3,yes,1.33,1.3333333333333333,1.33,yes,"A[Med] B[festivalom] C[se] D[zvrsti] E[okoli] F[sto] G[prireditev]H[,] I[vsako] J[leto] K[imajo] L[35] M[gledaliških] N[predstav] O[uglednih] P[gledališč]Q[,] R[na] S[odru] T[glasbene] U[šole] V[pa] W[nastopajo] X[ustvarjalci]Y[,] Z[ki] A[Slovenijo] B[zastopajo] C[na] D[vseh] E[svetovnih] F[festivalih]G[.] ","(Med <case festivalom) <obl se <expl zvrsti >nsubj (okoli <case sto <nummod prireditev) >parataxis (, <punct (vsako <det leto) <obl imajo >obj (35 <nummod gledaliških <amod predstav >nmod (uglednih <amod gledališč))) >parataxis (, <punct (na <case odru >nmod (glasbene <amod šole)) <obl pa <advmod nastopajo >nsubj (ustvarjalci >acl (, <punct ki <mark Slovenijo <obj zastopajo >obl (na <case vseh <det svetovnih <amod festivalih)))) >punct .",
919,ssj549.2875.10204,Moderna galerija v Ljubljani si prizadeva za primernejšo predstavitev klasikov,10,10,yes,1.78,1.7777777777777777,1.78,yes,1.42,1.4191278783785755,1.42,yes,4,4,yes,1.00,1,yes,1.00,1,yes,1.00,1.0,1.00,yes,A[Moderna] B[galerija] C[v] D[Ljubljani] E[si] F[prizadeva] G[za] H[primernejšo] I[predstavitev] J[klasikov] ,(Moderna <amod galerija >nmod (v <case Ljubljani)) <nsubj si <expl prizadeva >obl (za <case primernejšo <amod predstavitev >nmod klasikov),
920,ssj549.2876.10205,V ognju in hrumenju motornih žag izginja amazonski tropski gozd.,11,11,yes,2.00,2.0,2.00,yes,1.38,1.3784201826358211,1.38,yes,5,5,yes,1.00,1,yes,1.00,1,yes,1.00,1.0,1.00,yes,A[V] B[ognju] C[in] D[hrumenju] E[motornih] F[žag] G[izginja] H[amazonski] I[tropski] J[gozd]K[.] ,(V <case ognju >conj (in <cc hrumenju >nmod (motornih <amod žag))) <obl izginja >nsubj (amazonski <amod tropski <amod gozd) >punct .,
921,ssj549.2877.10206,Si prepričan?,3,3,yes,1.00,1.0,1.00,yes,0.35,0.34657359027997275,0.35,yes,2,2,yes,1.00,1,yes,1.00,1,yes,1.00,1.0,1.00,yes,A[Si] B[prepričan]C[?] ,Si <cop prepričan >punct ?,
922,ssj549.2877.10207,Jaz namreč nisem.,4,4,yes,1.50,1.5,1.50,yes,0.49,0.49041462650586304,0.49,yes,2,2,yes,1.00,1,yes,1.00,1,yes,1.00,1.0,1.00,yes,A[Jaz] B[namreč] C[nisem]D[.] ,Jaz <nsubj namreč <advmod nisem >punct .,
923,ssj549.2877.10208,"Za njega bi prej rekla, da bi komu pomagal na drugi svet, ne pa, da je sebi storil silo.",23,23,yes,2.72,2.7222222222222223,2.72,yes,1.25,1.2484562949506706,1.25,yes,5,5,yes,3.00,3,yes,2.00,2,yes,1.50,1.5,1.50,yes,"A[Za] B[njega] C[bi] D[prej] E[rekla]F[,] G[da] H[bi] I[komu] J[pomagal] K[na] L[drugi] M[svet]N[,] O[ne] P[pa]Q[,] R[da] S[je] T[sebi] U[storil] V[silo]W[.] ","(Za <case njega) <obl bi <aux prej <advmod rekla >ccomp (, <punct da <mark bi <aux komu <obj pomagal >obl (na <case drugi <amod svet) >conj (, <punct (ne >fixed pa) <cc , <punct da <mark je <aux sebi <obl storil >obj silo)) >punct .",
924,ssj549.2878.10209,"Malo smo napihnjeni, sem se pošalila.",8,8,yes,2.00,2.0,2.00,yes,0.66,0.6608779199911599,0.66,yes,3,3,yes,2.00,2,yes,2.00,2,yes,1.00,1.0,1.00,yes,"A[Malo] B[smo] C[napihnjeni]D[,] E[sem] F[se] G[pošalila]H[.] ","Malo <advmod smo <cop napihnjeni >parataxis (, <punct sem <aux se <expl pošalila) >punct .",
925,ssj549.2878.10210,"Ti diši moje delovno mesto, a!",8,8,yes,2.40,2.4,2.40,yes,0.28,0.275823809143123,0.28,yes,3,3,yes,1.00,1,yes,1.00,1,yes,1.00,1.0,1.00,yes,"A[Ti] B[diši] C[moje] D[delovno] E[mesto]F[,] G[a]H[!] ","Ti <obj diši >nsubj (moje <det delovno <amod mesto) >discourse (, <punct a) >punct !",
926,ssj549.2878.10211,"Bi bil rad prvi na brvi, sem še kar drezala in pikro postavljala vprašanja.",16,16,yes,2.23,2.230769230769231,2.23,yes,1.17,1.1732753867657764,1.17,yes,4,4,yes,3.00,3,yes,3.00,3,yes,1.00,1.0,1.00,yes,"A[Bi] B[bil] C[rad] D[prvi] E[na] F[brvi]G[,] H[sem] I[še] J[kar] K[drezala] L[in] M[pikro] N[postavljala] O[vprašanja]P[.] ","Bi <aux bil <cop rad <advmod prvi >nmod (na <case brvi) >parataxis (, <punct sem <aux še <advmod kar <advmod drezala >conj (in <cc pikro <advmod postavljala >obj vprašanja)) >punct .",
927,ssj549.2879.10212,"Upravnica celjskih zaporov Edita Mejač je včeraj poudarila, da pazniki pri njem niso našli nič posebnega, razen pasu, ki ga je imel v kratkih hlačah in si ga je sam naredil iz raztrgane rjuhe.",38,38,yes,2.82,2.8181818181818183,2.82,yes,1.75,1.7518826198863824,1.75,yes,7,7,yes,4.00,4,yes,2.00,2,yes,2.00,2.0,2.00,yes,"A[Upravnica] B[celjskih] C[zaporov] D[Edita] E[Mejač] F[je] G[včeraj] H[poudarila]I[,] J[da] K[pazniki] L[pri] M[njem] N[niso] O[našli] P[nič] Q[posebnega]R[,] S[razen] T[pasu]U[,] V[ki] W[ga] X[je] Y[imel] Z[v] A[kratkih] B[hlačah] C[in] D[si] E[ga] F[je] G[sam] H[naredil] I[iz] J[raztrgane] K[rjuhe]L[.] ","(Upravnica >nmod (celjskih <amod zaporov) >nmod (Edita >flat Mejač)) <nsubj je <aux včeraj <advmod poudarila >ccomp (, <punct da <mark pazniki <nsubj (pri <case njem) <obl niso <aux našli >obj (nič <nmod posebnega) >obl (, <punct razen <case pasu >acl (, <punct ki <mark ga <obj je <aux imel >obl (v <case kratkih <amod hlačah) >conj (in <cc si <iobj ga <obj je <aux sam <obl naredil >obl (iz <case raztrgane <amod rjuhe))))) >punct .",
928,ssj549.2879.10213,"Na vprašanje, kako mu je potem le uspelo v sobo pretihotapiti vžigalnik, je pojasnila, da lahko pazniki opravijo le osebni pregled oblačil in telesa, ne smejo pa posegati v človeške odprtine.",36,36,yes,2.97,2.966666666666667,2.97,yes,2.00,1.999454063880984,2.00,yes,6,6,yes,6.00,6,yes,2.00,2,yes,3.00,3.0,3.00,yes,"A[Na] B[vprašanje]C[,] D[kako] E[mu] F[je] G[potem] H[le] I[uspelo] J[v] K[sobo] L[pretihotapiti] M[vžigalnik]N[,] O[je] P[pojasnila]Q[,] R[da] S[lahko] T[pazniki] U[opravijo] V[le] W[osebni] X[pregled] Y[oblačil] Z[in] A[telesa]B[,] C[ne] D[smejo] E[pa] F[posegati] G[v] H[človeške] I[odprtine]J[.] ","(Na <case vprašanje >acl (, <punct kako <advmod mu <obj je <aux potem <advmod le <advmod uspelo >xcomp ((v <case sobo) <obl pretihotapiti >obj vžigalnik) >punct ,)) <obl je <aux pojasnila >ccomp (, <punct da <mark lahko <advmod pazniki <nsubj opravijo >obj (le <advmod osebni <amod pregled >nmod (oblačil >conj (in <cc telesa))) >punct ,) >parataxis (ne <advmod smejo >advmod pa >xcomp (posegati >obl (v <case človeške <amod odprtine))) >punct .",
929,ssj549.2879.10214,To bi lahko naredil le zdravnik po odredbi preiskovalnega sodnika.,11,11,yes,1.89,1.8888888888888888,1.89,yes,1.16,1.1557707025080584,1.16,yes,4,4,yes,1.00,1,yes,1.00,1,yes,1.00,1.0,1.00,yes,A[To] B[bi] C[lahko] D[naredil] E[le] F[zdravnik] G[po] H[odredbi] I[preiskovalnega] J[sodnika]K[.] ,To <obj bi <aux lahko <advmod naredil >nsubj (le <advmod zdravnik) >obl (po <case odredbi >nmod (preiskovalnega <amod sodnika)) >punct .,
930,ssj549.2879.10215,"Vse torej kaže, da je pokojnik vžigalnik skril v zadnjico.",12,12,yes,2.44,2.4444444444444446,2.44,yes,0.75,0.754100556980068,0.75,yes,4,4,yes,2.00,2,yes,1.00,1,yes,2.00,2.0,2.00,yes,"A[Vse] B[torej] C[kaže]D[,] E[da] F[je] G[pokojnik] H[vžigalnik] I[skril] J[v] K[zadnjico]L[.] ","Vse <nsubj torej <advmod kaže >ccomp (, <punct da <mark je <aux pokojnik <nsubj vžigalnik <obj skril >obl (v <case zadnjico)) >punct .",
931,ssj549.2879.10216,"Do 19. ure so ga pazniki nadzirali vsakih nekaj minut, potem pa je prišla nova izmena, ki je morala tako kot vsak večer tudi takrat najprej preveriti, kaj se dogaja v drugih sobah v zgornjem nadstropju.",40,40,yes,2.49,2.4857142857142858,2.49,yes,1.84,1.8400690481071935,1.84,yes,9,9,yes,5.00,5,yes,2.00,2,yes,2.50,2.5,2.50,yes,"A[Do] B[19.] C[ure] D[so] E[ga] F[pazniki] G[nadzirali] H[vsakih] I[nekaj] J[minut]K[,] L[potem] M[pa] N[je] O[prišla] P[nova] Q[izmena]R[,] S[ki] T[je] U[morala] V[tako] W[kot] X[vsak] Y[večer] Z[tudi] A[takrat] B[najprej] C[preveriti]D[,] E[kaj] F[se] G[dogaja] H[v] I[drugih] J[sobah] K[v] L[zgornjem] M[nadstropju]N[.] ","(Do <case 19. <nummod ure) <obl so <aux ga <obj pazniki <nsubj nadzirali >obl (vsakih <det nekaj <det minut) >parataxis (, <punct potem <advmod pa <advmod je <aux prišla >nsubj (nova <amod izmena >acl (, <punct ki <mark je <aux morala >xcomp ((tako >obl (kot <case vsak <det večer)) <advmod (tudi <advmod takrat) <advmod najprej <advmod preveriti >ccomp (, <punct kaj <nsubj se <expl dogaja >obl (v <case drugih <amod sobah >nmod (v <case zgornjem <amod nadstropju))))))) >punct .",
932,ssj549.2880.10217,V mnogih hrvaških obmorskih hotelih so restavracije opremili z naslednjim napisom: hrane ni dovoljeno odnašati.,17,17,yes,2.43,2.4285714285714284,2.43,yes,1.47,1.4719462406466446,1.47,yes,4,4,yes,3.00,3,yes,2.00,2,yes,1.50,1.5,1.50,yes,A[V] B[mnogih] C[hrvaških] D[obmorskih] E[hotelih] F[so] G[restavracije] H[opremili] I[z] J[naslednjim] K[napisom]L[:] M[hrane] N[ni] O[dovoljeno] P[odnašati]Q[.] ,(V <case mnogih <det hrvaških <amod obmorskih <amod hotelih) <obl so <aux restavracije <obj opremili >obl (z <case naslednjim <amod napisom) >parataxis (: <punct ni <cop dovoljeno >csubj (hrane <obj odnašati)) >punct .,
933,ssj549.2880.10218,To je bil logičen odziv na vse pogostejše nabiranje in odnašanje jedi s samopostrežnega zajtrka.,16,16,yes,2.14,2.142857142857143,2.14,yes,1.36,1.3621075689777828,1.36,yes,5,5,yes,1.00,1,yes,1.00,1,yes,1.00,1.0,1.00,yes,A[To] B[je] C[bil] D[logičen] E[odziv] F[na] G[vse] H[pogostejše] I[nabiranje] J[in] K[odnašanje] L[jedi] M[s] N[samopostrežnega] O[zajtrka]P[.] ,To <nsubj je <aux bil <cop logičen <amod odziv >nmod (na <case (vse <advmod pogostejše) <amod nabiranje >conj (in <cc odnašanje >nmod jedi >nmod (s <case samopostrežnega <amod zajtrka))) >punct .,
934,ssj549.2880.10219,"Te navade so bile pri nekaterih gostih (zlasti z vzhoda) ustaljene že prejšnja leta, letos pa so se vrste varčnih turistov zaradi izjemno visokih cen še krepko povečale.",32,32,yes,5.07,5.074074074074074,5.07,yes,1.31,1.3062490519091368,1.31,yes,5,5,yes,2.00,2,yes,2.00,2,yes,1.00,1.0,1.00,yes,"A[Te] B[navade] C[so] D[bile] E[pri] F[nekaterih] G[gostih] H[(]I[zlasti] J[z] K[vzhoda]L[)] M[ustaljene] N[že] O[prejšnja] P[leta]Q[,] R[letos] S[pa] T[so] U[se] V[vrste] W[varčnih] X[turistov] Y[zaradi] Z[izjemno] A[visokih] B[cen] C[še] D[krepko] E[povečale]F[.] ","(Te <det navade) <nsubj so <aux bile <cop (pri <case nekaterih <det gostih) <obl (( <punct zlasti <advmod z <case vzhoda >punct )) <obl ustaljene >obl (že <advmod prejšnja <amod leta) >parataxis (, <punct letos <advmod pa <advmod so <aux se <expl (vrste >nmod (varčnih <amod turistov)) <nsubj (zaradi <case (izjemno <advmod visokih) <amod cen) <obl (še <advmod krepko) <advmod povečale) >punct .",
935,ssj550.2881.10220,"Avtor te zanimive zgodbe je barokist mag. Blaž Resman, ki ga je zamikala podoba dveh marmornatih kipov frančiškanskih svetnikov, ki sta zdaj v Plečnikovi šišenski cerkvi.",29,29,yes,2.36,2.36,2.36,yes,0.75,0.7507762933965817,0.75,yes,9,9,yes,3.00,3,yes,1.00,1,yes,3.00,3.0,3.00,yes,"A[Avtor] B[te] C[zanimive] D[zgodbe] E[je] F[barokist] G[mag.] H[Blaž] I[Resman]J[,] K[ki] L[ga] M[je] N[zamikala] O[podoba] P[dveh] Q[marmornatih] R[kipov] S[frančiškanskih] T[svetnikov]U[,] V[ki] W[sta] X[zdaj] Y[v] Z[Plečnikovi] A[šišenski] B[cerkvi]C[.] ","Avtor >nmod (te <det zanimive <amod zgodbe) >cop je >nsubj (barokist >nmod (mag. <nmod Blaž >flat Resman >acl (, <punct ki <mark ga <obj je <aux zamikala >nsubj (podoba >nmod (dveh <nummod marmornatih <amod kipov >nmod (frančiškanskih <amod svetnikov) >acl (, <punct ki <mark sta >advmod zdaj >obl (v <case Plečnikovi <amod šišenski <amod cerkvi))))))) >punct .",
936,ssj550.2881.10221,"Nekoč sta krasila glavni oltar v frančiškanski cerkvi Marijinega oznanjenja, po prenovi leta 1772 pa stranskega, kot priča fotografija iz leta 1911, ko so cerkev frančiškani vnovič prenavljali.",32,32,yes,2.56,2.5555555555555554,2.56,yes,1.26,1.2589549387432892,1.26,yes,7,7,yes,2.00,2,yes,1.00,1,yes,2.00,2.0,2.00,yes,"A[Nekoč] B[sta] C[krasila] D[glavni] E[oltar] F[v] G[frančiškanski] H[cerkvi] I[Marijinega] J[oznanjenja]K[,] L[po] M[prenovi] N[leta] O[1772] P[pa] Q[stranskega]R[,] S[kot] T[priča] U[fotografija] V[iz] W[leta] X[1911]Y[,] Z[ko] A[so] B[cerkev] C[frančiškani] D[vnovič] E[prenavljali]F[.] ","Nekoč <advmod sta <aux krasila >obj (glavni <amod oltar >nmod (v <case frančiškanski <amod cerkvi >nmod (Marijinega <amod oznanjenja))) >parataxis (, <punct (po <case prenovi >nmod (leta >nummod 1772)) <orphan pa <orphan stranskega >orphan (, <punct kot <mark priča >nsubj (fotografija >nmod (iz <case leta >nummod 1911 >acl (, <punct ko <mark so <aux cerkev <obj frančiškani <nsubj vnovič <advmod prenavljali))))) >punct .",
937,ssj550.2881.10222,Potem se je za njima izgubila sled...,10,10,yes,2.50,2.5,2.50,yes,0.88,0.8754687373538999,0.88,yes,3,3,yes,1.00,1,yes,1.00,1,yes,1.00,1.0,1.00,yes,A[Potem] B[se] C[je] D[za] E[njima] F[izgubila] G[sled]H[.]I[.]J[.] ,Potem <advmod se <expl je <aux (za <case njima) <obl izgubila >nsubj sled >punct . >punct . >punct .,
938,ssj550.2881.10223,"Umetnostna zgodovina se z baročnima kipoma, ki sta se bolj po naključju kot ne (predvsem zaradi skromnih financ pri gradnji cerkve v Šiški, ki je bila dograjena šele leta 1927) znašla v Plečnikovem okolju, natančneje ni ukvarjala.",43,43,yes,8.61,8.61111111111111,8.61,yes,1.51,1.5075409193466573,1.51,yes,9,9,yes,3.00,3,yes,1.00,1,yes,3.00,3.0,3.00,yes,"A[Umetnostna] B[zgodovina] C[se] D[z] E[baročnima] F[kipoma]G[,] H[ki] I[sta] J[se] K[bolj] L[po] M[naključju] N[kot] O[ne] P[(]Q[predvsem] R[zaradi] S[skromnih] T[financ] U[pri] V[gradnji] W[cerkve] X[v] Y[Šiški]Z[,] A[ki] B[je] C[bila] D[dograjena] E[šele] F[leta] G[1927]H[)] I[znašla] J[v] K[Plečnikovem] L[okolju]M[,] N[natančneje] O[ni] P[ukvarjala]Q[.] ","(Umetnostna <amod zgodovina) <nsubj se <expl (z <case baročnima <amod kipoma >acl (, <punct ki <mark sta <aux se <expl ((bolj >advcl (kot <case ne)) <advmod po <case naključju) <obl (( <punct predvsem <advmod zaradi <case skromnih <amod financ >nmod (pri <case gradnji >nmod (cerkve >nmod (v <case Šiški) >acl (, <punct ki <mark je <aux bila <cop dograjena >obl (šele <advmod leta >nummod 1927)))) >punct )) <obl znašla >obl (v <case Plečnikovem <amod okolju) >punct ,)) <obl natančneje <advmod ni <aux ukvarjala >punct .",
939,ssj550.2881.10224,"Obveljalo je nekoč zapisano mnenje Sergeja Vrišerja, da gre kipa svetnikov pripisati Jožetu Straubu, avtorju mnogih baročnih plastik na Štajerskem, ki se je na svojih poteh po slovenskem ozemlju ustavil tudi v delavnici kamnoseškega mojstra Löhra v Ljubljani, ""čeprav utegneta ob prvem srečanju spomniti na Robbo"".",53,53,yes,3.56,3.5555555555555554,3.56,yes,0.63,0.6348199194216528,0.63,yes,10,10,yes,6.00,6,yes,1.00,1,yes,6.00,6.0,6.00,yes,"A[Obveljalo] B[je] C[nekoč] D[zapisano] E[mnenje] F[Sergeja] G[Vrišerja]H[,] I[da] J[gre] K[kipa] L[svetnikov] M[pripisati] N[Jožetu] O[Straubu]P[,] Q[avtorju] R[mnogih] S[baročnih] T[plastik] U[na] V[Štajerskem]W[,] X[ki] Y[se] Z[je] A[na] B[svojih] C[poteh] D[po] E[slovenskem] F[ozemlju] G[ustavil] H[tudi] I[v] J[delavnici] K[kamnoseškega] L[mojstra] M[Löhra] N[v] O[Ljubljani]P[,] Q[""]R[čeprav] S[utegneta] T[ob] U[prvem] V[srečanju] W[spomniti] X[na] Y[Robbo]Z[""]A[.] ","Obveljalo >aux je >nsubj ((nekoč <advmod zapisano) <amod mnenje >nmod (Sergeja >flat Vrišerja) >acl (, <punct da <mark gre >xcomp ((kipa >nmod svetnikov) <obj pripisati >iobj (Jožetu >flat Straubu >appos (, <punct avtorju >nmod (mnogih <det baročnih <amod plastik >nmod (na <case Štajerskem)) >acl (, <punct ki <mark se <expl je <aux (na <case svojih <det poteh >nmod (po <case slovenskem <amod ozemlju)) <obl ustavil >obl (tudi <advmod v <case delavnici >nmod (kamnoseškega <amod mojstra >nmod Löhra) >nmod (v <case Ljubljani)))))))) >advcl (, <punct "" <punct čeprav <mark utegneta >xcomp ((ob <case prvem <amod srečanju) <obl spomniti >obl (na <case Robbo)) >punct "") >punct .",
940,ssj550.2881.10225,"Ta namig in naravnost robbovska uglajenost, slokost in eleganca obeh kipov so bili Resmanu izziv, da izrečeno domnevo preveri na podlagi temeljite raziskave virov.",27,27,yes,2.83,2.8260869565217392,2.83,yes,1.92,1.9151484151179778,1.92,yes,5,5,yes,2.00,2,yes,1.00,1,yes,2.00,2.0,2.00,yes,"A[Ta] B[namig] C[in] D[naravnost] E[robbovska] F[uglajenost]G[,] H[slokost] I[in] J[eleganca] K[obeh] L[kipov] M[so] N[bili] O[Resmanu] P[izziv]Q[,] R[da] S[izrečeno] T[domnevo] U[preveri] V[na] W[podlagi] X[temeljite] Y[raziskave] Z[virov]A[.] ","(Ta <det namig >conj (in <cc (naravnost <advmod robbovska) <amod uglajenost) >conj (, <punct slokost) >conj (in <cc eleganca >nmod (obeh <det kipov))) <nsubj so <aux bili <cop Resmanu <obj izziv >acl (, <punct da <mark (izrečeno <amod domnevo) <obj preveri >obl (na <case podlagi >nmod (temeljite <amod raziskave >nmod virov))) >punct .",
941,ssj550.2882.10226,MOŠČANCI - Pri gasilskem domu v Moščancih bo jutri ob 13. uri tekmovanje v pripravi jedi.,17,17,yes,2.36,2.357142857142857,2.36,yes,1.50,1.5017992037963257,1.50,yes,4,4,yes,1.00,1,yes,1.00,1,yes,1.00,1.0,1.00,yes,A[MOŠČANCI] B[-] C[Pri] D[gasilskem] E[domu] F[v] G[Moščancih] H[bo] I[jutri] J[ob] K[13.] L[uri] M[tekmovanje] N[v] O[pripravi] P[jedi]Q[.] ,(MOŠČANCI >punct -) <parataxis (Pri <case gasilskem <amod domu >nmod (v <case Moščancih)) <obl bo >advmod jutri >obl (ob <case 13. <nummod uri) >nsubj (tekmovanje >nmod (v <case pripravi >nmod jedi)) >punct .,
942,ssj550.2882.10227,"Na prireditvenem prostoru bodo kuharice in kuharji prikazali pripravo jedi, ki so jih pripravljale naše babice.",18,18,yes,2.27,2.2666666666666666,2.27,yes,1.58,1.5754355478770719,1.58,yes,6,6,yes,2.00,2,yes,1.00,1,yes,2.00,2.0,2.00,yes,"A[Na] B[prireditvenem] C[prostoru] D[bodo] E[kuharice] F[in] G[kuharji] H[prikazali] I[pripravo] J[jedi]K[,] L[ki] M[so] N[jih] O[pripravljale] P[naše] Q[babice]R[.] ","(Na <case prireditvenem <amod prostoru) <obl bodo <aux (kuharice >conj (in <cc kuharji)) <nsubj prikazali >obj (pripravo >nmod (jedi >acl (, <punct ki <mark so <aux jih <obj pripravljale >nsubj (naše <det babice)))) >punct .",
943,ssj550.2882.10228,V nedeljo pa bo ob 10. uri pri gasilskem domu še velika fračarija - streljanje s fračami.,18,18,yes,2.40,2.4,2.40,yes,1.17,1.1717035437571504,1.17,yes,5,5,yes,1.00,1,yes,1.00,1,yes,1.00,1.0,1.00,yes,A[V] B[nedeljo] C[pa] D[bo] E[ob] F[10.] G[uri] H[pri] I[gasilskem] J[domu] K[še] L[velika] M[fračarija] N[-] O[streljanje] P[s] Q[fračami]R[.] ,(V <case nedeljo) <obl pa <advmod bo >obl (ob <case 10. <nummod uri) >obl (pri <case gasilskem <amod domu) >nsubj (še <advmod velika <amod fračarija >appos (- <punct streljanje >nmod (s <case fračami))) >punct .,
944,ssj550.2883.10229,"GRIBLJE - Od petka do nedelje bo na kopališču Griblje v Beli krajini srečanje študentskih klubov Slovenije Kolpa' 99, ki ga organizira Klub belokranjskih študentov.",28,28,yes,2.48,2.4782608695652173,2.48,yes,1.63,1.633145130586831,1.63,yes,6,6,yes,2.00,2,yes,1.00,1,yes,2.00,2.0,2.00,yes,"A[GRIBLJE] B[-] C[Od] D[petka] E[do] F[nedelje] G[bo] H[na] I[kopališču] J[Griblje] K[v] L[Beli] M[krajini] N[srečanje] O[študentskih] P[klubov] Q[Slovenije] R[Kolpa]S['] T[99]U[,] V[ki] W[ga] X[organizira] Y[Klub] Z[belokranjskih] A[študentov]B[.] ","(GRIBLJE >punct -) <parataxis (Od <case petka) <obl (do <case nedelje) <obl bo >obl (na <case kopališču >nmod Griblje >nmod (v <case Beli <amod krajini)) >nsubj (srečanje >nmod (študentskih <amod klubov >nmod Slovenije) >nmod (Kolpa >nummod (' <punct 99)) >acl (, <punct ki <mark ga <obj organizira >nsubj (Klub >nmod (belokranjskih <amod študentov)))) >punct .",
945,ssj550.2883.10230,"Predstavniki klubov se bodo pomerili v družabnih in športnih igrah, ljubitelji belokranjskih običajev pa se bodo v etno delavnici lahko naučili nekaj belokranjskih pesmi in plesov ter postavili Zelenega Jurija.",32,32,yes,3.34,3.3448275862068964,3.34,yes,1.28,1.2809517226933786,1.28,yes,5,5,yes,3.00,3,yes,3.00,3,yes,1.00,1.0,1.00,yes,"A[Predstavniki] B[klubov] C[se] D[bodo] E[pomerili] F[v] G[družabnih] H[in] I[športnih] J[igrah]K[,] L[ljubitelji] M[belokranjskih] N[običajev] O[pa] P[se] Q[bodo] R[v] S[etno] T[delavnici] U[lahko] V[naučili] W[nekaj] X[belokranjskih] Y[pesmi] Z[in] A[plesov] B[ter] C[postavili] D[Zelenega] E[Jurija]F[.] ","(Predstavniki >nmod klubov) <nsubj se <expl bodo <aux pomerili >obl (v <case (družabnih >conj (in <cc športnih)) <amod igrah) >parataxis (, <punct (ljubitelji >nmod (belokranjskih <amod običajev)) <nsubj pa <advmod se <expl bodo <aux (v <case etno <nmod delavnici) <obl lahko <advmod naučili >obj (nekaj <det belokranjskih <amod pesmi >conj (in <cc plesov)) >conj (ter <cc postavili >obj (Zelenega <amod Jurija))) >punct .",
946,ssj550.2883.10231,Ob večerih bodo študente zabavale razne skupine.,8,8,yes,1.67,1.6666666666666667,1.67,yes,1.19,1.189773067065087,1.19,yes,3,3,yes,1.00,1,yes,1.00,1,yes,1.00,1.0,1.00,yes,A[Ob] B[večerih] C[bodo] D[študente] E[zabavale] F[razne] G[skupine]H[.] ,(Ob <case večerih) <obl bodo <aux študente <obj zabavale >nsubj (razne <amod skupine) >punct .,
947,ssj550.2883.10232,Med koncerti bodo razglasili rezultate tekmovanj in najboljšim podelili nagrade.,11,11,yes,1.67,1.6666666666666667,1.67,yes,1.28,1.2809338454620642,1.28,yes,3,3,yes,2.00,2,yes,2.00,2,yes,1.00,1.0,1.00,yes,A[Med] B[koncerti] C[bodo] D[razglasili] E[rezultate] F[tekmovanj] G[in] H[najboljšim] I[podelili] J[nagrade]K[.] ,(Med <case koncerti) <obl bodo <aux razglasili >obj (rezultate >nmod tekmovanj) >conj (in <cc najboljšim <iobj podelili >obj nagrade) >punct .,
948,ssj550.2883.10233,"Vstopnine ne bo, s seboj prinesite le spalne vreče in 1500 tolarjev za kampiranje ter obilo dobre volje.",20,20,yes,2.29,2.2941176470588234,2.29,yes,1.14,1.1355645142887327,1.14,yes,6,6,yes,2.00,2,yes,2.00,2,yes,1.00,1.0,1.00,yes,"A[Vstopnine] B[ne] C[bo]D[,] E[s] F[seboj] G[prinesite] H[le] I[spalne] J[vreče] K[in] L[1500] M[tolarjev] N[za] O[kampiranje] P[ter] Q[obilo] R[dobre] S[volje]T[.] ","Vstopnine <nsubj ne <advmod bo >parataxis (, <punct (s <case seboj) <obl prinesite >obj (le <advmod spalne <amod vreče >conj (in <cc 1500 <nummod tolarjev >nmod (za <case kampiranje)) >conj (ter <cc obilo <advmod dobre <amod volje))) >punct .",
949,ssj550.2884.10234,"Čeprav je bil ves dan zaseden z vnaprej napovedanimi pogovori z novinarji, si je takoj po telefonskem klicu ljubeznivo vzel čas tudi za pogovor za Dnevnik.",28,28,yes,2.92,2.92,2.92,yes,2.06,2.0601155150156214,2.06,yes,5,5,yes,2.00,2,yes,1.00,1,yes,2.00,2.0,2.00,yes,"A[Čeprav] B[je] C[bil] D[ves] E[dan] F[zaseden] G[z] H[vnaprej] I[napovedanimi] J[pogovori] K[z] L[novinarji]M[,] N[si] O[je] P[takoj] Q[po] R[telefonskem] S[klicu] T[ljubeznivo] U[vzel] V[čas] W[tudi] X[za] Y[pogovor] Z[za] A[Dnevnik]B[.] ","(Čeprav <mark je <aux bil <cop (ves <det dan) <obl zaseden >obl (z <case (vnaprej <advmod napovedanimi) <amod pogovori >nmod (z <case novinarji)) >punct ,) <advcl si <expl je <aux (takoj <advmod po <case telefonskem <amod klicu) <obl ljubeznivo <advmod vzel >obj (čas >nmod (za <case pogovor >nmod (za <case Dnevnik))) >advmod tudi >punct .",
950,ssj550.2885.10235,"""V skladu s pravilnikom moramo do konca leta 2000 uvesti nov sistem oštevilčenja, odpraviti dosedanjo šestico v številkah omrežnih skupin ter te zmanjšati z dvanajstih na šest.",30,30,yes,2.54,2.5384615384615383,2.54,yes,1.59,1.593369799619825,1.59,yes,7,7,yes,4.00,4,yes,3.00,3,yes,1.33,1.3333333333333333,1.33,yes,"A[""]B[V] C[skladu] D[s] E[pravilnikom] F[moramo] G[do] H[konca] I[leta] J[2000] K[uvesti] L[nov] M[sistem] N[oštevilčenja]O[,] P[odpraviti] Q[dosedanjo] R[šestico] S[v] T[številkah] U[omrežnih] V[skupin] W[ter] X[te] Y[zmanjšati] Z[z] A[dvanajstih] B[na] C[šest]D[.] ",""" <punct moramo >xcomp ((V <case skladu >nmod (s <case pravilnikom)) <obl (do <case konca <nmod leta >nummod 2000) <obl uvesti >obj (nov <amod sistem >nmod oštevilčenja) >conj (, <punct odpraviti >obj (dosedanjo <amod šestico >nmod (v <case številkah >nmod (omrežnih <amod skupin)))) >conj (ter <cc te <obj zmanjšati >obl (z <case dvanajstih) >obl (na <case šest))) >punct .",
951,ssj550.2885.10236,"Verjetno ni težko razumeti, da gre za izredno zahteven organizacijski in tehnični poseg.",15,15,yes,2.83,2.8333333333333335,2.83,yes,0.55,0.5475730403458116,0.55,yes,7,7,yes,3.00,3,yes,1.00,1,yes,3.00,3.0,3.00,yes,"A[Verjetno] B[ni] C[težko] D[razumeti]E[,] F[da] G[gre] H[za] I[izredno] J[zahteven] K[organizacijski] L[in] M[tehnični] N[poseg]O[.] ","ni >advmod težko >csubj (Verjetno <advmod razumeti >ccomp (, <punct da <mark gre >obl (za <case (izredno <advmod zahteven) <amod (organizacijski >conj (in <cc tehnični)) <amod poseg))) >punct .",
952,ssj550.2885.10237,"Pri tem velja poudariti, da spremembe v omrežnih skupinah ne bodo imele nobenega vpliva na organizacijsko shemo Telekoma,"" je povedal podpredsednik uprave Telekoma Slovenije Miran Kramberger.",30,30,yes,3.00,3.0,3.00,yes,2.08,2.078572731730566,2.08,yes,7,7,yes,4.00,4,yes,1.00,1,yes,4.00,4.0,4.00,yes,"A[Pri] B[tem] C[velja] D[poudariti]E[,] F[da] G[spremembe] H[v] I[omrežnih] J[skupinah] K[ne] L[bodo] M[imele] N[nobenega] O[vpliva] P[na] Q[organizacijsko] R[shemo] S[Telekoma]T[,]U[""] V[je] W[povedal] X[podpredsednik] Y[uprave] Z[Telekoma] A[Slovenije] B[Miran] C[Kramberger]D[.] ","(velja >xcomp ((Pri <case tem) <obl poudariti >ccomp (, <punct da <mark (spremembe >nmod (v <case omrežnih <amod skupinah)) <nsubj ne <advmod bodo <aux imele >obj (nobenega <det vpliva >nmod (na <case organizacijsko <amod shemo >nmod Telekoma)) >punct ,))) <ccomp "" <punct je <aux povedal >nsubj (podpredsednik >nmod (uprave >nmod (Telekoma >nmod Slovenije)) >nmod (Miran >flat Kramberger)) >punct .",
953,ssj550.2885.10238,"Župani severnoprimorskih in pomurskih občin so se namreč zbali, da bodo izgubili Telekomove enote in da brez lastnih omrežnih skupin tudi telekomunikacijskega razvoja ne bo.",27,27,yes,3.46,3.4583333333333335,3.46,yes,1.45,1.4468524263934301,1.45,yes,6,6,yes,3.00,3,yes,2.00,2,yes,1.50,1.5,1.50,yes,"A[Župani] B[severnoprimorskih] C[in] D[pomurskih] E[občin] F[so] G[se] H[namreč] I[zbali]J[,] K[da] L[bodo] M[izgubili] N[Telekomove] O[enote] P[in] Q[da] R[brez] S[lastnih] T[omrežnih] U[skupin] V[tudi] W[telekomunikacijskega] X[razvoja] Y[ne] Z[bo]A[.] ","(Župani >nmod ((severnoprimorskih >conj (in <cc pomurskih)) <amod občin)) <nsubj so <aux se <expl namreč <advmod zbali >ccomp (, <punct da <mark bodo <aux izgubili >obj (Telekomove <amod enote) >conj (in <cc da <mark (brez <case lastnih <amod omrežnih <amod skupin) <obl (tudi <advmod telekomunikacijskega <amod razvoja) <nsubj ne <advmod bo)) >punct .",
954,ssj550.2885.10239,"V ministrstvu za promet in zveze so jim odgovorili, da novo oštevilčenje, ki je usklajeno z operaterji, nima nikakršnega vpliva na notranjo organizacijo Telekoma.",28,28,yes,2.96,2.9565217391304346,2.96,yes,1.58,1.5823459073857276,1.58,yes,6,6,yes,3.00,3,yes,1.00,1,yes,3.00,3.0,3.00,yes,"A[V] B[ministrstvu] C[za] D[promet] E[in] F[zveze] G[so] H[jim] I[odgovorili]J[,] K[da] L[novo] M[oštevilčenje]N[,] O[ki] P[je] Q[usklajeno] R[z] S[operaterji]T[,] U[nima] V[nikakršnega] W[vpliva] X[na] Y[notranjo] Z[organizacijo] A[Telekoma]B[.] ","(V <case ministrstvu >nmod (za <case promet >conj (in <cc zveze))) <obl so <aux jim <iobj odgovorili >ccomp (, <punct da <mark (novo <amod oštevilčenje >acl (, <punct ki <mark je <cop usklajeno >obl (z <case operaterji) >punct ,)) <nsubj nima >obj (nikakršnega <det vpliva >nmod (na <case notranjo <amod organizacijo >nmod Telekoma))) >punct .",
955,ssj550.2885.10240,Sicer pa ministrstvo prek uprave za telekomunikacije oštevilčenje dodeljuje operaterjem in ne lokalnim skupnostim.,15,15,yes,3.15,3.1538461538461537,3.15,yes,1.23,1.2324642581561072,1.23,yes,4,4,yes,1.00,1,yes,1.00,1,yes,1.00,1.0,1.00,yes,A[Sicer] B[pa] C[ministrstvo] D[prek] E[uprave] F[za] G[telekomunikacije] H[oštevilčenje] I[dodeljuje] J[operaterjem] K[in] L[ne] M[lokalnim] N[skupnostim]O[.] ,Sicer <cc pa <advmod ministrstvo <nsubj (prek <case uprave >nmod (za <case telekomunikacije)) <obl oštevilčenje <obj dodeljuje >iobj (operaterjem >conj (in <cc ne <advmod lokalnim <amod skupnostim)) >punct .,
956,ssj551.2886.10241,"Upam, da bodo moj odgovor prebrali tudi tisti ravnatelji in učitelji nekaterih šol - nikakor ne vseh in naj mi tisti, ki med te ne spadajo, ne zamerijo, - ki organizirajo športne dneve in izlete na Slivnico in razmišljajo enako, kot voditelji tabornikov Zmajevega rodu iz Ljubljane; mislijo, da smo javno stranišče in da smo dolžni za njimi pospravljati smeti, ki jih natrosijo okoli doma.",74,74,yes,3.61,3.6129032258064515,3.61,yes,0.78,0.7790555257125975,0.78,yes,12,12,yes,11.00,11,yes,5.00,5,yes,2.20,2.2,2.20,yes,"A[Upam]B[,] C[da] D[bodo] E[moj] F[odgovor] G[prebrali] H[tudi] I[tisti] J[ravnatelji] K[in] L[učitelji] M[nekaterih] N[šol] O[-] P[nikakor] Q[ne] R[vseh] S[in] T[naj] U[mi] V[tisti]W[,] X[ki] Y[med] Z[te] A[ne] B[spadajo]C[,] D[ne] E[zamerijo]F[,] G[-] H[ki] I[organizirajo] J[športne] K[dneve] L[in] M[izlete] N[na] O[Slivnico] P[in] Q[razmišljajo] R[enako]S[,] T[kot] U[voditelji] V[tabornikov] W[Zmajevega] X[rodu] Y[iz] Z[Ljubljane]A[;] B[mislijo]C[,] D[da] E[smo] F[javno] G[stranišče] H[in] I[da] J[smo] K[dolžni] L[za] M[njimi] N[pospravljati] O[smeti]P[,] Q[ki] R[jih] S[natrosijo] T[okoli] U[doma]V[.] ","Upam >ccomp (, <punct da <mark bodo <aux (moj <det odgovor) <obj prebrali >nsubj (tudi <advmod tisti <det ravnatelji >conj (in <cc učitelji) >nmod (nekaterih <det šol) >acl (ki <mark organizirajo >obj (športne <amod dneve >conj (in <cc izlete >nmod (na <case Slivnico))) >conj (in <cc razmišljajo >advmod (enako >obl (, <punct kot <case voditelji >nmod (tabornikov >nmod (Zmajevega <amod rodu >nmod (iz <case Ljubljane)))))) >parataxis (; <punct mislijo >ccomp (, <punct da <mark smo <cop javno <amod stranišče >conj (in <cc da <mark smo <cop dolžni >xcomp ((za <case njimi) <obl pospravljati >obj (smeti >acl (, <punct ki <mark jih <obj natrosijo >obl (okoli <case doma))))))))) >parataxis (- <punct nikakor <orphan ne >orphan vseh >conj (in <cc naj <advmod mi <iobj (tisti >acl (, <punct ki <mark (med <case te) <obl ne <advmod spadajo >punct ,)) <nsubj ne <advmod zamerijo) >punct , >punct -)) >punct .",
957,ssj551.2887.10242,Maribor bo v tretjem krogu kvalifikacij igral s francoskim Lyonom.,11,11,yes,2.56,2.5555555555555554,2.56,yes,1.13,1.1332977246028362,1.13,yes,3,3,yes,1.00,1,yes,1.00,1,yes,1.00,1.0,1.00,yes,A[Maribor] B[bo] C[v] D[tretjem] E[krogu] F[kvalifikacij] G[igral] H[s] I[francoskim] J[Lyonom]K[.] ,Maribor <nsubj bo <aux (v <case tretjem <amod krogu >nmod kvalifikacij) <obl igral >obl (s <case francoskim <amod Lyonom) >punct .,
958,ssj551.2887.10243,"Prva tekma bo že v torek, 11. avgusta ob 20. uri, v Lyonu.",16,16,yes,3.08,3.0833333333333335,3.08,yes,0.67,0.6657482063718307,0.67,yes,4,4,yes,1.00,1,yes,1.00,1,yes,1.00,1.0,1.00,yes,"A[Prva] B[tekma] C[bo] D[že] E[v] F[torek]G[,] H[11.] I[avgusta] J[ob] K[20.] L[uri]M[,] N[v] O[Lyonu]P[.] ","(Prva <amod tekma) <nsubj bo >obl (že <advmod v <case torek >appos (, <punct 11. <nummod avgusta)) >obl (ob <case 20. <nummod uri) >obl (, <punct v <case Lyonu) >punct .",
959,ssj551.2887.10244,"Predsednik kluba Jože Jagodnik in trener Bojan Prašnikar sta takoj po tekmi v Belgiji z avtomobilom odpotovala v Francijo, da si bosta v živo ogledala igro naslednjega tekmeca Maribora.",31,31,yes,2.86,2.857142857142857,2.86,yes,2.03,2.0328868026170324,2.03,yes,5,5,yes,2.00,2,yes,1.00,1,yes,2.00,2.0,2.00,yes,"A[Predsednik] B[kluba] C[Jože] D[Jagodnik] E[in] F[trener] G[Bojan] H[Prašnikar] I[sta] J[takoj] K[po] L[tekmi] M[v] N[Belgiji] O[z] P[avtomobilom] Q[odpotovala] R[v] S[Francijo]T[,] U[da] V[si] W[bosta] X[v] Y[živo] Z[ogledala] A[igro] B[naslednjega] C[tekmeca] D[Maribora]E[.] ","(Predsednik >nmod kluba >nmod (Jože >flat Jagodnik) >conj (in <cc trener >nmod (Bojan >flat Prašnikar))) <nsubj sta <aux (takoj <advmod po <case tekmi >nmod (v <case Belgiji)) <obl (z <case avtomobilom) <obl odpotovala >obl (v <case Francijo) >advcl (, <punct da <mark si <expl bosta <aux (v <case živo) <advmod ogledala >obj (igro >nmod (naslednjega <amod tekmeca >nmod Maribora))) >punct .",
960,ssj551.2888.10245,"Mini motor, ki ima le tri dele, je močan, kot da bi imel osem valjev",18,18,yes,2.43,2.4285714285714284,2.43,yes,1.63,1.6311731062059118,1.63,yes,5,5,yes,3.00,3,yes,1.00,1,yes,3.00,3.0,3.00,yes,"A[Mini] B[motor]C[,] D[ki] E[ima] F[le] G[tri] H[dele]I[,] J[je] K[močan]L[,] M[kot] N[da] O[bi] P[imel] Q[osem] R[valjev] ","(Mini <amod motor >acl (, <punct ki <mark ima >obj (le <advmod tri <nummod dele) >punct ,)) <nsubj je <cop močan >advcl (, <punct (kot >fixed da) <mark bi <aux imel >obj (osem <nummod valjev))",
961,ssj551.2889.10246,Tragika te ženske: na koncu ji noben zdravnik ni več verjel.,13,13,yes,3.30,3.3,3.30,yes,1.20,1.1998234029185886,1.20,yes,4,4,yes,1.00,1,yes,1.00,1,yes,1.00,1.0,1.00,yes,A[Tragika] B[te] C[ženske]D[:] E[na] F[koncu] G[ji] H[noben] I[zdravnik] J[ni] K[več] L[verjel]M[.] ,(Tragika >nmod (te <det ženske) >punct :) <parataxis (na <case koncu) <obl ji <iobj (noben <det zdravnik) <nsubj ni <aux več <advmod verjel >punct .,
962,ssj551.2889.10247,"Toda v ZDA so vendarle ugotovili, da imajo njene bolečine v želodcu otipljiv vzrok: maligni tumor, ki je že tako velik, da ga ni več mogoče operirati.",32,32,yes,2.58,2.576923076923077,2.58,yes,1.58,1.5783319222552845,1.58,yes,8,8,yes,5.00,5,yes,1.00,1,yes,5.00,5.0,5.00,yes,"A[Toda] B[v] C[ZDA] D[so] E[vendarle] F[ugotovili]G[,] H[da] I[imajo] J[njene] K[bolečine] L[v] M[želodcu] N[otipljiv] O[vzrok]P[:] Q[maligni] R[tumor]S[,] T[ki] U[je] V[že] W[tako] X[velik]Y[,] Z[da] A[ga] B[ni] C[več] D[mogoče] E[operirati]F[.] ","Toda <cc (v <case ZDA) <obl so <aux vendarle <advmod ugotovili >ccomp (, <punct da <mark imajo >nsubj (njene <det bolečine >nmod (v <case želodcu)) >obj (otipljiv <amod vzrok >appos (: <punct maligni <amod tumor >acl (, <punct ki <mark je <cop že <advmod tako <advmod velik >advcl (, <punct da <mark ni <cop več <advmod mogoče >csubj (ga <obj operirati)))))) >punct .",
963,ssj552.2890.10248,"Otroci imajo lutke radi, lutki verjamejo, se z njo sprostijo, ne bojijo se je, ji zaupajo in z njo premagujejo razne stiske.",27,27,yes,4.33,4.333333333333333,4.33,yes,0.40,0.4024977403482572,0.40,yes,4,4,yes,6.00,6,yes,6.00,6,yes,1.00,1.0,1.00,yes,"A[Otroci] B[imajo] C[lutke] D[radi]E[,] F[lutki] G[verjamejo]H[,] I[se] J[z] K[njo] L[sprostijo]M[,] N[ne] O[bojijo] P[se] Q[je]R[,] S[ji] T[zaupajo] U[in] V[z] W[njo] X[premagujejo] Y[razne] Z[stiske]A[.] ","Otroci <nsubj imajo >obj lutke >advmod radi >conj (, <punct lutki <iobj verjamejo) >conj (, <punct se <expl (z <case njo) <obl sprostijo) >conj (, <punct ne <advmod bojijo >expl se >obj je) >conj (, <punct ji <iobj zaupajo) >conj (in <cc (z <case njo) <obl premagujejo >obj (razne <amod stiske)) >punct .",
964,ssj552.2891.10249,"- Glede na to, da sem otroka šele danes pripeljala ponovno v vrtec po dopustu, me zanima, ali bi bilo smiselno, da ga še zadržim doma in preskočim morebitno okužbo?",35,35,yes,2.68,2.6785714285714284,2.68,yes,1.88,1.879766288125681,1.88,yes,7,7,yes,5.00,5,yes,3.00,3,yes,1.67,1.6666666666666667,1.67,yes,"A[-] B[Glede] C[na] D[to]E[,] F[da] G[sem] H[otroka] I[šele] J[danes] K[pripeljala] L[ponovno] M[v] N[vrtec] O[po] P[dopustu]Q[,] R[me] S[zanima]T[,] U[ali] V[bi] W[bilo] X[smiselno]Y[,] Z[da] A[ga] B[še] C[zadržim] D[doma] E[in] F[preskočim] G[morebitno] H[okužbo]I[?] ","- <punct ((Glede >fixed na) <case to) <obl , <punct da <mark sem <aux otroka <obj (šele <advmod danes) <advmod pripeljala >obl (ponovno <advmod v <case vrtec) >obl (po <case dopustu) >punct , >parataxis (me <obj zanima >csubj (, <punct ali <mark bi <aux bilo <cop smiselno >csubj (, <punct da <mark ga <obj še <advmod zadržim >advmod doma >conj (in <cc preskočim >obj (morebitno <amod okužbo))))) >punct ?",
965,ssj552.2892.10250,"V knjigi je zbranih skoraj 40 prikupnih pesmic, ki jih je ilustriral Marjan Manček.",16,16,yes,1.92,1.9230769230769231,1.92,yes,1.32,1.3216953918840497,1.32,yes,5,5,yes,2.00,2,yes,1.00,1,yes,2.00,2.0,2.00,yes,"A[V] B[knjigi] C[je] D[zbranih] E[skoraj] F[40] G[prikupnih] H[pesmic]I[,] J[ki] K[jih] L[je] M[ilustriral] N[Marjan] O[Manček]P[.] ","(V <case knjigi) <obl je <cop zbranih >nsubj ((skoraj <advmod 40) <nummod prikupnih <amod pesmic >acl (, <punct ki <mark jih <obj je <aux ilustriral >nsubj (Marjan >flat Manček))) >punct .",
966,ssj552.2892.10251,"A da se ne boste prestrašili - Strašnice niso strašne pesmi, ampak le strašno lepe pesmi, kratke in hitro zapomljive, tako da jih bo hitro znal vsak navihan malček.",33,33,yes,3.15,3.1481481481481484,3.15,yes,1.40,1.3969837771302045,1.40,yes,6,6,yes,3.00,3,yes,3.00,3,yes,1.00,1.0,1.00,yes,"A[A] B[da] C[se] D[ne] E[boste] F[prestrašili] G[-] H[Strašnice] I[niso] J[strašne] K[pesmi]L[,] M[ampak] N[le] O[strašno] P[lepe] Q[pesmi]R[,] S[kratke] T[in] U[hitro] V[zapomljive]W[,] X[tako] Y[da] Z[jih] A[bo] B[hitro] C[znal] D[vsak] E[navihan] F[malček]G[.] ","A <cc da <mark se <expl ne <advmod boste <aux prestrašili >parataxis (- <punct Strašnice <nsubj niso <cop strašne <amod pesmi >conj (, <punct ampak <cc le <advmod (strašno <advmod lepe) <amod pesmi >amod (, <punct kratke >conj (in <cc hitro <advmod zapomljive))) >conj (, <punct (tako >fixed da) <cc jih <obj bo <aux hitro <advmod znal >nsubj (vsak <det navihan <amod malček))) >punct .",
967,ssj553.2893.10252,Voda ostaja najboljši dodatek za gnojevko.,7,7,yes,1.40,1.4,1.40,yes,0.81,0.81482030987581,0.81,yes,4,4,yes,1.00,1,yes,1.00,1,yes,1.00,1.0,1.00,yes,A[Voda] B[ostaja] C[najboljši] D[dodatek] E[za] F[gnojevko]G[.] ,Voda <nsubj ostaja >xcomp (najboljši <amod dodatek >nmod (za <case gnojevko)) >punct .,
968,ssj553.2893.10253,Redčenje gnojevke z vodo ima vrsto nedvomnih prednosti:,9,9,yes,1.86,1.8571428571428572,1.86,yes,1.16,1.1586348223384833,1.16,yes,4,4,yes,1.00,1,yes,1.00,1,yes,1.00,1.0,1.00,yes,A[Redčenje] B[gnojevke] C[z] D[vodo] E[ima] F[vrsto] G[nedvomnih] H[prednosti]I[:] ,(Redčenje >nmod gnojevke >nmod (z <case vodo)) <nsubj ima >obj (vrsto >nmod (nedvomnih <amod prednosti)) >punct :,
969,ssj554.2894.10254,V Sloveniji so se protestniki zbrali v Ljubljani in Kopru.,11,11,yes,1.89,1.8888888888888888,1.89,yes,1.36,1.3585032565621407,1.36,yes,4,4,yes,1.00,1,yes,1.00,1,yes,1.00,1.0,1.00,yes,A[V] B[Sloveniji] C[so] D[se] E[protestniki] F[zbrali] G[v] H[Ljubljani] I[in] J[Kopru]K[.] ,(V <case Sloveniji) <obl so <aux se <expl protestniki <nsubj zbrali >obl (v <case Ljubljani >conj (in <cc Kopru)) >punct .,
970,ssj554.2894.10255,"V glavnem mestu je shod potekal pod geslom Vaša vojna, naši mrtvi! v organizaciji Protivojne koalicije, udeležilo pa se ga je približno dvesto ljudi.",28,28,yes,2.87,2.869565217391304,2.87,yes,1.41,1.4094663164813266,1.41,yes,5,5,yes,2.00,2,yes,2.00,2,yes,1.00,1.0,1.00,yes,"A[V] B[glavnem] C[mestu] D[je] E[shod] F[potekal] G[pod] H[geslom] I[Vaša] J[vojna]K[,] L[naši] M[mrtvi]N[!] O[v] P[organizaciji] Q[Protivojne] R[koalicije]S[,] T[udeležilo] U[pa] V[se] W[ga] X[je] Y[približno] Z[dvesto] A[ljudi]B[.] ","(V <case glavnem <amod mestu) <obl je <aux shod <nsubj potekal >obl (pod <case geslom >nmod (Vaša <det vojna >conj (, <punct naši <det mrtvi) >punct !)) >obl (v <case organizaciji >nmod (Protivojne <amod koalicije)) >parataxis (, <punct udeležilo >advmod pa >expl se >obj ga >aux je >nsubj ((približno <advmod dvesto) <nummod ljudi)) >punct .",
971,ssj554.2894.10256,"Simbolično se je končal pred veleposlaništvom Španije, ki je po terorističnih napadih pred desetimi dnevi in po zmagi levosredinskih socialistov pred tednom dni napovedala umik vojakov iz Iraka, če tamkajšnja misija ne preide pod okrilje Organizacije združenih narodov.",41,41,yes,3.43,3.4324324324324325,3.43,yes,1.27,1.2653369630676907,1.27,yes,9,9,yes,3.00,3,yes,1.00,1,yes,3.00,3.0,3.00,yes,"A[Simbolično] B[se] C[je] D[končal] E[pred] F[veleposlaništvom] G[Španije]H[,] I[ki] J[je] K[po] L[terorističnih] M[napadih] N[pred] O[desetimi] P[dnevi] Q[in] R[po] S[zmagi] T[levosredinskih] U[socialistov] V[pred] W[tednom] X[dni] Y[napovedala] Z[umik] A[vojakov] B[iz] C[Iraka]D[,] E[če] F[tamkajšnja] G[misija] H[ne] I[preide] J[pod] K[okrilje] L[Organizacije] M[združenih] N[narodov]O[.] ","Simbolično <advmod se <expl je <aux končal >obl (pred <case veleposlaništvom >nmod (Španije >acl (, <punct ki <mark je <aux (po <case terorističnih <amod napadih >nmod (pred <case desetimi <nummod dnevi) >conj (in <cc po <case zmagi >nmod (levosredinskih <amod socialistov >nmod (pred <case tednom >nmod dni)))) <obl napovedala >obj (umik >nmod vojakov >nmod (iz <case Iraka)) >advcl (, <punct če <mark (tamkajšnja <amod misija) <nsubj ne <advmod preide >obl (pod <case okrilje >nmod (Organizacije >nmod (združenih <amod narodov))))))) >punct .",
972,ssj554.2895.10257,JESENICE Gledališče Toneta Čufarja Jesenice bo jutri gostilo območno srečanje plesnih skupin.,13,13,yes,2.45,2.4545454545454546,2.45,yes,1.34,1.3407268140331448,1.34,yes,4,4,yes,1.00,1,yes,1.00,1,yes,1.00,1.0,1.00,yes,A[JESENICE] B[Gledališče] C[Toneta] D[Čufarja] E[Jesenice] F[bo] G[jutri] H[gostilo] I[območno] J[srečanje] K[plesnih] L[skupin]M[.] ,JESENICE <parataxis (Gledališče >nmod (Toneta >flat Čufarja) >nmod Jesenice) <nsubj bo <aux jutri <advmod gostilo >obj (območno <amod srečanje >nmod (plesnih <amod skupin)) >punct .,
973,ssj554.2895.10258,"Če želite med drugim videti mlade plesalce iz Tržiča, Kranjske gore in Jesenic, si lahko prireditev, ki se bo začela ob 18. uri, ogledate za 500 tolarjev.",32,32,yes,4.00,4.0,4.00,yes,1.91,1.9088561629784524,1.91,yes,7,7,yes,4.00,4,yes,1.00,1,yes,4.00,4.0,4.00,yes,"A[Če] B[želite] C[med] D[drugim] E[videti] F[mlade] G[plesalce] H[iz] I[Tržiča]J[,] K[Kranjske] L[gore] M[in] N[Jesenic]O[,] P[si] Q[lahko] R[prireditev]S[,] T[ki] U[se] V[bo] W[začela] X[ob] Y[18.] Z[uri]A[,] B[ogledate] C[za] D[500] E[tolarjev]F[.] ","(Če <mark želite >xcomp ((med <case drugim) <obl videti >obj (mlade <amod plesalce >nmod (iz <case Tržiča >conj (, <punct Kranjske <amod gore) >conj (in <cc Jesenic)))) >punct ,) <advcl si <expl lahko <advmod (prireditev >acl (, <punct ki <mark se <expl bo <aux začela >obl (ob <case 18. <nummod uri) >punct ,)) <obj ogledate >obl (za <case 500 <nummod tolarjev) >punct .",
974,ssj554.2895.10259,(pj),3,3,yes,0.00,n/a,n/a,NO,0.00,n/a,n/a,NO,2,2,yes,1.00,1,yes,1.00,1,yes,1.00,1.0,1.00,yes,A[(]B[pj]C[)] ,( <punct pj >punct ),MDD: STARK=0.00 vs SyntComplex=n/a (na_vs_numeric); NDD: STARK=0.00 vs SyntComplex=n/a (na_vs_numeric)
975,ssj554.2896.10260,"Celjani so v soboto izenačili dosežek Slovana, ki je v sezoni 1980/ 81 igral v finalu pokala državnih prvakov.",22,22,yes,2.67,2.6666666666666665,2.67,yes,1.27,1.2690755821534065,1.27,yes,8,8,yes,2.00,2,yes,1.00,1,yes,2.00,2.0,2.00,yes,"A[Celjani] B[so] C[v] D[soboto] E[izenačili] F[dosežek] G[Slovana]H[,] I[ki] J[je] K[v] L[sezoni] M[1980]N[/] O[81] P[igral] Q[v] R[finalu] S[pokala] T[državnih] U[prvakov]V[.] ","Celjani <nsubj so <aux (v <case soboto) <obl izenačili >obj (dosežek >nmod (Slovana >acl (, <punct ki <mark je <aux (v <case sezoni >nummod (1980 >conj (/ <punct 81))) <obl igral >obl (v <case finalu >nmod (pokala >nmod (državnih <amod prvakov)))))) >punct .",
976,ssj554.2896.10261,"Verjetno niti največji optimisti niso verjeli, da se lahko ""pivovarji"" letos zavihtijo tako visoko.",18,18,yes,3.46,3.4615384615384617,3.46,yes,0.94,0.936641281036013,0.94,yes,4,4,yes,2.00,2,yes,1.00,1,yes,2.00,2.0,2.00,yes,"A[Verjetno] B[niti] C[največji] D[optimisti] E[niso] F[verjeli]G[,] H[da] I[se] J[lahko] K[""]L[pivovarji]M[""] N[letos] O[zavihtijo] P[tako] Q[visoko]R[.] ","Verjetno <advmod (niti <advmod največji <amod optimisti) <nsubj niso <aux verjeli >ccomp (, <punct da <mark se <expl lahko <advmod ("" <punct pivovarji >punct "") <nsubj letos <advmod zavihtijo >advmod (tako <advmod visoko)) >punct .",
977,ssj554.2896.10262,"V primerjavi s prejšnjimi sezonami imajo (na papirju) slabši igralski kader, klubski proračun je precej manjši, v ligi prvakov pa je letos prvič igralo 32 moštev.",31,31,yes,3.52,3.52,3.52,yes,1.25,1.2468566574381221,1.25,yes,4,4,yes,3.00,3,yes,3.00,3,yes,1.00,1.0,1.00,yes,"A[V] B[primerjavi] C[s] D[prejšnjimi] E[sezonami] F[imajo] G[(]H[na] I[papirju]J[)] K[slabši] L[igralski] M[kader]N[,] O[klubski] P[proračun] Q[je] R[precej] S[manjši]T[,] U[v] V[ligi] W[prvakov] X[pa] Y[je] Z[letos] A[prvič] B[igralo] C[32] D[moštev]E[.] ","(V <case primerjavi >nmod (s <case prejšnjimi <amod sezonami)) <obl imajo >obl (( <punct na <case papirju >punct )) >obj (slabši <amod igralski <amod kader) >parataxis (, <punct (klubski <amod proračun) <nsubj je <cop precej <advmod manjši) >parataxis (, <punct (v <case ligi >nmod prvakov) <obl pa <advmod je <aux letos <advmod prvič <advmod igralo >nsubj (32 <nummod moštev)) >punct .",
978,ssj554.2896.10263,"V celjskem klubu so ugotovili nesmiselnost vlaganja velikih sredstev v drage tuje trenerje in igralce (čast izjemam, kot so Perić, Kokšarov in še nekateri) in se osredotočili na odličen podmladek iz lastnih vrst, prihod treh mladih Ljubljančanov (Zorman, Brumen, Natek) pa je bil pika na i.",56,56,yes,3.87,3.8666666666666667,3.87,yes,1.36,1.3556573916580008,1.36,yes,9,9,yes,4.00,4,yes,3.00,3,yes,1.33,1.3333333333333333,1.33,yes,"A[V] B[celjskem] C[klubu] D[so] E[ugotovili] F[nesmiselnost] G[vlaganja] H[velikih] I[sredstev] J[v] K[drage] L[tuje] M[trenerje] N[in] O[igralce] P[(]Q[čast] R[izjemam]S[,] T[kot] U[so] V[Perić]W[,] X[Kokšarov] Y[in] Z[še] A[nekateri]B[)] C[in] D[se] E[osredotočili] F[na] G[odličen] H[podmladek] I[iz] J[lastnih] K[vrst]L[,] M[prihod] N[treh] O[mladih] P[Ljubljančanov] Q[(]R[Zorman]S[,] T[Brumen]U[,] V[Natek]W[)] X[pa] Y[je] Z[bil] A[pika] B[na] C[i]D[.] ","(V <case celjskem <amod klubu) <obl so <aux ugotovili >obj (nesmiselnost >nmod (vlaganja >nmod (velikih <amod sredstev) >nmod (v <case drage <amod tuje <amod trenerje >conj (in <cc igralce) >appos (( <punct čast >nmod (izjemam >acl (, <punct kot <mark so <cop Perić >conj (, <punct Kokšarov) >conj (in <cc še <advmod nekateri))) >punct ))))) >conj (in <cc se <expl osredotočili >obl (na <case odličen <amod podmladek >nmod (iz <case lastnih <amod vrst))) >parataxis (, <punct (prihod >nmod (treh <nummod mladih <amod Ljubljančanov >appos (( <punct Zorman >conj (, <punct Brumen) >conj (, <punct Natek) >punct )))) <nsubj pa <advmod je <aux bil <cop pika >nmod (na <case i)) >punct .",
979,ssj554.2896.10264,"Poleg tega so nekateri nosilci igre dozoreli - tako zasebno kot športno, fantje pa so postali prava ""klapa"", katere igra je postala rokometna poezija.",29,29,yes,2.50,2.5,2.50,yes,1.60,1.6021855693326597,1.60,yes,6,6,yes,3.00,3,yes,2.00,2,yes,1.50,1.5,1.50,yes,"A[Poleg] B[tega] C[so] D[nekateri] E[nosilci] F[igre] G[dozoreli] H[-] I[tako] J[zasebno] K[kot] L[športno]M[,] N[fantje] O[pa] P[so] Q[postali] R[prava] S[""]T[klapa]U[""]V[,] W[katere] X[igra] Y[je] Z[postala] A[rokometna] B[poezija]C[.] ","(Poleg <case tega) <obl so <aux (nekateri <det nosilci >nmod igre) <nsubj dozoreli >advmod (- <punct tako <cc zasebno >conj (kot <case športno)) >parataxis (, <punct fantje <nsubj pa <advmod so <aux postali >xcomp (prava <amod "" <punct klapa >punct "" >acl (, <punct (katere <det igra) <nsubj je <aux postala >xcomp (rokometna <amod poezija)))) >punct .",
980,ssj555.2897.10265,"Zadeve, v katerih višja sodišča in Vrhovno sodišče Republike Slovenije odločajo o rednem ali izrednem pravnem sredstvu, se sodnikom dodeljujejo po dnevnem zaporedju prispelih spisov, upoštevaje abecedni red začetnic priimkov sodnikov.",35,35,yes,3.33,3.3333333333333335,3.33,yes,2.04,2.0421471131842996,2.04,yes,7,7,yes,2.00,2,yes,1.00,1,yes,2.00,2.0,2.00,yes,"A[Zadeve]B[,] C[v] D[katerih] E[višja] F[sodišča] G[in] H[Vrhovno] I[sodišče] J[Republike] K[Slovenije] L[odločajo] M[o] N[rednem] O[ali] P[izrednem] Q[pravnem] R[sredstvu]S[,] T[se] U[sodnikom] V[dodeljujejo] W[po] X[dnevnem] Y[zaporedju] Z[prispelih] A[spisov]B[,] C[upoštevaje] D[abecedni] E[red] F[začetnic] G[priimkov] H[sodnikov]I[.] ","(Zadeve >acl (, <punct (v <case katerih) <obl (višja <amod sodišča >conj (in <cc Vrhovno <amod sodišče >nmod (Republike >nmod Slovenije))) <nsubj odločajo >obl (o <case (rednem >conj (ali <cc izrednem)) <amod pravnem <amod sredstvu) >punct ,)) <nsubj se <expl sodnikom <obj dodeljujejo >obl (po <case dnevnem <amod zaporedju >nmod (prispelih <amod spisov)) >advmod (, <punct upoštevaje >obj (abecedni <amod red >nmod (začetnic >nmod (priimkov >nmod sodnikov)))) >punct .",
981,ssj555.2898.10266,Predsednika personalnega sveta in njegovega namestnika izvolijo izmed sebe člani personalnega sveta z večino glasov s tajnim glasovanjem.,19,19,yes,2.88,2.8823529411764706,2.88,yes,1.33,1.330954792501354,1.33,yes,4,4,yes,1.00,1,yes,1.00,1,yes,1.00,1.0,1.00,yes,A[Predsednika] B[personalnega] C[sveta] D[in] E[njegovega] F[namestnika] G[izvolijo] H[izmed] I[sebe] J[člani] K[personalnega] L[sveta] M[z] N[večino] O[glasov] P[s] Q[tajnim] R[glasovanjem]S[.] ,(Predsednika >nmod (personalnega <amod sveta) >conj (in <cc njegovega <det namestnika)) <obj izvolijo >obl (izmed <case sebe) >nsubj (člani >nmod (personalnega <amod sveta)) >obl (z <case večino >nmod glasov) >obl (s <case tajnim <amod glasovanjem) >punct .,
982,ssj555.2899.10267,"Dodeljeni sodnik odgovarja za opravljanje nalog iz prejšnjega odstavka ministru, pristojnemu za pravosodje.",15,15,yes,2.00,2.0,2.00,yes,1.10,1.0986122886681098,1.10,yes,5,5,yes,1.00,1,yes,1.00,1,yes,1.00,1.0,1.00,yes,"A[Dodeljeni] B[sodnik] C[odgovarja] D[za] E[opravljanje] F[nalog] G[iz] H[prejšnjega] I[odstavka] J[ministru]K[,] L[pristojnemu] M[za] N[pravosodje]O[.] ","(Dodeljeni <amod sodnik) <nsubj odgovarja >obl (za <case opravljanje >nmod (nalog >nmod (iz <case prejšnjega <amod odstavka))) >iobj (ministru >amod (, <punct pristojnemu >nmod (za <case pravosodje))) >punct .",
983,ssj555.2900.10268,"O pravnem sredstvu zoper odločbo iz prejšnjega odstavka, izdano v senatu petih sodnikov, odloča Vrhovno sodišče v senatu sedmih sodnikov, sicer pa v senatu petih sodnikov.",30,30,yes,2.68,2.68,2.68,yes,2.01,2.0099154790312257,2.01,yes,7,7,yes,1.00,1,yes,1.00,1,yes,1.00,1.0,1.00,yes,"A[O] B[pravnem] C[sredstvu] D[zoper] E[odločbo] F[iz] G[prejšnjega] H[odstavka]I[,] J[izdano] K[v] L[senatu] M[petih] N[sodnikov]O[,] P[odloča] Q[Vrhovno] R[sodišče] S[v] T[senatu] U[sedmih] V[sodnikov]W[,] X[sicer] Y[pa] Z[v] A[senatu] B[petih] C[sodnikov]D[.] ","(O <case pravnem <amod sredstvu >nmod (zoper <case odločbo >nmod (iz <case prejšnjega <amod odstavka) >amod (, <punct izdano >nmod (v <case senatu >nmod (petih <nummod sodnikov)) >punct ,))) <obl odloča >nsubj (Vrhovno <amod sodišče) >obl (v <case senatu >nmod (sedmih <nummod sodnikov)) >conj (, <punct sicer <cc pa <orphan v <case senatu >nmod (petih <nummod sodnikov)) >punct .",
984,ssj556.2901.10269,"V grobem gre za zrcalni prenos zgradbe televizijskih humorističnih nanizank na gledališki oder, skupaj z reklamami, »highlighti« - najpomembnejšimi trenutki - in lapsusi, ki se zgodijo med snemanjem in nam jih režiserji po televiziji navadno pokažejo tik pred koncem gledanega dela nadaljevanke.",48,48,yes,2.92,2.923076923076923,2.92,yes,1.31,1.3084501651340292,1.31,yes,9,9,yes,3.00,3,yes,2.00,2,yes,1.50,1.5,1.50,yes,"A[V] B[grobem] C[gre] D[za] E[zrcalni] F[prenos] G[zgradbe] H[televizijskih] I[humorističnih] J[nanizank] K[na] L[gledališki] M[oder]N[,] O[skupaj] P[z] Q[reklamami]R[,] S[»]T[highlighti]U[«] V[-] W[najpomembnejšimi] X[trenutki] Y[-] Z[in] A[lapsusi]B[,] C[ki] D[se] E[zgodijo] F[med] G[snemanjem] H[in] I[nam] J[jih] K[režiserji] L[po] M[televiziji] N[navadno] O[pokažejo] P[tik] Q[pred] R[koncem] S[gledanega] T[dela] U[nadaljevanke]V[.] ","(V <case grobem) <obl gre >obl (za <case zrcalni <amod prenos >nmod (zgradbe >nmod (televizijskih <amod humorističnih <amod nanizank)) >nmod (na <case gledališki <amod oder) >nmod (, <punct skupaj <advmod z <case reklamami >conj (, <punct » <punct highlighti >punct « >appos (- <punct najpomembnejšimi <amod trenutki >punct -)) >conj (in <cc lapsusi >acl (, <punct ki <mark se <expl zgodijo >obl (med <case snemanjem) >conj (in <cc nam <iobj jih <obj režiserji <nsubj (po <case televiziji) <obl navadno <advmod pokažejo >obl (tik <advmod pred <case koncem >nmod (gledanega <advmod dela >nmod nadaljevanke))))))) >punct .",
985,ssj556.2901.10270,"Jasno je, da med eno in drugo pojavno obliko situacijske komedije obstajajo številna, bistvena razhajanja, ki so posledica razlik v naravi obeh medijev ali drugačnih pristopov k oblikovanju in pripovedi zgodbe.",35,35,yes,2.70,2.7,2.70,yes,0.71,0.7073469178207942,0.71,yes,9,9,yes,3.00,3,yes,1.00,1,yes,3.00,3.0,3.00,yes,"A[Jasno] B[je]C[,] D[da] E[med] F[eno] G[in] H[drugo] I[pojavno] J[obliko] K[situacijske] L[komedije] M[obstajajo] N[številna]O[,] P[bistvena] Q[razhajanja]R[,] S[ki] T[so] U[posledica] V[razlik] W[v] X[naravi] Y[obeh] Z[medijev] A[ali] B[drugačnih] C[pristopov] D[k] E[oblikovanju] F[in] G[pripovedi] H[zgodbe]I[.] ","Jasno >cop je >csubj (, <punct da <mark (med <case (eno >conj (in <cc drugo)) <nummod pojavno <amod obliko >nmod (situacijske <amod komedije)) <obl obstajajo >nsubj ((številna >conj (, <punct bistvena)) <amod razhajanja >acl (, <punct ki <mark so <cop posledica >nmod (razlik >nmod (v <case naravi >nmod (obeh <det medijev)) >conj (ali <cc drugačnih <amod pristopov >nmod (k <case oblikovanju >conj (in <cc pripovedi >nmod zgodbe))))))) >punct .",
986,ssj556.2901.10271,"Gledališki gledalec v primerjavi s svojim televizijskim »bratom« ni le pasivni opazovalec dogajanja na odru, temveč tudi njegov soustvarjalec.",23,23,yes,3.39,3.388888888888889,3.39,yes,1.54,1.544212437478565,1.54,yes,4,4,yes,1.00,1,yes,1.00,1,yes,1.00,1.0,1.00,yes,"A[Gledališki] B[gledalec] C[v] D[primerjavi] E[s] F[svojim] G[televizijskim] H[»]I[bratom]J[«] K[ni] L[le] M[pasivni] N[opazovalec] O[dogajanja] P[na] Q[odru]R[,] S[temveč] T[tudi] U[njegov] V[soustvarjalec]W[.] ","(Gledališki <amod gledalec) <nsubj (v <case primerjavi >nmod (s <case svojim <det televizijskim <amod » <punct bratom >punct «)) <obl ni <cop le <advmod pasivni <amod opazovalec >nmod (dogajanja >nmod (na <case odru)) >conj (, <punct (temveč >fixed tudi) <cc njegov <det soustvarjalec) >punct .",
987,ssj556.2901.10272,Avditorij pred začetkom predstave namreč izbere njeno prizorišče in v grobem opredeli razmerja med vselej petimi igralci.,18,18,yes,2.19,2.1875,2.19,yes,1.50,1.4994147564842855,1.50,yes,6,6,yes,2.00,2,yes,2.00,2,yes,1.00,1.0,1.00,yes,A[Avditorij] B[pred] C[začetkom] D[predstave] E[namreč] F[izbere] G[njeno] H[prizorišče] I[in] J[v] K[grobem] L[opredeli] M[razmerja] N[med] O[vselej] P[petimi] Q[igralci]R[.] ,Avditorij <nsubj (pred <case začetkom >nmod predstave) <obl namreč <advmod izbere >obj (njeno <det prizorišče) >conj (in <cc (v <case grobem) <obl opredeli >obj (razmerja >nmod (med <case (vselej <advmod petimi) <nummod igralci))) >punct .,
988,ssj556.2901.10273,"Ekonomskopropagandni program je za večino današnjih televizijskih gledalcev prava mora, v Skladovnici pa je bil nadvse prijetno doživetje.",20,20,yes,3.47,3.4705882352941178,3.47,yes,1.32,1.3235751186756275,1.32,yes,4,4,yes,2.00,2,yes,2.00,2,yes,1.00,1.0,1.00,yes,"A[Ekonomskopropagandni] B[program] C[je] D[za] E[večino] F[današnjih] G[televizijskih] H[gledalcev] I[prava] J[mora]K[,] L[v] M[Skladovnici] N[pa] O[je] P[bil] Q[nadvse] R[prijetno] S[doživetje]T[.] ","(Ekonomskopropagandni <amod program) <nsubj je <cop (za <case večino >nmod (današnjih <amod televizijskih <amod gledalcev)) <obl prava <amod mora >parataxis (, <punct (v <case Skladovnici) <obl pa <advmod je <aux bil <cop (nadvse <advmod prijetno) <amod doživetje) >punct .",
989,ssj556.2901.10274,"V maniri skečev odigrani oglasi so bili pravzaprav vsi po vrsti antioglasi za tisto, za kar naj bi navdušili bodoče kupce, in vsaj tako zabavni kot predstava.",30,30,yes,2.88,2.8846153846153846,2.88,yes,1.81,1.8121100183899128,1.81,yes,5,5,yes,2.00,2,yes,1.00,1,yes,2.00,2.0,2.00,yes,"A[V] B[maniri] C[skečev] D[odigrani] E[oglasi] F[so] G[bili] H[pravzaprav] I[vsi] J[po] K[vrsti] L[antioglasi] M[za] N[tisto]O[,] P[za] Q[kar] R[naj] S[bi] T[navdušili] U[bodoče] V[kupce]W[,] X[in] Y[vsaj] Z[tako] A[zabavni] B[kot] C[predstava]D[.] ","(((V <case maniri >nmod skečev) <nmod odigrani) <amod oglasi) <nsubj so <aux bili <cop pravzaprav <advmod (vsi >nmod (po <case vrsti)) <obl antioglasi >nmod (za <case tisto >acl (, <punct (za <case kar) <obl naj <advmod bi <aux navdušili >obj (bodoče <amod kupce) >punct ,)) >conj (in <cc (vsaj <advmod tako) <advmod zabavni >obl (kot <case predstava)) >punct .",
990,ssj556.2901.10275,"Za nameček si je občinstvo še samo izbralo, katere oglase hoče videti.",14,14,yes,2.64,2.6363636363636362,2.64,yes,1.27,1.269267850051,1.27,yes,5,5,yes,3.00,3,yes,1.00,1,yes,3.00,3.0,3.00,yes,"A[Za] B[nameček] C[si] D[je] E[občinstvo] F[še] G[samo] H[izbralo]I[,] J[katere] K[oglase] L[hoče] M[videti]N[.] ","(Za <case nameček) <obl si <expl je <aux občinstvo <nsubj (še <advmod samo) <obl izbralo >ccomp (, <punct hoče >xcomp ((katere <det oglase) <obj videti)) >punct .",
991,ssj556.2901.10276,"Si predstavljate, da bi si bilo kaj takega mogoče zaželeti tudi po televiziji?",15,15,yes,3.25,3.25,3.25,yes,0.41,0.4103719188323266,0.41,yes,5,5,yes,3.00,3,yes,1.00,1,yes,3.00,3.0,3.00,yes,"A[Si] B[predstavljate]C[,] D[da] E[bi] F[si] G[bilo] H[kaj] I[takega] J[mogoče] K[zaželeti] L[tudi] M[po] N[televiziji]O[?] ","Si <expl predstavljate >ccomp (, <punct da <mark bi <aux bilo <cop mogoče >csubj (si <expl (kaj >nmod takega) <obj zaželeti >obl (tudi <advmod po <case televiziji))) >punct ?",
992,ssj557.2902.10277,"Jaz sem bil vedno kritičen do GZS, ampak to je verjetno vsak, ki dela v klubu.",19,19,yes,2.53,2.533333333333333,2.53,yes,1.23,1.2292080981439797,1.23,yes,5,5,yes,3.00,3,yes,2.00,2,yes,1.50,1.5,1.50,yes,"A[Jaz] B[sem] C[bil] D[vedno] E[kritičen] F[do] G[GZS]H[,] I[ampak] J[to] K[je] L[verjetno] M[vsak]N[,] O[ki] P[dela] Q[v] R[klubu]S[.] ","Jaz <nsubj sem <aux bil <cop vedno <advmod kritičen >obl (do <case GZS) >conj (, <punct ampak <cc to <nsubj je <cop verjetno <advmod vsak >acl (, <punct ki <mark dela >obl (v <case klubu))) >punct .",
993,ssj557.2902.10278,"Po drugi strani pa ne morem reči, da ni bilo nič narejeno ali pa da je bilo vse slabo.",21,21,yes,3.06,3.0555555555555554,3.06,yes,1.22,1.2241041862258037,1.22,yes,5,5,yes,4.00,4,yes,2.00,2,yes,2.00,2.0,2.00,yes,"A[Po] B[drugi] C[strani] D[pa] E[ne] F[morem] G[reči]H[,] I[da] J[ni] K[bilo] L[nič] M[narejeno] N[ali] O[pa] P[da] Q[je] R[bilo] S[vse] T[slabo]U[.] ","pa <advmod ne <advmod morem >xcomp ((Po <case drugi <amod strani) <obl reči >ccomp (, <punct da <mark ni <aux bilo <cop nič <nsubj narejeno >conj (ali <cc pa <advmod da <mark je <aux bilo <cop vse <nsubj slabo))) >punct .",
994,ssj557.2902.10279,"Zveza je približno tako kot državna uprava, potrebujemo jo, a vsi jo kritiziramo.",16,16,yes,2.50,2.5,2.50,yes,0.67,0.6727361832998177,0.67,yes,4,4,yes,3.00,3,yes,3.00,3,yes,1.00,1.0,1.00,yes,"A[Zveza] B[je] C[približno] D[tako] E[kot] F[državna] G[uprava]H[,] I[potrebujemo] J[jo]K[,] L[a] M[vsi] N[jo] O[kritiziramo]P[.] ","Zveza <nsubj je >advmod (približno <advmod tako >obl (kot <case državna <amod uprava)) >parataxis (, <punct potrebujemo >obj jo >conj (, <punct a <cc vsi <nsubj jo <obj kritiziramo)) >punct .",
995,ssj557.2902.10280,"Moje mnenje je, da bi se Zveza morala bolj angažirati na področju zakonodaje, s tem bi pomagali pri razvoju golfa.",23,23,yes,2.79,2.789473684210526,2.79,yes,0.79,0.7929401454775116,0.79,yes,5,5,yes,4.00,4,yes,2.00,2,yes,2.00,2.0,2.00,yes,"A[Moje] B[mnenje] C[je]D[,] E[da] F[bi] G[se] H[Zveza] I[morala] J[bolj] K[angažirati] L[na] M[področju] N[zakonodaje]O[,] P[s] Q[tem] R[bi] S[pomagali] T[pri] U[razvoju] V[golfa]W[.] ","Moje <det mnenje >cop je >csubj (, <punct da <mark bi <aux Zveza <nsubj morala >xcomp (se <expl bolj <advmod angažirati >obl (na <case področju >nmod zakonodaje)) >punct ,) >parataxis ((s <case tem) <obl bi <aux pomagali >obl (pri <case razvoju >nmod golfa)) >punct .",
996,ssj557.2902.10281,"V okviru zveze bi lahko delovala skupina, ki bi potencialnim investitorjem omogočala lažjo komunikacijo z npr. kmetijskimi skladi, poskušala bi sodelovati pri sprejemanju raznih prostorskih aktov itd.",29,29,yes,2.85,2.8461538461538463,2.85,yes,1.48,1.4789594484420807,1.48,yes,8,8,yes,4.00,4,yes,2.00,2,yes,2.00,2.0,2.00,yes,"A[V] B[okviru] C[zveze] D[bi] E[lahko] F[delovala] G[skupina]H[,] I[ki] J[bi] K[potencialnim] L[investitorjem] M[omogočala] N[lažjo] O[komunikacijo] P[z] Q[npr.] R[kmetijskimi] S[skladi]T[,] U[poskušala] V[bi] W[sodelovati] X[pri] Y[sprejemanju] Z[raznih] A[prostorskih] B[aktov] C[itd.] ","(V <case okviru >nmod zveze) <obl bi <aux lahko <advmod delovala >nsubj (skupina >acl (, <punct ki <mark bi <aux (potencialnim <amod investitorjem) <iobj omogočala >obj (lažjo <amod komunikacijo >nmod (z <case npr. <dep kmetijskimi <amod skladi)) >conj (, <punct poskušala >aux bi >xcomp (sodelovati >obl (pri <case sprejemanju >nmod (raznih <amod prostorskih <amod aktov)))) >conj itd.))",
997,ssj557.2902.10282,Zveza bi si morala prizadevati za promoviranje golfa v širši slovenski javnosti.,13,13,yes,2.27,2.272727272727273,2.27,yes,1.07,1.0711142648893002,1.07,yes,4,4,yes,2.00,2,yes,1.00,1,yes,2.00,2.0,2.00,yes,A[Zveza] B[bi] C[si] D[morala] E[prizadevati] F[za] G[promoviranje] H[golfa] I[v] J[širši] K[slovenski] L[javnosti]M[.] ,Zveza <nsubj bi <aux morala >xcomp (si <expl prizadevati >obl (za <case promoviranje >nmod golfa) >obl (v <case širši <amod slovenski <amod javnosti)) >punct .,
998,ssj557.2902.10283,"Zveza bi lahko naredila veliko za to, da bi Slovenci golf razumeli ne kot elitno druženje, temveč kot neizkoriščen turistični potencial.",24,24,yes,2.65,2.65,2.65,yes,1.22,1.21645367733881,1.22,yes,6,6,yes,2.00,2,yes,1.00,1,yes,2.00,2.0,2.00,yes,"A[Zveza] B[bi] C[lahko] D[naredila] E[veliko] F[za] G[to]H[,] I[da] J[bi] K[Slovenci] L[golf] M[razumeli] N[ne] O[kot] P[elitno] Q[druženje]R[,] S[temveč] T[kot] U[neizkoriščen] V[turistični] W[potencial]X[.] ","Zveza <nsubj bi <aux lahko <advmod naredila >advmod veliko >obl (za <case to >acl (, <punct da <mark bi <aux Slovenci <nsubj golf <obj razumeli >obl (ne <cc kot <case elitno <amod druženje >conj (, <punct temveč <cc kot <case neizkoriščen <amod turistični <amod potencial)))) >punct .",
999,ssj557.2902.10284,"V preteklih letih se je zveza ukvarjala prednostno s tekmovalnim golfom, kar se mi zdi do neke mere smiselno.",21,21,yes,2.56,2.5555555555555554,2.56,yes,1.48,1.4798713148828089,1.48,yes,4,4,yes,2.00,2,yes,2.00,2,yes,1.00,1.0,1.00,yes,"A[V] B[preteklih] C[letih] D[se] E[je] F[zveza] G[ukvarjala] H[prednostno] I[s] J[tekmovalnim] K[golfom]L[,] M[kar] N[se] O[mi] P[zdi] Q[do] R[neke] S[mere] T[smiselno]U[.] ","(V <case preteklih <amod letih) <obl se <expl je <aux zveza <nsubj ukvarjala >advmod prednostno >obl (s <case tekmovalnim <amod golfom) >parataxis (, <punct kar <nsubj se <expl mi <obj zdi >obl (do <case neke <det mere) >xcomp smiselno) >punct .",
1000,ssj557.2903.10285,"ZAKON št. 1: Ne glede na to, kako slab je bil vaš zadnji udarec, vedite, da najslabši šele prihaja.",24,24,yes,3.39,3.388888888888889,3.39,yes,1.67,1.6698696516190181,1.67,yes,5,5,yes,3.00,3,yes,1.00,1,yes,3.00,3.0,3.00,yes,"A[ZAKON] B[št.] C[1]D[:] E[Ne] F[glede] G[na] H[to]I[,] J[kako] K[slab] L[je] M[bil] N[vaš] O[zadnji] P[udarec]Q[,] R[vedite]S[,] T[da] U[najslabši] V[šele] W[prihaja]X[.] ","(ZAKON >nmod (št. >nummod 1) >punct :) <parataxis ((Ne >fixed glede >fixed na) <case to >acl (, <punct kako <advmod slab >aux je >cop bil >nsubj (vaš <det zadnji <amod udarec) >punct ,)) <obl vedite >ccomp (, <punct da <mark najslabši <nsubj šele <advmod prihaja) >punct .",
1001,ssj557.2903.10286,"To pravilo ne preneha z osemnajsto luknjo, temveč ima nadnaravno težnjo, da njegovo prekletstvo prehaja na celo igrišče, celo poletje in končno na celo življenje.",29,29,yes,2.42,2.4166666666666665,2.42,yes,1.40,1.3997849155354445,1.40,yes,7,7,yes,3.00,3,yes,2.00,2,yes,1.50,1.5,1.50,yes,"A[To] B[pravilo] C[ne] D[preneha] E[z] F[osemnajsto] G[luknjo]H[,] I[temveč] J[ima] K[nadnaravno] L[težnjo]M[,] N[da] O[njegovo] P[prekletstvo] Q[prehaja] R[na] S[celo] T[igrišče]U[,] V[celo] W[poletje] X[in] Y[končno] Z[na] A[celo] B[življenje]C[.] ","(To <det pravilo) <nsubj ne <advmod preneha >obl (z <case osemnajsto <amod luknjo) >conj (, <punct temveč <cc ima >obj (nadnaravno <amod težnjo >acl (, <punct da <mark (njegovo <det prekletstvo) <nsubj prehaja >obl (na <case celo <amod igrišče >conj (, <punct celo <amod poletje) >conj (in <cc končno <advmod na <case celo <amod življenje))))) >punct .",
1002,ssj557.2904.10287,"(NEMšKO: SCHLAG; FRANCOSKO: COUP; čEšKO: RÁNA; SLOVAšKO: RANA; HRVAšKO: UDARAC; šPANSKO: GOLPE; DANSKO: SLAG; šVEDSKO: SLAG) ""Udarec"" je gibanje palice navzdol, ki ga igralec naredi z namenom, da bi udaril po žogici in jo premaknil.",57,57,yes,6.03,6.029411764705882,6.03,yes,1.79,1.7853238876490267,1.79,yes,6,6,yes,4.00,4,yes,2.00,2,yes,2.00,2.0,2.00,yes,"A[(]B[NEMšKO]C[:] D[SCHLAG]E[;] F[FRANCOSKO]G[:] H[COUP]I[;] J[čEšKO]K[:] L[RÁNA]M[;] N[SLOVAšKO]O[:] P[RANA]Q[;] R[HRVAšKO]S[:] T[UDARAC]U[;] V[šPANSKO]W[:] X[GOLPE]Y[;] Z[DANSKO]A[:] B[SLAG]C[;] D[šVEDSKO]E[:] F[SLAG]G[)] H[""]I[Udarec]J[""] K[je] L[gibanje] M[palice] N[navzdol]O[,] P[ki] Q[ga] R[igralec] S[naredi] T[z] U[namenom]V[,] W[da] X[bi] Y[udaril] Z[po] A[žogici] B[in] C[jo] D[premaknil]E[.] ","(( <punct NEMšKO >appos (: <punct SCHLAG) >list (; <punct FRANCOSKO >appos (: <punct COUP)) >list (; <punct čEšKO >appos (: <punct RÁNA)) >list (; <punct SLOVAšKO >appos (: <punct RANA)) >list (; <punct HRVAšKO >appos (: <punct UDARAC)) >list (; <punct šPANSKO >appos (: <punct GOLPE)) >list (; <punct DANSKO >appos (: <punct SLAG)) >list (; <punct šVEDSKO >appos (: <punct SLAG)) >punct )) <parataxis ("" <punct Udarec >punct "") <nsubj je <cop gibanje >nmod palice >advmod navzdol >acl (, <punct ki <mark ga <obj igralec <nsubj naredi >obl (z <case namenom >acl (, <punct da <mark bi <aux udaril >obl (po <case žogici) >conj (in <cc jo <obj premaknil)))) >punct .",
1003,ssj557.2904.10288,"Če igralec hote preizkuša zamah navzdol tako, da ga ustavi, še preden se z glavo palice dotakne žogice, se šteje, da udarca ni izvedel.",29,29,yes,3.35,3.347826086956522,3.35,yes,1.93,1.9271830100046154,1.93,yes,6,6,yes,5.00,5,yes,1.00,1,yes,5.00,5.0,5.00,yes,"A[Če] B[igralec] C[hote] D[preizkuša] E[zamah] F[navzdol] G[tako]H[,] I[da] J[ga] K[ustavi]L[,] M[še] N[preden] O[se] P[z] Q[glavo] R[palice] S[dotakne] T[žogice]U[,] V[se] W[šteje]X[,] Y[da] Z[udarca] A[ni] B[izvedel]C[.] ","(Če <mark igralec <nsubj hote <advmod preizkuša >obj (zamah >advmod navzdol) >advcl ((tako >punct , >fixed da) <mark ga <obj ustavi >advcl (, <punct (še >fixed preden) <mark se <expl (z <case glavo >nmod palice) <obl dotakne >obj žogice >punct ,))) <advcl se <expl šteje >csubj (, <punct da <mark udarca <obj ni <aux izvedel) >punct .",
1004,ssj557.2905.10289,TAKO KOT MED MOŠKIMI Vija Singh beležijo tudi v ženskem profesionalnem golfu nadvse uspešno sezono.,16,16,yes,2.93,2.9285714285714284,2.93,yes,1.22,1.2179690022462368,1.22,yes,5,5,yes,1.00,1,yes,1.00,1,yes,1.00,1.0,1.00,yes,A[TAKO] B[KOT] C[MED] D[MOŠKIMI] E[Vija] F[Singh] G[beležijo] H[tudi] I[v] J[ženskem] K[profesionalnem] L[golfu] M[nadvse] N[uspešno] O[sezono]P[.] ,(TAKO >obl (KOT <case (MED <case MOŠKIMI) <nmod Vija >flat Singh)) <advmod beležijo >obl (tudi <advmod v <case ženskem <amod profesionalnem <amod golfu) >obj ((nadvse <advmod uspešno) <amod sezono) >punct .,
1005,ssj557.2905.10290,"Na ameriškem touru ELPGA je ob koncu novembra na turnirju v West Palm Beachu svojo osmo zmago vpisala najboljša na svetu Annika Sorenstam, ki ji je bila to hkrati letošnja osma zmaga oz. 56. v karieri.",38,38,yes,3.69,3.6857142857142855,3.69,yes,1.92,1.9183955668205308,1.92,yes,7,7,yes,2.00,2,yes,1.00,1,yes,2.00,2.0,2.00,yes,"A[Na] B[ameriškem] C[touru] D[ELPGA] E[je] F[ob] G[koncu] H[novembra] I[na] J[turnirju] K[v] L[West] M[Palm] N[Beachu] O[svojo] P[osmo] Q[zmago] R[vpisala] S[najboljša] T[na] U[svetu] V[Annika] W[Sorenstam]X[,] Y[ki] Z[ji] A[je] B[bila] C[to] D[hkrati] E[letošnja] F[osma] G[zmaga] H[oz.] I[56.] J[v] K[karieri]L[.] ","(Na <case ameriškem <amod touru >nmod ELPGA) <obl je <aux (ob <case koncu >nmod novembra) <obl (na <case turnirju >nmod (v <case West <nmod Palm <nmod Beachu)) <obl (svojo <det osmo <amod zmago) <obj vpisala >nsubj (najboljša >nmod (na <case svetu) >nmod (Annika >flat Sorenstam >acl (, <punct ki <mark ji <obj je <aux bila <cop to <nsubj hkrati <advmod letošnja <amod osma <amod zmaga >conj (oz. <cc 56. >nmod (v <case karieri))))) >punct .",
1006,ssj557.2905.10291,"Z novo nagrado je preskočila sanjsko mejo 2,5 mio dolarjev.",11,11,yes,1.44,1.4444444444444444,1.44,yes,1.54,1.5356064647598426,1.54,yes,4,4,yes,1.00,1,yes,1.00,1,yes,1.00,1.0,1.00,yes,"A[Z] B[novo] C[nagrado] D[je] E[preskočila] F[sanjsko] G[mejo] H[2,5] I[mio] J[dolarjev]K[.] ","(Z <case novo <amod nagrado) <obl je <aux preskočila >obj (sanjsko <amod mejo >nmod (2,5 <nummod mio >nmod dolarjev)) >punct .",
1007,ssj557.2905.10292,"Ob tem naj omenimo še dejstvo, da sezone sploh še ni konec.",14,14,yes,2.64,2.6363636363636362,2.64,yes,0.92,0.9226942597710271,0.92,yes,4,4,yes,2.00,2,yes,1.00,1,yes,2.00,2.0,2.00,yes,"A[Ob] B[tem] C[naj] D[omenimo] E[še] F[dejstvo]G[,] H[da] I[sezone] J[sploh] K[še] L[ni] M[konec]N[.] ","(Ob <case tem) <obl naj <advmod omenimo >advmod še >obj (dejstvo >acl (, <punct da <mark sezone <nsubj sploh <advmod še <advmod ni <cop konec)) >punct .",
1008,ssj558.2906.10293,Zakaj niso korenite?,4,4,yes,1.50,1.5,1.50,yes,0.49,0.49041462650586304,0.49,yes,2,2,yes,1.00,1,yes,1.00,1,yes,1.00,1.0,1.00,yes,A[Zakaj] B[niso] C[korenite]D[?] ,Zakaj <advmod niso <cop korenite >punct ?,
1009,ssj558.2906.10294,"Resne privatizacije namreč ne bo, kajti država bo v strateških družbah ohranila še vedno 26-odstotni delež.",20,20,yes,2.88,2.875,2.88,yes,1.13,1.1349606430876271,1.13,yes,5,5,yes,2.00,2,yes,2.00,2,yes,1.00,1.0,1.00,yes,"A[Resne] B[privatizacije] C[namreč] D[ne] E[bo]F[,] G[kajti] H[država] I[bo] J[v] K[strateških] L[družbah] M[ohranila] N[še] O[vedno] P[26]Q[-]R[odstotni] S[delež]T[.] ","(Resne <amod privatizacije) <nsubj namreč <advmod ne <advmod bo >conj (, <punct kajti <cc država <nsubj bo <aux (v <case strateških <amod družbah) <obl ohranila >advmod še >advmod vedno >obj ((26 <nummod - <punct odstotni) <amod delež)) >punct .",
1010,ssj558.2906.10295,"Damijan je v petek dejal, da je po nekaterih ocenah od 40 do 50 odstotkov slovenskega gospodarstva v lasti države.",22,22,yes,2.68,2.6842105263157894,2.68,yes,1.29,1.2895517922423851,1.29,yes,5,5,yes,2.00,2,yes,1.00,1,yes,2.00,2.0,2.00,yes,"A[Damijan] B[je] C[v] D[petek] E[dejal]F[,] G[da] H[je] I[po] J[nekaterih] K[ocenah] L[od] M[40] N[do] O[50] P[odstotkov] Q[slovenskega] R[gospodarstva] S[v] T[lasti] U[države]V[.] ","Damijan <nsubj je <aux (v <case petek) <obl dejal >ccomp (, <punct da <mark je >obl (po <case nekaterih <det ocenah) >nsubj ((od <case 40) <nmod do <case 50 <nummod odstotkov >nmod (slovenskega <amod gospodarstva)) >obl (v <case lasti >nmod države)) >punct .",
1011,ssj558.2906.10296,"Ne vem, iz koga se norčujejo tisti, ki trdijo, da se država aktivno umika iz gospodarstva, obenem pa ohranja takšen delež.",26,26,yes,3.05,3.05,3.05,yes,0.73,0.729298136437648,0.73,yes,7,7,yes,5.00,5,yes,2.00,2,yes,2.50,2.5,2.50,yes,"A[Ne] B[vem]C[,] D[iz] E[koga] F[se] G[norčujejo] H[tisti]I[,] J[ki] K[trdijo]L[,] M[da] N[se] O[država] P[aktivno] Q[umika] R[iz] S[gospodarstva]T[,] U[obenem] V[pa] W[ohranja] X[takšen] Y[delež]Z[.] ","Ne <advmod vem >ccomp (, <punct (iz <case koga) <obl se <expl norčujejo >nsubj (tisti >acl (, <punct ki <mark trdijo >ccomp (, <punct da <mark se <expl država <nsubj aktivno <advmod umika >obl (iz <case gospodarstva) >punct ,)))) >parataxis (obenem <advmod pa <advmod ohranja >obj (takšen <det delež)) >punct .",
1012,ssj558.2906.10297,"Tudi Bill Gates ima samo 9,5 odstotka Microsofta, pa je njegova beseda za Microsoft zakon.",17,17,yes,2.79,2.7857142857142856,2.79,yes,0.99,0.9881715288531869,0.99,yes,4,4,yes,2.00,2,yes,2.00,2,yes,1.00,1.0,1.00,yes,"A[Tudi] B[Bill] C[Gates] D[ima] E[samo] F[9,5] G[odstotka] H[Microsofta]I[,] J[pa] K[je] L[njegova] M[beseda] N[za] O[Microsoft] P[zakon]Q[.] ","(Tudi <advmod Bill >flat Gates) <nsubj ima >obj ((samo <advmod 9,5) <nummod odstotka >nmod Microsofta) >conj (, <punct pa <cc je <cop (njegova <det beseda) <nsubj (za <case Microsoft) <obl zakon) >punct .",
1013,ssj558.2906.10298,"Slovenija bo ohranila državni kapitalizem, ki bo tistemu, ki bo vodil vlado, vedno omogočala vmešavanje v podjetja.",21,21,yes,3.62,3.625,3.62,yes,0.65,0.6477462171473073,0.65,yes,6,6,yes,3.00,3,yes,1.00,1,yes,3.00,3.0,3.00,yes,"A[Slovenija] B[bo] C[ohranila] D[državni] E[kapitalizem]F[,] G[ki] H[bo] I[tistemu]J[,] K[ki] L[bo] M[vodil] N[vlado]O[,] P[vedno] Q[omogočala] R[vmešavanje] S[v] T[podjetja]U[.] ","Slovenija <nsubj bo <aux ohranila >obj (državni <amod kapitalizem >acl (, <punct ki <mark bo <aux (tistemu >acl (, <punct ki <mark bo <aux vodil >obj vlado >punct ,)) <iobj vedno <advmod omogočala >obj (vmešavanje >nmod (v <case podjetja)))) >punct .",
1014,ssj559.2907.10299,Tretji del kvote naj bi šel v fond nerazdeljenih dovolilnic.,11,11,yes,1.67,1.6666666666666667,1.67,yes,1.48,1.4836663995161465,1.48,yes,4,4,yes,1.00,1,yes,1.00,1,yes,1.00,1.0,1.00,yes,A[Tretji] B[del] C[kvote] D[naj] E[bi] F[šel] G[v] H[fond] I[nerazdeljenih] J[dovolilnic]K[.] ,(Tretji <amod del >nmod kvote) <nsubj naj <advmod bi <aux šel >obl (v <case fond >nmod (nerazdeljenih <amod dovolilnic)) >punct .,
1015,ssj559.2907.10300,"Prevozniki naj bi iz tega fonda črpali glede na porabo, pravico do dodelitve pa naj bi dobil na podlagi najmanj 70-odstotnega vračila že prej dodeljenih dovolilnic.",30,30,yes,2.69,2.6923076923076925,2.69,yes,1.61,1.6116046395105206,1.61,yes,8,8,yes,2.00,2,yes,2.00,2,yes,1.00,1.0,1.00,yes,"A[Prevozniki] B[naj] C[bi] D[iz] E[tega] F[fonda] G[črpali] H[glede] I[na] J[porabo]K[,] L[pravico] M[do] N[dodelitve] O[pa] P[naj] Q[bi] R[dobil] S[na] T[podlagi] U[najmanj] V[70]W[-]X[odstotnega] Y[vračila] Z[že] A[prej] B[dodeljenih] C[dovolilnic]D[.] ","Prevozniki <nsubj naj <advmod bi <aux (iz <case tega <det fonda) <obl črpali >obl ((glede >fixed na) <case porabo) >parataxis (, <punct (pravico >nmod (do <case dodelitve)) <obj pa <advmod naj <advmod bi <aux dobil >obl (na <case podlagi >nmod (((najmanj <advmod 70) <nummod - <punct odstotnega) <amod vračila >nmod (((že <advmod prej) <advmod dodeljenih) <amod dovolilnic)))) >punct .",
1016,ssj559.2907.10301,Prevoznikom tudi ne bi bilo treba izkoriščati avansov iz naslednjih delilnih obdobij.,13,13,yes,2.36,2.3636363636363638,2.36,yes,1.14,1.143465327393124,1.14,yes,5,5,yes,2.00,2,yes,1.00,1,yes,2.00,2.0,2.00,yes,A[Prevoznikom] B[tudi] C[ne] D[bi] E[bilo] F[treba] G[izkoriščati] H[avansov] I[iz] J[naslednjih] K[delilnih] L[obdobij]M[.] ,tudi <advmod ne <advmod bi <aux bilo >advmod treba >csubj (Prevoznikom <iobj izkoriščati >obj (avansov >nmod (iz <case naslednjih <amod delilnih <amod obdobij))) >punct .,
1017,ssj559.2907.10302,"Tistim, ki bodo vložili prošnje za dodelitev dovolilnic iz te kvote, naj bi dodelili eno dovolilnico na vozilo euro 3, vendar največ 10 dovolilnic naenkrat.",29,29,yes,2.62,2.625,2.62,yes,2.01,2.010240380250276,2.01,yes,8,8,yes,2.00,2,yes,1.00,1,yes,2.00,2.0,2.00,yes,"A[Tistim]B[,] C[ki] D[bodo] E[vložili] F[prošnje] G[za] H[dodelitev] I[dovolilnic] J[iz] K[te] L[kvote]M[,] N[naj] O[bi] P[dodelili] Q[eno] R[dovolilnico] S[na] T[vozilo] U[euro] V[3]W[,] X[vendar] Y[največ] Z[10] A[dovolilnic] B[naenkrat]C[.] ","(Tistim >acl (, <punct ki <mark bodo <aux vložili >obj (prošnje >nmod (za <case dodelitev >nmod (dovolilnic >nmod (iz <case te <det kvote)))) >punct ,)) <iobj naj <mark bi <aux dodelili >obj (eno <nummod dovolilnico) >obl (na <case vozilo >nmod (euro >nummod 3)) >conj (, <punct vendar <cc (največ <advmod 10) <nummod dovolilnic >orphan naenkrat) >punct .",
1018,ssj559.2908.10303,"Določa način uveljavljanja pravice do oprostitev uvoznih dajatev ter vrednosti, količine, vrste in namen uporabe blaga, ki je lahko oproščeno uvoznih dajatev v skladu s 159. do 164. členom carinskega zakona.",35,35,yes,2.33,2.3333333333333335,2.33,yes,0.85,0.853300830443874,0.85,yes,12,12,yes,2.00,2,yes,1.00,1,yes,2.00,2.0,2.00,yes,"A[Določa] B[način] C[uveljavljanja] D[pravice] E[do] F[oprostitev] G[uvoznih] H[dajatev] I[ter] J[vrednosti]K[,] L[količine]M[,] N[vrste] O[in] P[namen] Q[uporabe] R[blaga]S[,] T[ki] U[je] V[lahko] W[oproščeno] X[uvoznih] Y[dajatev] Z[v] A[skladu] B[s] C[159.] D[do] E[164.] F[členom] G[carinskega] H[zakona]I[.] ","Določa >obj (način >nmod (uveljavljanja >nmod (pravice >nmod (do <case oprostitev >nmod (uvoznih <amod dajatev)))) >conj (ter <cc vrednosti >conj (, <punct količine) >conj (, <punct vrste) >conj (in <cc namen >nmod (uporabe >nmod (blaga >acl (, <punct ki <mark je <cop lahko <advmod oproščeno >obj (uvoznih <amod dajatev) >obl (v <case skladu >nmod (s <case (159. >conj (do <case 164.)) <nummod členom >nmod (carinskega <amod zakona))))))))) >punct .",
1019,ssj559.2909.10304,"Ta uredba določa pogoje za uvoz blaga, ki se v letu 2003 uvaža v Republiko Slovenijo in je po poreklu iz Republike Hrvaške.",25,25,yes,2.09,2.090909090909091,2.09,yes,1.36,1.3572284278824338,1.36,yes,8,8,yes,3.00,3,yes,2.00,2,yes,1.50,1.5,1.50,yes,"A[Ta] B[uredba] C[določa] D[pogoje] E[za] F[uvoz] G[blaga]H[,] I[ki] J[se] K[v] L[letu] M[2003] N[uvaža] O[v] P[Republiko] Q[Slovenijo] R[in] S[je] T[po] U[poreklu] V[iz] W[Republike] X[Hrvaške]Y[.] ","(Ta <det uredba) <nsubj določa >obj (pogoje >nmod (za <case uvoz >nmod (blaga >acl (, <punct ki <mark se <expl (v <case letu >nummod 2003) <obl uvaža >obl (v <case Republiko >nmod Slovenijo) >conj (in <cc je >obl (po <case poreklu) >obl (iz <case Republike >nmod Hrvaške)))))) >punct .",
1020,ssj559.2909.10305,"Za industrijske izdelke, ki se uvažajo v Republiko Slovenijo in so po poreklu iz Republike Hrvaške v skladu s PROTOKOLOM 3, se uporablja carinska stopnja »prosto«.",31,31,yes,2.76,2.76,2.76,yes,2.20,2.2036451451391423,2.20,yes,7,7,yes,3.00,3,yes,2.00,2,yes,1.50,1.5,1.50,yes,"A[Za] B[industrijske] C[izdelke]D[,] E[ki] F[se] G[uvažajo] H[v] I[Republiko] J[Slovenijo] K[in] L[so] M[po] N[poreklu] O[iz] P[Republike] Q[Hrvaške] R[v] S[skladu] T[s] U[PROTOKOLOM] V[3]W[,] X[se] Y[uporablja] Z[carinska] A[stopnja] B[»]C[prosto]D[«]E[.] ","(Za <case industrijske <amod izdelke >acl (, <punct ki <mark se <expl uvažajo >obl (v <case Republiko >nmod Slovenijo) >conj (in <cc so >obl (po <case poreklu) >obl (iz <case Republike >nmod Hrvaške) >obl (v <case skladu >nmod (s <case PROTOKOLOM >nummod 3))) >punct ,)) <obl se <expl uporablja >nsubj (carinska <amod stopnja >advmod (» <punct prosto >punct «)) >punct .",
1021,ssj559.2909.10306,"Za kmetijske in živilske izdelke, ki so navedeni v prilogah od 3 do 6, se pri uvozu v Republiko Slovenijo plačuje carina po znižanih carinskih stopnjah le v okviru carinskih kvot določenih v teh prilogah.",38,38,yes,2.74,2.735294117647059,2.74,yes,2.32,2.324688401735561,2.32,yes,6,6,yes,2.00,2,yes,1.00,1,yes,2.00,2.0,2.00,yes,"A[Za] B[kmetijske] C[in] D[živilske] E[izdelke]F[,] G[ki] H[so] I[navedeni] J[v] K[prilogah] L[od] M[3] N[do] O[6]P[,] Q[se] R[pri] S[uvozu] T[v] U[Republiko] V[Slovenijo] W[plačuje] X[carina] Y[po] Z[znižanih] A[carinskih] B[stopnjah] C[le] D[v] E[okviru] F[carinskih] G[kvot] H[določenih] I[v] J[teh] K[prilogah]L[.] ","(Za <case (kmetijske >conj (in <cc živilske)) <amod izdelke >acl (, <punct ki <mark so <cop navedeni >obl (v <case prilogah >nmod (od <case 3) >nmod (do <case 6)) >punct ,)) <obl se <expl (pri <case uvozu >nmod (v <case Republiko >nmod Slovenijo)) <obl plačuje >nsubj (carina >nmod (po <case znižanih <amod carinskih <amod stopnjah)) >obl (le <advmod v <case okviru >nmod (carinskih <amod kvot >amod (določenih >nmod (v <case teh <det prilogah)))) >punct .",
1022,ssj559.2909.10307,Posebna uvozna dajatev se ne plačuje.,7,7,yes,1.80,1.8,1.80,yes,1.11,1.1128120259289587,1.11,yes,3,3,yes,1.00,1,yes,1.00,1,yes,1.00,1.0,1.00,yes,A[Posebna] B[uvozna] C[dajatev] D[se] E[ne] F[plačuje]G[.] ,(Posebna <amod uvozna <amod dajatev) <nsubj se <expl ne <advmod plačuje >punct .,
1023,ssj559.2910.10308,"• Sklep o pogojih, pod katerimi imajo lahko rezidenti račune v tujini",13,13,yes,1.80,1.8,1.80,yes,0.91,0.9100794718748765,0.91,yes,6,6,yes,2.00,2,yes,1.00,1,yes,2.00,2.0,2.00,yes,"A[•] B[Sklep] C[o] D[pogojih]E[,] F[pod] G[katerimi] H[imajo] I[lahko] J[rezidenti] K[račune] L[v] M[tujini] ","• <punct Sklep >nmod (o <case pogojih >acl (, <punct (pod <case katerimi) <obl imajo >advmod lahko >nsubj rezidenti >obj (račune >nmod (v <case tujini))))",
1024,ssj559.2911.10309,"Postavka vključuje stroške v zvezi s službenimi potovanji zavezanca, stroške prehrane med delom, stroške dela na terenu, stroške kilometrine in druge dajatve, ki niso odvisne od poslovnega izida - članarine zbornicam, prispevke, uvedene s posebnimi predpisi, dajatve za uporabo stavbnega zemljišča ipd.",49,49,yes,3.75,3.75,3.75,yes,0.87,0.8692574773546214,0.87,yes,8,8,yes,2.00,2,yes,1.00,1,yes,2.00,2.0,2.00,yes,"A[Postavka] B[vključuje] C[stroške] D[v] E[zvezi] F[s] G[službenimi] H[potovanji] I[zavezanca]J[,] K[stroške] L[prehrane] M[med] N[delom]O[,] P[stroške] Q[dela] R[na] S[terenu]T[,] U[stroške] V[kilometrine] W[in] X[druge] Y[dajatve]Z[,] A[ki] B[niso] C[odvisne] D[od] E[poslovnega] F[izida] G[-] H[članarine] I[zbornicam]J[,] K[prispevke]L[,] M[uvedene] N[s] O[posebnimi] P[predpisi]Q[,] R[dajatve] S[za] T[uporabo] U[stavbnega] V[zemljišča] W[ipd.] ","Postavka <nsubj vključuje >obj (stroške >nmod (v <case zvezi >nmod (s <case službenimi <amod potovanji >nmod zavezanca)) >conj (, <punct stroške >nmod (prehrane >nmod (med <case delom))) >conj (, <punct stroške >nmod (dela >nmod (na <case terenu))) >conj (, <punct stroške >nmod kilometrine) >conj (in <cc druge <amod dajatve >acl (, <punct ki <mark niso <cop odvisne >obl (od <case poslovnega <amod izida)) >appos (- <punct članarine >nmod zbornicam >conj (, <punct prispevke >amod (, <punct uvedene >nmod (s <case posebnimi <amod predpisi) >punct ,)) >conj (dajatve >nmod (za <case uporabo >nmod (stavbnega <amod zemljišča))) >conj ipd.)))",
1025,ssj559.2911.10310,"Ta postavka vključuje tudi štipendije in nagrade dijakom in študentom, prispevek za dopolnilno izobraževanje delavcev, upravne takse v zvezi z opravljanjem dejavnosti, izdatke za varstvo človekovega okolja ipd.",31,31,yes,3.81,3.814814814814815,3.81,yes,0.86,0.8583324551109126,0.86,yes,6,6,yes,1.00,1,yes,1.00,1,yes,1.00,1.0,1.00,yes,"A[Ta] B[postavka] C[vključuje] D[tudi] E[štipendije] F[in] G[nagrade] H[dijakom] I[in] J[študentom]K[,] L[prispevek] M[za] N[dopolnilno] O[izobraževanje] P[delavcev]Q[,] R[upravne] S[takse] T[v] U[zvezi] V[z] W[opravljanjem] X[dejavnosti]Y[,] Z[izdatke] A[za] B[varstvo] C[človekovega] D[okolja] E[ipd.] ","(Ta <det postavka) <nsubj vključuje >obj (tudi <advmod štipendije >conj (in <cc nagrade) >nmod (dijakom >conj (in <cc študentom)) >conj (, <punct prispevek >nmod (za <case dopolnilno <amod izobraževanje >nmod delavcev)) >conj (, <punct upravne <amod takse >nmod (v <case zvezi >nmod (z <case opravljanjem >nmod dejavnosti))) >conj (, <punct izdatke >nmod (za <case varstvo >nmod (človekovega <amod okolja))) >conj ipd.)",
1026,ssj559.2912.10311,"- osebe s stalnim prebivališčem v Republiki Sloveniji, zavarovane pri tujem nosilcu zdravstvenega zavarovanja, ki med bivanjem v Republiki Sloveniji ne morejo uporabljati pravic na tej podlagi;",30,30,yes,3.04,3.04,3.04,yes,0.84,0.8441539872959427,0.84,yes,6,6,yes,3.00,3,yes,1.00,1,yes,3.00,3.0,3.00,yes,"A[-] B[osebe] C[s] D[stalnim] E[prebivališčem] F[v] G[Republiki] H[Sloveniji]I[,] J[zavarovane] K[pri] L[tujem] M[nosilcu] N[zdravstvenega] O[zavarovanja]P[,] Q[ki] R[med] S[bivanjem] T[v] U[Republiki] V[Sloveniji] W[ne] X[morejo] Y[uporabljati] Z[pravic] A[na] B[tej] C[podlagi]D[;] ","- <punct osebe >nmod (s <case stalnim <amod prebivališčem >nmod (v <case Republiki >nmod Sloveniji)) >amod (, <punct zavarovane >nmod (pri <case tujem <amod nosilcu >nmod (zdravstvenega <amod zavarovanja))) >acl (, <punct ki <mark ne <advmod morejo >xcomp ((med <case bivanjem >nmod (v <case Republiki >nmod Sloveniji)) <obl uporabljati >obj (pravic >nmod (na <case tej <det podlagi)))) >punct ;",
1027,ssj559.2913.10312,"Delavec, ki sklene pogodbo o zaposlitvi, mora izpolnjevati predpisane, s kolektivno pogodbo ali splošnim aktom delodajalca določene oz. s strani delodajalca zahtevane in v skladu z zakonom objavljene pogoje za opravljanje dela.",36,36,yes,4.58,4.580645161290323,4.58,yes,1.29,1.2937660377945683,1.29,yes,8,8,yes,3.00,3,yes,1.00,1,yes,3.00,3.0,3.00,yes,"A[Delavec]B[,] C[ki] D[sklene] E[pogodbo] F[o] G[zaposlitvi]H[,] I[mora] J[izpolnjevati] K[predpisane]L[,] M[s] N[kolektivno] O[pogodbo] P[ali] Q[splošnim] R[aktom] S[delodajalca] T[določene] U[oz.] V[s] W[strani] X[delodajalca] Y[zahtevane] Z[in] A[v] B[skladu] C[z] D[zakonom] E[objavljene] F[pogoje] G[za] H[opravljanje] I[dela]J[.] ","(Delavec >acl (, <punct ki <mark sklene >obj (pogodbo >nmod (o <case zaposlitvi)) >punct ,)) <nsubj mora >xcomp (izpolnjevati >obj ((predpisane >conj (, <punct (s <case kolektivno <amod pogodbo >conj (ali <cc splošnim <amod aktom >nmod delodajalca)) <nmod določene) >conj (oz. <cc (s <case strani >nmod delodajalca) <nmod zahtevane) >conj (in <cc (v <case skladu >nmod (z <case zakonom)) <nmod objavljene)) <amod pogoje >nmod (za <case opravljanje >nmod dela))) >punct .",
1028,ssj559.2914.10313,Na sejemskem področju lahko pričakujemo v letošnjem in prihodnjih letih ostro konkurenco in boj med posameznimi skoraj istovrstnimi prireditvami.,20,20,yes,2.56,2.5555555555555554,2.56,yes,1.31,1.3116351965722024,1.31,yes,6,6,yes,1.00,1,yes,1.00,1,yes,1.00,1.0,1.00,yes,A[Na] B[sejemskem] C[področju] D[lahko] E[pričakujemo] F[v] G[letošnjem] H[in] I[prihodnjih] J[letih] K[ostro] L[konkurenco] M[in] N[boj] O[med] P[posameznimi] Q[skoraj] R[istovrstnimi] S[prireditvami]T[.] ,(Na <case sejemskem <amod področju) <obl lahko <advmod pričakujemo >obl (v <case (letošnjem >conj (in <cc prihodnjih)) <amod letih) >obj (ostro <amod konkurenco >conj (in <cc boj >nmod (med <case posameznimi <amod (skoraj <advmod istovrstnimi) <amod prireditvami))) >punct .,
1029,ssj559.2914.10314,"Obrtna zbornica pri tem noče biti in ne bo razsodnik, saj je prepričana, da bo trg naredil svoje in »pokopal« sejemske prireditve brez vsebine in obiskovalcev.",31,31,yes,2.32,2.32,2.32,yes,1.57,1.572589682972932,1.57,yes,8,8,yes,6.00,6,yes,4.00,4,yes,1.50,1.5,1.50,yes,"A[Obrtna] B[zbornica] C[pri] D[tem] E[noče] F[biti] G[in] H[ne] I[bo] J[razsodnik]K[,] L[saj] M[je] N[prepričana]O[,] P[da] Q[bo] R[trg] S[naredil] T[svoje] U[in] V[»]W[pokopal]X[«] Y[sejemske] Z[prireditve] A[brez] B[vsebine] C[in] D[obiskovalcev]E[.] ","(Obrtna <amod zbornica) <nsubj noče >xcomp ((pri <case tem) <obl biti >conj (in <cc ne <advmod bo <cop razsodnik)) >conj (, <punct saj <cc je <cop prepričana >ccomp (, <punct da <mark bo <aux trg <nsubj naredil >obj svoje >conj (in <cc » <punct pokopal >punct « >obj (sejemske <amod prireditve >nmod (brez <case vsebine >conj (in <cc obiskovalcev)))))) >punct .",
1030,ssj559.2914.10315,"Že sedaj so posamezne strokovne sekcije postavljene pred dejstvo, da se morajo odločiti za nastop med dvema ali tremi prireditvami.",22,22,yes,2.32,2.3157894736842106,2.32,yes,1.61,1.6054239093590563,1.61,yes,9,9,yes,3.00,3,yes,1.00,1,yes,3.00,3.0,3.00,yes,"A[Že] B[sedaj] C[so] D[posamezne] E[strokovne] F[sekcije] G[postavljene] H[pred] I[dejstvo]J[,] K[da] L[se] M[morajo] N[odločiti] O[za] P[nastop] Q[med] R[dvema] S[ali] T[tremi] U[prireditvami]V[.] ","(Že <advmod sedaj) <advmod so <cop (posamezne <amod strokovne <amod sekcije) <nsubj postavljene >obl (pred <case dejstvo >acl (, <punct da <mark morajo >xcomp (se <expl odločiti >obl (za <case nastop >nmod (med <case (dvema >conj (ali <cc tremi)) <nummod prireditvami))))) >punct .",
1031,ssj559.2914.10316,Razsodnik bo zanimanje članov za nastop in obisk posameznih prireditev.,11,11,yes,1.44,1.4444444444444444,1.44,yes,1.28,1.2801936528768472,1.28,yes,6,6,yes,1.00,1,yes,1.00,1,yes,1.00,1.0,1.00,yes,A[Razsodnik] B[bo] C[zanimanje] D[članov] E[za] F[nastop] G[in] H[obisk] I[posameznih] J[prireditev]K[.] ,Razsodnik <nsubj bo <cop zanimanje >nmod (članov >nmod (za <case nastop >conj (in <cc obisk >nmod (posameznih <amod prireditev)))) >punct .,
1032,ssj559.2914.10317,Na trg sejmov pa bo prav gotovo vplival tudi vstop v EU.,13,13,yes,2.09,2.090909090909091,2.09,yes,1.50,1.5010694641083242,1.50,yes,4,4,yes,1.00,1,yes,1.00,1,yes,1.00,1.0,1.00,yes,A[Na] B[trg] C[sejmov] D[pa] E[bo] F[prav] G[gotovo] H[vplival] I[tudi] J[vstop] K[v] L[EU]M[.] ,(Na <case trg >nmod sejmov) <obl pa <advmod bo <aux (prav <advmod gotovo) <advmod vplival >nsubj (tudi <advmod vstop >nmod (v <case EU)) >punct .,
1033,ssj559.2914.10318,"Samo pomislite, koliko sejemskih hiš je ob neposredni bližini naših meja!",13,13,yes,2.00,2.0,2.00,yes,0.80,0.8047189562170503,0.80,yes,5,5,yes,2.00,2,yes,1.00,1,yes,2.00,2.0,2.00,yes,"A[Samo] B[pomislite]C[,] D[koliko] E[sejemskih] F[hiš] G[je] H[ob] I[neposredni] J[bližini] K[naših] L[meja]M[!] ","Samo <advmod pomislite >ccomp (, <punct koliko <obl (sejemskih <amod hiš) <nsubj je >obl (ob <case neposredni <amod bližini >nmod (naših <det meja))) >punct !",
1034,ssj559.2914.10319,"To je tudi opozorilo domačim sejmarjem, da se trenutek odločitve bliža z veliko hitrostjo.",16,16,yes,2.54,2.5384615384615383,2.54,yes,1.04,1.04406365528577,1.04,yes,4,4,yes,2.00,2,yes,1.00,1,yes,2.00,2.0,2.00,yes,"A[To] B[je] C[tudi] D[opozorilo] E[domačim] F[sejmarjem]G[,] H[da] I[se] J[trenutek] K[odločitve] L[bliža] M[z] N[veliko] O[hitrostjo]P[.] ","To <nsubj je <cop tudi <advmod opozorilo >nmod (domačim <amod sejmarjem) >acl (, <punct da <mark se <expl (trenutek >nmod odločitve) <nsubj bliža >obl (z <case veliko <amod hitrostjo)) >punct .",
1035,ssj559.2914.10320,"Prihaja čas, ko ne bodo dovolj samo majhni lepotni popravki, temveč bo potrebna jasna in privlačna vizija, tudi najmanjših sejemskih predstavitev.",25,25,yes,2.65,2.65,2.65,yes,0.52,0.5233064967788648,0.52,yes,8,8,yes,3.00,3,yes,2.00,2,yes,1.50,1.5,1.50,yes,"A[Prihaja] B[čas]C[,] D[ko] E[ne] F[bodo] G[dovolj] H[samo] I[majhni] J[lepotni] K[popravki]L[,] M[temveč] N[bo] O[potrebna] P[jasna] Q[in] R[privlačna] S[vizija]T[,] U[tudi] V[najmanjših] W[sejemskih] X[predstavitev]Y[.] ","Prihaja >nsubj (čas >acl (, <punct ko <mark ne <advmod bodo >advmod dovolj >nsubj (samo <advmod majhni <amod lepotni <amod popravki) >conj (, <punct temveč <cc bo <cop potrebna >nsubj ((jasna >conj (in <cc privlačna)) <amod vizija >nmod (, <punct tudi <advmod najmanjših <amod sejemskih <amod predstavitev))))) >punct .",
1036,ssj559.2915.10321,"Tako sta, ko je bil govor o projektu ""Vse na enem mestu"" ter o pospeševalni mreži, Petrinova in Mešlova poudarili, da država ne želi vzpostavljati ""še ene mreže"" in tudi ne predpisovati, kje bodo ""vstopne točke"" vanjo.",48,48,yes,4.00,4.0,4.00,yes,1.99,1.9944920232821373,1.99,yes,7,7,yes,6.00,6,yes,2.00,2,yes,3.00,3.0,3.00,yes,"A[Tako] B[sta]C[,] D[ko] E[je] F[bil] G[govor] H[o] I[projektu] J[""]K[Vse] L[na] M[enem] N[mestu]O[""] P[ter] Q[o] R[pospeševalni] S[mreži]T[,] U[Petrinova] V[in] W[Mešlova] X[poudarili]Y[,] Z[da] A[država] B[ne] C[želi] D[vzpostavljati] E[""]F[še] G[ene] H[mreže]I[""] J[in] K[tudi] L[ne] M[predpisovati]N[,] O[kje] P[bodo] Q[""]R[vstopne] S[točke]T[""] U[vanjo]V[.] ","Tako <advmod sta <aux (, <punct ko <mark je <aux bil >nsubj (govor >nmod (o <case projektu >nmod ("" <punct Vse >nmod (na <case enem <nummod mestu) >punct "") >conj (ter <cc o <case pospeševalni <amod mreži))) >punct ,) <advcl (Petrinova >conj (in <cc Mešlova)) <nsubj poudarili >ccomp (, <punct da <mark država <nsubj ne <advmod želi >xcomp (vzpostavljati >punct "" >obj (še <advmod ene <nummod mreže) >conj ("" <punct in <cc tudi <advmod ne <advmod predpisovati >ccomp (, <punct kje <advmod bodo >nsubj ("" <punct vstopne <amod točke >punct "" >nmod vanjo))))) >punct .",
1037,ssj559.2915.10322,"Zagotovo bo zelo pomembna in prav pri vrhu agencija AJPES, ki razpolaga s finančnimi podatki o slovenskem gospodarstvu, o ostalih točkah pa se bodo dogovorili na lokalnih ravneh; lahko - in verjetno v mnogih občinah - se bodo seveda odločili tudi za obrtne zbornice.",48,48,yes,3.95,3.951219512195122,3.95,yes,1.18,1.175908945384023,1.18,yes,6,6,yes,4.00,4,yes,3.00,3,yes,1.33,1.3333333333333333,1.33,yes,"A[Zagotovo] B[bo] C[zelo] D[pomembna] E[in] F[prav] G[pri] H[vrhu] I[agencija] J[AJPES]K[,] L[ki] M[razpolaga] N[s] O[finančnimi] P[podatki] Q[o] R[slovenskem] S[gospodarstvu]T[,] U[o] V[ostalih] W[točkah] X[pa] Y[se] Z[bodo] A[dogovorili] B[na] C[lokalnih] D[ravneh]E[;] F[lahko] G[-] H[in] I[verjetno] J[v] K[mnogih] L[občinah] M[-] N[se] O[bodo] P[seveda] Q[odločili] R[tudi] S[za] T[obrtne] U[zbornice]V[.] ","Zagotovo <advmod bo <cop zelo <advmod pomembna >conj (in <cc prav <advmod pri <case vrhu) >nsubj (agencija >nmod AJPES >acl (, <punct ki <mark razpolaga >obl (s <case finančnimi <amod podatki >nmod (o <case slovenskem <amod gospodarstvu)))) >parataxis (, <punct (o <case ostalih <amod točkah) <obl pa <advmod se <expl bodo <aux dogovorili >obl (na <case lokalnih <amod ravneh)) >parataxis (; <punct lahko <advmod (- <punct in <cc verjetno <orphan v <case mnogih <det občinah >punct -) <parataxis se <expl bodo <aux seveda <advmod odločili >obl (tudi <advmod za <case obrtne <amod zbornice)) >punct .",
1038,ssj559.2915.10323,"Glede reorganizacije davčne uprave oziroma selitve izpostav v večje kraje, kar bo obrtnikom povzročilo veliko izgubljenega časa in težav, dr. Petrinova meni, da se racionalizaciji ne kaže zoperstavljati, da pa mora prenovljena davčna uprava zavezancem omogočiti, da bodo lahko vse, kar od nje pričakujejo, se pravi razna potrdila, izpise in drugo, tako kot doslej dobili v enem dnevu.",68,68,yes,4.46,4.456140350877193,4.46,yes,2.12,2.1162695499072615,2.12,yes,9,9,yes,8.00,8,yes,3.00,3,yes,2.67,2.6666666666666665,2.67,yes,"A[Glede] B[reorganizacije] C[davčne] D[uprave] E[oziroma] F[selitve] G[izpostav] H[v] I[večje] J[kraje]K[,] L[kar] M[bo] N[obrtnikom] O[povzročilo] P[veliko] Q[izgubljenega] R[časa] S[in] T[težav]U[,] V[dr.] W[Petrinova] X[meni]Y[,] Z[da] A[se] B[racionalizaciji] C[ne] D[kaže] E[zoperstavljati]F[,] G[da] H[pa] I[mora] J[prenovljena] K[davčna] L[uprava] M[zavezancem] N[omogočiti]O[,] P[da] Q[bodo] R[lahko] S[vse]T[,] U[kar] V[od] W[nje] X[pričakujejo]Y[,] Z[se] A[pravi] B[razna] C[potrdila]D[,] E[izpise] F[in] G[drugo]H[,] I[tako] J[kot] K[doslej] L[dobili] M[v] N[enem] O[dnevu]P[.] ","(Glede <case reorganizacije >nmod (davčne <amod uprave) >conj (oziroma <cc selitve >nmod izpostav >nmod (v <case večje <amod kraje))) <obl (, <punct kar <nsubj bo <aux obrtnikom <iobj povzročilo >obj (veliko <det izgubljenega <amod časa >conj (in <cc težav)) >punct ,) <parataxis (dr. <nmod Petrinova) <nsubj meni >ccomp (, <punct da <mark ne <advmod kaže >xcomp (se <expl racionalizaciji <obj zoperstavljati) >parataxis (, <punct da <mark pa <advmod mora >nsubj (prenovljena <amod davčna <amod uprava) >xcomp (zavezancem <iobj omogočiti >ccomp (, <punct da <mark bodo <aux lahko <advmod (vse >acl (, <punct kar <obj (od <case nje) <obl pričakujejo) >appos (, <punct (se >fixed pravi) <cc razna <amod potrdila >conj (, <punct izpise) >conj (in <cc drugo) >punct ,)) <obj (tako >obl (kot <case doslej)) <advmod dobili >obl (v <case enem <nummod dnevu))))) >punct .",
1039,ssj559.2915.10324,"Glede predlogov OZS s področja davkov sta povedali, da so gradiva, v katerih so vključeni tudi ti predlogi, vključno s pavšalom, že nared za obravnavo, enako pa tudi gradiva v zvezi z uveljavljanjem direktive EU o zapoznelih plačilih.",44,44,yes,3.65,3.6486486486486487,3.65,yes,1.55,1.5508228613678252,1.55,yes,8,8,yes,3.00,3,yes,1.00,1,yes,3.00,3.0,3.00,yes,"A[Glede] B[predlogov] C[OZS] D[s] E[področja] F[davkov] G[sta] H[povedali]I[,] J[da] K[so] L[gradiva]M[,] N[v] O[katerih] P[so] Q[vključeni] R[tudi] S[ti] T[predlogi]U[,] V[vključno] W[s] X[pavšalom]Y[,] Z[že] A[nared] B[za] C[obravnavo]D[,] E[enako] F[pa] G[tudi] H[gradiva] I[v] J[zvezi] K[z] L[uveljavljanjem] M[direktive] N[EU] O[o] P[zapoznelih] Q[plačilih]R[.] ","(Glede <case predlogov >nmod OZS >nmod (s <case področja >nmod davkov)) <obl sta <aux povedali >ccomp (, <punct da <mark so <cop (gradiva >acl (, <punct (v <case katerih) <obl so <cop vključeni >nsubj (tudi <advmod ti <det predlogi >appos (, <punct vključno <advmod s <case pavšalom)) >punct ,)) <nsubj že <advmod nared >obl (za <case obravnavo) >parataxis (, <punct enako <orphan pa <orphan tudi <advmod gradiva >nmod (v <case zvezi >nmod (z <case uveljavljanjem >nmod (direktive >nmod EU >nmod (o <case zapoznelih <amod plačilih)))))) >punct .",
1040,ssj559.2915.10325,"Predvidenih je več ukrepov: po zakonu o javnih naročilih, na primer, bo moral izvajalec del ""rezervirati"" del svojega denarja za poplačilo podizvajalcev, hitro poplačilo upnikov bo omogočil tudi zakon o stečaju in prisilni poravnavi, Slovenska izvozna družba bo ponudila nove oblike zavarovanja domačih poslov itd.",52,52,yes,4.07,4.068181818181818,4.07,yes,0.49,0.48889864503663677,0.49,yes,7,7,yes,5.00,5,yes,4.00,4,yes,1.25,1.25,1.25,yes,"A[Predvidenih] B[je] C[več] D[ukrepov]E[:] F[po] G[zakonu] H[o] I[javnih] J[naročilih]K[,] L[na] M[primer]N[,] O[bo] P[moral] Q[izvajalec] R[del] S[""]T[rezervirati]U[""] V[del] W[svojega] X[denarja] Y[za] Z[poplačilo] A[podizvajalcev]B[,] C[hitro] D[poplačilo] E[upnikov] F[bo] G[omogočil] H[tudi] I[zakon] J[o] K[stečaju] L[in] M[prisilni] N[poravnavi]O[,] P[Slovenska] Q[izvozna] R[družba] S[bo] T[ponudila] U[nove] V[oblike] W[zavarovanja] X[domačih] Y[poslov] Z[itd.] ","Predvidenih >cop je >nsubj (več <det ukrepov) >parataxis (: <punct (, <punct na >fixed primer >punct ,) <advmod bo <aux moral >nsubj (izvajalec >nmod del) >xcomp ((po <case zakonu >nmod (o <case javnih <amod naročilih)) <obl "" <punct rezervirati >punct "" >obj (del >nmod (svojega <det denarja)) >obl (za <case poplačilo >nmod podizvajalcev)) >conj (, <punct (hitro <amod poplačilo >nmod upnikov) <obj bo <aux omogočil >nsubj (tudi <advmod zakon >nmod (o <case stečaju >conj (in <cc prisilni <amod poravnavi)))) >conj (, <punct (Slovenska <amod izvozna <amod družba) <nsubj bo <aux ponudila >obj (nove <amod oblike >nmod (zavarovanja >nmod (domačih <amod poslov)))) >conj itd.)",
1041,ssj559.2915.10326,"V ministrstvu pa veliko stavijo predvsem na novi zakon o pospeševanju podjetništva, ki ga pripravljajo in bo kmalu v obravnavi (skupaj z davčnimi zakoni in zakonom o turizmu, da bodo predpisi usklajeni).",37,37,yes,2.39,2.3870967741935485,2.39,yes,1.65,1.6516346697405997,1.65,yes,8,8,yes,4.00,4,yes,2.00,2,yes,2.00,2.0,2.00,yes,"A[V] B[ministrstvu] C[pa] D[veliko] E[stavijo] F[predvsem] G[na] H[novi] I[zakon] J[o] K[pospeševanju] L[podjetništva]M[,] N[ki] O[ga] P[pripravljajo] Q[in] R[bo] S[kmalu] T[v] U[obravnavi] V[(]W[skupaj] X[z] Y[davčnimi] Z[zakoni] A[in] B[zakonom] C[o] D[turizmu]E[,] F[da] G[bodo] H[predpisi] I[usklajeni]J[)]K[.] ","(V <case ministrstvu) <obl pa <advmod veliko <advmod stavijo >obl (predvsem <advmod na <case novi <amod zakon >nmod (o <case pospeševanju >nmod podjetništva) >acl (, <punct ki <mark ga <obj pripravljajo >conj (in <cc bo >advmod kmalu >obl (v <case obravnavi) >obl (( <punct skupaj <advmod z <case davčnimi <amod zakoni >conj (in <cc zakonom >nmod (o <case turizmu)) >advcl (, <punct da <mark bodo <cop predpisi <nsubj usklajeni) >punct ))))) >punct .",
1042,ssj559.2915.10327,"To bo krovni zakon za podjetništvo (vseboval bo tudi posebno poglavje o mikro podjetjih), ki pa kot se je izrazila državna sekretarka Mešlova ""ne bo normiral, ampak predvsem pospeševal"".",36,36,yes,3.68,3.6785714285714284,3.68,yes,1.06,1.0567249575931155,1.06,yes,5,5,yes,5.00,5,yes,3.00,3,yes,1.67,1.6666666666666667,1.67,yes,"A[To] B[bo] C[krovni] D[zakon] E[za] F[podjetništvo] G[(]H[vseboval] I[bo] J[tudi] K[posebno] L[poglavje] M[o] N[mikro] O[podjetjih]P[)]Q[,] R[ki] S[pa] T[kot] U[se] V[je] W[izrazila] X[državna] Y[sekretarka] Z[Mešlova] A[""]B[ne] C[bo] D[normiral]E[,] F[ampak] G[predvsem] H[pospeševal]I[""]J[.] ","To <nsubj bo <cop krovni <amod zakon >nmod (za <case podjetništvo) >parataxis (( <punct vseboval >aux bo >obj (tudi <advmod posebno <amod poglavje >nmod (o <case mikro <nmod podjetjih)) >punct )) >acl (, <punct ki <mark pa <advmod (kot <mark se <expl je <aux izrazila >nsubj (državna <amod sekretarka >amod Mešlova)) <advcl "" <punct ne <advmod bo <aux normiral >conj (, <punct ampak <cc predvsem <advmod pospeševal) >punct "") >punct .",
1043,ssj559.2915.10328,"Vsekakor, je še zagotovila Mešlova, so v vseh gradivih, s katerimi prihaja ministrstvo za gospodarstvo pred vlado in v sredini leta verjetno že tudi pred državni zbor, vključeni tudi številni predlogi obrtne zbornice.",38,38,yes,5.72,5.71875,5.72,yes,0.79,0.7938366575752192,0.79,yes,7,7,yes,3.00,3,yes,2.00,2,yes,1.50,1.5,1.50,yes,"A[Vsekakor]B[,] C[je] D[še] E[zagotovila] F[Mešlova]G[,] H[so] I[v] J[vseh] K[gradivih]L[,] M[s] N[katerimi] O[prihaja] P[ministrstvo] Q[za] R[gospodarstvo] S[pred] T[vlado] U[in] V[v] W[sredini] X[leta] Y[verjetno] Z[že] A[tudi] B[pred] C[državni] D[zbor]E[,] F[vključeni] G[tudi] H[številni] I[predlogi] J[obrtne] K[zbornice]L[.] ","je <aux še <advmod zagotovila >nsubj Mešlova >parataxis ((Vsekakor >punct ,) <advmod , <punct so <cop (v <case vseh <det gradivih >acl (, <punct (s <case katerimi) <obl prihaja >nsubj (ministrstvo >nmod (za <case gospodarstvo)) >obl (pred <case vlado) >conj (in <cc (v <case sredini >nmod leta) <orphan verjetno <orphan že <advmod tudi <advmod pred <case državni <amod zbor) >punct ,)) <obl vključeni >nsubj (tudi <advmod številni <amod predlogi >nmod (obrtne <amod zbornice))) >punct .",
1044,ssj559.2916.10329,2) S terencem drveti 266 km/ h mora biti nekaj posebnega.,14,14,yes,2.50,2.5,2.50,yes,1.39,1.3862943611198906,1.39,yes,5,5,yes,3.00,3,yes,1.00,1,yes,3.00,3.0,3.00,yes,A[2]B[)] C[S] D[terencem] E[drveti] F[266] G[km]H[/] I[h] J[mora] K[biti] L[nekaj] M[posebnega]N[.] ,(2 >punct )) <parataxis ((S <case terencem) <obl drveti >obl (266 <nummod km >conj (/ <punct h))) <csubj mora >xcomp (biti <cop nekaj >amod posebnega) >punct .,
1045,ssj559.2916.10330,"Zmore premagati tudi 45-stopinjske klance, a kdo bo vozilo za 27 milijonov SIT zapeljal na brezpotje.",20,20,yes,4.00,4.0,4.00,yes,0.00,0.0,0.00,yes,6,6,yes,3.00,3,yes,2.00,2,yes,1.50,1.5,1.50,yes,"A[Zmore] B[premagati] C[tudi] D[45]E[-]F[stopinjske] G[klance]H[,] I[a] J[kdo] K[bo] L[vozilo] M[za] N[27] O[milijonov] P[SIT] Q[zapeljal] R[na] S[brezpotje]T[.] ","Zmore >xcomp (premagati >obj (tudi <advmod (45 <nummod - <punct stopinjske) <amod klance) >conj (, <punct a <cc kdo <nsubj bo <aux (vozilo >nmod (za <case 27 <nummod milijonov >nmod SIT)) <obj zapeljal >obl (na <case brezpotje))) >punct .",
1046,ssj560.2917.10331,"Za vodenje zalog in ugotavljanja stroška prodaje teh zalog trgovskega blaga pa veljajo enaka določila, kot smo jih zapisali pri obravnavi razreda 3 za material.",27,27,yes,2.17,2.1666666666666665,2.17,yes,2.10,2.0983117056712595,2.10,yes,9,9,yes,2.00,2,yes,1.00,1,yes,2.00,2.0,2.00,yes,"A[Za] B[vodenje] C[zalog] D[in] E[ugotavljanja] F[stroška] G[prodaje] H[teh] I[zalog] J[trgovskega] K[blaga] L[pa] M[veljajo] N[enaka] O[določila]P[,] Q[kot] R[smo] S[jih] T[zapisali] U[pri] V[obravnavi] W[razreda] X[3] Y[za] Z[material]A[.] ","(Za <case vodenje >nmod (zalog >conj (in <cc ugotavljanja >nmod (stroška >nmod (prodaje >nmod (teh <det zalog >nmod (trgovskega <amod blaga))))))) <xcomp pa <advmod veljajo >nsubj ((enaka >advcl (, <punct kot <mark smo <aux jih <obj zapisali >obl (pri <case obravnavi >nmod (razreda >nummod 3)) >obl (za <case material))) <det določila) >punct .",
1047,ssj561.2918.10332,"Srbski jezik je res poseben jezik, pri katerem se drugi najprej naučijo kletvic, toda to je jezik v katerem človek ne more pošteno molčati.",27,27,yes,2.48,2.4782608695652173,2.48,yes,1.56,1.556069790673202,1.56,yes,6,6,yes,5.00,5,yes,2.00,2,yes,2.50,2.5,2.50,yes,"A[Srbski] B[jezik] C[je] D[res] E[poseben] F[jezik]G[,] H[pri] I[katerem] J[se] K[drugi] L[najprej] M[naučijo] N[kletvic]O[,] P[toda] Q[to] R[je] S[jezik] T[v] U[katerem] V[človek] W[ne] X[more] Y[pošteno] Z[molčati]A[.] ","(Srbski <amod jezik) <nsubj je <cop res <advmod poseben <amod jezik >acl (, <punct (pri <case katerem) <obl se <expl drugi <nsubj najprej <advmod naučijo >obj kletvic >punct , >conj (toda <cc to <nsubj je <cop jezik >acl ((v <case katerem) <obl človek <nsubj ne <advmod more >xcomp (pošteno <advmod molčati)))) >punct .",
1048,elexiswsd1.1619.sl.132444,Karl Marx in Friedrich Engels sta objavila Komunistični manifest.,10,10,yes,2.00,2.0,2.00,yes,1.32,1.3195286648076292,1.32,yes,4,4,yes,1.00,1,yes,1.00,1,yes,1.00,1.0,1.00,yes,A[Karl] B[Marx] C[in] D[Friedrich] E[Engels] F[sta] G[objavila] H[Komunistični] I[manifest]J[.] ,(Karl >flat Marx >conj (in <cc Friedrich >flat Engels)) <nsubj sta <aux objavila >obj (Komunistični <amod manifest) >punct .,
1049,elexiswsd1.1620.sl.132445,Od kod so podatki na odprtem portalu EU?,9,9,yes,1.43,1.4285714285714286,1.43,yes,1.17,1.165586274922979,1.17,yes,4,4,yes,1.00,1,yes,1.00,1,yes,1.00,1.0,1.00,yes,A[Od] B[kod] C[so] D[podatki] E[na] F[odprtem] G[portalu] H[EU]I[?] ,(Od <case kod) <advmod so >nsubj (podatki >nmod (na <case odprtem <amod portalu >nmod EU)) >punct ?,
1050,elexiswsd1.1621.sl.132446,Aceton in fenol sta surovini za sintezo mnogo drugih pomembnih spojin.,12,12,yes,1.90,1.9,1.90,yes,1.31,1.3141576165416782,1.31,yes,5,5,yes,1.00,1,yes,1.00,1,yes,1.00,1.0,1.00,yes,A[Aceton] B[in] C[fenol] D[sta] E[surovini] F[za] G[sintezo] H[mnogo] I[drugih] J[pomembnih] K[spojin]L[.] ,(Aceton >conj (in <cc fenol)) <nsubj sta <cop surovini >nmod (za <case sintezo >nmod ((mnogo <advmod drugih) <amod pomembnih <amod spojin)) >punct .,
1051,elexiswsd1.1622.sl.132447,"Slavni francoski kemik Antoine Laurent Lavoisier je pozneje trdil, da je neodvisno od njiju odkril novo snov.",19,19,yes,2.56,2.5625,2.56,yes,1.54,1.5439233053234738,1.54,yes,5,5,yes,2.00,2,yes,1.00,1,yes,2.00,2.0,2.00,yes,"A[Slavni] B[francoski] C[kemik] D[Antoine] E[Laurent] F[Lavoisier] G[je] H[pozneje] I[trdil]J[,] K[da] L[je] M[neodvisno] N[od] O[njiju] P[odkril] Q[novo] R[snov]S[.] ","(Slavni <amod francoski <amod kemik >nmod (Antoine >flat Laurent >flat Lavoisier)) <nsubj je <aux pozneje <advmod trdil >ccomp (, <punct da <mark je <aux (neodvisno >nmod (od <case njiju)) <advmod odkril >obj (novo <amod snov)) >punct .",
1052,elexiswsd1.1623.sl.132448,Od svojega premiernega predvajanja naprej je MTV močno spreminjal glasbeno industrijo.,12,12,yes,2.10,2.1,2.10,yes,1.51,1.5079674904357552,1.51,yes,3,3,yes,1.00,1,yes,1.00,1,yes,1.00,1.0,1.00,yes,A[Od] B[svojega] C[premiernega] D[predvajanja] E[naprej] F[je] G[MTV] H[močno] I[spreminjal] J[glasbeno] K[industrijo]L[.] ,(Od <case svojega <det premiernega <amod predvajanja >advmod naprej) <obl je <aux MTV <nsubj močno <advmod spreminjal >obj (glasbeno <amod industrijo) >punct .,
1053,elexiswsd1.1624.sl.132449,Kralj je bil na pohodu po Edvinovih posestih zgradil grad v Warwicku.,13,13,yes,3.27,3.272727272727273,3.27,yes,1.11,1.1119362594095554,1.11,yes,4,4,yes,1.00,1,yes,1.00,1,yes,1.00,1.0,1.00,yes,A[Kralj] B[je] C[bil] D[na] E[pohodu] F[po] G[Edvinovih] H[posestih] I[zgradil] J[grad] K[v] L[Warwicku]M[.] ,Kralj <nsubj je <aux bil <aux (na <case pohodu >nmod (po <case Edvinovih <amod posestih)) <obl zgradil >obj (grad >nmod (v <case Warwicku)) >punct .,
1054,elexiswsd1.1625.sl.132450,"Izvorno je bila licenca uporabljena za Berkeley Software Distribution (BSD), operacijski sistem, podoben Unixu.",19,19,yes,2.46,2.4615384615384617,2.46,yes,1.19,1.1864070896096288,1.19,yes,5,5,yes,1.00,1,yes,1.00,1,yes,1.00,1.0,1.00,yes,"A[Izvorno] B[je] C[bila] D[licenca] E[uporabljena] F[za] G[Berkeley] H[Software] I[Distribution] J[(]K[BSD]L[)]M[,] N[operacijski] O[sistem]P[,] Q[podoben] R[Unixu]S[.] ","Izvorno <advmod je <aux bila <cop licenca <nsubj uporabljena >obl (za <case Berkeley >flat Software >flat Distribution >appos (( <punct BSD >punct )) >appos (, <punct operacijski <amod sistem >amod (, <punct podoben >iobj Unixu))) >punct .",
1055,elexiswsd1.1626.sl.132451,"Ko je Ramsay iskal argon, mu je uspelo tudi prvič izolirati helij, in sicer medtem ko je segreval mineral klevit.",23,23,yes,2.42,2.4210526315789473,2.42,yes,1.69,1.6866293609286753,1.69,yes,4,4,yes,4.00,4,yes,1.00,1,yes,4.00,4.0,4.00,yes,"A[Ko] B[je] C[Ramsay] D[iskal] E[argon]F[,] G[mu] H[je] I[uspelo] J[tudi] K[prvič] L[izolirati] M[helij]N[,] O[in] P[sicer] Q[medtem] R[ko] S[je] T[segreval] U[mineral] V[klevit]W[.] ","(Ko <mark je <aux Ramsay <nsubj iskal >obj argon >punct ,) <advcl mu <obj je <aux uspelo >xcomp (tudi <advmod prvič <advmod izolirati >obj helij) >advcl (, <punct (in >fixed sicer) <cc (medtem >fixed ko) <mark je <aux segreval >obj (mineral >nmod klevit)) >punct .",
1056,elexiswsd1.1627.sl.132452,Russell je začel izdajati mesečno versko revijo Sionski stražni stolp in glasnik Kristusove navzočnosti.,15,15,yes,1.92,1.9230769230769231,1.92,yes,1.18,1.177854355658159,1.18,yes,6,6,yes,2.00,2,yes,1.00,1,yes,2.00,2.0,2.00,yes,A[Russell] B[je] C[začel] D[izdajati] E[mesečno] F[versko] G[revijo] H[Sionski] I[stražni] J[stolp] K[in] L[glasnik] M[Kristusove] N[navzočnosti]O[.] ,Russell <nsubj je <aux začel >xcomp (izdajati >obj (mesečno <amod versko <amod revijo >nmod (Sionski <amod stražni <amod stolp) >conj (in <cc glasnik >nmod (Kristusove <amod navzočnosti)))) >punct .,
1057,elexiswsd1.1628.sl.132453,"Njegov oče, Eddie Rashbaum, je igral trobento.",10,10,yes,2.00,2.0,2.00,yes,1.24,1.242453324894,1.24,yes,4,4,yes,1.00,1,yes,1.00,1,yes,1.00,1.0,1.00,yes,"A[Njegov] B[oče]C[,] D[Eddie] E[Rashbaum]F[,] G[je] H[igral] I[trobento]J[.] ","(Njegov <det oče >appos (, <punct Eddie >flat Rashbaum >punct ,)) <nsubj je <aux igral >obj trobento >punct .",
1058,elexiswsd1.1629.sl.132454,"Druge enote časa, minuta, ura in dan, se lahko uporabljajo v sodobnem metričnem sistemu, vendar niso del njega.",23,23,yes,2.82,2.823529411764706,2.82,yes,1.66,1.6610936839072015,1.66,yes,5,5,yes,2.00,2,yes,2.00,2,yes,1.00,1.0,1.00,yes,"A[Druge] B[enote] C[časa]D[,] E[minuta]F[,] G[ura] H[in] I[dan]J[,] K[se] L[lahko] M[uporabljajo] N[v] O[sodobnem] P[metričnem] Q[sistemu]R[,] S[vendar] T[niso] U[del] V[njega]W[.] ","(Druge <amod enote >nmod časa >appos (, <punct minuta >conj (, <punct ura) >conj (in <cc dan) >punct ,)) <nsubj se <expl lahko <advmod uporabljajo >obl (v <case sodobnem <amod metričnem <amod sistemu) >conj (, <punct vendar <cc niso <cop del >nmod njega) >punct .",
1059,elexiswsd1.1630.sl.132455,"Oksidi nekaterih prehodnih elementov, ki jih najdemo v naravi, so nestehiometrične spojine z nekaj manj kovine, kot kaže kemijska formula.",24,24,yes,2.58,2.5789473684210527,2.58,yes,1.84,1.8443668354466634,1.84,yes,6,6,yes,3.00,3,yes,1.00,1,yes,3.00,3.0,3.00,yes,"A[Oksidi] B[nekaterih] C[prehodnih] D[elementov]E[,] F[ki] G[jih] H[najdemo] I[v] J[naravi]K[,] L[so] M[nestehiometrične] N[spojine] O[z] P[nekaj] Q[manj] R[kovine]S[,] T[kot] U[kaže] V[kemijska] W[formula]X[.] ","(Oksidi >nmod (nekaterih <det prehodnih <amod elementov >acl (, <punct ki <mark jih <obj najdemo >obl (v <case naravi) >punct ,))) <nsubj so <cop nestehiometrične <amod spojine >nmod (z <case (nekaj <advmod manj >advcl (, <punct kot <mark kaže >nsubj (kemijska <amod formula))) <det kovine) >punct .",
1060,elexiswsd1.1631.sl.132456,"Japonske vojne ladje so nato opazile, obstrelile in poškodovale ladjo Južna Dakota.",14,14,yes,2.18,2.1818181818181817,2.18,yes,1.31,1.3146688134636377,1.31,yes,4,4,yes,3.00,3,yes,3.00,3,yes,1.00,1.0,1.00,yes,"A[Japonske] B[vojne] C[ladje] D[so] E[nato] F[opazile]G[,] H[obstrelile] I[in] J[poškodovale] K[ladjo] L[Južna] M[Dakota]N[.] ","(Japonske <amod vojne <amod ladje) <nsubj so <aux nato <advmod opazile >conj (, <punct obstrelile) >conj (in <cc poškodovale) >obj (ladjo >nmod (Južna <amod Dakota)) >punct .",
1061,elexiswsd1.1632.sl.132457,"Posledično so vsa predhodna pooblastila predsednika rajha prenesena na führerja in kanclerja rajha, Adolfa Hitlerja.",17,17,yes,2.57,2.5714285714285716,2.57,yes,1.41,1.4147878268066958,1.41,yes,4,4,yes,1.00,1,yes,1.00,1,yes,1.00,1.0,1.00,yes,"A[Posledično] B[so] C[vsa] D[predhodna] E[pooblastila] F[predsednika] G[rajha] H[prenesena] I[na] J[führerja] K[in] L[kanclerja] M[rajha]N[,] O[Adolfa] P[Hitlerja]Q[.] ","Posledično <advmod so <cop (vsa <det predhodna <amod pooblastila >nmod (predsednika >nmod rajha)) <nsubj prenesena >obl (na <case führerja >conj (in <cc kanclerja) >nmod rajha >appos (, <punct Adolfa >flat Hitlerja)) >punct .",
1062,elexiswsd1.1633.sl.132458,"Jacksona je poslal na še en bočni marš, da bi se lahko s svojo vojsko vmešal med Popea in Washingtona.",22,22,yes,3.26,3.263157894736842,3.26,yes,0.84,0.8388302280386241,0.84,yes,5,5,yes,2.00,2,yes,1.00,1,yes,2.00,2.0,2.00,yes,"A[Jacksona] B[je] C[poslal] D[na] E[še] F[en] G[bočni] H[marš]I[,] J[da] K[bi] L[se] M[lahko] N[s] O[svojo] P[vojsko] Q[vmešal] R[med] S[Popea] T[in] U[Washingtona]V[.] ","Jacksona <obj je <aux poslal >obl (na <case (še <advmod en) <nummod bočni <amod marš) >advcl (, <punct da <mark bi <aux se <expl lahko <advmod (s <case svojo <det vojsko) <obl vmešal >obl (med <case Popea >conj (in <cc Washingtona))) >punct .",
1063,elexiswsd1.1634.sl.132459,"Podobno kot pri dilemi zapornika so vsi na slabšem, če igrajo na edinstveno ravnovesje, kot če bi vsi skupaj uporabili drugo strategijo.",25,25,yes,2.76,2.761904761904762,2.76,yes,1.40,1.4022203806527427,1.40,yes,5,5,yes,3.00,3,yes,1.00,1,yes,3.00,3.0,3.00,yes,"A[Podobno] B[kot] C[pri] D[dilemi] E[zapornika] F[so] G[vsi] H[na] I[slabšem]J[,] K[če] L[igrajo] M[na] N[edinstveno] O[ravnovesje]P[,] Q[kot] R[če] S[bi] T[vsi] U[skupaj] V[uporabili] W[drugo] X[strategijo]Y[.] ","(Podobno >obl (kot <case pri <case dilemi >nmod zapornika)) <advmod so >nsubj vsi >obl (na <case slabšem >advcl (, <punct (kot >fixed če) <mark bi <aux vsi <nsubj skupaj <advmod uporabili >obj (drugo <amod strategijo))) >advcl (, <punct če <mark igrajo >obl (na <case edinstveno <amod ravnovesje)) >punct .",
1064,elexiswsd1.1635.sl.132460,Leta 944 je Edmundu uspelo osvojiti Northumbrio.,8,8,yes,1.83,1.8333333333333333,1.83,yes,1.09,1.0944628872607622,1.09,yes,4,4,yes,2.00,2,yes,1.00,1,yes,2.00,2.0,2.00,yes,A[Leta] B[944] C[je] D[Edmundu] E[uspelo] F[osvojiti] G[Northumbrio]H[.] ,je <aux Edmundu <obj uspelo >xcomp ((Leta >nummod 944) <obl osvojiti >obj Northumbrio) >punct .,
1065,elexiswsd1.1636.sl.132461,"Viljemove posesti so bile razdeljene po njegovi smrti: Normandijo je dobil najstarejši sin Robert II., njegov drugi preživeli sin Viljem Rufus pa je dobil Anglijo.",28,28,yes,2.46,2.4583333333333335,2.46,yes,1.49,1.4942622578332492,1.49,yes,6,6,yes,3.00,3,yes,3.00,3,yes,1.00,1.0,1.00,yes,"A[Viljemove] B[posesti] C[so] D[bile] E[razdeljene] F[po] G[njegovi] H[smrti]I[:] J[Normandijo] K[je] L[dobil] M[najstarejši] N[sin] O[Robert] P[II.]Q[,] R[njegov] S[drugi] T[preživeli] U[sin] V[Viljem] W[Rufus] X[pa] Y[je] Z[dobil] A[Anglijo]B[.] ","(Viljemove <amod posesti) <nsubj so <aux bile <cop razdeljene >obl (po <case njegovi <det smrti) >parataxis (: <punct Normandijo <obj je <aux dobil >nsubj (najstarejši <amod sin >nmod (Robert >nummod II.)) >parataxis (, <punct (njegov <det drugi <amod preživeli <amod sin >nmod (Viljem >flat Rufus)) <nsubj pa <advmod je <aux dobil >obj Anglijo)) >punct .",
1066,elexiswsd1.1637.sl.132462,"Mesto je vzdržalo 18 dni in ko je padlo, je Viljem tam zgradil grad, da bi si zagotovil nadzor.",22,22,yes,2.94,2.9444444444444446,2.94,yes,0.91,0.9145718676261799,0.91,yes,4,4,yes,4.00,4,yes,2.00,2,yes,2.00,2.0,2.00,yes,"A[Mesto] B[je] C[vzdržalo] D[18] E[dni] F[in] G[ko] H[je] I[padlo]J[,] K[je] L[Viljem] M[tam] N[zgradil] O[grad]P[,] Q[da] R[bi] S[si] T[zagotovil] U[nadzor]V[.] ","Mesto <nsubj je <aux vzdržalo >obl (18 <nummod dni) >conj (in <cc (ko <mark je <aux padlo >punct ,) <advcl je <aux Viljem <nsubj tam <advmod zgradil >obj grad >advcl (, <punct da <mark bi <aux si <iobj zagotovil >obj nadzor)) >punct .",
1067,elexiswsd1.1638.sl.132463,"Objavil je več katalogov muzejskih zbirk, ki so vključevali celovite razprave o skupinah živali in opise novih vrst.",20,20,yes,1.94,1.9411764705882353,1.94,yes,0.75,0.7533124546178439,0.75,yes,7,7,yes,2.00,2,yes,1.00,1,yes,2.00,2.0,2.00,yes,"A[Objavil] B[je] C[več] D[katalogov] E[muzejskih] F[zbirk]G[,] H[ki] I[so] J[vključevali] K[celovite] L[razprave] M[o] N[skupinah] O[živali] P[in] Q[opise] R[novih] S[vrst]T[.] ","Objavil >aux je >obj (več <det katalogov >nmod (muzejskih <amod zbirk) >acl (, <punct ki <mark so <aux vključevali >obj (celovite <amod razprave >nmod (o <case skupinah >nmod živali) >conj (in <cc opise >nmod (novih <amod vrst))))) >punct .",
1068,elexiswsd1.1639.sl.132464,"Številski sistem palic je pozicijski številski sistem, ki ga Kitajci uporabljajo v matematiki.",15,15,yes,2.25,2.25,2.25,yes,1.40,1.404478183205328,1.40,yes,4,4,yes,2.00,2,yes,1.00,1,yes,2.00,2.0,2.00,yes,"A[Številski] B[sistem] C[palic] D[je] E[pozicijski] F[številski] G[sistem]H[,] I[ki] J[ga] K[Kitajci] L[uporabljajo] M[v] N[matematiki]O[.] ","(Številski <amod sistem >nmod palic) <nsubj je <cop pozicijski <amod številski <amod sistem >acl (, <punct ki <mark ga <obj Kitajci <nsubj uporabljajo >obl (v <case matematiki)) >punct .",
1069,elexiswsd1.1640.sl.132465,"Na Aljaski obeležujejo nakup zvezne države vsak zadnji ponedeljek v marcu, ki je znan kot Sewardov dan.",19,19,yes,2.06,2.0625,2.06,yes,1.21,1.2116816662272465,1.21,yes,5,5,yes,2.00,2,yes,1.00,1,yes,2.00,2.0,2.00,yes,"A[Na] B[Aljaski] C[obeležujejo] D[nakup] E[zvezne] F[države] G[vsak] H[zadnji] I[ponedeljek] J[v] K[marcu]L[,] M[ki] N[je] O[znan] P[kot] Q[Sewardov] R[dan]S[.] ","(Na <case Aljaski) <obl obeležujejo >obj (nakup >nmod (zvezne <amod države)) >obl (vsak <det zadnji <amod ponedeljek >nmod (v <case marcu) >acl (, <punct ki <mark je <cop znan >obl (kot <case Sewardov <amod dan))) >punct .",
1070,elexiswsd1.1641.sl.132466,Krščen je bil 9. aprila 1899 v palači Sorgenfri.,10,10,yes,2.25,2.25,2.25,yes,0.23,0.22879055462358922,0.23,yes,3,3,yes,1.00,1,yes,1.00,1,yes,1.00,1.0,1.00,yes,A[Krščen] B[je] C[bil] D[9.] E[aprila] F[1899] G[v] H[palači] I[Sorgenfri]J[.] ,Krščen >aux je >cop bil >obl (9. <nummod aprila >nummod 1899) >obl (v <case palači >nmod Sorgenfri) >punct .,
1071,elexiswsd1.1642.sl.132467,Težka voda se uporablja kot moderator nevtronov in hladilno sredstvo v atomskih reaktorjih.,14,14,yes,1.75,1.75,1.75,yes,1.38,1.3759847175185227,1.38,yes,5,5,yes,1.00,1,yes,1.00,1,yes,1.00,1.0,1.00,yes,A[Težka] B[voda] C[se] D[uporablja] E[kot] F[moderator] G[nevtronov] H[in] I[hladilno] J[sredstvo] K[v] L[atomskih] M[reaktorjih]N[.] ,(Težka <amod voda) <nsubj se <expl uporablja >obl (kot <case moderator >nmod nevtronov >conj (in <cc hladilno <amod sredstvo >nmod (v <case atomskih <amod reaktorjih))) >punct .,
1072,elexiswsd1.1643.sl.132468,Eritreja je uradno postala kolonija Italije.,7,7,yes,1.60,1.6,1.60,yes,1.03,1.02786250753126,1.03,yes,3,3,yes,1.00,1,yes,1.00,1,yes,1.00,1.0,1.00,yes,A[Eritreja] B[je] C[uradno] D[postala] E[kolonija] F[Italije]G[.] ,Eritreja <nsubj je <aux uradno <advmod postala >xcomp (kolonija >nmod Italije) >punct .,
1073,elexiswsd1.1644.sl.132469,Visokogorske ceste so preostanek leta zaprte.,7,7,yes,2.20,2.2,2.20,yes,0.91,0.9121413304668073,0.91,yes,3,3,yes,1.00,1,yes,1.00,1,yes,1.00,1.0,1.00,yes,A[Visokogorske] B[ceste] C[so] D[preostanek] E[leta] F[zaprte]G[.] ,(Visokogorske <amod ceste) <nsubj so <cop (preostanek >nmod leta) <obl zaprte >punct .,
1074,elexiswsd1.1645.sl.132470,Sončni veter v stiku z Zemljino magnetosfero na primer povzroči Birkelandove tokove in polarni sij.,16,16,yes,2.43,2.4285714285714284,2.43,yes,1.58,1.5835180163037494,1.58,yes,4,4,yes,1.00,1,yes,1.00,1,yes,1.00,1.0,1.00,yes,A[Sončni] B[veter] C[v] D[stiku] E[z] F[Zemljino] G[magnetosfero] H[na] I[primer] J[povzroči] K[Birkelandove] L[tokove] M[in] N[polarni] O[sij]P[.] ,(Sončni <amod veter) <nsubj (v <case stiku >nmod (z <case Zemljino <amod magnetosfero)) <obl (na >fixed primer) <advmod povzroči >obj (Birkelandove <amod tokove >conj (in <cc polarni <amod sij)) >punct .,
1075,elexiswsd1.1646.sl.132471,Še isto poletje je skupina že igrala na pomembnejših festivalih na Finskem in v tujini.,16,16,yes,1.93,1.9285714285714286,1.93,yes,1.64,1.6357042029462154,1.64,yes,5,5,yes,1.00,1,yes,1.00,1,yes,1.00,1.0,1.00,yes,A[Še] B[isto] C[poletje] D[je] E[skupina] F[že] G[igrala] H[na] I[pomembnejših] J[festivalih] K[na] L[Finskem] M[in] N[v] O[tujini]P[.] ,((Še <advmod isto) <det poletje) <obl je <aux skupina <nsubj že <advmod igrala >obl (na <case pomembnejših <amod festivalih >nmod (na <case Finskem >conj (in <cc v <case tujini))) >punct .,
1076,elexiswsd1.1647.sl.132472,Glede na vse razpoložljive vire je umrl v 59. letu vladanja.,12,12,yes,1.80,1.8,1.80,yes,1.54,1.5364609561225604,1.54,yes,4,4,yes,1.00,1,yes,1.00,1,yes,1.00,1.0,1.00,yes,A[Glede] B[na] C[vse] D[razpoložljive] E[vire] F[je] G[umrl] H[v] I[59.] J[letu] K[vladanja]L[.] ,((Glede >fixed na) <case vse <det razpoložljive <amod vire) <obl je <aux umrl >obl (v <case 59. <nummod letu >nmod vladanja) >punct .,
1077,elexiswsd1.1648.sl.132473,Priestley je obiskal Lavoisiera in mu opisal svoj poskus in kako je sprostil nov plin.,16,16,yes,1.93,1.9285714285714286,1.93,yes,1.21,1.2120552727526137,1.21,yes,6,6,yes,3.00,3,yes,3.00,3,yes,1.00,1.0,1.00,yes,A[Priestley] B[je] C[obiskal] D[Lavoisiera] E[in] F[mu] G[opisal] H[svoj] I[poskus] J[in] K[kako] L[je] M[sprostil] N[nov] O[plin]P[.] ,Priestley <nsubj je <aux obiskal >obj Lavoisiera >conj (in <cc mu <iobj opisal >obj (svoj <det poskus >conj (in <cc kako <advmod je <aux sprostil >obj (nov <amod plin)))) >punct .,
1078,elexiswsd1.1649.sl.132474,V helenističnem obdobju so nekatere mestne države ustanovile javne šole.,11,11,yes,2.11,2.111111111111111,2.11,yes,1.39,1.3911186576778065,1.39,yes,3,3,yes,1.00,1,yes,1.00,1,yes,1.00,1.0,1.00,yes,A[V] B[helenističnem] C[obdobju] D[so] E[nekatere] F[mestne] G[države] H[ustanovile] I[javne] J[šole]K[.] ,(V <case helenističnem <amod obdobju) <obl so <aux (nekatere <det mestne <amod države) <nsubj ustanovile >obj (javne <amod šole) >punct .,
1079,elexiswsd1.1650.sl.132475,V naslednjih dveh desetletjih so mesta prefekture nadomestila veliko večino kitajskih prefektur; to se še vedno dogaja.,19,19,yes,2.62,2.625,2.62,yes,1.46,1.4609342359162216,1.46,yes,4,4,yes,2.00,2,yes,2.00,2,yes,1.00,1.0,1.00,yes,A[V] B[naslednjih] C[dveh] D[desetletjih] E[so] F[mesta] G[prefekture] H[nadomestila] I[veliko] J[večino] K[kitajskih] L[prefektur]M[;] N[to] O[se] P[še] Q[vedno] R[dogaja]S[.] ,(V <case naslednjih <amod dveh <nummod desetletjih) <obl so <aux (mesta >nmod prefekture) <nsubj nadomestila >obj (veliko <amod večino >nmod (kitajskih <amod prefektur)) >parataxis (; <punct to <nsubj se <expl še <advmod vedno <advmod dogaja) >punct .,
1080,elexiswsd1.1651.sl.132476,"Bombardiranje, ki je bilo natančno usmerjeno s pomočjo letalskih fotografij, se je pričelo 22. septembra.",18,18,yes,3.00,3.0,3.00,yes,1.57,1.5749414766906247,1.57,yes,6,6,yes,2.00,2,yes,1.00,1,yes,2.00,2.0,2.00,yes,"A[Bombardiranje]B[,] C[ki] D[je] E[bilo] F[natančno] G[usmerjeno] H[s] I[pomočjo] J[letalskih] K[fotografij]L[,] M[se] N[je] O[pričelo] P[22.] Q[septembra]R[.] ","(Bombardiranje >acl (, <punct ki <mark je <aux bilo <cop natančno <advmod usmerjeno >obl (s <case pomočjo >nmod (letalskih <amod fotografij)) >punct ,)) <nsubj se <expl je <aux pričelo >obl (22. <nummod septembra) >punct .",
1081,elexiswsd1.1652.sl.132477,"Partnerstvo za mir je Natov program, katerega namen je ustvariti zaupanje med Natom in drugimi državami v Evropi in v bivši Sovjetski zvezi.",25,25,yes,2.09,2.090909090909091,2.09,yes,1.70,1.7038020181624063,1.70,yes,9,9,yes,3.00,3,yes,1.00,1,yes,3.00,3.0,3.00,yes,"A[Partnerstvo] B[za] C[mir] D[je] E[Natov] F[program]G[,] H[katerega] I[namen] J[je] K[ustvariti] L[zaupanje] M[med] N[Natom] O[in] P[drugimi] Q[državami] R[v] S[Evropi] T[in] U[v] V[bivši] W[Sovjetski] X[zvezi]Y[.] ","(Partnerstvo >nmod (za <case mir)) <nsubj je <cop Natov <amod program >acl (, <punct katerega <det namen >cop je >csubj (ustvariti >obj (zaupanje >nmod (med <case Natom >conj (in <cc drugimi <amod državami >nmod (v <case Evropi >conj (in <cc v <case bivši <amod Sovjetski <amod zvezi))))))) >punct .",
1082,elexiswsd1.1653.sl.132478,"Torej morajo biti H II regije območja, v katerih se rojevajo zvezde.",14,14,yes,2.91,2.909090909090909,2.91,yes,0.48,0.47768059667780194,0.48,yes,5,5,yes,3.00,3,yes,1.00,1,yes,3.00,3.0,3.00,yes,"A[Torej] B[morajo] C[biti] D[H] E[II] F[regije] G[območja]H[,] I[v] J[katerih] K[se] L[rojevajo] M[zvezde]N[.] ","morajo >nsubj ((H >nummod II) <nmod regije) >xcomp (Torej <advmod biti <cop območja >acl (, <punct (v <case katerih) <obl se <expl rojevajo >nsubj zvezde)) >punct .",
1083,elexiswsd1.1654.sl.132479,"Nova italijanska vlada se je odločila, da bo zasegla veliko posesti Cerkve, med njimi tudi knjižnico Collegio.",20,20,yes,2.06,2.0625,2.06,yes,1.56,1.558255256507219,1.56,yes,5,5,yes,2.00,2,yes,1.00,1,yes,2.00,2.0,2.00,yes,"A[Nova] B[italijanska] C[vlada] D[se] E[je] F[odločila]G[,] H[da] I[bo] J[zasegla] K[veliko] L[posesti] M[Cerkve]N[,] O[med] P[njimi] Q[tudi] R[knjižnico] S[Collegio]T[.] ","(Nova <amod italijanska <amod vlada) <nsubj se <expl je <aux odločila >ccomp (, <punct da <mark bo <aux zasegla >obj (veliko <det posesti >nmod Cerkve) >parataxis (, <punct (med <case njimi) <orphan tudi <advmod knjižnico >nmod Collegio)) >punct .",
1084,elexiswsd1.1655.sl.132480,"Odslej me bodo blagrovali vsi rodovi, kajti velike reči mi je storil Mogočni in njegovo ime je sveto.",20,20,yes,2.65,2.6470588235294117,2.65,yes,1.14,1.1363047068739496,1.14,yes,5,5,yes,3.00,3,yes,3.00,3,yes,1.00,1.0,1.00,yes,"A[Odslej] B[me] C[bodo] D[blagrovali] E[vsi] F[rodovi]G[,] H[kajti] I[velike] J[reči] K[mi] L[je] M[storil] N[Mogočni] O[in] P[njegovo] Q[ime] R[je] S[sveto]T[.] ","Odslej <advmod me <obj bodo <aux blagrovali >nsubj (vsi <det rodovi) >conj (, <punct kajti <cc (velike <amod reči) <obj mi <iobj je <aux storil >nsubj Mogočni >conj (in <cc (njegovo <det ime) <nsubj je <cop sveto)) >punct .",
1085,elexiswsd1.1656.sl.132482,"Številne države jih uporabljajo kot uradno valuto, v mnogih drugih pa je de facto valuta.",17,17,yes,2.86,2.857142857142857,2.86,yes,0.96,0.9628537208688969,0.96,yes,4,4,yes,2.00,2,yes,2.00,2,yes,1.00,1.0,1.00,yes,"A[Številne] B[države] C[jih] D[uporabljajo] E[kot] F[uradno] G[valuto]H[,] I[v] J[mnogih] K[drugih] L[pa] M[je] N[de] O[facto] P[valuta]Q[.] ","(Številne <amod države) <nsubj jih <obj uporabljajo >obl (kot <case uradno <amod valuto) >parataxis (, <punct (v <case mnogih <det drugih) <obl pa <advmod je <cop (de >fixed facto) <advmod valuta) >punct .",
1086,elexiswsd1.1657.sl.132483,"Zaradi finančnih in scenarističnih razlogov so film posneli v dveh delih, ki sta bila posneta en za drugim.",20,20,yes,2.24,2.235294117647059,2.24,yes,1.65,1.6519546271978562,1.65,yes,5,5,yes,2.00,2,yes,1.00,1,yes,2.00,2.0,2.00,yes,"A[Zaradi] B[finančnih] C[in] D[scenarističnih] E[razlogov] F[so] G[film] H[posneli] I[v] J[dveh] K[delih]L[,] M[ki] N[sta] O[bila] P[posneta] Q[en] R[za] S[drugim]T[.] ","(Zaradi <case (finančnih >conj (in <cc scenarističnih)) <amod razlogov) <obl so <aux film <obj posneli >obl (v <case dveh <nummod delih >acl (, <punct ki <mark sta <aux bila <cop posneta >obl en >obl (za <case drugim))) >punct .",
1087,elexiswsd1.1658.sl.132484,"Po doktoratu je Payne preučevala zvezde z velikim izsevom, da bi razumela strukturo Rimske ceste.",17,17,yes,2.07,2.0714285714285716,2.07,yes,1.40,1.3960091206534642,1.40,yes,5,5,yes,2.00,2,yes,1.00,1,yes,2.00,2.0,2.00,yes,"A[Po] B[doktoratu] C[je] D[Payne] E[preučevala] F[zvezde] G[z] H[velikim] I[izsevom]J[,] K[da] L[bi] M[razumela] N[strukturo] O[Rimske] P[ceste]Q[.] ","(Po <case doktoratu) <obl je <aux Payne <nsubj preučevala >obj (zvezde >nmod (z <case velikim <amod izsevom)) >advcl (, <punct da <mark bi <aux razumela >obj (strukturo >nmod (Rimske <amod ceste))) >punct .",
1088,elexiswsd1.1659.sl.132485,Leta 1885 se je Jane Toppan začela usposabljati za medicinsko sestro v bolnišnici Cambridge.,15,15,yes,2.31,2.3076923076923075,2.31,yes,1.42,1.4191817290578064,1.42,yes,5,5,yes,2.00,2,yes,1.00,1,yes,2.00,2.0,2.00,yes,A[Leta] B[1885] C[se] D[je] E[Jane] F[Toppan] G[začela] H[usposabljati] I[za] J[medicinsko] K[sestro] L[v] M[bolnišnici] N[Cambridge]O[.] ,je <aux (Jane >flat Toppan) <nsubj začela >xcomp ((Leta >nummod 1885) <obl se <expl usposabljati >obl (za <case medicinsko <amod sestro >nmod (v <case bolnišnici >nmod Cambridge))) >punct .,
1089,elexiswsd1.1660.sl.132486,Zaprtje je simptom in ne bolezen.,7,7,yes,1.80,1.8,1.80,yes,0.77,0.7662384356489861,0.77,yes,3,3,yes,1.00,1,yes,1.00,1,yes,1.00,1.0,1.00,yes,A[Zaprtje] B[je] C[simptom] D[in] E[ne] F[bolezen]G[.] ,Zaprtje <nsubj je <cop simptom >conj (in <cc ne <advmod bolezen) >punct .,
1090,elexiswsd1.1661.sl.132487,"Jupiter je običajno četrto najsvetlejše nebesno telo (po Soncu, Mesecu in Veneri); včasih se Mars zdi svetlejši od Jupitra.",24,24,yes,3.06,3.0555555555555554,3.06,yes,1.30,1.3011795261394328,1.30,yes,5,5,yes,2.00,2,yes,2.00,2,yes,1.00,1.0,1.00,yes,"A[Jupiter] B[je] C[običajno] D[četrto] E[najsvetlejše] F[nebesno] G[telo] H[(]I[po] J[Soncu]K[,] L[Mesecu] M[in] N[Veneri]O[)]P[;] Q[včasih] R[se] S[Mars] T[zdi] U[svetlejši] V[od] W[Jupitra]X[.] ","Jupiter <nsubj je <cop običajno <advmod četrto <amod najsvetlejše <amod nebesno <amod telo >obl (( <punct po <case Soncu >conj (, <punct Mesecu) >conj (in <cc Veneri) >punct )) >parataxis (; <punct včasih <advmod se <expl Mars <nsubj zdi >xcomp (svetlejši >obl (od <case Jupitra))) >punct .",
1091,elexiswsd1.1662.sl.132488,"Po Ruprehtovi smrti leta 1410, je bilo njegovo ozemlje razdeljeno med njegove štiri sinove.",16,16,yes,2.46,2.4615384615384617,2.46,yes,1.58,1.580635769791764,1.58,yes,4,4,yes,1.00,1,yes,1.00,1,yes,1.00,1.0,1.00,yes,"A[Po] B[Ruprehtovi] C[smrti] D[leta] E[1410]F[,] G[je] H[bilo] I[njegovo] J[ozemlje] K[razdeljeno] L[med] M[njegove] N[štiri] O[sinove]P[.] ","(Po <case Ruprehtovi <amod smrti >nmod (leta >nummod 1410) >punct ,) <obl je <aux bilo <cop (njegovo <det ozemlje) <nsubj razdeljeno >obl (med <case njegove <det štiri <nummod sinove) >punct .",
1092,elexiswsd1.1663.sl.132489,Med drugo svetovno vojno so sistem predorov uporabljali pariški člani francoskega odporniškega gibanja.,14,14,yes,2.08,2.0833333333333335,2.08,yes,1.55,1.5482049206537176,1.55,yes,4,4,yes,1.00,1,yes,1.00,1,yes,1.00,1.0,1.00,yes,A[Med] B[drugo] C[svetovno] D[vojno] E[so] F[sistem] G[predorov] H[uporabljali] I[pariški] J[člani] K[francoskega] L[odporniškega] M[gibanja]N[.] ,(Med <case drugo <amod svetovno <amod vojno) <obl so <aux (sistem >nmod predorov) <obj uporabljali >nsubj (pariški <amod člani >nmod (francoskega <amod odporniškega <amod gibanja)) >punct .,
1093,elexiswsd1.1664.sl.132490,"Parno programiranje je agilna metoda razvoja programske opreme, kjer dva programerja delata skupaj na eni delovni postaji.",19,19,yes,2.25,2.25,2.25,yes,1.38,1.380083101120612,1.38,yes,4,4,yes,2.00,2,yes,1.00,1,yes,2.00,2.0,2.00,yes,"A[Parno] B[programiranje] C[je] D[agilna] E[metoda] F[razvoja] G[programske] H[opreme]I[,] J[kjer] K[dva] L[programerja] M[delata] N[skupaj] O[na] P[eni] Q[delovni] R[postaji]S[.] ","(Parno <amod programiranje) <nsubj je <cop agilna <amod metoda >nmod (razvoja >nmod (programske <amod opreme)) >acl (, <punct kjer <mark (dva <nummod programerja) <nsubj delata >advmod skupaj >obl (na <case eni <nummod delovni <amod postaji)) >punct .",
1094,elexiswsd1.1665.sl.132491,Luanda je prestolnica in največje mesto Angole.,8,8,yes,1.67,1.6666666666666667,1.67,yes,0.93,0.9343602551820915,0.93,yes,3,3,yes,1.00,1,yes,1.00,1,yes,1.00,1.0,1.00,yes,A[Luanda] B[je] C[prestolnica] D[in] E[največje] F[mesto] G[Angole]H[.] ,Luanda <nsubj je <cop prestolnica >conj (in <cc največje <amod mesto >nmod Angole) >punct .,
1095,elexiswsd1.1666.sl.132492,Ogrska je preživela tudi invazijo Mongolov leta 1285.,9,9,yes,1.71,1.7142857142857142,1.71,yes,0.98,0.9832647181290245,0.98,yes,3,3,yes,1.00,1,yes,1.00,1,yes,1.00,1.0,1.00,yes,A[Ogrska] B[je] C[preživela] D[tudi] E[invazijo] F[Mongolov] G[leta] H[1285]I[.] ,Ogrska <nsubj je <aux preživela >obj (tudi <advmod invazijo >nmod Mongolov) >obl (leta >nummod 1285) >punct .,
1096,elexiswsd1.1667.sl.132493,"Tu naredijo načrt, kako se bodo pošalili s svojo žrtvijo.",12,12,yes,2.11,2.111111111111111,2.11,yes,0.70,0.6979714771178611,0.70,yes,5,5,yes,2.00,2,yes,1.00,1,yes,2.00,2.0,2.00,yes,"A[Tu] B[naredijo] C[načrt]D[,] E[kako] F[se] G[bodo] H[pošalili] I[s] J[svojo] K[žrtvijo]L[.] ","Tu <advmod naredijo >obj (načrt >acl (, <punct kako <advmod se <expl bodo <aux pošalili >obl (s <case svojo <det žrtvijo))) >punct .",
1097,elexiswsd1.1668.sl.132494,"Če mu spodleti, bo uničen.",7,7,yes,1.75,1.75,1.75,yes,1.03,1.02941112723855,1.03,yes,3,3,yes,2.00,2,yes,1.00,1,yes,2.00,2.0,2.00,yes,"A[Če] B[mu] C[spodleti]D[,] E[bo] F[uničen]G[.] ","(Če <mark mu <iobj spodleti >punct ,) <advcl bo <cop uničen >punct .",
1098,elexiswsd1.1669.sl.132495,Črka I je v latinski abecedi deveta po vrsti.,10,10,yes,2.25,2.25,2.25,yes,1.20,1.2017456291512458,1.20,yes,3,3,yes,1.00,1,yes,1.00,1,yes,1.00,1.0,1.00,yes,A[Črka] B[I] C[je] D[v] E[latinski] F[abecedi] G[deveta] H[po] I[vrsti]J[.] ,(Črka >nmod I) <nsubj je <cop (v <case latinski <amod abecedi) <obl deveta >obl (po <case vrsti) >punct .,
1099,elexiswsd1.1670.sl.132496,"To delo se je kasneje razširilo na Magellanove oblake, kar je prispevalo dodatna 2.000.000 opazovanj spremenljivih zvezd.",19,19,yes,2.25,2.25,2.25,yes,1.47,1.4712438795175893,1.47,yes,5,5,yes,2.00,2,yes,2.00,2,yes,1.00,1.0,1.00,yes,"A[To] B[delo] C[se] D[je] E[kasneje] F[razširilo] G[na] H[Magellanove] I[oblake]J[,] K[kar] L[je] M[prispevalo] N[dodatna] O[2.000.000] P[opazovanj] Q[spremenljivih] R[zvezd]S[.] ","(To <det delo) <nsubj se <expl je <aux kasneje <advmod razširilo >obl (na <case Magellanove <amod oblake) >parataxis (, <punct kar <nsubj je <aux prispevalo >obj (dodatna <amod 2.000.000 <nummod opazovanj >nmod (spremenljivih <amod zvezd))) >punct .",
1100,elexiswsd1.1671.sl.132497,"Njegov sin Tit je ostal v Judeji, da zatre judovski upor.",13,13,yes,1.80,1.8,1.80,yes,1.37,1.3682248378119541,1.37,yes,4,4,yes,2.00,2,yes,1.00,1,yes,2.00,2.0,2.00,yes,"A[Njegov] B[sin] C[Tit] D[je] E[ostal] F[v] G[Judeji]H[,] I[da] J[zatre] K[judovski] L[upor]M[.] ","(Njegov <det sin >nmod Tit) <nsubj je <aux ostal >obl (v <case Judeji) >advcl (, <punct da <mark zatre >obj (judovski <amod upor)) >punct .",
1101,elexiswsd1.1672.sl.132498,"Poznejše vojaške in gospodarske napetosti med Veliko Britanijo in Nemčijo so bile med večjimi vzroki za prvo svetovno vojno, med katero so se Britanci zelo zanesli na svoj imperij.",31,31,yes,2.61,2.607142857142857,2.61,yes,1.95,1.9503006490084147,1.95,yes,6,6,yes,2.00,2,yes,1.00,1,yes,2.00,2.0,2.00,yes,"A[Poznejše] B[vojaške] C[in] D[gospodarske] E[napetosti] F[med] G[Veliko] H[Britanijo] I[in] J[Nemčijo] K[so] L[bile] M[med] N[večjimi] O[vzroki] P[za] Q[prvo] R[svetovno] S[vojno]T[,] U[med] V[katero] W[so] X[se] Y[Britanci] Z[zelo] A[zanesli] B[na] C[svoj] D[imperij]E[.] ","(Poznejše <amod (vojaške >conj (in <cc gospodarske)) <amod napetosti >nmod (med <case Veliko <amod Britanijo >conj (in <cc Nemčijo))) <nsubj so <aux bile >obl (med <case večjimi <amod vzroki >nmod (za <case prvo <amod svetovno <amod vojno >acl (, <punct (med <case katero) <obl so <aux se <expl Britanci <nsubj zelo <advmod zanesli >obl (na <case svoj <det imperij)))) >punct .",
1102,elexiswsd1.1673.sl.132499,Kmalu so nadzirali celoten otok.,6,6,yes,1.50,1.5,1.50,yes,0.84,0.8369882167858357,0.84,yes,3,3,yes,1.00,1,yes,1.00,1,yes,1.00,1.0,1.00,yes,A[Kmalu] B[so] C[nadzirali] D[celoten] E[otok]F[.] ,Kmalu <advmod so <aux nadzirali >obj (celoten <amod otok) >punct .,
1103,elexiswsd1.1674.sl.132500,Windows NT 3.1 je izšel v dveh različicah: Windows NT 3.1 za delovne postaje in Windows NT Advanced Server za serverje.,23,23,yes,2.35,2.35,2.35,yes,1.45,1.448169764837978,1.45,yes,6,6,yes,1.00,1,yes,1.00,1,yes,1.00,1.0,1.00,yes,A[Windows] B[NT] C[3.1] D[je] E[izšel] F[v] G[dveh] H[različicah]I[:] J[Windows] K[NT] L[3.1] M[za] N[delovne] O[postaje] P[in] Q[Windows] R[NT] S[Advanced] T[Server] U[za] V[serverje]W[.] ,(Windows >flat NT >nummod 3.1) <nsubj je <aux izšel >obl (v <case dveh <nummod različicah >appos (: <punct Windows >flat NT >nummod 3.1 >nmod (za <case delovne <amod postaje) >conj (in <cc Windows >flat NT >flat Advanced >flat Server >nmod (za <case serverje)))) >punct .,
1104,elexiswsd1.1675.sl.132501,"Na evklidski prostor lahko gledamo kot na množico točk, za katere veljajo določene zveze, ki jih lahko izrazimo s pomočjo razdalj ali kotov.",26,26,yes,1.82,1.8181818181818181,1.82,yes,1.75,1.7524031821405877,1.75,yes,10,10,yes,3.00,3,yes,1.00,1,yes,3.00,3.0,3.00,yes,"A[Na] B[evklidski] C[prostor] D[lahko] E[gledamo] F[kot] G[na] H[množico] I[točk]J[,] K[za] L[katere] M[veljajo] N[določene] O[zveze]P[,] Q[ki] R[jih] S[lahko] T[izrazimo] U[s] V[pomočjo] W[razdalj] X[ali] Y[kotov]Z[.] ","(Na <case evklidski <amod prostor) <obl lahko <advmod gledamo >obl (kot <case na <case množico >nmod (točk >acl (, <punct (za <case katere) <obl veljajo >nsubj (določene <amod zveze >acl (, <punct ki <mark jih <obj lahko <advmod izrazimo >obl (s <case pomočjo >nmod (razdalj >conj (ali <cc kotov)))))))) >punct .",
1105,elexiswsd1.1676.sl.132502,"Ne ločuje jasno med filozofijo in teologijo, saj misli, da se obe ukvarjata z isto temo.",19,19,yes,2.33,2.3333333333333335,2.33,yes,0.85,0.853300830443874,0.85,yes,5,5,yes,3.00,3,yes,2.00,2,yes,1.50,1.5,1.50,yes,"A[Ne] B[ločuje] C[jasno] D[med] E[filozofijo] F[in] G[teologijo]H[,] I[saj] J[misli]K[,] L[da] M[se] N[obe] O[ukvarjata] P[z] Q[isto] R[temo]S[.] ","Ne <advmod ločuje >advmod jasno >obl (med <case filozofijo >conj (in <cc teologijo)) >conj (, <punct saj <cc misli >ccomp (, <punct da <mark se <expl obe <nsubj ukvarjata >obl (z <case isto <det temo))) >punct .",
1106,elexiswsd1.1677.sl.132503,Leta 1994 je bila Lizbona evropska prestolnica kulture.,9,9,yes,2.57,2.5714285714285716,2.57,yes,1.00,1.001448540214462,1.00,yes,3,3,yes,1.00,1,yes,1.00,1,yes,1.00,1.0,1.00,yes,A[Leta] B[1994] C[je] D[bila] E[Lizbona] F[evropska] G[prestolnica] H[kulture]I[.] ,(Leta >nummod 1994) <obl je <aux bila <cop Lizbona <nsubj evropska <amod prestolnica >nmod kulture >punct .,
1107,elexiswsd1.1678.sl.132504,Policijske enote za obvladovanje izgredov so v Pragi zatrle miren študentski protest.,13,13,yes,2.09,2.090909090909091,2.09,yes,1.56,1.559960981936516,1.56,yes,4,4,yes,1.00,1,yes,1.00,1,yes,1.00,1.0,1.00,yes,A[Policijske] B[enote] C[za] D[obvladovanje] E[izgredov] F[so] G[v] H[Pragi] I[zatrle] J[miren] K[študentski] L[protest]M[.] ,(Policijske <amod enote >nmod (za <case obvladovanje >nmod izgredov)) <nsubj so <aux (v <case Pragi) <obl zatrle >obj (miren <amod študentski <amod protest) >punct .,
1108,elexiswsd1.1679.sl.132505,Izrael in Vatikan sta vzpostavila diplomatske stike.,8,8,yes,1.83,1.8333333333333333,1.83,yes,1.09,1.0944628872607622,1.09,yes,4,4,yes,1.00,1,yes,1.00,1,yes,1.00,1.0,1.00,yes,A[Izrael] B[in] C[Vatikan] D[sta] E[vzpostavila] F[diplomatske] G[stike]H[.] ,(Izrael >conj (in <cc Vatikan)) <nsubj sta <aux vzpostavila >obj (diplomatske <amod stike) >punct .,
1109,elexiswsd1.1680.sl.132506,V zadnjih letih življenja si je zdravje uničil z zlorabo alkohola.,12,12,yes,1.90,1.9,1.90,yes,1.55,1.5491594311645462,1.55,yes,3,3,yes,1.00,1,yes,1.00,1,yes,1.00,1.0,1.00,yes,A[V] B[zadnjih] C[letih] D[življenja] E[si] F[je] G[zdravje] H[uničil] I[z] J[zlorabo] K[alkohola]L[.] ,(V <case zadnjih <amod letih >nmod življenja) <obl si <iobj je <aux zdravje <obj uničil >obl (z <case zlorabo >nmod alkohola) >punct .,
1110,elexiswsd1.1681.sl.132507,"New Yorker je ameriška revija, ki vsebuje novinarske članke, komentarje, kritike, eseje, leposlovje, satiro, karikature in poezijo.",25,25,yes,4.44,4.4375,4.44,yes,0.70,0.7009221625354066,0.70,yes,5,5,yes,2.00,2,yes,1.00,1,yes,2.00,2.0,2.00,yes,"A[New] B[Yorker] C[je] D[ameriška] E[revija]F[,] G[ki] H[vsebuje] I[novinarske] J[članke]K[,] L[komentarje]M[,] N[kritike]O[,] P[eseje]Q[,] R[leposlovje]S[,] T[satiro]U[,] V[karikature] W[in] X[poezijo]Y[.] ","(New <nmod Yorker) <nsubj je <cop ameriška <amod revija >acl (, <punct ki <mark vsebuje >obj (novinarske <amod članke >conj (, <punct komentarje) >conj (, <punct kritike) >conj (, <punct eseje) >conj (, <punct leposlovje) >conj (, <punct satiro) >conj (, <punct karikature) >conj (in <cc poezijo))) >punct .",
1111,elexiswsd1.1682.sl.132508,Potem je preučevala spremenljive zvezde in s svojimi asistenti opravila 1.250.000 opazovanj.,13,13,yes,2.18,2.1818181818181817,2.18,yes,0.97,0.9680952231836651,0.97,yes,4,4,yes,2.00,2,yes,2.00,2,yes,1.00,1.0,1.00,yes,A[Potem] B[je] C[preučevala] D[spremenljive] E[zvezde] F[in] G[s] H[svojimi] I[asistenti] J[opravila] K[1.250.000] L[opazovanj]M[.] ,Potem <advmod je <aux preučevala >obj (spremenljive <amod zvezde) >conj (in <cc (s <case svojimi <det asistenti) <obl opravila >obj (1.250.000 <nummod opazovanj)) >punct .,
1112,elexiswsd1.1683.sl.132509,"Berkeley Software Distribution, poznan tudi kot BSD, je Unixova izpeljanka, ki jo je od 1970. let naprej razširjala Univerza Berkeley v Kaliforniji.",26,26,yes,3.14,3.142857142857143,3.14,yes,1.62,1.619582239452709,1.62,yes,5,5,yes,2.00,2,yes,1.00,1,yes,2.00,2.0,2.00,yes,"A[Berkeley] B[Software] C[Distribution]D[,] E[poznan] F[tudi] G[kot] H[BSD]I[,] J[je] K[Unixova] L[izpeljanka]M[,] N[ki] O[jo] P[je] Q[od] R[1970.] S[let] T[naprej] U[razširjala] V[Univerza] W[Berkeley] X[v] Y[Kaliforniji]Z[.] ","(Berkeley >flat Software >flat Distribution >amod (, <punct poznan >obl (tudi <advmod kot <case BSD) >punct ,)) <nsubj je <cop Unixova <amod izpeljanka >acl (, <punct ki <mark jo <obj je <aux (od <case 1970. <nummod let >advmod naprej) <obl razširjala >nsubj (Univerza >nmod Berkeley >nmod (v <case Kaliforniji))) >punct .",
1113,elexiswsd1.1684.sl.132510,Njeno ozemlje je obsegalo večino današnjih belgijskih provinc Liège in Limburg ter nekaj enklav v drugih delih Belgije in Nizozemske.,21,21,yes,1.79,1.7894736842105263,1.79,yes,1.58,1.5834451246934447,1.58,yes,8,8,yes,1.00,1,yes,1.00,1,yes,1.00,1.0,1.00,yes,A[Njeno] B[ozemlje] C[je] D[obsegalo] E[večino] F[današnjih] G[belgijskih] H[provinc] I[Liège] J[in] K[Limburg] L[ter] M[nekaj] N[enklav] O[v] P[drugih] Q[delih] R[Belgije] S[in] T[Nizozemske]U[.] ,(Njeno <det ozemlje) <nsubj je <aux obsegalo >obj (večino >nmod (današnjih <amod belgijskih <amod provinc >nmod (Liège >conj (in <cc Limburg)) >conj (ter <cc nekaj <det enklav >nmod (v <case drugih <amod delih >nmod (Belgije >conj (in <cc Nizozemske)))))) >punct .,
1114,elexiswsd1.1685.sl.132511,"Svetlobno leto je razdalja, ki jo svetloba opravi v vakuumu v enem letu.",15,15,yes,2.17,2.1666666666666665,2.17,yes,1.16,1.1624106172204636,1.16,yes,4,4,yes,2.00,2,yes,1.00,1,yes,2.00,2.0,2.00,yes,"A[Svetlobno] B[leto] C[je] D[razdalja]E[,] F[ki] G[jo] H[svetloba] I[opravi] J[v] K[vakuumu] L[v] M[enem] N[letu]O[.] ","(Svetlobno <amod leto) <nsubj je <cop razdalja >acl (, <punct ki <mark jo <obj svetloba <nsubj opravi >obl (v <case vakuumu) >obl (v <case enem <nummod letu)) >punct .",
1115,elexiswsd1.1686.sl.132512,"Verjetno je bil zaključen najpozneje do leta 1100, ko je bil tam zaprt škof Ranulf Flambard.",18,18,yes,2.40,2.4,2.40,yes,1.17,1.1717035437571504,1.17,yes,5,5,yes,2.00,2,yes,1.00,1,yes,2.00,2.0,2.00,yes,"A[Verjetno] B[je] C[bil] D[zaključen] E[najpozneje] F[do] G[leta] H[1100]I[,] J[ko] K[je] L[bil] M[tam] N[zaprt] O[škof] P[Ranulf] Q[Flambard]R[.] ","Verjetno <advmod je <aux bil <cop zaključen >obl (najpozneje <advmod do <case leta >nummod 1100) >advcl (, <punct ko <mark je <aux bil <cop tam <advmod zaprt >nsubj (škof >nmod (Ranulf >flat Flambard))) >punct .",
1116,elexiswsd1.1687.sl.132513,Hitler je odobraval uporabo španskih prostovoljcev.,7,7,yes,1.40,1.4,1.40,yes,1.02,1.017552863929892,1.02,yes,4,4,yes,1.00,1,yes,1.00,1,yes,1.00,1.0,1.00,yes,A[Hitler] B[je] C[odobraval] D[uporabo] E[španskih] F[prostovoljcev]G[.] ,Hitler <nsubj je <aux odobraval >obj (uporabo >nmod (španskih <amod prostovoljcev)) >punct .,
1117,elexiswsd1.1688.sl.132514,"Bil je prvi vzhodni cesar, ki je izdajal zakone v grškem in ne latinskem jeziku.",17,17,yes,2.86,2.857142857142857,2.86,yes,1.07,1.0744254965260018,1.07,yes,6,6,yes,2.00,2,yes,1.00,1,yes,2.00,2.0,2.00,yes,"A[Bil] B[je] C[prvi] D[vzhodni] E[cesar]F[,] G[ki] H[je] I[izdajal] J[zakone] K[v] L[grškem] M[in] N[ne] O[latinskem] P[jeziku]Q[.] ","Bil <cop je <aux prvi <amod vzhodni <amod cesar >acl (, <punct ki <mark je <aux izdajal >obj zakone >obl (v <case (grškem >conj (in <cc ne <advmod latinskem)) <amod jeziku)) >punct .",
1118,elexiswsd1.1689.sl.132515,"Zlata medalja Catherine Wolfe Bruce je znanstvena nagrada, ki jo vsako leto podeljuje Tihomorsko astronomsko društvo za izjemne življenjske dosežke na področju astronomije.",25,25,yes,2.36,2.3636363636363638,2.36,yes,1.73,1.7250407322959642,1.73,yes,5,5,yes,2.00,2,yes,1.00,1,yes,2.00,2.0,2.00,yes,"A[Zlata] B[medalja] C[Catherine] D[Wolfe] E[Bruce] F[je] G[znanstvena] H[nagrada]I[,] J[ki] K[jo] L[vsako] M[leto] N[podeljuje] O[Tihomorsko] P[astronomsko] Q[društvo] R[za] S[izjemne] T[življenjske] U[dosežke] V[na] W[področju] X[astronomije]Y[.] ","(Zlata <amod medalja >nmod (Catherine >flat Wolfe >flat Bruce)) <nsubj je <cop znanstvena <amod nagrada >acl (, <punct ki <mark jo <obj (vsako <det leto) <obl podeljuje >nsubj (Tihomorsko <amod astronomsko <amod društvo) >obl (za <case izjemne <amod življenjske <amod dosežke >nmod (na <case področju >nmod astronomije))) >punct .",
1119,elexiswsd1.1690.sl.132516,Prvi korak k rešitvi je naredil Carl Friedrich Gauss in po njem se problem tudi imenuje.,17,17,yes,2.67,2.6666666666666665,2.67,yes,1.27,1.2690755821534065,1.27,yes,4,4,yes,2.00,2,yes,2.00,2,yes,1.00,1.0,1.00,yes,A[Prvi] B[korak] C[k] D[rešitvi] E[je] F[naredil] G[Carl] H[Friedrich] I[Gauss] J[in] K[po] L[njem] M[se] N[problem] O[tudi] P[imenuje]Q[.] ,(Prvi <amod korak >nmod (k <case rešitvi)) <obj je <aux naredil >nsubj (Carl >flat Friedrich >flat Gauss) >conj (in <cc (po <case njem) <obl se <expl problem <nsubj tudi <advmod imenuje) >punct .,
1120,elexiswsd1.1691.sl.132517,"Pojav je najbolj očiten na Japonskem, do neke mere pa se pojavlja tudi v drugih državah.",18,18,yes,2.47,2.466666666666667,2.47,yes,1.14,1.144304569569036,1.14,yes,4,4,yes,2.00,2,yes,2.00,2,yes,1.00,1.0,1.00,yes,"A[Pojav] B[je] C[najbolj] D[očiten] E[na] F[Japonskem]G[,] H[do] I[neke] J[mere] K[pa] L[se] M[pojavlja] N[tudi] O[v] P[drugih] Q[državah]R[.] ","Pojav <nsubj je <cop najbolj <advmod očiten >obl (na <case Japonskem) >parataxis (, <punct (do <case neke <det mere) <obl pa <advmod se <expl pojavlja >obl (tudi <advmod v <case drugih <amod državah)) >punct .",
1121,elexiswsd1.1692.sl.132518,Po petih ali več letih lahko večje površine kože odmrejo in pustijo brazgotino.,14,14,yes,2.25,2.25,2.25,yes,1.58,1.5828156551746944,1.58,yes,5,5,yes,2.00,2,yes,2.00,2,yes,1.00,1.0,1.00,yes,A[Po] B[petih] C[ali] D[več] E[letih] F[lahko] G[večje] H[površine] I[kože] J[odmrejo] K[in] L[pustijo] M[brazgotino]N[.] ,(Po <case (petih >conj (ali <cc več)) <nummod letih) <obl lahko <advmod (večje <amod površine >nmod kože) <nsubj odmrejo >conj (in <cc pustijo >obj brazgotino) >punct .,
1122,elexiswsd1.1693.sl.132519,"Francoska mornarica je zasedla mesto, da bi Britancem preprečila zavzetje tega območja.",14,14,yes,1.91,1.9090909090909092,1.91,yes,1.25,1.2454676520340782,1.25,yes,5,5,yes,2.00,2,yes,1.00,1,yes,2.00,2.0,2.00,yes,"A[Francoska] B[mornarica] C[je] D[zasedla] E[mesto]F[,] G[da] H[bi] I[Britancem] J[preprečila] K[zavzetje] L[tega] M[območja]N[.] ","(Francoska <amod mornarica) <nsubj je <aux zasedla >obj mesto >advcl (, <punct da <mark bi <aux Britancem <iobj preprečila >obj (zavzetje >nmod (tega <det območja))) >punct .",
1123,elexiswsd1.1694.sl.132520,Vsaka država je imela 10 članov žirije; vsak je podelil 1 točko svoji najljubši pesmi.,17,17,yes,2.07,2.0714285714285716,2.07,yes,1.28,1.284437344996359,1.28,yes,4,4,yes,2.00,2,yes,2.00,2,yes,1.00,1.0,1.00,yes,A[Vsaka] B[država] C[je] D[imela] E[10] F[članov] G[žirije]H[;] I[vsak] J[je] K[podelil] L[1] M[točko] N[svoji] O[najljubši] P[pesmi]Q[.] ,(Vsaka <det država) <nsubj je <aux imela >obj (10 <nummod članov >nmod žirije) >parataxis (; <punct vsak <nsubj je <aux podelil >obj (1 <nummod točko) >iobj (svoji <det najljubši <amod pesmi)) >punct .,
1124,elexiswsd1.1695.sl.132521,Ura ima še svojo originalno srednjeveško številčnico.,8,8,yes,2.67,2.6666666666666665,2.67,yes,0.26,0.2616240718822739,0.26,yes,3,3,yes,1.00,1,yes,1.00,1,yes,1.00,1.0,1.00,yes,A[Ura] B[ima] C[še] D[svojo] E[originalno] F[srednjeveško] G[številčnico]H[.] ,Ura <nsubj ima >obj (še <advmod svojo <det originalno <amod srednjeveško <amod številčnico) >punct .,
1125,elexiswsd1.1696.sl.132522,Leta 1975 in leta 2012 nagrade niso podelili.,9,9,yes,2.29,2.2857142857142856,2.29,yes,1.19,1.1859972721831067,1.19,yes,4,4,yes,1.00,1,yes,1.00,1,yes,1.00,1.0,1.00,yes,A[Leta] B[1975] C[in] D[leta] E[2012] F[nagrade] G[niso] H[podelili]I[.] ,(Leta >nummod 1975 >conj (in <cc leta >nummod 2012)) <obl nagrade <obj niso <aux podelili >punct .,
1126,elexiswsd1.1697.sl.132523,Cooper je sprva upošteval le primer nastanka izoliranega para v kovini.,12,12,yes,1.60,1.6,1.60,yes,1.37,1.3744360978112327,1.37,yes,6,6,yes,1.00,1,yes,1.00,1,yes,1.00,1.0,1.00,yes,A[Cooper] B[je] C[sprva] D[upošteval] E[le] F[primer] G[nastanka] H[izoliranega] I[para] J[v] K[kovini]L[.] ,Cooper <nsubj je <aux sprva <advmod upošteval >obj (le <advmod primer >nmod (nastanka >nmod (izoliranega <amod para >nmod (v <case kovini)))) >punct .,
1127,elexiswsd1.1698.sl.132524,Umetni horizontalni prenos genov je oblika genskega inženiringa.,9,9,yes,1.57,1.5714285714285714,1.57,yes,1.42,1.416849685398627,1.42,yes,3,3,yes,1.00,1,yes,1.00,1,yes,1.00,1.0,1.00,yes,A[Umetni] B[horizontalni] C[prenos] D[genov] E[je] F[oblika] G[genskega] H[inženiringa]I[.] ,(Umetni <amod horizontalni <amod prenos >nmod genov) <nsubj je <cop oblika >nmod (genskega <amod inženiringa) >punct .,
1128,elexiswsd1.1699.sl.132525,Uživalo je podporo številnih bogatih in vplivnih podpornikov.,9,9,yes,2.57,2.5714285714285716,2.57,yes,0.03,0.028493465686805247,0.03,yes,6,6,yes,1.00,1,yes,1.00,1,yes,1.00,1.0,1.00,yes,A[Uživalo] B[je] C[podporo] D[številnih] E[bogatih] F[in] G[vplivnih] H[podpornikov]I[.] ,Uživalo >aux je >obj (podporo >nmod (številnih <amod (bogatih >conj (in <cc vplivnih)) <amod podpornikov)) >punct .,
1129,elexiswsd1.1700.sl.132526,"Njegov učenec, Hares iz Lindosa, je postavil Rodoški kolos, eno od sedmih čudes antičnega sveta.",19,19,yes,2.00,2.0,2.00,yes,1.72,1.7249937729157936,1.72,yes,6,6,yes,1.00,1,yes,1.00,1,yes,1.00,1.0,1.00,yes,"A[Njegov] B[učenec]C[,] D[Hares] E[iz] F[Lindosa]G[,] H[je] I[postavil] J[Rodoški] K[kolos]L[,] M[eno] N[od] O[sedmih] P[čudes] Q[antičnega] R[sveta]S[.] ","(Njegov <det učenec >appos (, <punct Hares >nmod (iz <case Lindosa) >punct ,)) <nsubj je <aux postavil >obj (Rodoški <amod kolos >appos (, <punct eno >nmod (od <case sedmih <nummod čudes >nmod (antičnega <amod sveta)))) >punct .",
1130,elexiswsd1.1701.sl.132527,Odgovarjajoča ideja v mehaniki je načelo najmanjše akcije.,9,9,yes,1.71,1.7142857142857142,1.71,yes,1.33,1.3298383084089973,1.33,yes,4,4,yes,1.00,1,yes,1.00,1,yes,1.00,1.0,1.00,yes,A[Odgovarjajoča] B[ideja] C[v] D[mehaniki] E[je] F[načelo] G[najmanjše] H[akcije]I[.] ,(Odgovarjajoča <amod ideja >nmod (v <case mehaniki)) <nsubj je <cop načelo >nmod (najmanjše <amod akcije) >punct .,
1131,elexiswsd1.1702.sl.132528,Nizozemska kolonialna naselbina Novi Amsterdam je pozneje postala New York.,11,11,yes,1.89,1.8888888888888888,1.89,yes,1.50,1.5023442927880308,1.50,yes,4,4,yes,1.00,1,yes,1.00,1,yes,1.00,1.0,1.00,yes,A[Nizozemska] B[kolonialna] C[naselbina] D[Novi] E[Amsterdam] F[je] G[pozneje] H[postala] I[New] J[York]K[.] ,(Nizozemska <amod kolonialna <amod naselbina >nmod (Novi <amod Amsterdam)) <nsubj je <aux pozneje <advmod postala >xcomp (New <nmod York) >punct .,
1132,elexiswsd1.1703.sl.132529,"Problem je poimenovan po Baslu, rojstnemu mestu Eulerja in družine Bernoulli, ki je neuspešno reševala problem.",19,19,yes,1.87,1.8666666666666667,1.87,yes,1.28,1.279176935812166,1.28,yes,7,7,yes,2.00,2,yes,1.00,1,yes,2.00,2.0,2.00,yes,"A[Problem] B[je] C[poimenovan] D[po] E[Baslu]F[,] G[rojstnemu] H[mestu] I[Eulerja] J[in] K[družine] L[Bernoulli]M[,] N[ki] O[je] P[neuspešno] Q[reševala] R[problem]S[.] ","Problem <nsubj je <cop poimenovan >obl (po <case Baslu >appos (, <punct rojstnemu <amod mestu >nmod (Eulerja >conj (in <cc družine >nmod Bernoulli >acl (, <punct ki <mark je <aux neuspešno <advmod reševala >obj problem))))) >punct .",
1133,elexiswsd1.1704.sl.132530,V Švici je v okviru zvezne države 26 neodvisnih kantonov.,11,11,yes,2.00,2.0,2.00,yes,0.95,0.9547712524422192,0.95,yes,4,4,yes,1.00,1,yes,1.00,1,yes,1.00,1.0,1.00,yes,A[V] B[Švici] C[je] D[v] E[okviru] F[zvezne] G[države] H[26] I[neodvisnih] J[kantonov]K[.] ,(V <case Švici) <obl je >obl (v <case okviru >nmod (zvezne <amod države)) >nsubj (26 <nummod neodvisnih <amod kantonov) >punct .,
1134,elexiswsd1.1705.sl.132531,Leži ob reki Mekong.,5,5,yes,1.33,1.3333333333333333,1.33,yes,0.26,0.2616240718822739,0.26,yes,3,3,yes,1.00,1,yes,1.00,1,yes,1.00,1.0,1.00,yes,A[Leži] B[ob] C[reki] D[Mekong]E[.] ,Leži >obl (ob <case reki >nmod Mekong) >punct .,
1135,elexiswsd1.1706.sl.132532,"Fizik z Berkeleyja, profesor J. Robert Oppenheimer, je bil leta 1942 imenovan na mesto znanstvenega vodje projekta Manhattan.",21,21,yes,2.47,2.4705882352941178,2.47,yes,1.83,1.831679062608585,1.83,yes,5,5,yes,1.00,1,yes,1.00,1,yes,1.00,1.0,1.00,yes,"A[Fizik] B[z] C[Berkeleyja]D[,] E[profesor] F[J.] G[Robert] H[Oppenheimer]I[,] J[je] K[bil] L[leta] M[1942] N[imenovan] O[na] P[mesto] Q[znanstvenega] R[vodje] S[projekta] T[Manhattan]U[.] ","(Fizik >nmod (z <case Berkeleyja) >appos (, <punct profesor >nmod (J. >flat Robert >flat Oppenheimer) >punct ,)) <nsubj je <aux bil <cop (leta >nummod 1942) <obl imenovan >obl (na <case mesto >nmod (znanstvenega <amod vodje >nmod (projekta >nmod Manhattan))) >punct .",
1136,elexiswsd1.1707.sl.132533,V sedmem poskusu ji je uspelo čez Pireneje priti v Španijo.,12,12,yes,2.00,2.0,2.00,yes,1.35,1.354025100551105,1.35,yes,4,4,yes,2.00,2,yes,1.00,1,yes,2.00,2.0,2.00,yes,A[V] B[sedmem] C[poskusu] D[ji] E[je] F[uspelo] G[čez] H[Pireneje] I[priti] J[v] K[Španijo]L[.] ,ji <obj je <aux uspelo >xcomp ((V <case sedmem <amod poskusu) <obl (čez <case Pireneje) <obl priti >obl (v <case Španijo)) >punct .,
1137,elexiswsd1.1708.sl.132534,Enajst dni po smrti Klemena VIII. je 60 kardinalov vstopilo v konklave.,13,13,yes,1.82,1.8181818181818181,1.82,yes,1.75,1.7524031821405877,1.75,yes,4,4,yes,1.00,1,yes,1.00,1,yes,1.00,1.0,1.00,yes,A[Enajst] B[dni] C[po] D[smrti] E[Klemena] F[VIII.] G[je] H[60] I[kardinalov] J[vstopilo] K[v] L[konklave]M[.] ,((Enajst <nummod dni) <nmod po <case smrti >nmod (Klemena >nummod VIII.)) <obl je <aux (60 <nummod kardinalov) <nsubj vstopilo >obl (v <case konklave) >punct .,
1138,elexiswsd1.1709.sl.132535,Tudi samo mesto najverjetneje izvira iz tistih časov.,9,9,yes,1.71,1.7142857142857142,1.71,yes,1.24,1.2386775300120199,1.24,yes,3,3,yes,1.00,1,yes,1.00,1,yes,1.00,1.0,1.00,yes,A[Tudi] B[samo] C[mesto] D[najverjetneje] E[izvira] F[iz] G[tistih] H[časov]I[.] ,(Tudi <advmod samo <amod mesto) <nsubj najverjetneje <advmod izvira >obl (iz <case tistih <det časov) >punct .,
1139,elexiswsd1.1710.sl.132536,"Z Viljemovo smrtjo se je končala personalna unija med Združenim kraljestvom in Hannovrom, ki je trajala od leta 1714.",21,21,yes,2.06,2.0555555555555554,2.06,yes,1.62,1.6205194588140501,1.62,yes,5,5,yes,2.00,2,yes,1.00,1,yes,2.00,2.0,2.00,yes,"A[Z] B[Viljemovo] C[smrtjo] D[se] E[je] F[končala] G[personalna] H[unija] I[med] J[Združenim] K[kraljestvom] L[in] M[Hannovrom]N[,] O[ki] P[je] Q[trajala] R[od] S[leta] T[1714]U[.] ","(Z <case Viljemovo <amod smrtjo) <obl se <expl je <aux končala >nsubj (personalna <amod unija >nmod (med <case Združenim <amod kraljestvom >conj (in <cc Hannovrom)) >acl (, <punct ki <mark je <aux trajala >obl (od <case leta >nummod 1714))) >punct .",
1140,elexiswsd1.1711.sl.132537,V dveh letih po smrti Umma-Khana se je kanat prostovoljno predal Rusom.,15,15,yes,2.50,2.5,2.50,yes,1.61,1.6086372717506134,1.61,yes,6,6,yes,1.00,1,yes,1.00,1,yes,1.00,1.0,1.00,yes,A[V] B[dveh] C[letih] D[po] E[smrti] F[Umma]G[-]H[Khana] I[se] J[je] K[kanat] L[prostovoljno] M[predal] N[Rusom]O[.] ,(V <case dveh <nummod letih >nmod (po <case smrti >nmod (Umma >conj (- <punct Khana)))) <obl se <expl je <aux kanat <nsubj prostovoljno <advmod predal >iobj Rusom >punct .,
1141,elexiswsd1.1712.sl.132538,Poleg anime nanizanke je Studio Pierrot razvil enajst filmov in enajst izvirnih video animacij (OVA).,18,18,yes,2.36,2.357142857142857,2.36,yes,1.44,1.4350335074840643,1.44,yes,5,5,yes,1.00,1,yes,1.00,1,yes,1.00,1.0,1.00,yes,A[Poleg] B[anime] C[nanizanke] D[je] E[Studio] F[Pierrot] G[razvil] H[enajst] I[filmov] J[in] K[enajst] L[izvirnih] M[video] N[animacij] O[(]P[OVA]Q[)]R[.] ,(Poleg <case anime <nmod nanizanke) <obl je <aux (Studio >nmod Pierrot) <nsubj razvil >obj (enajst <nummod filmov >conj (in <cc enajst <nummod izvirnih <amod video <nmod animacij >appos (( <punct OVA >punct )))) >punct .,
1142,elexiswsd1.1713.sl.132539,"ChemSpider je podatkovna zbirka kemikalij, ki je v lasti Kraljeve kemijske družbe.",14,14,yes,1.91,1.9090909090909092,1.91,yes,1.25,1.2454676520340782,1.25,yes,5,5,yes,2.00,2,yes,1.00,1,yes,2.00,2.0,2.00,yes,"A[ChemSpider] B[je] C[podatkovna] D[zbirka] E[kemikalij]F[,] G[ki] H[je] I[v] J[lasti] K[Kraljeve] L[kemijske] M[družbe]N[.] ","ChemSpider <nsubj je <cop podatkovna <amod zbirka >nmod kemikalij >acl (, <punct ki <mark je >obl (v <case lasti >nmod (Kraljeve <amod kemijske <amod družbe))) >punct .",
1143,elexiswsd1.1714.sl.132540,Film je bil splošno priznan in dobro sprejet po celem svetu.,12,12,yes,2.50,2.5,2.50,yes,1.04,1.039720770839918,1.04,yes,3,3,yes,1.00,1,yes,1.00,1,yes,1.00,1.0,1.00,yes,A[Film] B[je] C[bil] D[splošno] E[priznan] F[in] G[dobro] H[sprejet] I[po] J[celem] K[svetu]L[.] ,Film <nsubj je <aux bil <cop splošno <advmod priznan >conj (in <cc dobro <advmod sprejet) >obl (po <case celem <amod svetu) >punct .,
1144,elexiswsd1.1715.sl.132541,"Njihov drugi glasbeni album, A Year Without Rain, je izšel 17. septembra 2010.",16,16,yes,2.25,2.25,2.25,yes,1.67,1.6739764335716716,1.67,yes,4,4,yes,1.00,1,yes,1.00,1,yes,1.00,1.0,1.00,yes,"A[Njihov] B[drugi] C[glasbeni] D[album]E[,] F[A] G[Year] H[Without] I[Rain]J[,] K[je] L[izšel] M[17.] N[septembra] O[2010]P[.] ","(Njihov <det drugi <amod glasbeni <amod album >appos (, <punct A >flat Year >flat Without >flat Rain >punct ,)) <nsubj je <aux izšel >obl (17. <nummod septembra >nummod 2010) >punct .",
1145,elexiswsd1.1716.sl.132542,"Mešanica dušikove in klorovodikove kisline je bila znana kot aqua regia (kraljeva voda), ki je bila cenjena zaradi svoje zmožnosti raztapljanja zlata, kralja kovin.",29,29,yes,2.43,2.4347826086956523,2.43,yes,1.72,1.7176104039984932,1.72,yes,8,8,yes,2.00,2,yes,1.00,1,yes,2.00,2.0,2.00,yes,"A[Mešanica] B[dušikove] C[in] D[klorovodikove] E[kisline] F[je] G[bila] H[znana] I[kot] J[aqua] K[regia] L[(]M[kraljeva] N[voda]O[)]P[,] Q[ki] R[je] S[bila] T[cenjena] U[zaradi] V[svoje] W[zmožnosti] X[raztapljanja] Y[zlata]Z[,] A[kralja] B[kovin]C[.] ","(Mešanica >nmod ((dušikove >conj (in <cc klorovodikove)) <amod kisline)) <nsubj je <aux bila <cop znana >obl (kot <case aqua >flat regia >appos (( <punct kraljeva <amod voda >punct )) >acl (, <punct ki <mark je <aux bila <cop cenjena >obl (zaradi <case svoje <det zmožnosti >nmod (raztapljanja >nmod (zlata >appos (, <punct kralja >nmod kovin)))))) >punct .",
1146,elexiswsd1.1717.sl.132543,"Da, ta zid bo padel po vsej Evropi.",10,10,yes,2.14,2.142857142857143,2.14,yes,1.11,1.1066947570947876,1.11,yes,3,3,yes,1.00,1,yes,1.00,1,yes,1.00,1.0,1.00,yes,"A[Da]B[,] C[ta] D[zid] E[bo] F[padel] G[po] H[vsej] I[Evropi]J[.] ","(Da >punct ,) <discourse (ta <det zid) <nsubj bo <aux padel >obl (po <case vsej <det Evropi) >punct .",
1147,elexiswsd1.1718.sl.132544,"Normanska osvojitev Londona se je odrazila ne le v novem vladajočem razredu, temveč tudi v načinu, kako je bilo mesto strukturirano.",24,24,yes,2.65,2.65,2.65,yes,1.42,1.4191862313928922,1.42,yes,5,5,yes,2.00,2,yes,1.00,1,yes,2.00,2.0,2.00,yes,"A[Normanska] B[osvojitev] C[Londona] D[se] E[je] F[odrazila] G[ne] H[le] I[v] J[novem] K[vladajočem] L[razredu]M[,] N[temveč] O[tudi] P[v] Q[načinu]R[,] S[kako] T[je] U[bilo] V[mesto] W[strukturirano]X[.] ","(Normanska <amod osvojitev >nmod Londona) <nsubj se <expl je <aux odrazila >obl ((ne >fixed le) <cc v <case novem <amod vladajočem <amod razredu >conj (, <punct (temveč >fixed tudi) <cc v <case načinu >acl (, <punct kako <advmod je <aux bilo <cop mesto <nsubj strukturirano))) >punct .",
1148,elexiswsd1.1719.sl.132545,"Aprila 2017 je pesem dobila angleški remiks, pri katerem je sodeloval Kanadčan Justin Bieber.",16,16,yes,1.77,1.7692307692307692,1.77,yes,1.52,1.5166487764802057,1.52,yes,6,6,yes,2.00,2,yes,1.00,1,yes,2.00,2.0,2.00,yes,"A[Aprila] B[2017] C[je] D[pesem] E[dobila] F[angleški] G[remiks]H[,] I[pri] J[katerem] K[je] L[sodeloval] M[Kanadčan] N[Justin] O[Bieber]P[.] ","(Aprila >nummod 2017) <obl je <aux pesem <nsubj dobila >obj (angleški <amod remiks >acl (, <punct (pri <case katerem) <obl je <aux sodeloval >nsubj (Kanadčan >nmod (Justin >flat Bieber)))) >punct .",
1149,elexiswsd1.1720.sl.132546,Napako v Daltonovi teoriji je leta 1811 popravil Amedeo Avogadro.,11,11,yes,2.33,2.3333333333333335,2.33,yes,1.29,1.291035199120824,1.29,yes,4,4,yes,1.00,1,yes,1.00,1,yes,1.00,1.0,1.00,yes,A[Napako] B[v] C[Daltonovi] D[teoriji] E[je] F[leta] G[1811] H[popravil] I[Amedeo] J[Avogadro]K[.] ,(Napako >nmod (v <case Daltonovi <amod teoriji)) <obj je <aux (leta >nummod 1811) <obl popravil >nsubj (Amedeo >flat Avogadro) >punct .,
1150,elexiswsd1.1721.sl.132547,"Nova povojna vojska, Reichswehr, je bila ustanovljena 23. marca 1921.",13,13,yes,2.00,2.0,2.00,yes,1.50,1.5040773967762742,1.50,yes,4,4,yes,1.00,1,yes,1.00,1,yes,1.00,1.0,1.00,yes,"A[Nova] B[povojna] C[vojska]D[,] E[Reichswehr]F[,] G[je] H[bila] I[ustanovljena] J[23.] K[marca] L[1921]M[.] ","(Nova <amod povojna <amod vojska >appos (, <punct Reichswehr >punct ,)) <nsubj je <aux bila <cop ustanovljena >obl (23. <nummod marca >nummod 1921) >punct .",
1151,elexiswsd1.1722.sl.132548,"Bolezen je poimenovana po britanskem zdravniku Johnu Langdonu Downu, ki je leta 1866 ta sindrom prvi opisal.",19,19,yes,3.00,3.0,3.00,yes,0.84,0.8369882167858357,0.84,yes,5,5,yes,2.00,2,yes,1.00,1,yes,2.00,2.0,2.00,yes,"A[Bolezen] B[je] C[poimenovana] D[po] E[britanskem] F[zdravniku] G[Johnu] H[Langdonu] I[Downu]J[,] K[ki] L[je] M[leta] N[1866] O[ta] P[sindrom] Q[prvi] R[opisal]S[.] ","Bolezen <nsubj je <cop poimenovana >obl (po <case britanskem <amod zdravniku >nmod (Johnu >flat Langdonu >flat Downu) >acl (, <punct ki <mark je <aux (leta >nummod 1866) <obl (ta <det sindrom) <obj prvi <obl opisal)) >punct .",
1152,elexiswsd1.1723.sl.132549,Odstranjena je bila tudi združljivost z operacijskim sistemom Windows 2000.,11,11,yes,1.78,1.7777777777777777,1.78,yes,0.52,0.5232481437645479,0.52,yes,5,5,yes,1.00,1,yes,1.00,1,yes,1.00,1.0,1.00,yes,A[Odstranjena] B[je] C[bila] D[tudi] E[združljivost] F[z] G[operacijskim] H[sistemom] I[Windows] J[2000]K[.] ,Odstranjena >aux je >cop bila >nsubj (tudi <advmod združljivost >nmod (z <case operacijskim <amod sistemom >nmod (Windows >nummod 2000))) >punct .,
1153,elexiswsd1.1724.sl.132550,Zaradi tega je Sandomierz izgubil vlogo upravnega središča.,9,9,yes,1.57,1.5714285714285714,1.57,yes,1.33,1.3256889070016495,1.33,yes,4,4,yes,1.00,1,yes,1.00,1,yes,1.00,1.0,1.00,yes,A[Zaradi] B[tega] C[je] D[Sandomierz] E[izgubil] F[vlogo] G[upravnega] H[središča]I[.] ,(Zaradi <case tega) <obl je <aux Sandomierz <nsubj izgubil >obj (vlogo >nmod (upravnega <amod središča)) >punct .,
1154,elexiswsd1.1725.sl.132551,"Ker je bila večina stolnice zgrajena v samo 38 letih, je le v enem slogu, in sicer v zgodnji angleški gotiki.",24,24,yes,2.95,2.95,2.95,yes,1.66,1.6585142913192672,1.66,yes,5,5,yes,2.00,2,yes,1.00,1,yes,2.00,2.0,2.00,yes,"A[Ker] B[je] C[bila] D[večina] E[stolnice] F[zgrajena] G[v] H[samo] I[38] J[letih]K[,] L[je] M[le] N[v] O[enem] P[slogu]Q[,] R[in] S[sicer] T[v] U[zgodnji] V[angleški] W[gotiki]X[.] ","(Ker <mark je <aux bila <cop (večina >nmod stolnice) <nsubj zgrajena >obl (v <case (samo <advmod 38) <nummod letih) >punct ,) <advcl je >obl (le <advmod v <case enem <nummod slogu >appos (, <punct (in >fixed sicer) <cc v <case zgodnji <amod angleški <amod gotiki)) >punct .",
1155,elexiswsd1.1726.sl.132552,Kraljico je ranil njen bivši častnik in verjetno psihično nezdrav Robert Pate.,13,13,yes,2.27,2.272727272727273,2.27,yes,0.93,0.9272732286634099,0.93,yes,4,4,yes,1.00,1,yes,1.00,1,yes,1.00,1.0,1.00,yes,A[Kraljico] B[je] C[ranil] D[njen] E[bivši] F[častnik] G[in] H[verjetno] I[psihično] J[nezdrav] K[Robert] L[Pate]M[.] ,Kraljico <obj je <aux ranil >nsubj (njen <det bivši <amod častnik >conj (in <cc verjetno <advmod psihično <advmod nezdrav) >nmod (Robert >flat Pate)) >punct .,
1156,elexiswsd1.1727.sl.132553,"V podobnem napadu je brezposeln Irec, William Hamilton, sprožil s smodnikom napolnjeno pištolo proti Viktorijini kočiji, ko se je vozila po cesti Constitution Hill v Londonu.",30,30,yes,2.88,2.88,2.88,yes,1.75,1.7505952546854313,1.75,yes,5,5,yes,2.00,2,yes,1.00,1,yes,2.00,2.0,2.00,yes,"A[V] B[podobnem] C[napadu] D[je] E[brezposeln] F[Irec]G[,] H[William] I[Hamilton]J[,] K[sprožil] L[s] M[smodnikom] N[napolnjeno] O[pištolo] P[proti] Q[Viktorijini] R[kočiji]S[,] T[ko] U[se] V[je] W[vozila] X[po] Y[cesti] Z[Constitution] A[Hill] B[v] C[Londonu]D[.] ","(V <case podobnem <amod napadu) <obl je <aux (brezposeln <amod Irec >appos (, <punct William >flat Hamilton >punct ,)) <nsubj sprožil >obj (((s <case smodnikom) <nmod napolnjeno) <amod pištolo) >obl (proti <case Viktorijini <amod kočiji) >advcl (, <punct ko <mark se <expl je <aux vozila >obl (po <case cesti >nmod (Constitution >nmod Hill) >nmod (v <case Londonu))) >punct .",
1157,elexiswsd1.1728.sl.132554,"Skrajno notranji oddelek je bil preoblikovan, stavbe palače pa so bile odstranjene.",14,14,yes,2.45,2.4545454545454546,2.45,yes,1.20,1.1968857778072541,1.20,yes,4,4,yes,2.00,2,yes,2.00,2,yes,1.00,1.0,1.00,yes,"A[Skrajno] B[notranji] C[oddelek] D[je] E[bil] F[preoblikovan]G[,] H[stavbe] I[palače] J[pa] K[so] L[bile] M[odstranjene]N[.] ","((Skrajno <advmod notranji) <amod oddelek) <nsubj je <aux bil <cop preoblikovan >parataxis (, <punct (stavbe >nmod palače) <nsubj pa <advmod so <aux bile <cop odstranjene) >punct .",
1158,elexiswsd1.1729.sl.132555,Na ta dan izkažemo spoštovanje pokojnim.,7,7,yes,1.40,1.4,1.40,yes,1.16,1.1613939001557827,1.16,yes,3,3,yes,1.00,1,yes,1.00,1,yes,1.00,1.0,1.00,yes,A[Na] B[ta] C[dan] D[izkažemo] E[spoštovanje] F[pokojnim]G[.] ,(Na <case ta <det dan) <obl izkažemo >obj spoštovanje >iobj pokojnim >punct .,
1159,elexiswsd1.1730.sl.132556,"Kmalu so spoznali, da Kolumb ni dosegel Azije, ampak je našel novo celino, Ameriko.",18,18,yes,2.15,2.1538461538461537,2.15,yes,1.06,1.064525670351156,1.06,yes,6,6,yes,3.00,3,yes,2.00,2,yes,1.50,1.5,1.50,yes,"A[Kmalu] B[so] C[spoznali]D[,] E[da] F[Kolumb] G[ni] H[dosegel] I[Azije]J[,] K[ampak] L[je] M[našel] N[novo] O[celino]P[,] Q[Ameriko]R[.] ","Kmalu <advmod so <aux spoznali >ccomp (, <punct da <mark Kolumb <nsubj ni <aux dosegel >obj Azije >conj (, <punct ampak <cc je <aux našel >obj (novo <amod celino >appos (, <punct Ameriko)))) >punct .",
1160,elexiswsd1.1731.sl.132557,Istega mnenja so bili tudi zahodni učenjaki.,8,8,yes,2.00,2.0,2.00,yes,0.55,0.5493061443340547,0.55,yes,3,3,yes,1.00,1,yes,1.00,1,yes,1.00,1.0,1.00,yes,A[Istega] B[mnenja] C[so] D[bili] E[tudi] F[zahodni] G[učenjaki]H[.] ,Istega <det mnenja >aux so >cop bili >nsubj (tudi <advmod zahodni <amod učenjaki) >punct .,
1161,elexiswsd1.1732.sl.132558,Wangari Maathai je bila kenijska okoljska in politična aktivistka ter Nobelova nagrajenka.,13,13,yes,3.27,3.272727272727273,3.27,yes,1.11,1.1119362594095554,1.11,yes,4,4,yes,1.00,1,yes,1.00,1,yes,1.00,1.0,1.00,yes,A[Wangari] B[Maathai] C[je] D[bila] E[kenijska] F[okoljska] G[in] H[politična] I[aktivistka] J[ter] K[Nobelova] L[nagrajenka]M[.] ,(Wangari >flat Maathai) <nsubj je <aux bila <cop kenijska <amod (okoljska >conj (in <cc politična)) <amod aktivistka >conj (ter <cc Nobelova <amod nagrajenka) >punct .,
1162,elexiswsd1.1733.sl.132559,Do zgodnjih jutranjih ur je bila vsa Grčija v rokah polkovnikov.,12,12,yes,1.80,1.8,1.80,yes,1.46,1.4593856162089314,1.46,yes,3,3,yes,1.00,1,yes,1.00,1,yes,1.00,1.0,1.00,yes,A[Do] B[zgodnjih] C[jutranjih] D[ur] E[je] F[bila] G[vsa] H[Grčija] I[v] J[rokah] K[polkovnikov]L[.] ,(Do <case zgodnjih <amod jutranjih <amod ur) <obl je <aux bila >nsubj (vsa <det Grčija) >obl (v <case rokah >nmod polkovnikov) >punct .,
1163,elexiswsd1.1734.sl.132560,Prvič v zgodovini turnirja niso razglasili zmagovalca.,8,8,yes,1.83,1.8333333333333333,1.83,yes,1.19,1.1856236656577395,1.19,yes,4,4,yes,1.00,1,yes,1.00,1,yes,1.00,1.0,1.00,yes,A[Prvič] B[v] C[zgodovini] D[turnirja] E[niso] F[razglasili] G[zmagovalca]H[.] ,(Prvič >nmod (v <case zgodovini >nmod turnirja)) <advmod niso <aux razglasili >obj zmagovalca >punct .,
1164,elexiswsd1.1735.sl.132561,Tam so zgradili koče in šotne hiše za prezimovanje.,10,10,yes,2.00,2.0,2.00,yes,0.90,0.8958797346140274,0.90,yes,4,4,yes,1.00,1,yes,1.00,1,yes,1.00,1.0,1.00,yes,A[Tam] B[so] C[zgradili] D[koče] E[in] F[šotne] G[hiše] H[za] I[prezimovanje]J[.] ,Tam <advmod so <aux zgradili >obj (koče >conj (in <cc šotne <amod hiše) >nmod (za <case prezimovanje)) >punct .,
1165,elexiswsd1.1736.sl.132562,Pojavi se samo v knjigah.,6,6,yes,2.00,2.0,2.00,yes,0.00,0.0,0.00,yes,3,3,yes,1.00,1,yes,1.00,1,yes,1.00,1.0,1.00,yes,A[Pojavi] B[se] C[samo] D[v] E[knjigah]F[.] ,Pojavi >expl se >obl (samo <advmod v <case knjigah) >punct .,
1166,elexiswsd1.1737.sl.132563,"Bolj verjetno je, da je to dan, ko je bil pokopan.",14,14,yes,2.50,2.5,2.50,yes,0.58,0.5815754049028404,0.58,yes,4,4,yes,3.00,3,yes,1.00,1,yes,3.00,3.0,3.00,yes,"A[Bolj] B[verjetno] C[je]D[,] E[da] F[je] G[to] H[dan]I[,] J[ko] K[je] L[bil] M[pokopan]N[.] ","Bolj <advmod verjetno >cop je >csubj (, <punct da <mark je <cop to <nsubj dan >acl (, <punct ko <mark je <aux bil <cop pokopan)) >punct .",
1167,elexiswsd1.1738.sl.132564,"V zadnjih letih se je Nueva Germania spremenila v bolj prijetno destinacijo, s prenočišči, ki nudijo zajtrk in s provizoričnim zgodovinskim muzejem.",25,25,yes,2.62,2.619047619047619,2.62,yes,1.60,1.5991712421925817,1.60,yes,5,5,yes,2.00,2,yes,1.00,1,yes,2.00,2.0,2.00,yes,"A[V] B[zadnjih] C[letih] D[se] E[je] F[Nueva] G[Germania] H[spremenila] I[v] J[bolj] K[prijetno] L[destinacijo]M[,] N[s] O[prenočišči]P[,] Q[ki] R[nudijo] S[zajtrk] T[in] U[s] V[provizoričnim] W[zgodovinskim] X[muzejem]Y[.] ","(V <case zadnjih <amod letih) <obl se <expl je <aux (Nueva >flat Germania) <nsubj spremenila >obl (v <case (bolj <advmod prijetno) <amod destinacijo >nmod (, <punct s <case prenočišči >acl (, <punct ki <mark nudijo >obj zajtrk) >conj (in <cc s <case provizoričnim <amod zgodovinskim <amod muzejem))) >punct .",
1168,elexiswsd1.1739.sl.132565,Na poti ven jih opazuje neznanec.,7,7,yes,1.40,1.4,1.40,yes,1.27,1.2729656758128876,1.27,yes,3,3,yes,1.00,1,yes,1.00,1,yes,1.00,1.0,1.00,yes,A[Na] B[poti] C[ven] D[jih] E[opazuje] F[neznanec]G[.] ,(Na <case poti >advmod ven) <obl jih <obj opazuje >nsubj neznanec >punct .,
1169,elexiswsd1.1740.sl.132566,"Vsak vojak je moral sam nabaviti svoje orožje, oklep, konja in hrano.",15,15,yes,2.09,2.090909090909091,2.09,yes,1.15,1.1544958738283515,1.15,yes,5,5,yes,2.00,2,yes,1.00,1,yes,2.00,2.0,2.00,yes,"A[Vsak] B[vojak] C[je] D[moral] E[sam] F[nabaviti] G[svoje] H[orožje]I[,] J[oklep]K[,] L[konja] M[in] N[hrano]O[.] ","(Vsak <det vojak) <nsubj je <aux moral >xcomp (sam <obl nabaviti >obj (svoje <det orožje >conj (, <punct oklep) >conj (, <punct konja) >conj (in <cc hrano))) >punct .",
1170,elexiswsd1.1741.sl.132567,"Rudolf Virchow je izjavil, da vse celice nastanejo iz že obstoječih celic s celično delitvijo (omnis cellula ex cellula).",23,23,yes,2.33,2.3333333333333335,2.33,yes,1.29,1.291035199120824,1.29,yes,5,5,yes,2.00,2,yes,1.00,1,yes,2.00,2.0,2.00,yes,"A[Rudolf] B[Virchow] C[je] D[izjavil]E[,] F[da] G[vse] H[celice] I[nastanejo] J[iz] K[že] L[obstoječih] M[celic] N[s] O[celično] P[delitvijo] Q[(]R[omnis] S[cellula] T[ex] U[cellula]V[)]W[.] ","(Rudolf >flat Virchow) <nsubj je <aux izjavil >ccomp (, <punct da <mark (vse <det celice) <nsubj nastanejo >obl (iz <case (že <advmod obstoječih) <amod celic) >obl (s <case celično <amod delitvijo >appos (( <punct omnis >flat cellula >flat ex >flat cellula >punct )))) >punct .",
1171,elexiswsd1.1742.sl.132568,Zelo rad ima svojega sina.,6,6,yes,1.25,1.25,1.25,yes,1.02,1.0193097735797902,1.02,yes,3,3,yes,1.00,1,yes,1.00,1,yes,1.00,1.0,1.00,yes,A[Zelo] B[rad] C[ima] D[svojega] E[sina]F[.] ,(Zelo <advmod rad) <advmod ima >obj (svojega <det sina) >punct .,
1172,elexiswsd1.1743.sl.132569,Romunska vojska je vseeno napadla.,6,6,yes,1.75,1.75,1.75,yes,0.94,0.9382503488415728,0.94,yes,3,3,yes,1.00,1,yes,1.00,1,yes,1.00,1.0,1.00,yes,A[Romunska] B[vojska] C[je] D[vseeno] E[napadla]F[.] ,(Romunska <amod vojska) <nsubj je <aux vseeno <advmod napadla >punct .,
1173,elexiswsd1.1744.sl.132570,"Potniki vseh državljanstev, ki z letalsko družbo Qatar Airways prečkajo Katar, lahko zaprosijo za brezplačen 96-urni tranzitni vizum.",23,23,yes,3.67,3.6666666666666665,3.67,yes,1.50,1.4999279953689264,1.50,yes,6,6,yes,2.00,2,yes,1.00,1,yes,2.00,2.0,2.00,yes,"A[Potniki] B[vseh] C[državljanstev]D[,] E[ki] F[z] G[letalsko] H[družbo] I[Qatar] J[Airways] K[prečkajo] L[Katar]M[,] N[lahko] O[zaprosijo] P[za] Q[brezplačen] R[96]S[-]T[urni] U[tranzitni] V[vizum]W[.] ","(Potniki >nmod (vseh <det državljanstev) >acl (, <punct ki <mark (z <case letalsko <amod družbo >nmod (Qatar >nmod Airways)) <obl prečkajo >obj Katar >punct ,)) <nsubj lahko <advmod zaprosijo >obl (za <case brezplačen <amod (96 <nummod - <punct urni) <amod tranzitni <amod vizum) >punct .",
1174,elexiswsd1.1745.sl.132571,Stopnjevalnost: ta sistem bi moral učinkovito delovati celo s tisočimi ali milijoni vozlišč.,15,15,yes,2.00,2.0,2.00,yes,1.45,1.4451858789480823,1.45,yes,5,5,yes,2.00,2,yes,1.00,1,yes,2.00,2.0,2.00,yes,A[Stopnjevalnost]B[:] C[ta] D[sistem] E[bi] F[moral] G[učinkovito] H[delovati] I[celo] J[s] K[tisočimi] L[ali] M[milijoni] N[vozlišč]O[.] ,(Stopnjevalnost >punct :) <parataxis (ta <det sistem) <nsubj bi <aux moral >xcomp (učinkovito <advmod delovati >obl (celo <advmod s <case tisočimi >conj (ali <cc milijoni) >nmod vozlišč)) >punct .,
1175,elexiswsd1.1746.sl.132572,"Četudi je bil v osnovi radijski program, so imeli v studiu tudi kamere, za tistih nekaj Evropejcev, ki so imeli televizijo.",25,25,yes,2.70,2.7,2.70,yes,1.66,1.655906910263735,1.66,yes,4,4,yes,3.00,3,yes,1.00,1,yes,3.00,3.0,3.00,yes,"A[Četudi] B[je] C[bil] D[v] E[osnovi] F[radijski] G[program]H[,] I[so] J[imeli] K[v] L[studiu] M[tudi] N[kamere]O[,] P[za] Q[tistih] R[nekaj] S[Evropejcev]T[,] U[ki] V[so] W[imeli] X[televizijo]Y[.] ","(Četudi <mark je <aux bil <cop (v <case osnovi) <obl radijski <amod program >punct ,) <advcl so <aux imeli >obl (v <case studiu) >obj (tudi <advmod kamere) >obl (, <punct za <case tistih <det nekaj <det Evropejcev >acl (, <punct ki <mark so <aux imeli >obj televizijo)) >punct .",
1176,elexiswsd1.1747.sl.132573,"Oleskiw je Genika vprašal, če bi lahko spremljal in vodil njegov drugi kontingent Ukrajincev na njihovem potovanju v Kanado in jim pomagal, da se naselijo.",28,28,yes,2.83,2.8333333333333335,2.83,yes,1.24,1.2407202209057568,1.24,yes,5,5,yes,5.00,5,yes,3.00,3,yes,1.67,1.6666666666666667,1.67,yes,"A[Oleskiw] B[je] C[Genika] D[vprašal]E[,] F[če] G[bi] H[lahko] I[spremljal] J[in] K[vodil] L[njegov] M[drugi] N[kontingent] O[Ukrajincev] P[na] Q[njihovem] R[potovanju] S[v] T[Kanado] U[in] V[jim] W[pomagal]X[,] Y[da] Z[se] A[naselijo]B[.] ","Oleskiw <nsubj je <aux Genika <iobj vprašal >ccomp (, <punct če <mark bi <aux lahko <advmod spremljal >conj (in <cc vodil) >obj (njegov <det drugi <amod kontingent >nmod Ukrajincev) >obl (na <case njihovem <det potovanju >nmod (v <case Kanado)) >conj (in <cc jim <iobj pomagal >ccomp (, <punct da <mark se <expl naselijo))) >punct .",
1177,elexiswsd1.1748.sl.132574,"Posledica tega je bila, da so jo za tekstopisko najeli pevci, kot so Britney Spears, New Kids on the Block, Fergie in Pussycat Dolls.",29,29,yes,3.30,3.3043478260869565,3.30,yes,0.37,0.37250798360739334,0.37,yes,6,6,yes,3.00,3,yes,1.00,1,yes,3.00,3.0,3.00,yes,"A[Posledica] B[tega] C[je] D[bila]E[,] F[da] G[so] H[jo] I[za] J[tekstopisko] K[najeli] L[pevci]M[,] N[kot] O[so] P[Britney] Q[Spears]R[,] S[New] T[Kids] U[on] V[the] W[Block]X[,] Y[Fergie] Z[in] A[Pussycat] B[Dolls]C[.] ","Posledica >nmod tega >aux je >cop bila >csubj (, <punct da <mark so <aux jo <obj (za <case tekstopisko) <obl najeli >nsubj (pevci >acl (, <punct kot <mark so <cop Britney >flat Spears >conj (, <punct New >flat Kids >flat on >flat the >flat Block) >conj (, <punct Fergie) >conj (in <cc Pussycat <nmod Dolls)))) >punct .",
1178,elexiswsd1.1749.sl.132575,"Občasno so lahko prisotne multiple razjede (~ 40 %), pri čemer so pogostejše pri bolnikih s sočasno okužbo z virusom HIV.",25,25,yes,2.26,2.263157894736842,2.26,yes,1.35,1.3486055336160436,1.35,yes,6,6,yes,2.00,2,yes,2.00,2,yes,1.00,1.0,1.00,yes,"A[Občasno] B[so] C[lahko] D[prisotne] E[multiple] F[razjede] G[(]H[~] I[40] J[%]K[)]L[,] M[pri] N[čemer] O[so] P[pogostejše] Q[pri] R[bolnikih] S[s] T[sočasno] U[okužbo] V[z] W[virusom] X[HIV]Y[.] ","Občasno <advmod so <cop lahko <advmod prisotne >nsubj (multiple <amod razjede >appos (( <punct ~ <punct 40 <nummod % >punct ))) >parataxis (, <punct (pri <case čemer) <obl so <cop pogostejše >obl (pri <case bolnikih >nmod (s <case sočasno <amod okužbo >nmod (z <case virusom >nmod HIV)))) >punct .",
1179,elexiswsd1.1750.sl.132576,Ustavna ureditev Sovjetske zveze je bila federacija.,8,8,yes,2.00,2.0,2.00,yes,1.18,1.1756876285817388,1.18,yes,4,4,yes,1.00,1,yes,1.00,1,yes,1.00,1.0,1.00,yes,A[Ustavna] B[ureditev] C[Sovjetske] D[zveze] E[je] F[bila] G[federacija]H[.] ,(Ustavna <amod ureditev >nmod (Sovjetske <amod zveze)) <nsubj je <aux bila <cop federacija >punct .,
1180,elexiswsd1.1751.sl.132577,Dogajanje v Ulmu se je zdaj bližalo koncu.,9,9,yes,2.29,2.2857142857142856,2.29,yes,1.12,1.1192315758708455,1.12,yes,4,4,yes,1.00,1,yes,1.00,1,yes,1.00,1.0,1.00,yes,A[Dogajanje] B[v] C[Ulmu] D[se] E[je] F[zdaj] G[bližalo] H[koncu]I[.] ,(Dogajanje >nmod (v <case Ulmu)) <nsubj se <expl je <aux zdaj <advmod bližalo >obj koncu >punct .,
1181,elexiswsd1.1752.sl.132578,Domači oglaševalski trg sestavljajo medijski projekti.,7,7,yes,1.40,1.4,1.40,yes,1.16,1.1613939001557827,1.16,yes,3,3,yes,1.00,1,yes,1.00,1,yes,1.00,1.0,1.00,yes,A[Domači] B[oglaševalski] C[trg] D[sestavljajo] E[medijski] F[projekti]G[.] ,(Domači <amod oglaševalski <amod trg) <obj sestavljajo >nsubj (medijski <amod projekti) >punct .,
1182,elexiswsd1.1753.sl.132579,"Leta 1990 je z Edoardom Bennato pela »Un'estate Italiana«, uradno pesem svetovnega nogometnega prvenstva leta 1990, ki jo je napisal Giorgio Moroder.",27,27,yes,2.38,2.380952380952381,2.38,yes,1.63,1.627715725684645,1.63,yes,6,6,yes,2.00,2,yes,1.00,1,yes,2.00,2.0,2.00,yes,"A[Leta] B[1990] C[je] D[z] E[Edoardom] F[Bennato] G[pela] H[»]I[Un'estate] J[Italiana]K[«]L[,] M[uradno] N[pesem] O[svetovnega] P[nogometnega] Q[prvenstva] R[leta] S[1990]T[,] U[ki] V[jo] W[je] X[napisal] Y[Giorgio] Z[Moroder]A[.] ","(Leta >nummod 1990) <obl je <aux (z <case Edoardom >flat Bennato) <obl pela >obj (» <punct Un'estate >flat Italiana >punct « >appos (, <punct uradno <amod pesem >nmod (svetovnega <amod nogometnega <amod prvenstva >nmod (leta >nummod 1990)) >acl (, <punct ki <mark jo <obj je <aux napisal >nsubj (Giorgio >flat Moroder)))) >punct .",
1183,elexiswsd1.1754.sl.132580,Septembra 1996 so talibani osvojili Kabul.,7,7,yes,1.80,1.8,1.80,yes,1.02,1.0216512475319814,1.02,yes,3,3,yes,1.00,1,yes,1.00,1,yes,1.00,1.0,1.00,yes,A[Septembra] B[1996] C[so] D[talibani] E[osvojili] F[Kabul]G[.] ,(Septembra >nummod 1996) <obl so <aux talibani <nsubj osvojili >obj Kabul >punct .,
1184,elexiswsd1.1755.sl.132581,"Konan Barbar je lik, ki ga je ustvaril Robert E. Howard.",13,13,yes,2.00,2.0,2.00,yes,1.15,1.1512925464970227,1.15,yes,4,4,yes,2.00,2,yes,1.00,1,yes,2.00,2.0,2.00,yes,"A[Konan] B[Barbar] C[je] D[lik]E[,] F[ki] G[ga] H[je] I[ustvaril] J[Robert] K[E.] L[Howard]M[.] ","(Konan >flat Barbar) <nsubj je <cop lik >acl (, <punct ki <mark ga <obj je <aux ustvaril >nsubj (Robert >flat E. >flat Howard)) >punct .",
1185,elexiswsd1.1756.sl.132582,Jonas Brothers so priredili dve uspešnici britanske glasbene skupine Busted – »Year 3000« in »What I Go to School For«.,25,25,yes,2.50,2.5,2.50,yes,1.22,1.2220423276338725,1.22,yes,5,5,yes,1.00,1,yes,1.00,1,yes,1.00,1.0,1.00,yes,A[Jonas] B[Brothers] C[so] D[priredili] E[dve] F[uspešnici] G[britanske] H[glasbene] I[skupine] J[Busted] K[–] L[»]M[Year] N[3000]O[«] P[in] Q[»]R[What] S[I] T[Go] U[to] V[School] W[For]X[«]Y[.] ,(Jonas >flat Brothers) <nsubj so <aux priredili >obj (dve <nummod uspešnici >nmod (britanske <amod glasbene <amod skupine >nmod Busted) >appos (– <punct » <punct Year >nummod 3000 >punct « >conj (in <cc » <punct What >flat I >flat Go >flat to >flat School >flat For >punct «))) >punct .,
1186,elexiswsd1.1757.sl.132583,Dobitniki nagrade EBBA nastopijo v živo na prireditvi in na festivalu.,12,12,yes,1.90,1.9,1.90,yes,1.20,1.2025858408845735,1.20,yes,4,4,yes,1.00,1,yes,1.00,1,yes,1.00,1.0,1.00,yes,A[Dobitniki] B[nagrade] C[EBBA] D[nastopijo] E[v] F[živo] G[na] H[prireditvi] I[in] J[na] K[festivalu]L[.] ,(Dobitniki >nmod (nagrade >nmod EBBA)) <nsubj nastopijo >obl (v <case živo) >obl (na <case prireditvi >conj (in <cc na <case festivalu)) >punct .,
1187,elexiswsd1.1758.sl.132584,"Zdi se, da so se ukvarjali s peko kruha.",11,11,yes,2.12,2.125,2.12,yes,0.29,0.28594896846353784,0.29,yes,4,4,yes,2.00,2,yes,1.00,1,yes,2.00,2.0,2.00,yes,"A[Zdi] B[se]C[,] D[da] E[so] F[se] G[ukvarjali] H[s] I[peko] J[kruha]K[.] ","Zdi >expl se >csubj (, <punct da <mark so <aux se <expl ukvarjali >obl (s <case peko >nmod kruha)) >punct .",
1188,elexiswsd1.1759.sl.132585,Obe zastavi morata biti na isti višini in enake velikosti.,11,11,yes,1.67,1.6666666666666667,1.67,yes,1.14,1.1370928092361738,1.14,yes,5,5,yes,2.00,2,yes,1.00,1,yes,2.00,2.0,2.00,yes,A[Obe] B[zastavi] C[morata] D[biti] E[na] F[isti] G[višini] H[in] I[enake] J[velikosti]K[.] ,(Obe <det zastavi) <nsubj morata >xcomp (biti >obl (na <case isti <det višini >conj (in <cc enake <det velikosti))) >punct .,
1189,elexiswsd1.1760.sl.132586,"Da bi ponovno osvojil Španijo, je Napoleon proti Madridu korakal s 40.000 možmi.",15,15,yes,2.42,2.4166666666666665,2.42,yes,1.56,1.5590117810947117,1.56,yes,3,3,yes,2.00,2,yes,1.00,1,yes,2.00,2.0,2.00,yes,"A[Da] B[bi] C[ponovno] D[osvojil] E[Španijo]F[,] G[je] H[Napoleon] I[proti] J[Madridu] K[korakal] L[s] M[40.000] N[možmi]O[.] ","(Da <mark bi <aux ponovno <advmod osvojil >obj Španijo >punct ,) <advcl je <aux Napoleon <nsubj (proti <case Madridu) <obl korakal >obl (s <case 40.000 <nummod možmi) >punct .",
1190,elexiswsd1.1761.sl.132587,"Drugi lokusi, na primer HLA-C554 in HLA-DRB1*11, so pokazali zaščitni učinek.",20,20,yes,3.08,3.076923076923077,3.08,yes,1.58,1.5751512541064767,1.58,yes,6,6,yes,1.00,1,yes,1.00,1,yes,1.00,1.0,1.00,yes,"A[Drugi] B[lokusi]C[,] D[na] E[primer] F[HLA]G[-]H[C554] I[in] J[HLA]K[-]L[DRB1]M[*]N[11]O[,] P[so] Q[pokazali] R[zaščitni] S[učinek]T[.] ","(Drugi <amod lokusi >appos (, <punct (na >fixed primer) <cc HLA >conj (- <punct C554) >conj (in <cc HLA >conj (- <punct DRB1) >nummod (* <punct 11)) >punct ,)) <nsubj so <aux pokazali >obj (zaščitni <amod učinek) >punct .",
1191,elexiswsd1.1762.sl.132588,"Svet se je moral skrbno premikati med Nemci, katerih čete so bile prisotne v Litvi, in zahtevami Litovcev.",21,21,yes,2.53,2.5294117647058822,2.53,yes,1.18,1.181767080950707,1.18,yes,6,6,yes,3.00,3,yes,1.00,1,yes,3.00,3.0,3.00,yes,"A[Svet] B[se] C[je] D[moral] E[skrbno] F[premikati] G[med] H[Nemci]I[,] J[katerih] K[čete] L[so] M[bile] N[prisotne] O[v] P[Litvi]Q[,] R[in] S[zahtevami] T[Litovcev]U[.] ","Svet <nsubj je <aux moral >xcomp (se <expl skrbno <advmod premikati >obl (med <case Nemci >acl (, <punct (katerih <det čete) <nsubj so <aux bile <cop prisotne >obl (v <case Litvi) >punct ,) >conj (in <cc zahtevami >nmod Litovcev))) >punct .",
1192,elexiswsd1.1763.sl.132589,"Tisti, ki je gluh, ne more slišati glasbe.",11,11,yes,2.43,2.4285714285714284,2.43,yes,1.13,1.125372650366672,1.13,yes,4,4,yes,3.00,3,yes,1.00,1,yes,3.00,3.0,3.00,yes,"A[Tisti]B[,] C[ki] D[je] E[gluh]F[,] G[ne] H[more] I[slišati] J[glasbe]K[.] ","(Tisti >acl (, <punct ki <mark je <cop gluh >punct ,)) <nsubj ne <advmod more >xcomp (slišati >obj glasbe) >punct .",
1193,elexiswsd1.1764.sl.132590,Njune hčerke so se poročile v številne zahodnoevropske kraljeve in knežje družine.,13,13,yes,3.18,3.1818181818181817,3.18,yes,0.85,0.8462138039251923,0.85,yes,5,5,yes,1.00,1,yes,1.00,1,yes,1.00,1.0,1.00,yes,A[Njune] B[hčerke] C[so] D[se] E[poročile] F[v] G[številne] H[zahodnoevropske] I[kraljeve] J[in] K[knežje] L[družine]M[.] ,(Njune <det hčerke) <nsubj so <aux se <expl poročile >obl (v <case številne <amod zahodnoevropske <amod (kraljeve >conj (in <cc knežje)) <amod družine) >punct .,
1194,elexiswsd1.1765.sl.132591,Nekateri so tekmovali v različnih težnostnih kategorijah.,8,8,yes,2.17,2.1666666666666665,2.17,yes,0.67,0.6719959907146005,0.67,yes,3,3,yes,1.00,1,yes,1.00,1,yes,1.00,1.0,1.00,yes,A[Nekateri] B[so] C[tekmovali] D[v] E[različnih] F[težnostnih] G[kategorijah]H[.] ,Nekateri <nsubj so <aux tekmovali >obl (v <case različnih <amod težnostnih <amod kategorijah) >punct .,
1195,elexiswsd1.1766.sl.132592,Višji sesalci so ena najuspešnejših živalskih skupin.,8,8,yes,1.67,1.6666666666666667,1.67,yes,1.08,1.078201291407982,1.08,yes,3,3,yes,1.00,1,yes,1.00,1,yes,1.00,1.0,1.00,yes,A[Višji] B[sesalci] C[so] D[ena] E[najuspešnejših] F[živalskih] G[skupin]H[.] ,(Višji <amod sesalci) <nsubj so <cop ena >nmod (najuspešnejših <amod živalskih <amod skupin) >punct .,
1196,elexiswsd1.1767.sl.132593,V Evropi ga uporabljajo povsod razen na Islandiji.,9,9,yes,1.71,1.7142857142857142,1.71,yes,1.13,1.127105754354915,1.13,yes,3,3,yes,1.00,1,yes,1.00,1,yes,1.00,1.0,1.00,yes,A[V] B[Evropi] C[ga] D[uporabljajo] E[povsod] F[razen] G[na] H[Islandiji]I[.] ,(V <case Evropi) <obl ga <obj uporabljajo >advmod povsod >obl (razen <cc na <case Islandiji) >punct .,
1197,elexiswsd1.1768.sl.132594,"To je znano kot geocentrični model vesolja ali Ptolemejski sistem, ki je poimenovan po Ptolemeju.",17,17,yes,1.93,1.9285714285714286,1.93,yes,1.21,1.2120552727526137,1.21,yes,6,6,yes,2.00,2,yes,1.00,1,yes,2.00,2.0,2.00,yes,"A[To] B[je] C[znano] D[kot] E[geocentrični] F[model] G[vesolja] H[ali] I[Ptolemejski] J[sistem]K[,] L[ki] M[je] N[poimenovan] O[po] P[Ptolemeju]Q[.] ","To <nsubj je <cop znano >obl (kot <case geocentrični <amod model >nmod vesolja >conj (ali <cc Ptolemejski <amod sistem >acl (, <punct ki <mark je <cop poimenovan >obl (po <case Ptolemeju)))) >punct .",
1198,elexiswsd1.1769.sl.132595,Departma Essonne je bil ustanovljen 1. januarja 1968 iz južnega dela nekdanjega departmaja Seine-et-Oise.,19,19,yes,2.07,2.066666666666667,2.07,yes,1.43,1.432807053385219,1.43,yes,5,5,yes,1.00,1,yes,1.00,1,yes,1.00,1.0,1.00,yes,A[Departma] B[Essonne] C[je] D[bil] E[ustanovljen] F[1.] G[januarja] H[1968] I[iz] J[južnega] K[dela] L[nekdanjega] M[departmaja] N[Seine]O[-]P[et]Q[-]R[Oise]S[.] ,(Departma >nmod Essonne) <nsubj je <aux bil <cop ustanovljen >obl (1. <nummod januarja >nummod 1968) >obl (iz <case južnega <amod dela >nmod (nekdanjega <amod departmaja >nmod (Seine >punct - >flat et >punct - >nmod Oise))) >punct .,
1199,elexiswsd1.1770.sl.132596,"Kozmonavt Aleksej Arhipovič Leonov za 12 minut zapusti plovilo Voshod 2 in postane prvi človek, ki se sprehaja po vesolju.",22,22,yes,1.95,1.9473684210526316,1.95,yes,1.85,1.8454613269453541,1.85,yes,6,6,yes,3.00,3,yes,2.00,2,yes,1.50,1.5,1.50,yes,"A[Kozmonavt] B[Aleksej] C[Arhipovič] D[Leonov] E[za] F[12] G[minut] H[zapusti] I[plovilo] J[Voshod] K[2] L[in] M[postane] N[prvi] O[človek]P[,] Q[ki] R[se] S[sprehaja] T[po] U[vesolju]V[.] ","(Kozmonavt >nmod (Aleksej >flat Arhipovič >flat Leonov)) <nsubj (za <case 12 <nummod minut) <obl zapusti >obj (plovilo >nmod (Voshod >nummod 2)) >conj (in <cc postane >xcomp (prvi <amod človek >acl (, <punct ki <mark se <expl sprehaja >obl (po <case vesolju)))) >punct .",
1200,elexiswsd1.1771.sl.132597,Pri primarni TB (pri okoli 1–5 % primerov) pride do tega po začetni okužbi.,19,19,yes,3.07,3.0714285714285716,3.07,yes,1.48,1.4798605574600938,1.48,yes,6,6,yes,1.00,1,yes,1.00,1,yes,1.00,1.0,1.00,yes,A[Pri] B[primarni] C[TB] D[(]E[pri] F[okoli] G[1]H[–]I[5] J[%] K[primerov]L[)] M[pride] N[do] O[tega] P[po] Q[začetni] R[okužbi]S[.] ,(Pri <case primarni <amod TB >appos (( <punct pri <case (okoli <advmod 1 >conj (– <punct 5)) <nummod % >nmod primerov >punct ))) <obl pride >obl (do <case tega) >obl (po <case začetni <amod okužbi) >punct .,
1201,elexiswsd1.1772.sl.132598,Ta glotalna zapora ni nikoli zapisana na začetku besede.,10,10,yes,1.62,1.625,1.62,yes,1.45,1.4500926896722446,1.45,yes,3,3,yes,1.00,1,yes,1.00,1,yes,1.00,1.0,1.00,yes,A[Ta] B[glotalna] C[zapora] D[ni] E[nikoli] F[zapisana] G[na] H[začetku] I[besede]J[.] ,(Ta <det glotalna <amod zapora) <nsubj ni <cop nikoli <advmod zapisana >obl (na <case začetku >nmod besede) >punct .,
1202,elexiswsd1.1773.sl.132599,"Glavni povzročitelj obeh vrst obolenja je Escherichia coli, v redkih primerih pa tudi druge bakterije, virusi ali glive.",21,21,yes,2.88,2.8823529411764706,2.88,yes,0.70,0.7045733082536703,0.70,yes,4,4,yes,1.00,1,yes,1.00,1,yes,1.00,1.0,1.00,yes,"A[Glavni] B[povzročitelj] C[obeh] D[vrst] E[obolenja] F[je] G[Escherichia] H[coli]I[,] J[v] K[redkih] L[primerih] M[pa] N[tudi] O[druge] P[bakterije]Q[,] R[virusi] S[ali] T[glive]U[.] ","Glavni <amod povzročitelj >nmod (obeh <det vrst >nmod obolenja) >cop je >nsubj (Escherichia >flat coli) >parataxis (, <punct (v <case redkih <amod primerih) <orphan pa <orphan tudi <advmod druge <amod bakterije >conj (, <punct virusi) >conj (ali <cc glive)) >punct .",
1203,elexiswsd1.1774.sl.132600,Primer tega je programski jezik Java.,7,7,yes,1.80,1.8,1.80,yes,0.22,0.2169322913149312,0.22,yes,3,3,yes,1.00,1,yes,1.00,1,yes,1.00,1.0,1.00,yes,A[Primer] B[tega] C[je] D[programski] E[jezik] F[Java]G[.] ,Primer >nmod tega >cop je >nsubj (programski <amod jezik >nmod Java) >punct .,
1204,elexiswsd1.1775.sl.132601,"Temelji na standardu, ki ga je v Atenah leta 1912 uvedel Kongres orientalistov.",15,15,yes,3.25,3.25,3.25,yes,0.06,0.06379832855235404,0.06,yes,5,5,yes,2.00,2,yes,1.00,1,yes,2.00,2.0,2.00,yes,"A[Temelji] B[na] C[standardu]D[,] E[ki] F[ga] G[je] H[v] I[Atenah] J[leta] K[1912] L[uvedel] M[Kongres] N[orientalistov]O[.] ","Temelji >obl (na <case standardu >acl (, <punct ki <mark ga <obj je <aux (v <case Atenah) <obl (leta >nummod 1912) <obl uvedel >nsubj (Kongres >nmod orientalistov))) >punct .",
1205,elexiswsd1.1776.sl.132602,"Predstavniki vlade in protivladnih upornikov v Gvatemali podpišejo sporazum, s katerim končajo 36 let trajajočo državljansko vojno.",19,19,yes,2.31,2.3125,2.31,yes,1.59,1.5876859415553655,1.59,yes,7,7,yes,2.00,2,yes,1.00,1,yes,2.00,2.0,2.00,yes,"A[Predstavniki] B[vlade] C[in] D[protivladnih] E[upornikov] F[v] G[Gvatemali] H[podpišejo] I[sporazum]J[,] K[s] L[katerim] M[končajo] N[36] O[let] P[trajajočo] Q[državljansko] R[vojno]S[.] ","(Predstavniki >nmod (vlade >conj (in <cc protivladnih <amod upornikov) >nmod (v <case Gvatemali))) <nsubj podpišejo >obj (sporazum >acl (, <punct (s <case katerim) <obl končajo >obj (((36 <nummod let) <nmod trajajočo) <amod državljansko <amod vojno))) >punct .",
1206,elexiswsd1.1777.sl.132603,Generalna skupščina Organizacije združenih narodov sprejme Splošno deklaracijo človekovih pravic.,11,11,yes,1.67,1.6666666666666667,1.67,yes,1.48,1.4836663995161465,1.48,yes,5,5,yes,1.00,1,yes,1.00,1,yes,1.00,1.0,1.00,yes,A[Generalna] B[skupščina] C[Organizacije] D[združenih] E[narodov] F[sprejme] G[Splošno] H[deklaracijo] I[človekovih] J[pravic]K[.] ,(Generalna <amod skupščina >nmod (Organizacije >nmod (združenih <amod narodov))) <nsubj sprejme >obj (Splošno <amod deklaracijo >nmod (človekovih <amod pravic)) >punct .,
1207,elexiswsd1.1778.sl.132604,Vprašanje je bolj zapleteno za duhovnike.,7,7,yes,1.80,1.8,1.80,yes,0.91,0.9100794718748765,0.91,yes,3,3,yes,1.00,1,yes,1.00,1,yes,1.00,1.0,1.00,yes,A[Vprašanje] B[je] C[bolj] D[zapleteno] E[za] F[duhovnike]G[.] ,Vprašanje <nsubj je <cop bolj <advmod zapleteno >obl (za <case duhovnike) >punct .,
1208,elexiswsd1.1779.sl.132605,"Zakon, ki je Hitlerju zakonito podelil diktatorska pooblastila, je bil sprejet 23. marca 1933.",17,17,yes,2.92,2.923076923076923,2.92,yes,1.49,1.4923125551966878,1.49,yes,5,5,yes,2.00,2,yes,1.00,1,yes,2.00,2.0,2.00,yes,"A[Zakon]B[,] C[ki] D[je] E[Hitlerju] F[zakonito] G[podelil] H[diktatorska] I[pooblastila]J[,] K[je] L[bil] M[sprejet] N[23.] O[marca] P[1933]Q[.] ","(Zakon >acl (, <punct ki <mark je <aux Hitlerju <iobj zakonito <advmod podelil >obj (diktatorska <amod pooblastila) >punct ,)) <nsubj je <aux bil <cop sprejet >obl (23. <nummod marca >nummod 1933) >punct .",
1209,elexiswsd1.1780.sl.132606,Ne podpira formata OpenDocument.,5,5,yes,1.00,1.0,1.00,yes,0.90,0.8958797346140274,0.90,yes,3,3,yes,1.00,1,yes,1.00,1,yes,1.00,1.0,1.00,yes,A[Ne] B[podpira] C[formata] D[OpenDocument]E[.] ,Ne <advmod podpira >obj (formata >nmod OpenDocument) >punct .,
1210,elexiswsd1.1781.sl.132607,Rimski koledar je bil oblikovan okrog verskih obredov.,9,9,yes,1.86,1.8571428571428572,1.86,yes,1.16,1.1586348223384833,1.16,yes,3,3,yes,1.00,1,yes,1.00,1,yes,1.00,1.0,1.00,yes,A[Rimski] B[koledar] C[je] D[bil] E[oblikovan] F[okrog] G[verskih] H[obredov]I[.] ,(Rimski <amod koledar) <nsubj je <aux bil <cop oblikovan >obl (okrog <case verskih <amod obredov) >punct .,
1211,elexiswsd1.1782.sl.132608,"Vsebuje metodo za določanje približka korena enačbe, ki jo danes poznamo kot Newton–Raphsonovo metodo.",18,18,yes,2.64,2.642857142857143,2.64,yes,0.35,0.34766808177866354,0.35,yes,7,7,yes,2.00,2,yes,1.00,1,yes,2.00,2.0,2.00,yes,"A[Vsebuje] B[metodo] C[za] D[določanje] E[približka] F[korena] G[enačbe]H[,] I[ki] J[jo] K[danes] L[poznamo] M[kot] N[Newton]O[–]P[Raphsonovo] Q[metodo]R[.] ","Vsebuje >obj (metodo >nmod (za <case določanje >nmod (približka >nmod (korena >nmod enačbe))) >acl (, <punct ki <mark jo <obj danes <advmod poznamo >obl (kot <case (Newton >conj (– <punct Raphsonovo)) <nmod metodo))) >punct .",
1212,elexiswsd1.1783.sl.132609,"Gre za vsoto točk, ki ji je dodeljenih pet dejavnikov: stopnja zavesti, cianoza, stridor, vstop zraka in retrakcija.",24,24,yes,2.88,2.8823529411764706,2.88,yes,0.36,0.3579997179736975,0.36,yes,7,7,yes,2.00,2,yes,1.00,1,yes,2.00,2.0,2.00,yes,"A[Gre] B[za] C[vsoto] D[točk]E[,] F[ki] G[ji] H[je] I[dodeljenih] J[pet] K[dejavnikov]L[:] M[stopnja] N[zavesti]O[,] P[cianoza]Q[,] R[stridor]S[,] T[vstop] U[zraka] V[in] W[retrakcija]X[.] ","Gre >obl (za <case vsoto >nmod točk >acl (, <punct ki <mark ji <iobj je <cop dodeljenih >nsubj (pet <nummod dejavnikov >appos (: <punct stopnja >nmod zavesti >conj (, <punct cianoza) >conj (, <punct stridor) >conj (, <punct vstop >nmod zraka) >conj (in <cc retrakcija))))) >punct .",
1213,elexiswsd1.1784.sl.132610,"Leta 1988 se je začelo s cepljenjem otrok proti Haemophilus influenzae tipa B, kar je kmalu potem privedlo do močnega upada števila obolelih.",25,25,yes,2.32,2.3181818181818183,2.32,yes,1.51,1.5094570035301982,1.51,yes,5,5,yes,2.00,2,yes,2.00,2,yes,1.00,1.0,1.00,yes,"A[Leta] B[1988] C[se] D[je] E[začelo] F[s] G[cepljenjem] H[otrok] I[proti] J[Haemophilus] K[influenzae] L[tipa] M[B]N[,] O[kar] P[je] Q[kmalu] R[potem] S[privedlo] T[do] U[močnega] V[upada] W[števila] X[obolelih]Y[.] ","(Leta >nummod 1988) <obl se <expl je <aux začelo >obl (s <case cepljenjem >nmod otrok >nmod (proti <case Haemophilus >flat influenzae >nmod (tipa >nmod B))) >parataxis (, <punct kar <nsubj je <aux (kmalu <advmod potem) <advmod privedlo >obl (do <case močnega <amod upada >nmod (števila >nmod obolelih))) >punct .",
1214,elexiswsd1.1785.sl.132611,Zakonik je vseboval burgundsko običajno pravo in je značilen germanski zakonik iz tistega obdobja.,15,15,yes,2.54,2.5384615384615383,2.54,yes,0.90,0.9002226190598798,0.90,yes,4,4,yes,2.00,2,yes,2.00,2,yes,1.00,1.0,1.00,yes,A[Zakonik] B[je] C[vseboval] D[burgundsko] E[običajno] F[pravo] G[in] H[je] I[značilen] J[germanski] K[zakonik] L[iz] M[tistega] N[obdobja]O[.] ,Zakonik <nsubj je <aux vseboval >obj (burgundsko <amod običajno <amod pravo) >conj (in <cc je <cop značilen <amod germanski <amod zakonik >nmod (iz <case tistega <det obdobja)) >punct .,
1215,elexiswsd1.1786.sl.132612,"Če bi prišlo do inflacije, bi bila velika območja vesolja zaradi eksponentne širitve potisnjena onkraj našega vidnega obzorja.",20,20,yes,3.18,3.176470588235294,3.18,yes,1.61,1.6148610700711548,1.61,yes,4,4,yes,2.00,2,yes,1.00,1,yes,2.00,2.0,2.00,yes,"A[Če] B[bi] C[prišlo] D[do] E[inflacije]F[,] G[bi] H[bila] I[velika] J[območja] K[vesolja] L[zaradi] M[eksponentne] N[širitve] O[potisnjena] P[onkraj] Q[našega] R[vidnega] S[obzorja]T[.] ","(Če <mark bi <aux prišlo >obl (do <case inflacije) >punct ,) <advcl bi <aux bila <cop (velika <amod območja >nmod vesolja) <nsubj (zaradi <case eksponentne <amod širitve) <obl potisnjena >obl (onkraj <case našega <det vidnega <amod obzorja) >punct .",
1216,elexiswsd1.1787.sl.132613,Delitev Gotov je prvič omenjena leta 291.,8,8,yes,1.67,1.6666666666666667,1.67,yes,1.19,1.189773067065087,1.19,yes,3,3,yes,1.00,1,yes,1.00,1,yes,1.00,1.0,1.00,yes,A[Delitev] B[Gotov] C[je] D[prvič] E[omenjena] F[leta] G[291]H[.] ,(Delitev >nmod Gotov) <nsubj je <cop prvič <advmod omenjena >obl (leta >nummod 291) >punct .,
1217,elexiswsd1.1788.sl.132614,Leta 2008 bo podjetje WestNet zgradilo nakladalno točko za promet z železno rudo.,14,14,yes,2.00,2.0,2.00,yes,1.45,1.4451858789480823,1.45,yes,5,5,yes,1.00,1,yes,1.00,1,yes,1.00,1.0,1.00,yes,A[Leta] B[2008] C[bo] D[podjetje] E[WestNet] F[zgradilo] G[nakladalno] H[točko] I[za] J[promet] K[z] L[železno] M[rudo]N[.] ,(Leta >nummod 2008) <obl bo <aux (podjetje >nmod WestNet) <nsubj zgradilo >obj (nakladalno <amod točko >nmod (za <case promet >nmod (z <case železno <amod rudo))) >punct .,
1218,elexiswsd1.1789.sl.132615,"Ko pridejo do poslednjih vrat, ugotovijo, da so jih zaklenili s ključavnico.",15,15,yes,2.36,2.3636363636363638,2.36,yes,1.31,1.3117014457037304,1.31,yes,4,4,yes,3.00,3,yes,1.00,1,yes,3.00,3.0,3.00,yes,"A[Ko] B[pridejo] C[do] D[poslednjih] E[vrat]F[,] G[ugotovijo]H[,] I[da] J[so] K[jih] L[zaklenili] M[s] N[ključavnico]O[.] ","(Ko <mark pridejo >obl (do <case poslednjih <amod vrat) >punct ,) <advcl ugotovijo >ccomp (, <punct da <mark so <aux jih <obj zaklenili >obl (s <case ključavnico)) >punct .",
1219,elexiswsd1.1790.sl.132616,Ljudje imajo pravico zaprositi varuha človekovih pravic za posredovanje.,10,10,yes,1.62,1.625,1.62,yes,0.90,0.9007865453381898,0.90,yes,6,6,yes,2.00,2,yes,1.00,1,yes,2.00,2.0,2.00,yes,A[Ljudje] B[imajo] C[pravico] D[zaprositi] E[varuha] F[človekovih] G[pravic] H[za] I[posredovanje]J[.] ,Ljudje <nsubj imajo >obj (pravico >acl (zaprositi >obj (varuha >nmod (človekovih <amod pravic)) >obl (za <case posredovanje))) >punct .,
1220,elexiswsd1.1791.sl.132617,Njeni starši so aktivni člani lokalne republikanske politične stranke.,10,10,yes,2.12,2.125,2.12,yes,1.09,1.0906679246805882,1.09,yes,3,3,yes,1.00,1,yes,1.00,1,yes,1.00,1.0,1.00,yes,A[Njeni] B[starši] C[so] D[aktivni] E[člani] F[lokalne] G[republikanske] H[politične] I[stranke]J[.] ,(Njeni <det starši) <nsubj so <cop aktivni <amod člani >nmod (lokalne <amod republikanske <amod politične <amod stranke) >punct .,
1221,elexiswsd1.1792.sl.132618,"Ker se spektri takšnih zvezd zaradi Dopplerjevega pojava spreminjajo, se imenujejo spektroskopska dvozvezdja.",15,15,yes,2.92,2.9166666666666665,2.92,yes,1.41,1.414465238086587,1.41,yes,5,5,yes,2.00,2,yes,1.00,1,yes,2.00,2.0,2.00,yes,"A[Ker] B[se] C[spektri] D[takšnih] E[zvezd] F[zaradi] G[Dopplerjevega] H[pojava] I[spreminjajo]J[,] K[se] L[imenujejo] M[spektroskopska] N[dvozvezdja]O[.] ","(Ker <mark se <expl (spektri >nmod (takšnih <det zvezd)) <nsubj (zaradi <case Dopplerjevega <amod pojava) <obl spreminjajo >punct ,) <advcl se <expl imenujejo >obl (spektroskopska <amod dvozvezdja) >punct .",
1222,elexiswsd1.1793.sl.132619,"Herz je verjel v slogovno obnovo, vendar jo je izvajal zmerno, z mero dobrega okusa in zdrave pameti.",21,21,yes,2.18,2.176470588235294,2.18,yes,1.19,1.1882082477741547,1.19,yes,7,7,yes,2.00,2,yes,2.00,2,yes,1.00,1.0,1.00,yes,"A[Herz] B[je] C[verjel] D[v] E[slogovno] F[obnovo]G[,] H[vendar] I[jo] J[je] K[izvajal] L[zmerno]M[,] N[z] O[mero] P[dobrega] Q[okusa] R[in] S[zdrave] T[pameti]U[.] ","Herz <nsubj je <aux verjel >obl (v <case slogovno <amod obnovo) >conj (, <punct vendar <cc jo <obj je <aux izvajal >advmod (zmerno >appos (, <punct z <case mero >nmod (dobrega <amod okusa >conj (in <cc zdrave <amod pameti))))) >punct .",
1223,elexiswsd1.1794.sl.132620,"Da bi Nemčija Osmanskemu cesarstvu preprečila pridružitev antanti, je spodbudila Romunijo in Bolgarijo, da se pridružita centralnim silam.",21,21,yes,2.29,2.2941176470588234,2.29,yes,1.79,1.785206006353863,1.79,yes,4,4,yes,3.00,3,yes,1.00,1,yes,3.00,3.0,3.00,yes,"A[Da] B[bi] C[Nemčija] D[Osmanskemu] E[cesarstvu] F[preprečila] G[pridružitev] H[antanti]I[,] J[je] K[spodbudila] L[Romunijo] M[in] N[Bolgarijo]O[,] P[da] Q[se] R[pridružita] S[centralnim] T[silam]U[.] ","(Da <mark bi <aux Nemčija <nsubj (Osmanskemu <amod cesarstvu) <iobj preprečila >obj (pridružitev >nmod antanti) >punct ,) <advcl je <aux spodbudila >iobj (Romunijo >conj (in <cc Bolgarijo)) >ccomp (, <punct da <mark se <expl pridružita >iobj (centralnim <amod silam)) >punct .",
1224,elexiswsd1.1795.sl.132621,"Leon je poskušal ponovno osvojiti severno Afriko, ki so jo zasedli Vandali, vendar mu to ni uspelo.",20,20,yes,2.94,2.9375,2.94,yes,0.86,0.8580416259836681,0.86,yes,5,5,yes,4.00,4,yes,2.00,2,yes,2.00,2.0,2.00,yes,"A[Leon] B[je] C[poskušal] D[ponovno] E[osvojiti] F[severno] G[Afriko]H[,] I[ki] J[so] K[jo] L[zasedli] M[Vandali]N[,] O[vendar] P[mu] Q[to] R[ni] S[uspelo]T[.] ","Leon <nsubj je <aux poskušal >xcomp (ponovno <advmod osvojiti >obj (severno <amod Afriko >acl (, <punct ki <mark so <aux jo <obj zasedli >nsubj Vandali >punct ,))) >conj (vendar <cc mu <obj to <nsubj ni <aux uspelo) >punct .",
1225,elexiswsd1.1796.sl.132622,"Četudi je nekaj starejših mineralnih zrn dokazano iz geološkega obdobja had, so najstarejše kamnine na Zemljinem površju iz obdobja arhaika.",22,22,yes,2.89,2.8947368421052633,2.89,yes,1.69,1.691799962247958,1.69,yes,4,4,yes,2.00,2,yes,1.00,1,yes,2.00,2.0,2.00,yes,"A[Četudi] B[je] C[nekaj] D[starejših] E[mineralnih] F[zrn] G[dokazano] H[iz] I[geološkega] J[obdobja] K[had]L[,] M[so] N[najstarejše] O[kamnine] P[na] Q[Zemljinem] R[površju] S[iz] T[obdobja] U[arhaika]V[.] ","(Četudi <mark je >nsubj (nekaj <det starejših <amod mineralnih <amod zrn) >obl (dokazano <advmod iz <case geološkega <amod obdobja >nmod had) >punct ,) <advcl so >nsubj (najstarejše <amod kamnine >nmod (na <case Zemljinem <amod površju)) >obl (iz <case obdobja >nmod arhaika) >punct .",
1226,elexiswsd1.1797.sl.132623,"Še en dirigent, ki je nanj naredil močan vtis, je bil Hans Knappertsbusch.",16,16,yes,3.92,3.9166666666666665,3.92,yes,0.43,0.4265185173059967,0.43,yes,4,4,yes,2.00,2,yes,1.00,1,yes,2.00,2.0,2.00,yes,"A[Še] B[en] C[dirigent]D[,] E[ki] F[je] G[nanj] H[naredil] I[močan] J[vtis]K[,] L[je] M[bil] N[Hans] O[Knappertsbusch]P[.] ","(Še <advmod en) <nummod dirigent >acl (, <punct ki <mark je <aux nanj <obl naredil >obj (močan <amod vtis) >punct ,) >aux je >cop bil >nsubj (Hans >flat Knappertsbusch) >punct .",
1227,elexiswsd1.1798.sl.132624,"V preteklosti so bile zelenjavne jedi bistvenega pomena, toda poraba mesa se je povečala.",16,16,yes,3.08,3.076923076923077,3.08,yes,1.20,1.1982653529182867,1.20,yes,4,4,yes,2.00,2,yes,2.00,2,yes,1.00,1.0,1.00,yes,"A[V] B[preteklosti] C[so] D[bile] E[zelenjavne] F[jedi] G[bistvenega] H[pomena]I[,] J[toda] K[poraba] L[mesa] M[se] N[je] O[povečala]P[.] ","(V <case preteklosti) <obl so <aux bile <cop (zelenjavne <amod jedi) <nsubj bistvenega <amod pomena >conj (, <punct toda <cc (poraba >nmod mesa) <nsubj se <expl je <aux povečala) >punct .",
1228,elexiswsd1.1799.sl.132625,Najstarejša knjiga je Sveto pismo v latinščini iz leta 1491.,11,11,yes,1.78,1.7777777777777777,1.78,yes,1.33,1.327967099981598,1.33,yes,3,3,yes,1.00,1,yes,1.00,1,yes,1.00,1.0,1.00,yes,A[Najstarejša] B[knjiga] C[je] D[Sveto] E[pismo] F[v] G[latinščini] H[iz] I[leta] J[1491]K[.] ,(Najstarejša <amod knjiga) <nsubj je <cop Sveto <amod pismo >nmod (v <case latinščini) >nmod (iz <case leta >nummod 1491) >punct .,
1229,elexiswsd1.1800.sl.132626,"Državi z največjim absolutnim številom samomorov sta Kitajska in Indija, v katerih se zgodi več kot polovica vseh samomorov.",21,21,yes,2.33,2.3333333333333335,2.33,yes,1.64,1.6376087894007967,1.64,yes,5,5,yes,2.00,2,yes,1.00,1,yes,2.00,2.0,2.00,yes,"A[Državi] B[z] C[največjim] D[absolutnim] E[številom] F[samomorov] G[sta] H[Kitajska] I[in] J[Indija]K[,] L[v] M[katerih] N[se] O[zgodi] P[več] Q[kot] R[polovica] S[vseh] T[samomorov]U[.] ","(Državi >nmod (z <case največjim <amod absolutnim <amod številom >nmod samomorov)) <nsubj sta <cop Kitajska >conj (in <cc Indija) >acl (, <punct (v <case katerih) <obl se <expl zgodi >nsubj ((več >fixed kot) <advmod polovica >nmod (vseh <det samomorov))) >punct .",
1230,elexiswsd1.1801.sl.132627,"Kot njegov predhodnik je Windows 98 hibridni 16- in 32-bitni monoliten izdelek, ki temelji na kodi MS-DOS.",24,24,yes,3.72,3.7222222222222223,3.72,yes,1.48,1.4848901180043859,1.48,yes,6,6,yes,2.00,2,yes,1.00,1,yes,2.00,2.0,2.00,yes,"A[Kot] B[njegov] C[predhodnik] D[je] E[Windows] F[98] G[hibridni] H[16]I[-] J[in] K[32]L[-]M[bitni] N[monoliten] O[izdelek]P[,] Q[ki] R[temelji] S[na] T[kodi] U[MS]V[-]W[DOS]X[.] ","(Kot <case njegov <det predhodnik) <obl je <cop (Windows >nummod 98) <nsubj hibridni <amod ((16 >conj (- <punct in <cc 32)) <nummod - <punct bitni) <amod monoliten <amod izdelek >acl (, <punct ki <mark temelji >obl (na <case kodi >nmod (MS >nmod (- <punct DOS)))) >punct .",
1231,elexiswsd1.1802.sl.132628,Klub je bil ustanovljen 22. maja 1898 kot NK Olympia Darmstadt.,12,12,yes,1.80,1.8,1.80,yes,1.26,1.2566530621548493,1.26,yes,4,4,yes,1.00,1,yes,1.00,1,yes,1.00,1.0,1.00,yes,A[Klub] B[je] C[bil] D[ustanovljen] E[22.] F[maja] G[1898] H[kot] I[NK] J[Olympia] K[Darmstadt]L[.] ,Klub <nsubj je <aux bil <cop ustanovljen >obl (22. <nummod maja >nummod 1898) >obl (kot <case NK >nmod (Olympia >nmod Darmstadt)) >punct .,
1232,elexiswsd1.1803.sl.132629,"IRC je odprt protokol, ki uporablja TCP in včasih tudi TLS.",13,13,yes,2.20,2.2,2.20,yes,1.06,1.055982366692698,1.06,yes,4,4,yes,2.00,2,yes,1.00,1,yes,2.00,2.0,2.00,yes,"A[IRC] B[je] C[odprt] D[protokol]E[,] F[ki] G[uporablja] H[TCP] I[in] J[včasih] K[tudi] L[TLS]M[.] ","IRC <nsubj je <cop odprt <amod protokol >acl (, <punct ki <mark uporablja >obj TCP >conj (in <cc včasih <orphan tudi <advmod TLS)) >punct .",
1233,elexiswsd1.1804.sl.132630,"Peter Pan se je prvič pojavil v Barriejevem delu The Little White Bird, ki je bilo leta 1902 napisano za odrasle bralce.",24,24,yes,2.71,2.7142857142857144,2.71,yes,1.42,1.4196121233646117,1.42,yes,5,5,yes,2.00,2,yes,1.00,1,yes,2.00,2.0,2.00,yes,"A[Peter] B[Pan] C[se] D[je] E[prvič] F[pojavil] G[v] H[Barriejevem] I[delu] J[The] K[Little] L[White] M[Bird]N[,] O[ki] P[je] Q[bilo] R[leta] S[1902] T[napisano] U[za] V[odrasle] W[bralce]X[.] ","(Peter >flat Pan) <nsubj se <expl je <aux prvič <advmod pojavil >obl (v <case Barriejevem <amod delu >nmod (The >flat Little >flat White >flat Bird) >acl (, <punct ki <mark je <aux bilo <cop (leta >nummod 1902) <obl napisano >obl (za <case odrasle <amod bralce))) >punct .",
1234,elexiswsd1.1805.sl.132631,"Datum bitke, 15. junij, se na Danskem še vedno obeležuje kot Valdemarsdag (državni »dan zastave«).",22,22,yes,2.79,2.7857142857142856,2.79,yes,1.54,1.5374776731872417,1.54,yes,4,4,yes,1.00,1,yes,1.00,1,yes,1.00,1.0,1.00,yes,"A[Datum] B[bitke]C[,] D[15.] E[junij]F[,] G[se] H[na] I[Danskem] J[še] K[vedno] L[obeležuje] M[kot] N[Valdemarsdag] O[(]P[državni] Q[»]R[dan] S[zastave]T[«]U[)]V[.] ","(Datum >nmod bitke >appos (, <punct 15. <nummod junij >punct ,)) <nsubj se <expl (na <case Danskem) <obl še <advmod vedno <advmod obeležuje >obl (kot <case Valdemarsdag >appos (( <punct državni <amod » <punct dan >nmod zastave >punct « >punct ))) >punct .",
1235,elexiswsd1.1806.sl.132632,Člani skupine Monty Python so ga zelo občudovali.,9,9,yes,2.29,2.2857142857142856,2.29,yes,1.19,1.1859972721831067,1.19,yes,5,5,yes,1.00,1,yes,1.00,1,yes,1.00,1.0,1.00,yes,A[Člani] B[skupine] C[Monty] D[Python] E[so] F[ga] G[zelo] H[občudovali]I[.] ,(Člani >nmod (skupine >nmod (Monty >nmod Python))) <nsubj so <aux ga <obj zelo <advmod občudovali >punct .,
1236,elexiswsd1.1807.sl.132633,30 % vseh samomorov po svetu povzroči zastrupitev s pesticidi.,11,11,yes,1.78,1.7777777777777777,1.78,yes,1.50,1.4962032182922045,1.50,yes,5,5,yes,1.00,1,yes,1.00,1,yes,1.00,1.0,1.00,yes,A[30] B[%] C[vseh] D[samomorov] E[po] F[svetu] G[povzroči] H[zastrupitev] I[s] J[pesticidi]K[.] ,(30 <nummod % >nmod (vseh <det samomorov >nmod (po <case svetu))) <obj povzroči >nsubj (zastrupitev >nmod (s <case pesticidi)) >punct .,
1237,elexiswsd1.1808.sl.132634,Pri zmernem ali hudem poslabšanju se temu zdravljenju doda peroralno odmerjanje kortikosteroidov.,13,13,yes,2.09,2.090909090909091,2.09,yes,1.56,1.559960981936516,1.56,yes,5,5,yes,1.00,1,yes,1.00,1,yes,1.00,1.0,1.00,yes,A[Pri] B[zmernem] C[ali] D[hudem] E[poslabšanju] F[se] G[temu] H[zdravljenju] I[doda] J[peroralno] K[odmerjanje] L[kortikosteroidov]M[.] ,(Pri <case (zmernem >conj (ali <cc hudem)) <amod poslabšanju) <obl se <expl (temu <det zdravljenju) <iobj doda >nsubj (peroralno <amod odmerjanje >nmod kortikosteroidov) >punct .,
1238,elexiswsd1.1809.sl.132635,Vojna je privedla do številnih resnih premikov na jugoslovanski strani.,11,11,yes,2.11,2.111111111111111,2.11,yes,0.90,0.9007040311719434,0.90,yes,4,4,yes,1.00,1,yes,1.00,1,yes,1.00,1.0,1.00,yes,A[Vojna] B[je] C[privedla] D[do] E[številnih] F[resnih] G[premikov] H[na] I[jugoslovanski] J[strani]K[.] ,Vojna <nsubj je <aux privedla >obl (do <case številnih <amod resnih <amod premikov >nmod (na <case jugoslovanski <amod strani)) >punct .,
1239,elexiswsd1.1810.sl.132636,Pogon je na sprednjih kolesih.,6,6,yes,1.75,1.75,1.75,yes,0.48,0.48010498290449527,0.48,yes,3,3,yes,1.00,1,yes,1.00,1,yes,1.00,1.0,1.00,yes,A[Pogon] B[je] C[na] D[sprednjih] E[kolesih]F[.] ,Pogon <nsubj je >obl (na <case sprednjih <amod kolesih) >punct .,
1240,elexiswsd1.1811.sl.132637,Nagrado EBBA je uvedla Evropska komisija kot priznanje Evropske unije.,11,11,yes,1.78,1.7777777777777777,1.78,yes,1.22,1.2163953243244932,1.22,yes,4,4,yes,1.00,1,yes,1.00,1,yes,1.00,1.0,1.00,yes,A[Nagrado] B[EBBA] C[je] D[uvedla] E[Evropska] F[komisija] G[kot] H[priznanje] I[Evropske] J[unije]K[.] ,(Nagrado >nmod EBBA) <obj je <aux uvedla >nsubj (Evropska <amod komisija) >obl (kot <case priznanje >nmod (Evropske <amod unije)) >punct .,
1241,elexiswsd1.1812.sl.132638,Paviljon Arc stoji na meji med gozdom in poljem.,10,10,yes,1.50,1.5,1.50,yes,1.18,1.1835618070658083,1.18,yes,5,5,yes,1.00,1,yes,1.00,1,yes,1.00,1.0,1.00,yes,A[Paviljon] B[Arc] C[stoji] D[na] E[meji] F[med] G[gozdom] H[in] I[poljem]J[.] ,(Paviljon >nmod Arc) <nsubj stoji >obl (na <case meji >nmod (med <case gozdom >conj (in <cc poljem))) >punct .,
1242,elexiswsd1.1813.sl.132639,Zato so tudi zavrnili budizem in taoizem.,8,8,yes,1.67,1.6666666666666667,1.67,yes,1.08,1.078201291407982,1.08,yes,4,4,yes,1.00,1,yes,1.00,1,yes,1.00,1.0,1.00,yes,A[Zato] B[so] C[tudi] D[zavrnili] E[budizem] F[in] G[taoizem]H[.] ,Zato <cc so <aux tudi <advmod zavrnili >obj (budizem >conj (in <cc taoizem)) >punct .,
1243,elexiswsd1.1814.sl.132640,Njegovo zgodnje delo je pod vplivom ekspresionizma.,8,8,yes,1.33,1.3333333333333333,1.33,yes,1.30,1.3013448427221919,1.30,yes,3,3,yes,1.00,1,yes,1.00,1,yes,1.00,1.0,1.00,yes,A[Njegovo] B[zgodnje] C[delo] D[je] E[pod] F[vplivom] G[ekspresionizma]H[.] ,(Njegovo <det zgodnje <amod delo) <nsubj je >obl (pod <case vplivom >nmod ekspresionizma) >punct .,
1244,elexiswsd1.1815.sl.132641,"1 je najboljša ocena, 6 pa najslabša.",9,9,yes,2.17,2.1666666666666665,2.17,yes,0.82,0.815837026940491,0.82,yes,3,3,yes,1.00,1,yes,1.00,1,yes,1.00,1.0,1.00,yes,"A[1] B[je] C[najboljša] D[ocena]E[,] F[6] G[pa] H[najslabša]I[.] ","1 <nsubj je <cop najboljša <amod ocena >parataxis (, <punct 6 <nsubj pa <advmod najslabša) >punct .",
1245,elexiswsd1.1816.sl.132642,"Členi 40–50 urejajo ratifikacijo, začetek veljavnosti in spremembe konvencije.",13,13,yes,2.00,2.0,2.00,yes,1.21,1.2101840643252146,1.21,yes,5,5,yes,1.00,1,yes,1.00,1,yes,1.00,1.0,1.00,yes,"A[Členi] B[40]C[–]D[50] E[urejajo] F[ratifikacijo]G[,] H[začetek] I[veljavnosti] J[in] K[spremembe] L[konvencije]M[.] ","(Členi >nummod (40 >conj (– <punct 50))) <nsubj urejajo >obj (ratifikacijo >conj (, <punct začetek >nmod veljavnosti) >conj (in <cc spremembe >nmod konvencije)) >punct .",
1246,elexiswsd1.1817.sl.132643,Imel je tudi svojo založbo in knjigarno.,8,8,yes,1.83,1.8333333333333333,1.83,yes,0.29,0.2897439310437119,0.29,yes,4,4,yes,1.00,1,yes,1.00,1,yes,1.00,1.0,1.00,yes,A[Imel] B[je] C[tudi] D[svojo] E[založbo] F[in] G[knjigarno]H[.] ,Imel >aux je >obj (tudi <advmod svojo <det založbo >conj (in <cc knjigarno)) >punct .,
1247,elexiswsd1.1818.sl.132644,"V istem letu doživi osebno tragedijo, ko ji umre sin.",12,12,yes,1.89,1.8888888888888888,1.89,yes,1.16,1.1557707025080584,1.16,yes,3,3,yes,2.00,2,yes,1.00,1,yes,2.00,2.0,2.00,yes,"A[V] B[istem] C[letu] D[doživi] E[osebno] F[tragedijo]G[,] H[ko] I[ji] J[umre] K[sin]L[.] ","(V <case istem <det letu) <obl doživi >obj (osebno <amod tragedijo) >advcl (, <punct ko <mark ji <iobj umre >nsubj sin) >punct .",
1248,elexiswsd1.1819.sl.132645,Zaradi nesreče pri ribarjenju je Hestur izgubil tretjino svojih mož.,11,11,yes,1.78,1.7777777777777777,1.78,yes,1.50,1.4962032182922045,1.50,yes,4,4,yes,1.00,1,yes,1.00,1,yes,1.00,1.0,1.00,yes,A[Zaradi] B[nesreče] C[pri] D[ribarjenju] E[je] F[Hestur] G[izgubil] H[tretjino] I[svojih] J[mož]K[.] ,(Zaradi <case nesreče >nmod (pri <case ribarjenju)) <obl je <aux Hestur <nsubj izgubil >obj (tretjino >nmod (svojih <det mož)) >punct .,
1249,elexiswsd1.1820.sl.132646,"Finančne težave so ga prisilile, da je opustil študij.",11,11,yes,1.88,1.875,1.88,yes,1.22,1.215831067634594,1.22,yes,3,3,yes,2.00,2,yes,1.00,1,yes,2.00,2.0,2.00,yes,"A[Finančne] B[težave] C[so] D[ga] E[prisilile]F[,] G[da] H[je] I[opustil] J[študij]K[.] ","(Finančne <amod težave) <nsubj so <aux ga <obj prisilile >ccomp (, <punct da <mark je <aux opustil >obj študij) >punct .",
1250,elexiswsd1.1821.sl.132647,Realna števila se posplošijo v kompleksna števila.,8,8,yes,1.67,1.6666666666666667,1.67,yes,1.08,1.078201291407982,1.08,yes,3,3,yes,1.00,1,yes,1.00,1,yes,1.00,1.0,1.00,yes,A[Realna] B[števila] C[se] D[posplošijo] E[v] F[kompleksna] G[števila]H[.] ,(Realna <amod števila) <nsubj se <expl posplošijo >obl (v <case kompleksna <amod števila) >punct .,
